Election_ID,account_id,candidate_account_id,Profit_demand,Stakes,Status,Remarks
1,node_0001,node_0314,0.86,1874,active,voter (Total-weighted random choice)
1,node_0002,node_0390,1.15,4062,active,voter (Total-weighted random choice)
1,node_0003,node_0039,1.09,8985,active,voter (Total-weighted random choice)
1,node_0004,node_0360,1.25,570,active,voter (Total-weighted random choice)
1,node_0005,node_0097,1.12,3861,active,voter (Total-weighted random choice)
1,node_0006,node_0289,0.65,9245,active,voter (Total-weighted random choice)
1,node_0007,node_0097,0.59,3661,active,voter (Total-weighted random choice)
1,node_0008,node_0468,0.94,156,active,voter (Total-weighted random choice)
1,node_0009,node_0466,0.85,6974,active,voter (Total-weighted random choice)
1,node_0010,node_0010,1.00,3577,active,self-vote (candidate self-stake)
1,node_0011,node_0026,1.42,1724,active,voter (Total-weighted random choice)
1,node_0012,node_0383,0.75,5931,active,voter (Total-weighted random choice)
1,node_0013,node_0459,0.96,761,active,voter (Total-weighted random choice)
1,node_0014,node_0289,1.12,6251,active,voter (Total-weighted random choice)
1,node_0015,node_0463,1.29,5975,active,voter (Total-weighted random choice)
1,node_0016,node_0016,1.00,800,active,self-vote (candidate self-stake)
1,node_0017,node_0352,0.66,1357,active,voter (Total-weighted random choice)
1,node_0018,node_0192,1.44,6277,active,voter (Total-weighted random choice)
1,node_0019,node_0397,1.30,2714,active,voter (Total-weighted random choice)
1,node_0020,node_0466,0.81,4424,active,voter (Total-weighted random choice)
1,node_0021,node_0376,0.52,2853,active,voter (Total-weighted random choice)
1,node_0022,node_0400,1.32,2727,active,voter (Total-weighted random choice)
1,node_0023,node_0279,1.23,9175,active,voter (Total-weighted random choice)
1,node_0024,node_0312,1.44,966,active,voter (Total-weighted random choice)
1,node_0025,node_0480,1.42,5218,active,voter (Total-weighted random choice)
1,node_0026,node_0026,1.00,3506,active,self-vote (candidate self-stake)
1,node_0027,node_0352,1.03,3533,active,voter (Total-weighted random choice)
1,node_0028,node_0312,1.00,7567,active,voter (Total-weighted random choice)
1,node_0029,node_0010,0.77,4090,active,voter (Total-weighted random choice)
1,node_0030,node_0077,1.30,9627,active,voter (Total-weighted random choice)
1,node_0031,node_0031,1.00,5980,active,self-vote (candidate self-stake)
1,node_0032,node_0312,1.26,8398,active,voter (Total-weighted random choice)
1,node_0033,node_0484,1.39,1846,active,voter (Total-weighted random choice)
1,node_0034,node_0468,0.95,6966,active,voter (Total-weighted random choice)
1,node_0035,node_0451,1.33,6302,active,voter (Total-weighted random choice)
1,node_0036,node_0400,0.88,8719,active,voter (Total-weighted random choice)
1,node_0037,node_0403,0.69,1926,active,voter (Total-weighted random choice)
1,node_0038,node_0484,0.70,5623,active,voter (Total-weighted random choice)
1,node_0039,node_0039,1.00,2641,active,self-vote (candidate self-stake)
1,node_0040,node_0376,0.56,8251,active,voter (Total-weighted random choice)
1,node_0041,node_0039,0.70,4939,active,voter (Total-weighted random choice)
1,node_0042,node_0192,0.54,2554,active,voter (Total-weighted random choice)
1,node_0043,node_0352,1.39,8887,active,voter (Total-weighted random choice)
1,node_0044,node_0400,0.58,9863,active,voter (Total-weighted random choice)
1,node_0045,node_0484,1.24,1882,active,voter (Total-weighted random choice)
1,node_0046,node_0312,1.09,3973,active,voter (Total-weighted random choice)
1,node_0047,node_0047,1.00,1453,active,self-vote (candidate self-stake)
1,node_0048,node_0476,1.37,8777,active,voter (Total-weighted random choice)
1,node_0049,node_0376,0.51,7837,active,voter (Total-weighted random choice)
1,node_0050,node_0352,0.92,4392,active,voter (Total-weighted random choice)
1,node_0051,node_0083,1.35,3520,active,voter (Total-weighted random choice)
1,node_0052,node_0052,1.00,5157,active,self-vote (candidate self-stake)
1,node_0053,node_0010,1.14,7227,active,voter (Total-weighted random choice)
1,node_0054,node_0463,0.63,2032,active,voter (Total-weighted random choice)
1,node_0055,node_0289,1.41,5589,active,voter (Total-weighted random choice)
1,node_0056,node_0442,0.58,9691,active,voter (Total-weighted random choice)
1,node_0057,node_0192,1.38,1014,active,voter (Total-weighted random choice)
1,node_0058,node_0383,0.93,5463,active,voter (Total-weighted random choice)
1,node_0059,node_0363,0.64,4612,active,voter (Total-weighted random choice)
1,node_0060,node_0484,1.06,8884,active,voter (Total-weighted random choice)
1,node_0061,node_0476,1.34,4031,active,voter (Total-weighted random choice)
1,node_0062,node_0400,1.39,3169,active,voter (Total-weighted random choice)
1,node_0063,node_0452,0.86,5854,active,voter (Total-weighted random choice)
1,node_0064,node_0480,1.45,937,active,voter (Total-weighted random choice)
1,node_0065,node_0363,1.24,1043,active,voter (Total-weighted random choice)
1,node_0066,node_0047,1.23,1840,active,voter (Total-weighted random choice)
1,node_0067,node_0067,1.00,8836,active,self-vote (candidate self-stake)
1,node_0068,node_0442,1.03,3056,active,voter (Total-weighted random choice)
1,node_0069,node_0476,1.11,1285,active,voter (Total-weighted random choice)
1,node_0070,node_0484,1.37,878,active,voter (Total-weighted random choice)
1,node_0071,node_0010,0.81,1578,active,voter (Total-weighted random choice)
1,node_0072,node_0452,1.36,2774,active,voter (Total-weighted random choice)
1,node_0073,node_0468,0.60,3552,active,voter (Total-weighted random choice)
1,node_0074,node_0312,0.90,2747,active,voter (Total-weighted random choice)
1,node_0075,node_0285,0.61,4395,active,voter (Total-weighted random choice)
1,node_0076,node_0487,1.05,4723,active,voter (Total-weighted random choice)
1,node_0077,node_0077,1.00,2586,active,self-vote (candidate self-stake)
1,node_0078,node_0083,1.01,1008,active,voter (Total-weighted random choice)
1,node_0079,node_0333,0.81,5188,active,voter (Total-weighted random choice)
1,node_0080,node_0253,1.25,8288,active,voter (Total-weighted random choice)
1,node_0081,node_0442,1.26,981,active,voter (Total-weighted random choice)
1,node_0082,node_0480,0.52,3094,active,voter (Total-weighted random choice)
1,node_0083,node_0083,1.00,3903,active,self-vote (candidate self-stake)
1,node_0084,node_0484,0.85,9535,active,voter (Total-weighted random choice)
1,node_0085,node_0376,0.75,6918,active,voter (Total-weighted random choice)
1,node_0086,node_0367,1.40,4322,active,voter (Total-weighted random choice)
1,node_0087,node_0480,1.23,3960,active,voter (Total-weighted random choice)
1,node_0088,node_0194,0.74,4965,active,voter (Total-weighted random choice)
1,node_0089,node_0031,0.68,202,active,voter (Total-weighted random choice)
1,node_0090,node_0487,1.16,1250,active,voter (Total-weighted random choice)
1,node_0091,node_0451,0.77,2220,active,voter (Total-weighted random choice)
1,node_0092,node_0452,0.79,4052,active,voter (Total-weighted random choice)
1,node_0093,node_0476,1.10,7229,active,voter (Total-weighted random choice)
1,node_0094,node_0442,0.98,8716,active,voter (Total-weighted random choice)
1,node_0095,node_0397,1.07,1747,active,voter (Total-weighted random choice)
1,node_0096,node_0360,1.27,4383,active,voter (Total-weighted random choice)
1,node_0097,node_0097,1.00,9114,active,self-vote (candidate self-stake)
1,node_0098,node_0333,1.07,9959,active,voter (Total-weighted random choice)
1,node_0099,node_0468,1.25,3385,active,voter (Total-weighted random choice)
1,node_0100,node_0484,1.10,8330,active,voter (Total-weighted random choice)
1,node_0101,node_0484,1.22,1562,active,voter (Total-weighted random choice)
1,node_0102,node_0102,1.00,772,active,self-vote (candidate self-stake)
1,node_0103,node_0039,1.34,4341,active,voter (Total-weighted random choice)
1,node_0104,node_0480,1.15,9088,active,voter (Total-weighted random choice)
1,node_0105,node_0468,1.39,1882,active,voter (Total-weighted random choice)
1,node_0106,node_0326,1.45,8988,active,voter (Total-weighted random choice)
1,node_0107,node_0010,0.62,9593,active,voter (Total-weighted random choice)
1,node_0108,node_0367,0.56,2138,active,voter (Total-weighted random choice)
1,node_0109,node_0397,1.01,703,active,voter (Total-weighted random choice)
1,node_0110,node_0026,1.07,4138,active,voter (Total-weighted random choice)
1,node_0111,node_0279,1.11,9223,active,voter (Total-weighted random choice)
1,node_0112,node_0475,1.16,2582,active,voter (Total-weighted random choice)
1,node_0113,node_0451,0.53,2712,active,voter (Total-weighted random choice)
1,node_0114,node_0010,0.67,6805,active,voter (Total-weighted random choice)
1,node_0115,node_0223,1.42,6795,active,voter (Total-weighted random choice)
1,node_0116,node_0476,0.62,4421,active,voter (Total-weighted random choice)
1,node_0117,node_0378,1.35,6317,active,voter (Total-weighted random choice)
1,node_0118,node_0473,0.71,3694,active,voter (Total-weighted random choice)
1,node_0119,node_0466,1.27,5778,active,voter (Total-weighted random choice)
1,node_0120,node_0475,1.50,3702,active,voter (Total-weighted random choice)
1,node_0121,node_0130,0.96,6578,active,voter (Total-weighted random choice)
1,node_0122,node_0378,0.75,4623,active,voter (Total-weighted random choice)
1,node_0123,node_0476,0.59,8835,active,voter (Total-weighted random choice)
1,node_0124,node_0253,0.80,1939,active,voter (Total-weighted random choice)
1,node_0125,node_0326,1.38,2975,active,voter (Total-weighted random choice)
1,node_0126,node_0378,0.66,676,active,voter (Total-weighted random choice)
1,node_0127,node_0397,1.21,5713,active,voter (Total-weighted random choice)
1,node_0128,node_0484,1.25,7199,active,voter (Total-weighted random choice)
1,node_0129,node_0285,0.60,6361,active,voter (Total-weighted random choice)
1,node_0130,node_0130,1.00,4223,active,self-vote (candidate self-stake)
1,node_0131,node_0442,0.75,77,active,voter (Total-weighted random choice)
1,node_0132,node_0130,1.00,6017,active,voter (Total-weighted random choice)
1,node_0133,node_0468,1.28,5193,active,voter (Total-weighted random choice)
1,node_0134,node_0370,0.98,4970,active,voter (Total-weighted random choice)
1,node_0135,node_0077,1.42,5394,active,voter (Total-weighted random choice)
1,node_0136,node_0253,1.03,9133,active,voter (Total-weighted random choice)
1,node_0137,node_0397,1.17,6261,active,voter (Total-weighted random choice)
1,node_0138,node_0397,1.34,9374,active,voter (Total-weighted random choice)
1,node_0139,node_0194,1.25,5028,active,voter (Total-weighted random choice)
1,node_0140,node_0253,1.18,9552,active,voter (Total-weighted random choice)
1,node_0141,node_0192,0.89,7668,active,voter (Total-weighted random choice)
1,node_0142,node_0312,1.16,8425,active,voter (Total-weighted random choice)
1,node_0143,node_0039,0.95,1439,active,voter (Total-weighted random choice)
1,node_0144,node_0083,0.86,1580,active,voter (Total-weighted random choice)
1,node_0145,node_0451,0.72,5135,active,voter (Total-weighted random choice)
1,node_0146,node_0289,0.63,2464,active,voter (Total-weighted random choice)
1,node_0147,node_0289,1.34,7834,active,voter (Total-weighted random choice)
1,node_0148,node_0480,0.52,7511,active,voter (Total-weighted random choice)
1,node_0149,node_0473,1.39,6341,active,voter (Total-weighted random choice)
1,node_0150,node_0314,0.72,2467,active,voter (Total-weighted random choice)
1,node_0151,node_0279,0.81,1796,active,voter (Total-weighted random choice)
1,node_0152,node_0370,1.29,2931,active,voter (Total-weighted random choice)
1,node_0153,node_0403,0.68,872,active,voter (Total-weighted random choice)
1,node_0154,node_0367,1.02,7528,active,voter (Total-weighted random choice)
1,node_0155,node_0475,0.67,8752,active,voter (Total-weighted random choice)
1,node_0156,node_0026,1.19,7301,active,voter (Total-weighted random choice)
1,node_0157,node_0463,1.24,9026,active,voter (Total-weighted random choice)
1,node_0158,node_0253,0.98,7827,active,voter (Total-weighted random choice)
1,node_0159,node_0083,1.48,4593,active,voter (Total-weighted random choice)
1,node_0160,node_0039,0.62,3969,active,voter (Total-weighted random choice)
1,node_0161,node_0466,1.19,4731,active,voter (Total-weighted random choice)
1,node_0162,node_0400,0.87,5288,active,voter (Total-weighted random choice)
1,node_0163,node_0376,0.50,2317,active,voter (Total-weighted random choice)
1,node_0164,node_0370,1.39,2553,active,voter (Total-weighted random choice)
1,node_0165,node_0484,1.05,6847,active,voter (Total-weighted random choice)
1,node_0166,node_0083,0.61,6862,active,voter (Total-weighted random choice)
1,node_0167,node_0010,0.65,6431,active,voter (Total-weighted random choice)
1,node_0168,node_0352,0.89,9482,active,voter (Total-weighted random choice)
1,node_0169,node_0077,0.51,5813,active,voter (Total-weighted random choice)
1,node_0170,node_0376,1.15,6915,active,voter (Total-weighted random choice)
1,node_0171,node_0016,1.20,8049,active,voter (Total-weighted random choice)
1,node_0172,node_0192,0.67,8006,active,voter (Total-weighted random choice)
1,node_0173,node_0279,1.29,6674,active,voter (Total-weighted random choice)
1,node_0174,node_0279,1.15,2141,active,voter (Total-weighted random choice)
1,node_0175,node_0052,1.18,6505,active,voter (Total-weighted random choice)
1,node_0176,node_0459,1.45,1425,active,voter (Total-weighted random choice)
1,node_0177,node_0010,0.81,7614,active,voter (Total-weighted random choice)
1,node_0178,node_0083,1.29,6261,active,voter (Total-weighted random choice)
1,node_0179,node_0476,1.17,5405,active,voter (Total-weighted random choice)
1,node_0180,node_0067,1.20,4608,active,voter (Total-weighted random choice)
1,node_0181,node_0397,1.12,4183,active,voter (Total-weighted random choice)
1,node_0182,node_0442,1.28,367,active,voter (Total-weighted random choice)
1,node_0183,node_0194,1.12,5783,active,voter (Total-weighted random choice)
1,node_0184,node_0312,1.40,709,active,voter (Total-weighted random choice)
1,node_0185,node_0383,1.11,3316,active,voter (Total-weighted random choice)
1,node_0186,node_0442,0.70,3958,active,voter (Total-weighted random choice)
1,node_0187,node_0403,0.56,9290,active,voter (Total-weighted random choice)
1,node_0188,node_0442,0.92,4248,active,voter (Total-weighted random choice)
1,node_0189,node_0279,1.30,9976,active,voter (Total-weighted random choice)
1,node_0190,node_0052,0.57,2733,active,voter (Total-weighted random choice)
1,node_0191,node_0403,1.50,9531,active,voter (Total-weighted random choice)
1,node_0192,node_0192,1.00,9483,active,self-vote (candidate self-stake)
1,node_0193,node_0459,1.11,6548,active,voter (Total-weighted random choice)
1,node_0194,node_0194,1.00,1295,active,self-vote (candidate self-stake)
1,node_0195,node_0487,0.69,1719,active,voter (Total-weighted random choice)
1,node_0196,node_0223,1.01,9887,active,voter (Total-weighted random choice)
1,node_0197,node_0304,1.07,5738,active,voter (Total-weighted random choice)
1,node_0198,node_0194,0.68,1179,active,voter (Total-weighted random choice)
1,node_0199,node_0312,1.27,257,active,voter (Total-weighted random choice)
1,node_0200,node_0253,1.32,1779,active,voter (Total-weighted random choice)
1,node_0201,node_0010,0.98,7582,active,voter (Total-weighted random choice)
1,node_0202,node_0376,0.93,2935,active,voter (Total-weighted random choice)
1,node_0203,node_0047,0.63,8867,active,voter (Total-weighted random choice)
1,node_0204,node_0293,0.70,7186,active,voter (Total-weighted random choice)
1,node_0205,node_0367,1.37,5330,active,voter (Total-weighted random choice)
1,node_0206,node_0206,1.00,4619,active,self-vote (candidate self-stake)
1,node_0207,node_0367,1.36,7663,active,voter (Total-weighted random choice)
1,node_0208,node_0289,0.54,5561,active,voter (Total-weighted random choice)
1,node_0209,node_0209,1.00,3029,active,self-vote (candidate self-stake)
1,node_0210,node_0466,1.40,4282,active,voter (Total-weighted random choice)
1,node_0211,node_0077,0.90,9156,active,voter (Total-weighted random choice)
1,node_0212,node_0010,1.39,1452,active,voter (Total-weighted random choice)
1,node_0213,node_0304,0.70,8054,active,voter (Total-weighted random choice)
1,node_0214,node_0067,0.62,7850,active,voter (Total-weighted random choice)
1,node_0215,node_0304,0.69,7392,active,voter (Total-weighted random choice)
1,node_0216,node_0459,1.31,4870,active,voter (Total-weighted random choice)
1,node_0217,node_0352,1.29,5066,active,voter (Total-weighted random choice)
1,node_0218,node_0476,1.26,7803,active,voter (Total-weighted random choice)
1,node_0219,node_0468,0.58,7021,active,voter (Total-weighted random choice)
1,node_0220,node_0083,1.37,5814,active,voter (Total-weighted random choice)
1,node_0221,node_0253,0.92,5073,active,voter (Total-weighted random choice)
1,node_0222,node_0452,0.56,3205,active,voter (Total-weighted random choice)
1,node_0223,node_0223,1.00,3188,active,self-vote (candidate self-stake)
1,node_0224,node_0326,0.93,4580,active,voter (Total-weighted random choice)
1,node_0225,node_0397,0.65,1697,active,voter (Total-weighted random choice)
1,node_0226,node_0370,0.99,3777,active,voter (Total-weighted random choice)
1,node_0227,node_0480,0.59,281,active,voter (Total-weighted random choice)
1,node_0228,node_0370,1.30,4544,active,voter (Total-weighted random choice)
1,node_0229,node_0480,1.31,9116,active,voter (Total-weighted random choice)
1,node_0230,node_0312,1.04,8092,active,voter (Total-weighted random choice)
1,node_0231,node_0376,1.41,9455,active,voter (Total-weighted random choice)
1,node_0232,node_0304,0.99,7266,active,voter (Total-weighted random choice)
1,node_0233,node_0192,1.47,4186,active,voter (Total-weighted random choice)
1,node_0234,node_0473,0.98,1919,active,voter (Total-weighted random choice)
1,node_0235,node_0333,1.33,8106,active,voter (Total-weighted random choice)
1,node_0236,node_0052,0.68,2535,active,voter (Total-weighted random choice)
1,node_0237,node_0031,1.30,1445,active,voter (Total-weighted random choice)
1,node_0238,node_0052,1.07,9193,active,voter (Total-weighted random choice)
1,node_0239,node_0468,1.31,8611,active,voter (Total-weighted random choice)
1,node_0240,node_0466,1.37,4921,active,voter (Total-weighted random choice)
1,node_0241,node_0304,0.50,5053,active,voter (Total-weighted random choice)
1,node_0242,node_0367,0.81,1675,active,voter (Total-weighted random choice)
1,node_0243,node_0026,1.42,3507,active,voter (Total-weighted random choice)
1,node_0244,node_0476,0.99,2623,active,voter (Total-weighted random choice)
1,node_0245,node_0390,0.81,2614,active,voter (Total-weighted random choice)
1,node_0246,node_0367,0.83,9779,active,voter (Total-weighted random choice)
1,node_0247,node_0314,1.38,3842,active,voter (Total-weighted random choice)
1,node_0248,node_0360,0.72,7488,active,voter (Total-weighted random choice)
1,node_0249,node_0403,0.64,4384,active,voter (Total-weighted random choice)
1,node_0250,node_0016,0.65,7015,active,voter (Total-weighted random choice)
1,node_0251,node_0487,0.98,2491,active,voter (Total-weighted random choice)
1,node_0252,node_0289,0.60,1219,active,voter (Total-weighted random choice)
1,node_0253,node_0253,1.00,9799,active,self-vote (candidate self-stake)
1,node_0254,node_0067,0.83,7245,active,voter (Total-weighted random choice)
1,node_0255,node_0067,1.21,6644,active,voter (Total-weighted random choice)
1,node_0256,node_0466,1.08,7222,active,voter (Total-weighted random choice)
1,node_0257,node_0279,1.27,7128,active,voter (Total-weighted random choice)
1,node_0258,node_0258,1.00,473,active,self-vote (candidate self-stake)
1,node_0259,node_0403,0.53,4465,active,voter (Total-weighted random choice)
1,node_0260,node_0279,1.36,7758,active,voter (Total-weighted random choice)
1,node_0261,node_0279,1.05,4607,active,voter (Total-weighted random choice)
1,node_0262,node_0397,0.91,8106,active,voter (Total-weighted random choice)
1,node_0263,node_0258,1.17,5750,active,voter (Total-weighted random choice)
1,node_0264,node_0130,1.45,1763,active,voter (Total-weighted random choice)
1,node_0265,node_0480,1.06,6794,active,voter (Total-weighted random choice)
1,node_0266,node_0253,1.33,6611,active,voter (Total-weighted random choice)
1,node_0267,node_0333,1.46,7501,active,voter (Total-weighted random choice)
1,node_0268,node_0463,1.02,5346,active,voter (Total-weighted random choice)
1,node_0269,node_0363,1.42,8481,active,voter (Total-weighted random choice)
1,node_0270,node_0052,0.63,8939,active,voter (Total-weighted random choice)
1,node_0271,node_0383,1.20,3123,active,voter (Total-weighted random choice)
1,node_0272,node_0452,1.22,7292,active,voter (Total-weighted random choice)
1,node_0273,node_0067,0.59,4425,active,voter (Total-weighted random choice)
1,node_0274,node_0039,1.36,7228,active,voter (Total-weighted random choice)
1,node_0275,node_0289,0.94,2039,active,voter (Total-weighted random choice)
1,node_0276,node_0370,0.93,2644,active,voter (Total-weighted random choice)
1,node_0277,node_0192,0.60,9098,active,voter (Total-weighted random choice)
1,node_0278,node_0039,1.04,1908,active,voter (Total-weighted random choice)
1,node_0279,node_0279,1.00,2572,active,self-vote (candidate self-stake)
1,node_0280,node_0052,1.49,8387,active,voter (Total-weighted random choice)
1,node_0281,node_0367,0.66,7955,active,voter (Total-weighted random choice)
1,node_0282,node_0480,1.01,7533,active,voter (Total-weighted random choice)
1,node_0283,node_0459,0.94,3172,active,voter (Total-weighted random choice)
1,node_0284,node_0370,0.67,1193,active,voter (Total-weighted random choice)
1,node_0285,node_0285,1.00,5618,active,self-vote (candidate self-stake)
1,node_0286,node_0279,1.39,92,rejected,voter (Total-weighted random choice)
1,node_0287,node_0400,1.07,9666,active,voter (Total-weighted random choice)
1,node_0288,node_0480,1.32,2484,active,voter (Total-weighted random choice)
1,node_0289,node_0289,1.00,5704,active,self-vote (candidate self-stake)
1,node_0290,node_0452,0.55,7510,active,voter (Total-weighted random choice)
1,node_0291,node_0468,0.57,3962,active,voter (Total-weighted random choice)
1,node_0292,node_0333,0.85,6780,active,voter (Total-weighted random choice)
1,node_0293,node_0293,1.00,6296,active,self-vote (candidate self-stake)
1,node_0294,node_0289,1.04,8165,active,voter (Total-weighted random choice)
1,node_0295,node_0484,1.36,8279,active,voter (Total-weighted random choice)
1,node_0296,node_0192,0.53,1694,active,voter (Total-weighted random choice)
1,node_0297,node_0466,0.97,1683,active,voter (Total-weighted random choice)
1,node_0298,node_0047,0.69,301,active,voter (Total-weighted random choice)
1,node_0299,node_0206,0.72,2579,active,voter (Total-weighted random choice)
1,node_0300,node_0480,1.44,5596,active,voter (Total-weighted random choice)
1,node_0301,node_0333,0.67,1365,active,voter (Total-weighted random choice)
1,node_0302,node_0031,1.33,5238,active,voter (Total-weighted random choice)
1,node_0303,node_0279,1.43,8914,rejected,voter (Total-weighted random choice)
1,node_0304,node_0304,1.00,3896,active,self-vote (candidate self-stake)
1,node_0305,node_0480,1.40,3777,active,voter (Total-weighted random choice)
1,node_0306,node_0459,0.64,1662,active,voter (Total-weighted random choice)
1,node_0307,node_0352,0.53,7319,active,voter (Total-weighted random choice)
1,node_0308,node_0442,1.16,524,active,voter (Total-weighted random choice)
1,node_0309,node_0067,0.74,4856,active,voter (Total-weighted random choice)
1,node_0310,node_0285,1.12,2435,active,voter (Total-weighted random choice)
1,node_0311,node_0473,0.95,9322,active,voter (Total-weighted random choice)
1,node_0312,node_0312,1.00,2835,active,self-vote (candidate self-stake)
1,node_0313,node_0390,1.38,3995,active,voter (Total-weighted random choice)
1,node_0314,node_0314,1.00,3854,active,self-vote (candidate self-stake)
1,node_0315,node_0285,1.22,7579,active,voter (Total-weighted random choice)
1,node_0316,node_0487,1.11,7672,active,voter (Total-weighted random choice)
1,node_0317,node_0468,0.94,1260,active,voter (Total-weighted random choice)
1,node_0318,node_0487,1.49,9676,active,voter (Total-weighted random choice)
1,node_0319,node_0010,1.34,4147,active,voter (Total-weighted random choice)
1,node_0320,node_0314,0.66,3313,active,voter (Total-weighted random choice)
1,node_0321,node_0314,0.86,1797,active,voter (Total-weighted random choice)
1,node_0322,node_0031,1.44,9467,active,voter (Total-weighted random choice)
1,node_0323,node_0403,1.44,409,active,voter (Total-weighted random choice)
1,node_0324,node_0253,1.44,4547,active,voter (Total-weighted random choice)
1,node_0325,node_0083,1.36,9985,active,voter (Total-weighted random choice)
1,node_0326,node_0326,1.00,3820,active,self-vote (candidate self-stake)
1,node_0327,node_0026,1.07,3638,active,voter (Total-weighted random choice)
1,node_0328,node_0370,0.59,2290,active,voter (Total-weighted random choice)
1,node_0329,node_0403,1.39,5111,active,voter (Total-weighted random choice)
1,node_0330,node_0052,1.16,9545,active,voter (Total-weighted random choice)
1,node_0331,node_0010,1.19,1526,active,voter (Total-weighted random choice)
1,node_0332,node_0397,1.04,6857,active,voter (Total-weighted random choice)
1,node_0333,node_0333,1.00,8887,active,self-vote (candidate self-stake)
1,node_0334,node_0476,1.34,8747,active,voter (Total-weighted random choice)
1,node_0335,node_0363,1.17,2745,active,voter (Total-weighted random choice)
1,node_0336,node_0336,1.00,4885,active,self-vote (candidate self-stake)
1,node_0337,node_0039,1.21,1936,active,voter (Total-weighted random choice)
1,node_0338,node_0010,0.79,2356,active,voter (Total-weighted random choice)
1,node_0339,node_0285,1.17,6561,active,voter (Total-weighted random choice)
1,node_0340,node_0304,0.75,1529,active,voter (Total-weighted random choice)
1,node_0341,node_0352,0.62,4382,active,voter (Total-weighted random choice)
1,node_0342,node_0376,0.83,6088,active,voter (Total-weighted random choice)
1,node_0343,node_0279,1.39,9627,active,voter (Total-weighted random choice)
1,node_0344,node_0484,1.39,1825,active,voter (Total-weighted random choice)
1,node_0345,node_0312,0.84,460,active,voter (Total-weighted random choice)
1,node_0346,node_0285,1.00,3676,active,voter (Total-weighted random choice)
1,node_0347,node_0031,1.13,5001,active,voter (Total-weighted random choice)
1,node_0348,node_0451,0.84,2340,active,voter (Total-weighted random choice)
1,node_0349,node_0097,1.20,5036,active,voter (Total-weighted random choice)
1,node_0350,node_0397,0.86,1642,active,voter (Total-weighted random choice)
1,node_0351,node_0279,1.47,6417,rejected,voter (Total-weighted random choice)
1,node_0352,node_0352,1.00,9672,active,self-vote (candidate self-stake)
1,node_0353,node_0067,0.55,6847,active,voter (Total-weighted random choice)
1,node_0354,node_0253,0.72,6736,active,voter (Total-weighted random choice)
1,node_0355,node_0400,1.35,586,active,voter (Total-weighted random choice)
1,node_0356,node_0304,1.42,7314,active,voter (Total-weighted random choice)
1,node_0357,node_0473,0.67,5992,active,voter (Total-weighted random choice)
1,node_0358,node_0383,1.23,8970,active,voter (Total-weighted random choice)
1,node_0359,node_0473,0.59,1042,active,voter (Total-weighted random choice)
1,node_0360,node_0360,1.00,2051,active,self-vote (candidate self-stake)
1,node_0361,node_0031,0.52,1551,active,voter (Total-weighted random choice)
1,node_0362,node_0397,0.62,878,active,voter (Total-weighted random choice)
1,node_0363,node_0363,1.00,2113,active,self-vote (candidate self-stake)
1,node_0364,node_0039,0.71,1174,active,voter (Total-weighted random choice)
1,node_0365,node_0360,0.83,9657,active,voter (Total-weighted random choice)
1,node_0366,node_0279,0.77,5433,active,voter (Total-weighted random choice)
1,node_0367,node_0367,1.00,4592,active,self-vote (candidate self-stake)
1,node_0368,node_0367,0.83,2179,active,voter (Total-weighted random choice)
1,node_0369,node_0466,0.84,1851,active,voter (Total-weighted random choice)
1,node_0370,node_0370,1.00,2209,active,self-vote (candidate self-stake)
1,node_0371,node_0466,1.02,9697,active,voter (Total-weighted random choice)
1,node_0372,node_0468,1.16,4397,active,voter (Total-weighted random choice)
1,node_0373,node_0459,1.40,8669,active,voter (Total-weighted random choice)
1,node_0374,node_0370,1.16,7852,active,voter (Total-weighted random choice)
1,node_0375,node_0067,1.38,8458,active,voter (Total-weighted random choice)
1,node_0376,node_0376,1.00,8304,active,self-vote (candidate self-stake)
1,node_0377,node_0047,1.44,8593,active,voter (Total-weighted random choice)
1,node_0378,node_0378,1.00,1046,active,self-vote (candidate self-stake)
1,node_0379,node_0026,0.54,7034,active,voter (Total-weighted random choice)
1,node_0380,node_0468,1.13,7317,active,voter (Total-weighted random choice)
1,node_0381,node_0475,1.00,5327,active,voter (Total-weighted random choice)
1,node_0382,node_0336,0.86,2117,active,voter (Total-weighted random choice)
1,node_0383,node_0383,1.00,6290,active,self-vote (candidate self-stake)
1,node_0384,node_0304,1.10,7483,active,voter (Total-weighted random choice)
1,node_0385,node_0097,0.83,1674,active,voter (Total-weighted random choice)
1,node_0386,node_0370,1.29,9083,active,voter (Total-weighted random choice)
1,node_0387,node_0010,1.43,7096,active,voter (Total-weighted random choice)
1,node_0388,node_0047,0.57,6829,active,voter (Total-weighted random choice)
1,node_0389,node_0352,1.24,6582,active,voter (Total-weighted random choice)
1,node_0390,node_0390,1.00,5170,active,self-vote (candidate self-stake)
1,node_0391,node_0279,0.56,6182,active,voter (Total-weighted random choice)
1,node_0392,node_0016,0.77,1149,active,voter (Total-weighted random choice)
1,node_0393,node_0031,0.79,1577,active,voter (Total-weighted random choice)
1,node_0394,node_0285,0.62,2181,active,voter (Total-weighted random choice)
1,node_0395,node_0376,0.53,2052,active,voter (Total-weighted random choice)
1,node_0396,node_0480,0.57,892,active,voter (Total-weighted random choice)
1,node_0397,node_0397,1.00,5811,active,self-vote (candidate self-stake)
1,node_0398,node_0468,0.70,2585,active,voter (Total-weighted random choice)
1,node_0399,node_0077,1.37,1823,active,voter (Total-weighted random choice)
1,node_0400,node_0400,1.00,1932,active,self-vote (candidate self-stake)
1,node_0401,node_0463,0.52,7080,active,voter (Total-weighted random choice)
1,node_0402,node_0293,1.16,4431,active,voter (Total-weighted random choice)
1,node_0403,node_0403,1.00,5112,active,self-vote (candidate self-stake)
1,node_0404,node_0484,1.14,150,active,voter (Total-weighted random choice)
1,node_0405,node_0039,1.38,9328,active,voter (Total-weighted random choice)
1,node_0406,node_0442,0.73,2374,active,voter (Total-weighted random choice)
1,node_0407,node_0473,0.67,1553,active,voter (Total-weighted random choice)
1,node_0408,node_0352,0.90,6213,active,voter (Total-weighted random choice)
1,node_0409,node_0097,0.63,2628,active,voter (Total-weighted random choice)
1,node_0410,node_0026,0.57,9349,active,voter (Total-weighted random choice)
1,node_0411,node_0363,0.85,2599,active,voter (Total-weighted random choice)
1,node_0412,node_0289,1.13,1386,active,voter (Total-weighted random choice)
1,node_0413,node_0016,0.92,8007,active,voter (Total-weighted random choice)
1,node_0414,node_0442,0.64,4525,active,voter (Total-weighted random choice)
1,node_0415,node_0452,0.85,5705,active,voter (Total-weighted random choice)
1,node_0416,node_0476,0.72,9767,active,voter (Total-weighted random choice)
1,node_0417,node_0459,1.23,794,active,voter (Total-weighted random choice)
1,node_0418,node_0333,1.14,175,active,voter (Total-weighted random choice)
1,node_0419,node_0463,0.60,2298,active,voter (Total-weighted random choice)
1,node_0420,node_0400,0.86,5425,active,voter (Total-weighted random choice)
1,node_0421,node_0016,0.69,7105,active,voter (Total-weighted random choice)
1,node_0422,node_0206,0.65,8775,active,voter (Total-weighted random choice)
1,node_0423,node_0390,1.31,1230,active,voter (Total-weighted random choice)
1,node_0424,node_0475,1.24,7197,active,voter (Total-weighted random choice)
1,node_0425,node_0304,0.80,5179,active,voter (Total-weighted random choice)
1,node_0426,node_0360,1.22,6893,active,voter (Total-weighted random choice)
1,node_0427,node_0130,1.05,391,active,voter (Total-weighted random choice)
1,node_0428,node_0016,0.59,7588,active,voter (Total-weighted random choice)
1,node_0429,node_0484,0.66,1493,active,voter (Total-weighted random choice)
1,node_0430,node_0484,0.80,4036,active,voter (Total-weighted random choice)
1,node_0431,node_0360,1.05,8634,active,voter (Total-weighted random choice)
1,node_0432,node_0206,1.31,5612,active,voter (Total-weighted random choice)
1,node_0433,node_0010,0.72,1301,active,voter (Total-weighted random choice)
1,node_0434,node_0039,0.93,8743,active,voter (Total-weighted random choice)
1,node_0435,node_0466,0.71,5802,active,voter (Total-weighted random choice)
1,node_0436,node_0031,0.93,3921,active,voter (Total-weighted random choice)
1,node_0437,node_0476,0.91,3282,active,voter (Total-weighted random choice)
1,node_0438,node_0450,0.99,1284,active,voter (Total-weighted random choice)
1,node_0439,node_0194,0.91,7651,active,voter (Total-weighted random choice)
1,node_0440,node_0452,0.84,9298,active,voter (Total-weighted random choice)
1,node_0441,node_0010,0.68,5229,active,voter (Total-weighted random choice)
1,node_0442,node_0442,1.00,7732,active,self-vote (candidate self-stake)
1,node_0443,node_0459,1.14,4550,active,voter (Total-weighted random choice)
1,node_0444,node_0253,0.94,8362,active,voter (Total-weighted random choice)
1,node_0445,node_0390,1.26,7454,active,voter (Total-weighted random choice)
1,node_0446,node_0314,1.33,4753,active,voter (Total-weighted random choice)
1,node_0447,node_0194,1.28,9783,active,voter (Total-weighted random choice)
1,node_0448,node_0083,1.16,9558,active,voter (Total-weighted random choice)
1,node_0449,node_0370,0.70,7418,active,voter (Total-weighted random choice)
1,node_0450,node_0450,1.00,5317,active,self-vote (candidate self-stake)
1,node_0451,node_0451,1.00,1063,active,self-vote (candidate self-stake)
1,node_0452,node_0452,1.00,1431,active,self-vote (candidate self-stake)
1,node_0453,node_0279,0.68,691,active,voter (Total-weighted random choice)
1,node_0454,node_0370,0.70,7249,active,voter (Total-weighted random choice)
1,node_0455,node_0463,0.60,6012,active,voter (Total-weighted random choice)
1,node_0456,node_0293,0.79,6397,active,voter (Total-weighted random choice)
1,node_0457,node_0376,0.93,9845,active,voter (Total-weighted random choice)
1,node_0458,node_0463,1.01,1129,active,voter (Total-weighted random choice)
1,node_0459,node_0459,1.00,4705,active,self-vote (candidate self-stake)
1,node_0460,node_0194,0.78,5511,active,voter (Total-weighted random choice)
1,node_0461,node_0039,1.21,5781,active,voter (Total-weighted random choice)
1,node_0462,node_0285,1.28,2162,active,voter (Total-weighted random choice)
1,node_0463,node_0463,1.00,5122,active,self-vote (candidate self-stake)
1,node_0464,node_0367,1.42,2143,active,voter (Total-weighted random choice)
1,node_0465,node_0285,1.07,6987,active,voter (Total-weighted random choice)
1,node_0466,node_0466,1.00,5990,active,self-vote (candidate self-stake)
1,node_0467,node_0476,1.10,5648,active,voter (Total-weighted random choice)
1,node_0468,node_0468,1.00,3195,active,self-vote (candidate self-stake)
1,node_0469,node_0031,0.51,2588,active,voter (Total-weighted random choice)
1,node_0470,node_0473,1.11,8367,active,voter (Total-weighted random choice)
1,node_0471,node_0487,0.64,5567,active,voter (Total-weighted random choice)
1,node_0472,node_0367,1.01,9835,active,voter (Total-weighted random choice)
1,node_0473,node_0473,1.00,3012,active,self-vote (candidate self-stake)
1,node_0474,node_0452,1.01,7220,active,voter (Total-weighted random choice)
1,node_0475,node_0475,1.00,3941,active,self-vote (candidate self-stake)
1,node_0476,node_0476,1.00,7405,active,self-vote (candidate self-stake)
1,node_0477,node_0031,0.63,5120,active,voter (Total-weighted random choice)
1,node_0478,node_0352,1.21,3228,active,voter (Total-weighted random choice)
1,node_0479,node_0383,0.82,7614,active,voter (Total-weighted random choice)
1,node_0480,node_0480,1.00,8289,active,self-vote (candidate self-stake)
1,node_0481,node_0052,1.21,3321,active,voter (Total-weighted random choice)
1,node_0482,node_0403,0.87,4146,active,voter (Total-weighted random choice)
1,node_0483,node_0397,1.44,6131,active,voter (Total-weighted random choice)
1,node_0484,node_0484,1.00,8502,active,self-vote (candidate self-stake)
1,node_0485,node_0031,1.44,1424,active,voter (Total-weighted random choice)
1,node_0486,node_0010,0.84,7411,active,voter (Total-weighted random choice)
1,node_0487,node_0487,1.00,7217,active,self-vote (candidate self-stake)
1,node_0488,node_0360,1.18,7441,active,voter (Total-weighted random choice)
1,node_0489,node_0484,1.08,6847,active,voter (Total-weighted random choice)
1,node_0490,node_0352,1.31,3912,active,voter (Total-weighted random choice)
1,node_0491,node_0258,1.40,6192,active,voter (Total-weighted random choice)
1,node_0492,node_0279,0.52,1673,active,voter (Total-weighted random choice)
1,node_0493,node_0026,1.03,2442,active,voter (Total-weighted random choice)
1,node_0494,node_0376,0.87,7790,active,voter (Total-weighted random choice)
1,node_0495,node_0293,1.22,7735,active,voter (Total-weighted random choice)
1,node_0496,node_0333,1.19,1348,active,voter (Total-weighted random choice)
1,node_0497,node_0192,0.69,2499,active,voter (Total-weighted random choice)
1,node_0498,node_0452,1.18,1871,active,voter (Total-weighted random choice)
1,node_0499,node_0451,1.05,4984,active,voter (Total-weighted random choice)
1,node_0500,node_0067,0.66,6928,active,voter (Total-weighted random choice)
2,node_0001,node_0462,1.00,1810,active,voter (Total-weighted random choice)
2,node_0002,node_0439,1.06,3936,active,voter (Total-weighted random choice)
2,node_0003,node_0481,1.38,10049,active,voter (Total-weighted random choice)
2,node_0004,node_0401,0.50,723,active,voter (Total-weighted random choice)
2,node_0005,node_0025,1.01,3869,active,voter (Total-weighted random choice)
2,node_0006,node_0226,0.55,8725,active,voter (Total-weighted random choice)
2,node_0007,node_0439,1.38,3885,rejected,voter (Total-weighted random choice)
2,node_0008,node_0461,0.52,623,active,voter (Total-weighted random choice)
2,node_0009,node_0299,0.90,7070,active,voter (Total-weighted random choice)
2,node_0010,node_0021,1.02,4937,active,voter (Total-weighted random choice)
2,node_0011,node_0335,0.90,1376,active,voter (Total-weighted random choice)
2,node_0012,node_0461,1.04,6135,active,voter (Total-weighted random choice)
2,node_0013,node_0305,0.85,467,active,voter (Total-weighted random choice)
2,node_0014,node_0354,1.35,6825,active,voter (Total-weighted random choice)
2,node_0015,node_0015,1.00,5387,active,self-vote (candidate self-stake)
2,node_0016,node_0336,1.10,1247,active,voter (Total-weighted random choice)
2,node_0017,node_0226,1.29,787,active,voter (Total-weighted random choice)
2,node_0018,node_0116,0.76,6040,active,voter (Total-weighted random choice)
2,node_0019,node_0015,0.94,2359,active,voter (Total-weighted random choice)
2,node_0020,node_0461,0.79,4604,active,voter (Total-weighted random choice)
2,node_0021,node_0021,1.00,2139,active,self-vote (candidate self-stake)
2,node_0022,node_0290,0.98,2502,active,voter (Total-weighted random choice)
2,node_0023,node_0422,0.58,9422,active,voter (Total-weighted random choice)
2,node_0024,node_0248,0.67,422,active,voter (Total-weighted random choice)
2,node_0025,node_0025,1.00,5437,active,self-vote (candidate self-stake)
2,node_0026,node_0461,1.16,4549,active,voter (Total-weighted random choice)
2,node_0027,node_0422,0.65,3042,active,voter (Total-weighted random choice)
2,node_0028,node_0363,1.06,6854,active,voter (Total-weighted random choice)
2,node_0029,node_0404,0.77,4557,active,voter (Total-weighted random choice)
2,node_0030,node_0363,0.57,10494,active,voter (Total-weighted random choice)
2,node_0031,node_0160,1.31,5751,active,voter (Total-weighted random choice)
2,node_0032,node_0116,0.82,7974,active,voter (Total-weighted random choice)
2,node_0033,node_0479,0.50,1767,active,voter (Total-weighted random choice)
2,node_0034,node_0479,1.04,7153,active,voter (Total-weighted random choice)
2,node_0035,node_0462,1.21,6042,active,voter (Total-weighted random choice)
2,node_0036,node_0067,1.22,8342,active,voter (Total-weighted random choice)
2,node_0037,node_0336,1.41,635,active,voter (Total-weighted random choice)
2,node_0038,node_0481,0.96,5335,active,voter (Total-weighted random choice)
2,node_0039,node_0404,1.12,3348,active,voter (Total-weighted random choice)
2,node_0040,node_0084,0.91,8361,active,voter (Total-weighted random choice)
2,node_0041,node_0041,1.00,5031,active,self-vote (candidate self-stake)
2,node_0042,node_0347,0.89,2216,active,voter (Total-weighted random choice)
2,node_0043,node_0401,1.24,8860,active,voter (Total-weighted random choice)
2,node_0044,node_0422,0.86,10404,active,voter (Total-weighted random choice)
2,node_0045,node_0388,1.33,1776,active,voter (Total-weighted random choice)
2,node_0046,node_0333,1.50,4081,rejected,voter (Total-weighted random choice)
2,node_0047,node_0297,1.21,1128,active,voter (Total-weighted random choice)
2,node_0048,node_0048,1.00,9180,active,self-vote (candidate self-stake)
2,node_0049,node_0015,0.80,8250,active,voter (Total-weighted random choice)
2,node_0050,node_0363,0.72,4700,active,voter (Total-weighted random choice)
2,node_0051,node_0422,1.10,4119,active,voter (Total-weighted random choice)
2,node_0052,node_0226,1.20,4357,active,voter (Total-weighted random choice)
2,node_0053,node_0116,0.91,8231,active,voter (Total-weighted random choice)
2,node_0054,node_0319,0.67,2187,active,voter (Total-weighted random choice)
2,node_0055,node_0290,1.40,5792,active,voter (Total-weighted random choice)
2,node_0056,node_0439,1.06,9704,active,voter (Total-weighted random choice)
2,node_0057,node_0404,0.66,1276,active,voter (Total-weighted random choice)
2,node_0058,node_0435,0.73,5045,active,voter (Total-weighted random choice)
2,node_0059,node_0305,0.67,4448,active,voter (Total-weighted random choice)
2,node_0060,node_0439,0.84,8761,active,voter (Total-weighted random choice)
2,node_0061,node_0305,1.20,4268,active,voter (Total-weighted random choice)
2,node_0062,node_0354,1.37,3445,active,voter (Total-weighted random choice)
2,node_0063,node_0462,1.49,5520,active,voter (Total-weighted random choice)
2,node_0064,node_0041,0.86,1139,active,voter (Total-weighted random choice)
2,node_0065,node_0015,0.64,728,active,voter (Total-weighted random choice)
2,node_0066,node_0066,1.00,1752,active,self-vote (candidate self-stake)
2,node_0067,node_0067,1.00,11244,active,self-vote (candidate self-stake)
2,node_0068,node_0041,0.54,3346,active,voter (Total-weighted random choice)
2,node_0069,node_0116,1.36,1727,active,voter (Total-weighted random choice)
2,node_0070,node_0048,1.43,565,active,voter (Total-weighted random choice)
2,node_0071,node_0479,1.14,1567,active,voter (Total-weighted random choice)
2,node_0072,node_0401,1.09,2281,active,voter (Total-weighted random choice)
2,node_0073,node_0439,1.33,3542,active,voter (Total-weighted random choice)
2,node_0074,node_0074,1.00,2400,active,self-vote (candidate self-stake)
2,node_0075,node_0248,1.50,4594,active,voter (Total-weighted random choice)
2,node_0076,node_0116,0.87,4381,active,voter (Total-weighted random choice)
2,node_0077,node_0439,0.77,3014,active,voter (Total-weighted random choice)
2,node_0078,node_0226,1.04,904,active,voter (Total-weighted random choice)
2,node_0079,node_0461,1.41,4093,active,voter (Total-weighted random choice)
2,node_0080,node_0066,1.42,9421,active,voter (Total-weighted random choice)
2,node_0081,node_0439,1.48,1275,rejected,voter (Total-weighted random choice)
2,node_0082,node_0481,0.99,2890,active,voter (Total-weighted random choice)
2,node_0083,node_0461,1.32,4038,active,voter (Total-weighted random choice)
2,node_0084,node_0084,1.00,9420,active,self-vote (candidate self-stake)
2,node_0085,node_0262,1.48,6688,active,voter (Total-weighted random choice)
2,node_0086,node_0462,0.85,4963,active,voter (Total-weighted random choice)
2,node_0087,node_0462,0.66,3923,active,voter (Total-weighted random choice)
2,node_0088,node_0404,1.48,5168,active,voter (Total-weighted random choice)
2,node_0089,node_0048,1.31,682,active,voter (Total-weighted random choice)
2,node_0090,node_0435,1.30,1232,active,voter (Total-weighted random choice)
2,node_0091,node_0305,0.75,1975,active,voter (Total-weighted random choice)
2,node_0092,node_0333,1.49,4617,active,voter (Total-weighted random choice)
2,node_0093,node_0422,1.34,8353,active,voter (Total-weighted random choice)
2,node_0094,node_0041,1.44,9009,active,voter (Total-weighted random choice)
2,node_0095,node_0299,0.53,1238,active,voter (Total-weighted random choice)
2,node_0096,node_0066,0.50,4209,active,voter (Total-weighted random choice)
2,node_0097,node_0388,0.73,9527,active,voter (Total-weighted random choice)
2,node_0098,node_0354,1.02,9712,active,voter (Total-weighted random choice)
2,node_0099,node_0067,0.58,2748,active,voter (Total-weighted random choice)
2,node_0100,node_0305,1.26,8207,active,voter (Total-weighted random choice)
2,node_0101,node_0015,1.35,2440,active,voter (Total-weighted random choice)
2,node_0102,node_0290,1.15,832,active,voter (Total-weighted random choice)
2,node_0103,node_0336,0.63,4888,active,voter (Total-weighted random choice)
2,node_0104,node_0248,1.13,9029,active,voter (Total-weighted random choice)
2,node_0105,node_0479,1.23,1698,active,voter (Total-weighted random choice)
2,node_0106,node_0290,0.98,8562,active,voter (Total-weighted random choice)
2,node_0107,node_0404,0.66,9252,active,voter (Total-weighted random choice)
2,node_0108,node_0386,0.80,1746,active,voter (Total-weighted random choice)
2,node_0109,node_0114,1.36,544,active,voter (Total-weighted random choice)
2,node_0110,node_0285,0.56,4712,active,voter (Total-weighted random choice)
2,node_0111,node_0143,1.48,9779,active,voter (Total-weighted random choice)
2,node_0112,node_0347,0.88,2664,active,voter (Total-weighted random choice)
2,node_0113,node_0401,0.83,2499,active,voter (Total-weighted random choice)
2,node_0114,node_0114,1.00,7228,active,self-vote (candidate self-stake)
2,node_0115,node_0439,0.63,6022,active,voter (Total-weighted random choice)
2,node_0116,node_0116,1.00,5263,active,self-vote (candidate self-stake)
2,node_0117,node_0116,1.24,6665,active,voter (Total-weighted random choice)
2,node_0118,node_0319,0.89,3950,active,voter (Total-weighted random choice)
2,node_0119,node_0461,0.66,5715,active,voter (Total-weighted random choice)
2,node_0120,node_0021,1.16,3268,active,voter (Total-weighted random choice)
2,node_0121,node_0269,0.64,6149,active,voter (Total-weighted random choice)
2,node_0122,node_0461,1.11,3931,active,voter (Total-weighted random choice)
2,node_0123,node_0160,1.43,8416,active,voter (Total-weighted random choice)
2,node_0124,node_0124,1.00,1581,active,self-vote (candidate self-stake)
2,node_0125,node_0404,1.03,3072,active,voter (Total-weighted random choice)
2,node_0126,node_0015,1.24,81,active,voter (Total-weighted random choice)
2,node_0127,node_0239,0.69,6708,active,voter (Total-weighted random choice)
2,node_0128,node_0461,0.97,6988,active,voter (Total-weighted random choice)
2,node_0129,node_0160,0.95,6501,active,voter (Total-weighted random choice)
2,node_0130,node_0481,0.93,3961,active,voter (Total-weighted random choice)
2,node_0131,node_0048,0.83,117,active,voter (Total-weighted random choice)
2,node_0132,node_0015,0.61,5933,active,voter (Total-weighted random choice)
2,node_0133,node_0461,0.64,4919,active,voter (Total-weighted random choice)
2,node_0134,node_0480,0.60,4970,active,voter (Total-weighted random choice)
2,node_0135,node_0066,1.33,5920,active,voter (Total-weighted random choice)
2,node_0136,node_0422,0.84,9700,active,voter (Total-weighted random choice)
2,node_0137,node_0479,1.39,5956,active,voter (Total-weighted random choice)
2,node_0138,node_0363,0.74,9074,active,voter (Total-weighted random choice)
2,node_0139,node_0067,0.79,4421,active,voter (Total-weighted random choice)
2,node_0140,node_0305,0.75,9827,active,voter (Total-weighted random choice)
2,node_0141,node_0347,0.99,7187,active,voter (Total-weighted random choice)
2,node_0142,node_0297,1.02,8350,active,voter (Total-weighted random choice)
2,node_0143,node_0143,1.00,2099,active,self-vote (candidate self-stake)
2,node_0144,node_0144,1.00,1408,active,self-vote (candidate self-stake)
2,node_0145,node_0336,1.22,4941,active,voter (Total-weighted random choice)
2,node_0146,node_0404,0.57,2273,active,voter (Total-weighted random choice)
2,node_0147,node_0305,1.44,8095,active,voter (Total-weighted random choice)
2,node_0148,node_0084,0.76,7032,active,voter (Total-weighted random choice)
2,node_0149,node_0290,0.97,6956,active,voter (Total-weighted random choice)
2,node_0150,node_0347,1.37,2465,active,voter (Total-weighted random choice)
2,node_0151,node_0021,1.37,2365,active,voter (Total-weighted random choice)
2,node_0152,node_0084,0.51,2833,active,voter (Total-weighted random choice)
2,node_0153,node_0297,1.19,970,active,voter (Total-weighted random choice)
2,node_0154,node_0025,1.16,8222,active,voter (Total-weighted random choice)
2,node_0155,node_0269,1.21,8340,active,voter (Total-weighted random choice)
2,node_0156,node_0435,1.08,6226,active,voter (Total-weighted random choice)
2,node_0157,node_0015,0.73,9013,active,voter (Total-weighted random choice)
2,node_0158,node_0479,1.10,8218,active,voter (Total-weighted random choice)
2,node_0159,node_0319,1.34,3801,active,voter (Total-weighted random choice)
2,node_0160,node_0160,1.00,4773,active,self-vote (candidate self-stake)
2,node_0161,node_0116,1.11,4777,active,voter (Total-weighted random choice)
2,node_0162,node_0290,1.43,4553,active,voter (Total-weighted random choice)
2,node_0163,node_0025,1.34,2222,active,voter (Total-weighted random choice)
2,node_0164,node_0422,0.94,2491,active,voter (Total-weighted random choice)
2,node_0165,node_0386,0.84,6804,active,voter (Total-weighted random choice)
2,node_0166,node_0401,1.43,5734,active,voter (Total-weighted random choice)
2,node_0167,node_0290,1.02,5988,active,voter (Total-weighted random choice)
2,node_0168,node_0239,1.24,9187,active,voter (Total-weighted random choice)
2,node_0169,node_0290,1.40,5355,active,voter (Total-weighted random choice)
2,node_0170,node_0336,1.07,7949,active,voter (Total-weighted random choice)
2,node_0171,node_0285,1.37,8421,active,voter (Total-weighted random choice)
2,node_0172,node_0401,0.91,7848,active,voter (Total-weighted random choice)
2,node_0173,node_0439,0.96,7180,active,voter (Total-weighted random choice)
2,node_0174,node_0480,0.98,2210,active,voter (Total-weighted random choice)
2,node_0175,node_0124,1.07,6290,active,voter (Total-weighted random choice)
2,node_0176,node_0015,0.77,1639,active,voter (Total-weighted random choice)
2,node_0177,node_0347,0.79,8411,active,voter (Total-weighted random choice)
2,node_0178,node_0114,1.37,6867,active,voter (Total-weighted random choice)
2,node_0179,node_0160,1.36,5584,active,voter (Total-weighted random choice)
2,node_0180,node_0239,1.20,5679,active,voter (Total-weighted random choice)
2,node_0181,node_0347,1.22,4658,active,voter (Total-weighted random choice)
2,node_0182,node_0386,1.37,498,rejected,voter (Total-weighted random choice)
2,node_0183,node_0067,0.94,5971,active,voter (Total-weighted random choice)
2,node_0184,node_0479,1.42,749,active,voter (Total-weighted random choice)
2,node_0185,node_0269,1.36,3662,active,voter (Total-weighted random choice)
2,node_0186,node_0269,0.82,3893,active,voter (Total-weighted random choice)
2,node_0187,node_0048,0.95,9611,active,voter (Total-weighted random choice)
2,node_0188,node_0354,1.25,3767,active,voter (Total-weighted random choice)
2,node_0189,node_0435,1.40,10966,active,voter (Total-weighted random choice)
2,node_0190,node_0041,0.57,2466,active,voter (Total-weighted random choice)
2,node_0191,node_0048,0.61,9595,active,voter (Total-weighted random choice)
2,node_0192,node_0435,1.24,9411,active,voter (Total-weighted random choice)
2,node_0193,node_0333,0.98,6994,active,voter (Total-weighted random choice)
2,node_0194,node_0297,1.04,1891,active,voter (Total-weighted random choice)
2,node_0195,node_0333,0.59,1330,active,voter (Total-weighted random choice)
2,node_0196,node_0439,1.05,10647,active,voter (Total-weighted random choice)
2,node_0197,node_0333,0.68,6127,active,voter (Total-weighted random choice)
2,node_0198,node_0386,1.17,1166,active,voter (Total-weighted random choice)
2,node_0199,node_0461,1.46,179,active,voter (Total-weighted random choice)
2,node_0200,node_0248,0.88,1916,active,voter (Total-weighted random choice)
2,node_0201,node_0439,1.34,8700,rejected,voter (Total-weighted random choice)
2,node_0202,node_0435,1.16,3288,active,voter (Total-weighted random choice)
2,node_0203,node_0404,1.01,8203,active,voter (Total-weighted random choice)
2,node_0204,node_0116,0.54,7483,active,voter (Total-weighted random choice)
2,node_0205,node_0143,1.08,5749,active,voter (Total-weighted random choice)
2,node_0206,node_0143,1.23,3676,active,voter (Total-weighted random choice)
2,node_0207,node_0319,1.28,8526,active,voter (Total-weighted random choice)
2,node_0208,node_0144,0.72,5434,active,voter (Total-weighted random choice)
2,node_0209,node_0067,0.70,3129,active,voter (Total-weighted random choice)
2,node_0210,node_0226,1.28,4687,active,voter (Total-weighted random choice)
2,node_0211,node_0333,1.24,8987,active,voter (Total-weighted random choice)
2,node_0212,node_0285,1.35,1402,active,voter (Total-weighted random choice)
2,node_0213,node_0041,1.31,7629,active,voter (Total-weighted random choice)
2,node_0214,node_0074,0.73,7955,active,voter (Total-weighted random choice)
2,node_0215,node_0226,1.32,7781,active,voter (Total-weighted random choice)
2,node_0216,node_0216,1.00,3960,active,self-vote (candidate self-stake)
2,node_0217,node_0290,1.13,4916,active,voter (Total-weighted random choice)
2,node_0218,node_0439,0.78,7472,active,voter (Total-weighted random choice)
2,node_0219,node_0401,0.57,6908,active,voter (Total-weighted random choice)
2,node_0220,node_0239,1.29,5690,active,voter (Total-weighted random choice)
2,node_0221,node_0347,1.09,5382,active,voter (Total-weighted random choice)
2,node_0222,node_0439,1.09,3651,active,voter (Total-weighted random choice)
2,node_0223,node_0223,1.00,2365,active,self-vote (candidate self-stake)
2,node_0224,node_0067,1.13,4203,active,voter (Total-weighted random choice)
2,node_0225,node_0336,1.40,1863,active,voter (Total-weighted random choice)
2,node_0226,node_0226,1.00,3758,active,self-vote (candidate self-stake)
2,node_0227,node_0347,0.68,103,active,voter (Total-weighted random choice)
2,node_0228,node_0285,0.92,3769,active,voter (Total-weighted random choice)
2,node_0229,node_0248,0.57,8549,active,voter (Total-weighted random choice)
2,node_0230,node_0386,1.15,7512,active,voter (Total-weighted random choice)
2,node_0231,node_0048,1.06,10521,active,voter (Total-weighted random choice)
2,node_0232,node_0435,0.52,6641,active,voter (Total-weighted random choice)
2,node_0233,node_0479,0.67,3946,active,voter (Total-weighted random choice)
2,node_0234,node_0363,0.98,1359,active,voter (Total-weighted random choice)
2,node_0235,node_0160,1.26,8260,active,voter (Total-weighted random choice)
2,node_0236,node_0404,1.03,1874,active,voter (Total-weighted random choice)
2,node_0237,node_0216,0.61,1377,active,voter (Total-weighted random choice)
2,node_0238,node_0143,0.77,9065,active,voter (Total-weighted random choice)
2,node_0239,node_0239,1.00,8822,active,self-vote (candidate self-stake)
2,node_0240,node_0354,0.84,5211,active,voter (Total-weighted random choice)
2,node_0241,node_0114,1.43,4812,active,voter (Total-weighted random choice)
2,node_0242,node_0116,0.91,1511,active,voter (Total-weighted random choice)
2,node_0243,node_0239,1.13,3403,active,voter (Total-weighted random choice)
2,node_0244,node_0143,1.47,2172,active,voter (Total-weighted random choice)
2,node_0245,node_0439,0.71,2453,active,voter (Total-weighted random choice)
2,node_0246,node_0404,0.70,10163,active,voter (Total-weighted random choice)
2,node_0247,node_0226,0.89,3375,active,voter (Total-weighted random choice)
2,node_0248,node_0248,1.00,7333,active,self-vote (candidate self-stake)
2,node_0249,node_0333,1.49,3613,rejected,voter (Total-weighted random choice)
2,node_0250,node_0067,1.21,6996,active,voter (Total-weighted random choice)
2,node_0251,node_0347,0.74,3332,active,voter (Total-weighted random choice)
2,node_0252,node_0084,1.00,944,active,voter (Total-weighted random choice)
2,node_0253,node_0386,0.56,11420,active,voter (Total-weighted random choice)
2,node_0254,node_0480,1.14,7403,active,voter (Total-weighted random choice)
2,node_0255,node_0114,0.61,7653,active,voter (Total-weighted random choice)
2,node_0256,node_0388,1.18,7223,active,voter (Total-weighted random choice)
2,node_0257,node_0422,0.77,7482,active,voter (Total-weighted random choice)
2,node_0258,node_0084,0.86,193,active,voter (Total-weighted random choice)
2,node_0259,node_0290,1.27,4508,active,voter (Total-weighted random choice)
2,node_0260,node_0386,0.66,7254,active,voter (Total-weighted random choice)
2,node_0261,node_0435,1.16,5518,active,voter (Total-weighted random choice)
2,node_0262,node_0262,1.00,8263,active,self-vote (candidate self-stake)
2,node_0263,node_0248,1.43,6805,active,voter (Total-weighted random choice)
2,node_0264,node_0239,0.95,1880,active,voter (Total-weighted random choice)
2,node_0265,node_0336,1.21,7241,active,voter (Total-weighted random choice)
2,node_0266,node_0015,1.19,7220,active,voter (Total-weighted random choice)
2,node_0267,node_0041,1.40,7595,active,voter (Total-weighted random choice)
2,node_0268,node_0305,1.45,5287,active,voter (Total-weighted random choice)
2,node_0269,node_0269,1.00,7981,active,self-vote (candidate self-stake)
2,node_0270,node_0066,0.63,8923,active,voter (Total-weighted random choice)
2,node_0271,node_0067,0.95,2979,active,voter (Total-weighted random choice)
2,node_0272,node_0226,0.77,7451,active,voter (Total-weighted random choice)
2,node_0273,node_0025,1.48,4362,active,voter (Total-weighted random choice)
2,node_0274,node_0319,1.18,8011,active,voter (Total-weighted random choice)
2,node_0275,node_0160,1.03,2196,active,voter (Total-weighted random choice)
2,node_0276,node_0116,0.93,2860,active,voter (Total-weighted random choice)
2,node_0277,node_0386,1.22,9017,active,voter (Total-weighted random choice)
2,node_0278,node_0401,0.79,1850,active,voter (Total-weighted random choice)
2,node_0279,node_0481,0.87,4054,active,voter (Total-weighted random choice)
2,node_0280,node_0114,0.86,8073,active,voter (Total-weighted random choice)
2,node_0281,node_0269,0.53,8760,active,voter (Total-weighted random choice)
2,node_0282,node_0333,0.77,8238,active,voter (Total-weighted random choice)
2,node_0283,node_0401,0.63,2455,active,voter (Total-weighted random choice)
2,node_0284,node_0269,0.77,262,active,voter (Total-weighted random choice)
2,node_0285,node_0285,1.00,5424,active,self-vote (candidate self-stake)
2,node_0286,node_0025,0.85,415,active,voter (Total-weighted random choice)
2,node_0287,node_0116,1.22,8943,active,voter (Total-weighted random choice)
2,node_0288,node_0025,1.05,2819,active,voter (Total-weighted random choice)
2,node_0289,node_0041,0.60,5675,active,voter (Total-weighted random choice)
2,node_0290,node_0290,1.00,8083,active,self-vote (candidate self-stake)
2,node_0291,node_0354,1.33,3934,active,voter (Total-weighted random choice)
2,node_0292,node_0401,0.92,7497,active,voter (Total-weighted random choice)
2,node_0293,node_0354,0.69,5729,active,voter (Total-weighted random choice)
2,node_0294,node_0480,1.26,8978,active,voter (Total-weighted random choice)
2,node_0295,node_0480,1.45,7664,active,voter (Total-weighted random choice)
2,node_0296,node_0299,1.19,1927,active,voter (Total-weighted random choice)
2,node_0297,node_0297,1.00,1539,active,self-vote (candidate self-stake)
2,node_0298,node_0143,0.74,186,active,voter (Total-weighted random choice)
2,node_0299,node_0299,1.00,2179,active,self-vote (candidate self-stake)
2,node_0300,node_0114,0.81,6044,active,voter (Total-weighted random choice)
2,node_0301,node_0336,0.86,405,active,voter (Total-weighted random choice)
2,node_0302,node_0404,0.67,5308,active,voter (Total-weighted random choice)
2,node_0303,node_0143,1.00,8030,active,voter (Total-weighted random choice)
2,node_0304,node_0084,0.73,3801,active,voter (Total-weighted random choice)
2,node_0305,node_0305,1.00,4588,active,self-vote (candidate self-stake)
2,node_0306,node_0144,1.46,1437,active,voter (Total-weighted random choice)
2,node_0307,node_0048,1.36,7594,active,voter (Total-weighted random choice)
2,node_0308,node_0481,0.53,640,active,voter (Total-weighted random choice)
2,node_0309,node_0363,1.04,4977,active,voter (Total-weighted random choice)
2,node_0310,node_0160,1.24,2425,active,voter (Total-weighted random choice)
2,node_0311,node_0226,0.96,8619,active,voter (Total-weighted random choice)
2,node_0312,node_0404,0.98,3130,active,voter (Total-weighted random choice)
2,node_0313,node_0285,0.75,4197,active,voter (Total-weighted random choice)
2,node_0314,node_0160,0.77,3313,active,voter (Total-weighted random choice)
2,node_0315,node_0347,0.79,6863,active,voter (Total-weighted random choice)
2,node_0316,node_0386,0.82,7605,active,voter (Total-weighted random choice)
2,node_0317,node_0144,1.10,760,active,voter (Total-weighted random choice)
2,node_0318,node_0479,0.79,9444,active,voter (Total-weighted random choice)
2,node_0319,node_0319,1.00,4582,active,self-vote (candidate self-stake)
2,node_0320,node_0439,0.58,2848,active,voter (Total-weighted random choice)
2,node_0321,node_0321,1.00,1942,active,self-vote (candidate self-stake)
2,node_0322,node_0021,1.37,9371,active,voter (Total-weighted random choice)
2,node_0323,node_0025,1.08,303,active,voter (Total-weighted random choice)
2,node_0324,node_0269,1.06,5555,active,voter (Total-weighted random choice)
2,node_0325,node_0226,0.91,10366,active,voter (Total-weighted random choice)
2,node_0326,node_0319,0.63,2925,active,voter (Total-weighted random choice)
2,node_0327,node_0226,1.11,3090,active,voter (Total-weighted random choice)
2,node_0328,node_0114,0.79,2067,active,voter (Total-weighted random choice)
2,node_0329,node_0401,1.28,5384,active,voter (Total-weighted random choice)
2,node_0330,node_0248,1.17,9572,active,voter (Total-weighted random choice)
2,node_0331,node_0226,1.39,1570,active,voter (Total-weighted random choice)
2,node_0332,node_0480,1.07,6449,active,voter (Total-weighted random choice)
2,node_0333,node_0333,1.00,8489,active,self-vote (candidate self-stake)
2,node_0334,node_0269,1.11,8743,active,voter (Total-weighted random choice)
2,node_0335,node_0335,1.00,2143,active,self-vote (candidate self-stake)
2,node_0336,node_0336,1.00,4670,active,self-vote (candidate self-stake)
2,node_0337,node_0041,0.73,1894,active,voter (Total-weighted random choice)
2,node_0338,node_0386,0.85,2725,active,voter (Total-weighted random choice)
2,node_0339,node_0124,0.71,5805,active,voter (Total-weighted random choice)
2,node_0340,node_0401,0.86,2285,active,voter (Total-weighted random choice)
2,node_0341,node_0333,0.71,4482,active,voter (Total-weighted random choice)
2,node_0342,node_0248,0.80,6313,active,voter (Total-weighted random choice)
2,node_0343,node_0248,0.64,10359,active,voter (Total-weighted random choice)
2,node_0344,node_0336,0.75,1797,active,voter (Total-weighted random choice)
2,node_0345,node_0479,1.02,144,active,voter (Total-weighted random choice)
2,node_0346,node_0021,0.95,3354,active,voter (Total-weighted random choice)
2,node_0347,node_0347,1.00,4795,active,self-vote (candidate self-stake)
2,node_0348,node_0336,0.87,1592,active,voter (Total-weighted random choice)
2,node_0349,node_0067,0.73,4437,active,voter (Total-weighted random choice)
2,node_0350,node_0333,0.61,1194,active,voter (Total-weighted random choice)
2,node_0351,node_0481,0.52,6449,active,voter (Total-weighted random choice)
2,node_0352,node_0144,1.18,9414,active,voter (Total-weighted random choice)
2,node_0353,node_0116,1.43,7605,rejected,voter (Total-weighted random choice)
2,node_0354,node_0354,1.00,6715,active,self-vote (candidate self-stake)
2,node_0355,node_0404,1.35,383,active,voter (Total-weighted random choice)
2,node_0356,node_0462,0.92,7296,active,voter (Total-weighted random choice)
2,node_0357,node_0025,0.89,6872,active,voter (Total-weighted random choice)
2,node_0358,node_0048,1.30,8164,active,voter (Total-weighted random choice)
2,node_0359,node_0354,1.06,951,active,voter (Total-weighted random choice)
2,node_0360,node_0479,0.74,2247,active,voter (Total-weighted random choice)
2,node_0361,node_0116,0.93,2057,active,voter (Total-weighted random choice)
2,node_0362,node_0480,0.57,634,active,voter (Total-weighted random choice)
2,node_0363,node_0363,1.00,2565,active,self-vote (candidate self-stake)
2,node_0364,node_0461,1.00,1401,active,voter (Total-weighted random choice)
2,node_0365,node_0388,0.97,9998,active,voter (Total-weighted random choice)
2,node_0366,node_0116,1.41,5317,active,voter (Total-weighted random choice)
2,node_0367,node_0025,1.36,5725,active,voter (Total-weighted random choice)
2,node_0368,node_0333,1.13,1779,active,voter (Total-weighted random choice)
2,node_0369,node_0116,1.48,2460,rejected,voter (Total-weighted random choice)
2,node_0370,node_0223,1.35,2735,active,voter (Total-weighted random choice)
2,node_0371,node_0269,0.92,9974,active,voter (Total-weighted random choice)
2,node_0372,node_0363,0.74,4904,active,voter (Total-weighted random choice)
2,node_0373,node_0481,0.77,7757,active,voter (Total-weighted random choice)
2,node_0374,node_0144,1.06,7310,active,voter (Total-weighted random choice)
2,node_0375,node_0074,0.83,9871,active,voter (Total-weighted random choice)
2,node_0376,node_0333,0.85,9977,active,voter (Total-weighted random choice)
2,node_0377,node_0124,1.09,8448,active,voter (Total-weighted random choice)
2,node_0378,node_0290,0.59,1744,active,voter (Total-weighted random choice)
2,node_0379,node_0386,0.54,7417,active,voter (Total-weighted random choice)
2,node_0380,node_0084,0.90,7254,active,voter (Total-weighted random choice)
2,node_0381,node_0290,0.77,4822,active,voter (Total-weighted random choice)
2,node_0382,node_0048,0.85,1541,active,voter (Total-weighted random choice)
2,node_0383,node_0479,1.07,6054,active,voter (Total-weighted random choice)
2,node_0384,node_0347,1.47,7130,active,voter (Total-weighted random choice)
2,node_0385,node_0347,1.04,2013,active,voter (Total-weighted random choice)
2,node_0386,node_0386,1.00,8497,active,self-vote (candidate self-stake)
2,node_0387,node_0404,1.47,7680,active,voter (Total-weighted random choice)
2,node_0388,node_0388,1.00,7072,active,self-vote (candidate self-stake)
2,node_0389,node_0305,0.60,6824,active,voter (Total-weighted random choice)
2,node_0390,node_0084,1.08,4989,active,voter (Total-weighted random choice)
2,node_0391,node_0461,0.89,5942,active,voter (Total-weighted random choice)
2,node_0392,node_0404,1.42,518,active,voter (Total-weighted random choice)
2,node_0393,node_0066,0.94,1467,active,voter (Total-weighted random choice)
2,node_0394,node_0124,1.02,1981,active,voter (Total-weighted random choice)
2,node_0395,node_0479,1.01,1924,active,voter (Total-weighted random choice)
2,node_0396,node_0084,0.87,961,active,voter (Total-weighted random choice)
2,node_0397,node_0321,1.38,5479,active,voter (Total-weighted random choice)
2,node_0398,node_0116,1.46,2312,rejected,voter (Total-weighted random choice)
2,node_0399,node_0336,1.40,2314,active,voter (Total-weighted random choice)
2,node_0400,node_0319,0.54,1646,active,voter (Total-weighted random choice)
2,node_0401,node_0401,1.00,6169,active,self-vote (candidate self-stake)
2,node_0402,node_0297,0.68,4094,active,voter (Total-weighted random choice)
2,node_0403,node_0269,1.44,5205,active,voter (Total-weighted random choice)
2,node_0404,node_0404,1.00,210,active,self-vote (candidate self-stake)
2,node_0405,node_0363,1.35,8674,active,voter (Total-weighted random choice)
2,node_0406,node_0386,0.63,1823,active,voter (Total-weighted random choice)
2,node_0407,node_0262,0.65,1179,active,voter (Total-weighted random choice)
2,node_0408,node_0461,0.71,6267,active,voter (Total-weighted random choice)
2,node_0409,node_0480,1.12,2379,active,voter (Total-weighted random choice)
2,node_0410,node_0084,0.68,8924,active,voter (Total-weighted random choice)
2,node_0411,node_0144,1.11,2924,active,voter (Total-weighted random choice)
2,node_0412,node_0239,1.48,1547,active,voter (Total-weighted random choice)
2,node_0413,node_0422,1.48,8104,active,voter (Total-weighted random choice)
2,node_0414,node_0481,1.42,4383,active,voter (Total-weighted random choice)
2,node_0415,node_0354,0.50,5637,active,voter (Total-weighted random choice)
2,node_0416,node_0480,1.32,9607,active,voter (Total-weighted random choice)
2,node_0417,node_0439,0.82,12,active,voter (Total-weighted random choice)
2,node_0418,node_0404,1.00,372,active,voter (Total-weighted random choice)
2,node_0419,node_0481,1.21,2630,active,voter (Total-weighted random choice)
2,node_0420,node_0363,1.19,5123,active,voter (Total-weighted random choice)
2,node_0421,node_0226,0.93,6700,active,voter (Total-weighted random choice)
2,node_0422,node_0422,1.00,8310,active,self-vote (candidate self-stake)
2,node_0423,node_0347,0.97,871,active,voter (Total-weighted random choice)
2,node_0424,node_0363,0.89,6737,active,voter (Total-weighted random choice)
2,node_0425,node_0404,1.25,5860,active,voter (Total-weighted random choice)
2,node_0426,node_0048,1.21,7275,active,voter (Total-weighted random choice)
2,node_0427,node_0435,1.49,909,active,voter (Total-weighted random choice)
2,node_0428,node_0333,0.64,7249,active,voter (Total-weighted random choice)
2,node_0429,node_0285,1.12,1427,active,voter (Total-weighted random choice)
2,node_0430,node_0347,1.16,4103,active,voter (Total-weighted random choice)
2,node_0431,node_0124,0.92,7859,active,voter (Total-weighted random choice)
2,node_0432,node_0160,1.34,6008,active,voter (Total-weighted random choice)
2,node_0433,node_0461,0.88,797,active,voter (Total-weighted random choice)
2,node_0434,node_0067,1.27,8953,active,voter (Total-weighted random choice)
2,node_0435,node_0435,1.00,5874,active,self-vote (candidate self-stake)
2,node_0436,node_0321,1.36,4151,active,voter (Total-weighted random choice)
2,node_0437,node_0144,0.95,3174,active,voter (Total-weighted random choice)
2,node_0438,node_0388,0.57,921,active,voter (Total-weighted random choice)
2,node_0439,node_0439,1.00,7335,active,self-vote (candidate self-stake)
2,node_0440,node_0299,1.41,8870,active,voter (Total-weighted random choice)
2,node_0441,node_0067,1.03,5944,active,voter (Total-weighted random choice)
2,node_0442,node_0048,0.65,8133,active,voter (Total-weighted random choice)
2,node_0443,node_0041,1.19,4435,active,voter (Total-weighted random choice)
2,node_0444,node_0347,0.56,9853,active,voter (Total-weighted random choice)
2,node_0445,node_0439,1.38,7439,rejected,voter (Total-weighted random choice)
2,node_0446,node_0386,1.26,4553,rejected,voter (Total-weighted random choice)
2,node_0447,node_0479,0.87,8897,active,voter (Total-weighted random choice)
2,node_0448,node_0248,1.05,9815,active,voter (Total-weighted random choice)
2,node_0449,node_0479,1.30,7075,active,voter (Total-weighted random choice)
2,node_0450,node_0481,0.64,5139,active,voter (Total-weighted random choice)
2,node_0451,node_0025,1.42,70,active,voter (Total-weighted random choice)
2,node_0452,node_0336,1.37,680,active,voter (Total-weighted random choice)
2,node_0453,node_0336,1.09,441,active,voter (Total-weighted random choice)
2,node_0454,node_0285,1.30,7217,active,voter (Total-weighted random choice)
2,node_0455,node_0363,1.24,5159,active,voter (Total-weighted random choice)
2,node_0456,node_0333,1.04,5753,active,voter (Total-weighted random choice)
2,node_0457,node_0116,0.52,10741,active,voter (Total-weighted random choice)
2,node_0458,node_0074,0.64,918,active,voter (Total-weighted random choice)
2,node_0459,node_0048,0.54,3957,active,voter (Total-weighted random choice)
2,node_0460,node_0479,0.88,5934,active,voter (Total-weighted random choice)
2,node_0461,node_0461,1.00,5764,active,self-vote (candidate self-stake)
2,node_0462,node_0462,1.00,3042,active,self-vote (candidate self-stake)
2,node_0463,node_0347,1.10,5472,active,voter (Total-weighted random choice)
2,node_0464,node_0067,1.36,2014,active,voter (Total-weighted random choice)
2,node_0465,node_0386,0.94,6709,active,voter (Total-weighted random choice)
2,node_0466,node_0015,0.84,6929,active,voter (Total-weighted random choice)
2,node_0467,node_0285,1.42,6023,active,voter (Total-weighted random choice)
2,node_0468,node_0479,1.08,3477,active,voter (Total-weighted random choice)
2,node_0469,node_0041,0.91,2217,active,voter (Total-weighted random choice)
2,node_0470,node_0422,0.58,8938,active,voter (Total-weighted random choice)
2,node_0471,node_0160,0.53,4972,active,voter (Total-weighted random choice)
2,node_0472,node_0386,0.57,11501,active,voter (Total-weighted random choice)
2,node_0473,node_0462,1.20,3079,active,voter (Total-weighted random choice)
2,node_0474,node_0297,0.56,7284,active,voter (Total-weighted random choice)
2,node_0475,node_0124,0.99,4097,active,voter (Total-weighted random choice)
2,node_0476,node_0321,1.12,9118,active,voter (Total-weighted random choice)
2,node_0477,node_0124,1.19,5265,active,voter (Total-weighted random choice)
2,node_0478,node_0269,0.75,3003,active,voter (Total-weighted random choice)
2,node_0479,node_0479,1.00,7346,active,self-vote (candidate self-stake)
2,node_0480,node_0480,1.00,10389,active,self-vote (candidate self-stake)
2,node_0481,node_0481,1.00,3757,active,self-vote (candidate self-stake)
2,node_0482,node_0116,0.53,3609,active,voter (Total-weighted random choice)
2,node_0483,node_0363,1.42,5846,active,voter (Total-weighted random choice)
2,node_0484,node_0041,1.22,9646,active,voter (Total-weighted random choice)
2,node_0485,node_0336,0.84,1677,active,voter (Total-weighted random choice)
2,node_0486,node_0084,0.89,8365,active,voter (Total-weighted random choice)
2,node_0487,node_0015,0.74,7933,active,voter (Total-weighted random choice)
2,node_0488,node_0435,1.01,7502,active,voter (Total-weighted random choice)
2,node_0489,node_0347,0.71,7224,active,voter (Total-weighted random choice)
2,node_0490,node_0021,1.26,3616,active,voter (Total-weighted random choice)
2,node_0491,node_0480,0.94,5297,active,voter (Total-weighted random choice)
2,node_0492,node_0066,0.81,1953,active,voter (Total-weighted random choice)
2,node_0493,node_0333,1.16,2366,active,voter (Total-weighted random choice)
2,node_0494,node_0333,0.98,8046,active,voter (Total-weighted random choice)
2,node_0495,node_0439,1.03,7440,active,voter (Total-weighted random choice)
2,node_0496,node_0404,1.30,1413,active,voter (Total-weighted random choice)
2,node_0497,node_0084,1.13,2569,active,voter (Total-weighted random choice)
2,node_0498,node_0297,0.68,1860,active,voter (Total-weighted random choice)
2,node_0499,node_0066,1.46,4495,active,voter (Total-weighted random choice)
2,node_0500,node_0160,1.06,6806,active,voter (Total-weighted random choice)
3,node_0001,node_0001,1.00,1225,active,self-vote (candidate self-stake)
3,node_0002,node_0229,1.46,4224,active,voter (Total-weighted random choice)
3,node_0003,node_0330,0.78,9497,active,voter (Total-weighted random choice)
3,node_0004,node_0017,1.29,854,active,voter (Total-weighted random choice)
3,node_0005,node_0164,1.35,3768,active,voter (Total-weighted random choice)
3,node_0006,node_0330,0.60,9005,active,voter (Total-weighted random choice)
3,node_0007,node_0233,0.79,3580,active,voter (Total-weighted random choice)
3,node_0008,node_0280,0.89,260,active,voter (Total-weighted random choice)
3,node_0009,node_0277,0.90,6969,active,voter (Total-weighted random choice)
3,node_0010,node_0368,0.85,5120,active,voter (Total-weighted random choice)
3,node_0011,node_0185,1.15,1289,active,voter (Total-weighted random choice)
3,node_0012,node_0368,0.78,5591,active,voter (Total-weighted random choice)
3,node_0013,node_0152,0.57,723,active,voter (Total-weighted random choice)
3,node_0014,node_0014,1.00,7392,active,self-vote (candidate self-stake)
3,node_0015,node_0351,0.93,4347,active,voter (Total-weighted random choice)
3,node_0016,node_0260,1.14,887,active,voter (Total-weighted random choice)
3,node_0017,node_0017,1.00,1196,active,self-vote (candidate self-stake)
3,node_0018,node_0370,0.82,6252,active,voter (Total-weighted random choice)
3,node_0019,node_0174,0.60,1962,active,voter (Total-weighted random choice)
3,node_0020,node_0277,0.62,4895,active,voter (Total-weighted random choice)
3,node_0021,node_0034,1.00,1511,active,voter (Total-weighted random choice)
3,node_0022,node_0287,1.05,2093,active,voter (Total-weighted random choice)
3,node_0023,node_0356,1.15,8989,active,voter (Total-weighted random choice)
3,node_0024,node_0448,1.25,531,active,voter (Total-weighted random choice)
3,node_0025,node_0185,1.28,5427,active,voter (Total-weighted random choice)
3,node_0026,node_0174,0.91,4982,active,voter (Total-weighted random choice)
3,node_0027,node_0356,1.39,3151,active,voter (Total-weighted random choice)
3,node_0028,node_0164,1.41,7541,active,voter (Total-weighted random choice)
3,node_0029,node_0229,0.98,4538,active,voter (Total-weighted random choice)
3,node_0030,node_0001,0.85,10512,active,voter (Total-weighted random choice)
3,node_0031,node_0460,0.59,5812,active,voter (Total-weighted random choice)
3,node_0032,node_0032,1.00,8308,active,self-vote (candidate self-stake)
3,node_0033,node_0356,0.52,1210,active,voter (Total-weighted random choice)
3,node_0034,node_0034,1.00,7215,active,self-vote (candidate self-stake)
3,node_0035,node_0164,0.59,6338,active,voter (Total-weighted random choice)
3,node_0036,node_0017,0.78,8731,active,voter (Total-weighted random choice)
3,node_0037,node_0277,0.72,940,active,voter (Total-weighted random choice)
3,node_0038,node_0368,0.87,6131,active,voter (Total-weighted random choice)
3,node_0039,node_0351,0.52,3825,active,voter (Total-weighted random choice)
3,node_0040,node_0350,1.15,8824,active,voter (Total-weighted random choice)
3,node_0041,node_0358,1.15,4501,active,voter (Total-weighted random choice)
3,node_0042,node_0356,0.65,2506,active,voter (Total-weighted random choice)
3,node_0043,node_0358,0.53,8237,active,voter (Total-weighted random choice)
3,node_0044,node_0117,1.26,10707,active,voter (Total-weighted random choice)
3,node_0045,node_0045,1.00,810,active,self-vote (candidate self-stake)
3,node_0046,node_0462,0.93,3925,active,voter (Total-weighted random choice)
3,node_0047,node_0232,1.46,794,active,voter (Total-weighted random choice)
3,node_0048,node_0260,0.70,10839,active,voter (Total-weighted random choice)
3,node_0049,node_0114,0.61,8891,active,voter (Total-weighted random choice)
3,node_0050,node_0330,1.28,5340,rejected,voter (Total-weighted random choice)
3,node_0051,node_0072,1.06,4128,active,voter (Total-weighted random choice)
3,node_0052,node_0368,1.43,4836,active,voter (Total-weighted random choice)
3,node_0053,node_0351,0.94,8299,active,voter (Total-weighted random choice)
3,node_0054,node_0353,1.40,2292,active,voter (Total-weighted random choice)
3,node_0055,node_0460,1.44,4861,active,voter (Total-weighted random choice)
3,node_0056,node_0034,0.52,10305,active,voter (Total-weighted random choice)
3,node_0057,node_0351,0.77,1490,active,voter (Total-weighted random choice)
3,node_0058,node_0201,1.33,5406,active,voter (Total-weighted random choice)
3,node_0059,node_0072,0.50,5037,active,voter (Total-weighted random choice)
3,node_0060,node_0298,0.97,9467,active,voter (Total-weighted random choice)
3,node_0061,node_0280,0.54,4209,active,voter (Total-weighted random choice)
3,node_0062,node_0229,1.01,3455,active,voter (Total-weighted random choice)
3,node_0063,node_0072,0.79,5654,active,voter (Total-weighted random choice)
3,node_0064,node_0017,0.68,1190,active,voter (Total-weighted random choice)
3,node_0065,node_0001,1.21,709,active,voter (Total-weighted random choice)
3,node_0066,node_0172,0.81,859,active,voter (Total-weighted random choice)
3,node_0067,node_0356,1.37,12089,active,voter (Total-weighted random choice)
3,node_0068,node_0152,1.10,3348,active,voter (Total-weighted random choice)
3,node_0069,node_0124,0.82,1945,active,voter (Total-weighted random choice)
3,node_0070,node_0462,0.66,482,active,voter (Total-weighted random choice)
3,node_0071,node_0014,0.84,1015,active,voter (Total-weighted random choice)
3,node_0072,node_0072,1.00,2630,active,self-vote (candidate self-stake)
3,node_0073,node_0232,0.88,4358,active,voter (Total-weighted random choice)
3,node_0074,node_0287,1.38,2333,active,voter (Total-weighted random choice)
3,node_0075,node_0185,0.87,5301,active,voter (Total-weighted random choice)
3,node_0076,node_0244,1.24,5095,active,voter (Total-weighted random choice)
3,node_0077,node_0176,1.20,3513,active,voter (Total-weighted random choice)
3,node_0078,node_0017,0.95,131,active,voter (Total-weighted random choice)
3,node_0079,node_0117,0.92,3979,active,voter (Total-weighted random choice)
3,node_0080,node_0176,0.72,9476,active,voter (Total-weighted random choice)
3,node_0081,node_0353,0.53,1090,active,voter (Total-weighted random choice)
3,node_0082,node_0350,0.73,2722,active,voter (Total-weighted random choice)
3,node_0083,node_0072,1.05,4218,active,voter (Total-weighted random choice)
3,node_0084,node_0368,0.80,9455,active,voter (Total-weighted random choice)
3,node_0085,node_0298,0.86,6312,active,voter (Total-weighted random choice)
3,node_0086,node_0277,1.06,4983,active,voter (Total-weighted random choice)
3,node_0087,node_0330,0.98,3938,rejected,voter (Total-weighted random choice)
3,node_0088,node_0201,1.08,5672,active,voter (Total-weighted random choice)
3,node_0089,node_0287,0.70,298,active,voter (Total-weighted random choice)
3,node_0090,node_0353,1.21,500,active,voter (Total-weighted random choice)
3,node_0091,node_0461,0.75,2043,active,voter (Total-weighted random choice)
3,node_0092,node_0034,1.28,4354,active,voter (Total-weighted random choice)
3,node_0093,node_0280,1.13,8342,active,voter (Total-weighted random choice)
3,node_0094,node_0152,1.18,8889,active,voter (Total-weighted random choice)
3,node_0095,node_0072,1.17,648,active,voter (Total-weighted random choice)
3,node_0096,node_0350,1.08,4141,active,voter (Total-weighted random choice)
3,node_0097,node_0460,1.49,7920,active,voter (Total-weighted random choice)
3,node_0098,node_0260,1.26,9257,active,voter (Total-weighted random choice)
3,node_0099,node_0045,1.11,2476,active,voter (Total-weighted random choice)
3,node_0100,node_0461,0.92,7960,active,voter (Total-weighted random choice)
3,node_0101,node_0032,0.96,2385,active,voter (Total-weighted random choice)
3,node_0102,node_0358,1.02,884,active,voter (Total-weighted random choice)
3,node_0103,node_0460,1.31,3979,active,voter (Total-weighted random choice)
3,node_0104,node_0172,1.01,9399,active,voter (Total-weighted random choice)
3,node_0105,node_0172,0.66,2166,active,voter (Total-weighted random choice)
3,node_0106,node_0114,0.68,8724,active,voter (Total-weighted random choice)
3,node_0107,node_0017,0.99,9612,active,voter (Total-weighted random choice)
3,node_0108,node_0298,0.54,1483,active,voter (Total-weighted random choice)
3,node_0109,node_0280,1.33,807,active,voter (Total-weighted random choice)
3,node_0110,node_0287,1.15,4372,active,voter (Total-weighted random choice)
3,node_0111,node_0461,1.17,9535,active,voter (Total-weighted random choice)
3,node_0112,node_0174,0.74,2711,active,voter (Total-weighted random choice)
3,node_0113,node_0298,1.25,1469,active,voter (Total-weighted random choice)
3,node_0114,node_0114,1.00,7319,active,self-vote (candidate self-stake)
3,node_0115,node_0152,0.97,6518,active,voter (Total-weighted random choice)
3,node_0116,node_0045,0.95,6764,active,voter (Total-weighted random choice)
3,node_0117,node_0117,1.00,7678,active,self-vote (candidate self-stake)
3,node_0118,node_0118,1.00,4434,active,self-vote (candidate self-stake)
3,node_0119,node_0014,1.21,5069,active,voter (Total-weighted random choice)
3,node_0120,node_0001,1.34,2887,active,voter (Total-weighted random choice)
3,node_0121,node_0017,0.54,6108,active,voter (Total-weighted random choice)
3,node_0122,node_0277,0.86,4101,active,voter (Total-weighted random choice)
3,node_0123,node_0014,1.01,8158,active,voter (Total-weighted random choice)
3,node_0124,node_0124,1.00,2210,active,self-vote (candidate self-stake)
3,node_0125,node_0207,1.22,3336,active,voter (Total-weighted random choice)
3,node_0126,node_0117,0.79,525,active,voter (Total-weighted random choice)
3,node_0127,node_0232,1.00,6504,active,voter (Total-weighted random choice)
3,node_0128,node_0287,1.02,7434,active,voter (Total-weighted random choice)
3,node_0129,node_0356,1.05,6457,active,voter (Total-weighted random choice)
3,node_0130,node_0462,1.15,3678,active,voter (Total-weighted random choice)
3,node_0131,node_0017,1.33,334,rejected,voter (Total-weighted random choice)
3,node_0132,node_0330,0.88,5568,active,voter (Total-weighted random choice)
3,node_0133,node_0277,1.27,4166,active,voter (Total-weighted random choice)
3,node_0134,node_0238,0.51,5198,active,voter (Total-weighted random choice)
3,node_0135,node_0233,0.69,6065,active,voter (Total-weighted random choice)
3,node_0136,node_0176,1.02,10193,active,voter (Total-weighted random choice)
3,node_0137,node_0014,1.45,6176,rejected,voter (Total-weighted random choice)
3,node_0138,node_0276,0.79,8968,active,voter (Total-weighted random choice)
3,node_0139,node_0017,1.08,5551,active,voter (Total-weighted random choice)
3,node_0140,node_0174,1.04,9364,active,voter (Total-weighted random choice)
3,node_0141,node_0287,1.13,6973,active,voter (Total-weighted random choice)
3,node_0142,node_0185,0.75,8206,active,voter (Total-weighted random choice)
3,node_0143,node_0176,0.78,1816,active,voter (Total-weighted random choice)
3,node_0144,node_0353,0.54,745,active,voter (Total-weighted random choice)
3,node_0145,node_0229,1.31,4362,active,voter (Total-weighted random choice)
3,node_0146,node_0280,1.16,3230,active,voter (Total-weighted random choice)
3,node_0147,node_0207,1.19,8269,active,voter (Total-weighted random choice)
3,node_0148,node_0201,0.59,5979,active,voter (Total-weighted random choice)
3,node_0149,node_0260,1.04,6689,active,voter (Total-weighted random choice)
3,node_0150,node_0207,0.84,2755,active,voter (Total-weighted random choice)
3,node_0151,node_0330,0.67,2018,active,voter (Total-weighted random choice)
3,node_0152,node_0152,1.00,2956,active,self-vote (candidate self-stake)
3,node_0153,node_0174,1.10,64,active,voter (Total-weighted random choice)
3,node_0154,node_0232,0.83,8700,active,voter (Total-weighted random choice)
3,node_0155,node_0280,1.12,9155,active,voter (Total-weighted random choice)
3,node_0156,node_0330,0.51,5970,active,voter (Total-weighted random choice)
3,node_0157,node_0358,1.23,8365,active,voter (Total-weighted random choice)
3,node_0158,node_0172,0.56,8468,active,voter (Total-weighted random choice)
3,node_0159,node_0229,1.08,3690,active,voter (Total-weighted random choice)
3,node_0160,node_0176,1.02,4496,active,voter (Total-weighted random choice)
3,node_0161,node_0238,0.55,5141,active,voter (Total-weighted random choice)
3,node_0162,node_0232,0.74,5011,active,voter (Total-weighted random choice)
3,node_0163,node_0045,1.00,2417,active,voter (Total-weighted random choice)
3,node_0164,node_0164,1.00,2536,active,self-vote (candidate self-stake)
3,node_0165,node_0276,1.31,7289,active,voter (Total-weighted random choice)
3,node_0166,node_0172,1.13,6042,active,voter (Total-weighted random choice)
3,node_0167,node_0358,1.22,6319,active,voter (Total-weighted random choice)
3,node_0168,node_0330,0.76,9765,active,voter (Total-weighted random choice)
3,node_0169,node_0045,0.89,4184,active,voter (Total-weighted random choice)
3,node_0170,node_0330,0.63,8307,active,voter (Total-weighted random choice)
3,node_0171,node_0045,1.35,8236,active,voter (Total-weighted random choice)
3,node_0172,node_0172,1.00,7800,active,self-vote (candidate self-stake)
3,node_0173,node_0032,1.42,7214,active,voter (Total-weighted random choice)
3,node_0174,node_0174,1.00,2223,active,self-vote (candidate self-stake)
3,node_0175,node_0032,0.61,5810,active,voter (Total-weighted random choice)
3,node_0176,node_0176,1.00,916,active,self-vote (candidate self-stake)
3,node_0177,node_0350,1.47,8373,active,voter (Total-weighted random choice)
3,node_0178,node_0330,0.55,6066,active,voter (Total-weighted random choice)
3,node_0179,node_0034,1.30,6197,active,voter (Total-weighted random choice)
3,node_0180,node_0368,0.64,5584,active,voter (Total-weighted random choice)
3,node_0181,node_0448,0.84,5080,active,voter (Total-weighted random choice)
3,node_0182,node_0353,1.43,232,active,voter (Total-weighted random choice)
3,node_0183,node_0174,1.29,6946,active,voter (Total-weighted random choice)
3,node_0184,node_0448,0.62,900,active,voter (Total-weighted random choice)
3,node_0185,node_0185,1.00,4736,active,self-vote (candidate self-stake)
3,node_0186,node_0330,1.07,3964,rejected,voter (Total-weighted random choice)
3,node_0187,node_0014,0.91,10361,active,voter (Total-weighted random choice)
3,node_0188,node_0032,0.62,3533,active,voter (Total-weighted random choice)
3,node_0189,node_0462,1.19,10883,active,voter (Total-weighted random choice)
3,node_0190,node_0460,0.72,3219,active,voter (Total-weighted random choice)
3,node_0191,node_0207,1.45,9987,active,voter (Total-weighted random choice)
3,node_0192,node_0017,0.78,9276,active,voter (Total-weighted random choice)
3,node_0193,node_0368,1.34,7458,active,voter (Total-weighted random choice)
3,node_0194,node_0448,0.81,1325,active,voter (Total-weighted random choice)
3,node_0195,node_0032,0.65,1457,active,voter (Total-weighted random choice)
3,node_0196,node_0172,0.68,11487,active,voter (Total-weighted random choice)
3,node_0197,node_0353,0.60,4942,active,voter (Total-weighted random choice)
3,node_0198,node_0277,1.18,601,active,voter (Total-weighted random choice)
3,node_0199,node_0276,0.67,170,active,voter (Total-weighted random choice)
3,node_0200,node_0353,0.51,1643,active,voter (Total-weighted random choice)
3,node_0201,node_0201,1.00,7741,active,self-vote (candidate self-stake)
3,node_0202,node_0176,1.16,3819,active,voter (Total-weighted random choice)
3,node_0203,node_0238,0.56,8931,active,voter (Total-weighted random choice)
3,node_0204,node_0258,0.63,7028,active,voter (Total-weighted random choice)
3,node_0205,node_0207,1.31,5657,active,voter (Total-weighted random choice)
3,node_0206,node_0152,0.51,3584,active,voter (Total-weighted random choice)
3,node_0207,node_0207,1.00,8939,active,self-vote (candidate self-stake)
3,node_0208,node_0001,0.63,4708,active,voter (Total-weighted random choice)
3,node_0209,node_0072,0.87,3761,active,voter (Total-weighted random choice)
3,node_0210,node_0014,0.78,4450,active,voter (Total-weighted random choice)
3,node_0211,node_0260,1.19,8661,active,voter (Total-weighted random choice)
3,node_0212,node_0460,0.76,1849,active,voter (Total-weighted random choice)
3,node_0213,node_0233,1.17,7829,active,voter (Total-weighted random choice)
3,node_0214,node_0330,0.95,8047,active,voter (Total-weighted random choice)
3,node_0215,node_0461,1.04,8819,active,voter (Total-weighted random choice)
3,node_0216,node_0353,0.58,4014,active,voter (Total-weighted random choice)
3,node_0217,node_0233,1.46,5194,active,voter (Total-weighted random choice)
3,node_0218,node_0356,1.05,7791,active,voter (Total-weighted random choice)
3,node_0219,node_0287,0.81,6515,active,voter (Total-weighted random choice)
3,node_0220,node_0330,1.41,5204,rejected,voter (Total-weighted random choice)
3,node_0221,node_0124,0.92,5777,active,voter (Total-weighted random choice)
3,node_0222,node_0232,1.42,2867,active,voter (Total-weighted random choice)
3,node_0223,node_0032,0.76,2070,active,voter (Total-weighted random choice)
3,node_0224,node_0448,1.01,4568,active,voter (Total-weighted random choice)
3,node_0225,node_0462,1.50,1789,active,voter (Total-weighted random choice)
3,node_0226,node_0207,0.55,4006,active,voter (Total-weighted random choice)
3,node_0227,node_0460,0.97,793,active,voter (Total-weighted random choice)
3,node_0228,node_0034,1.35,4103,active,voter (Total-weighted random choice)
3,node_0229,node_0229,1.00,8643,active,self-vote (candidate self-stake)
3,node_0230,node_0238,1.32,7083,active,voter (Total-weighted random choice)
3,node_0231,node_0034,0.73,11948,active,voter (Total-weighted random choice)
3,node_0232,node_0232,1.00,6627,active,self-vote (candidate self-stake)
3,node_0233,node_0233,1.00,3968,active,self-vote (candidate self-stake)
3,node_0234,node_0174,0.53,1984,active,voter (Total-weighted random choice)
3,node_0235,node_0460,0.54,8130,active,voter (Total-weighted random choice)
3,node_0236,node_0072,1.21,1718,active,voter (Total-weighted random choice)
3,node_0237,node_0114,1.14,1036,active,voter (Total-weighted random choice)
3,node_0238,node_0238,1.00,8542,active,self-vote (candidate self-stake)
3,node_0239,node_0118,0.53,8528,active,voter (Total-weighted random choice)
3,node_0240,node_0152,0.53,4710,active,voter (Total-weighted random choice)
3,node_0241,node_0072,0.84,5033,active,voter (Total-weighted random choice)
3,node_0242,node_0461,0.59,878,active,voter (Total-weighted random choice)
3,node_0243,node_0114,1.10,3643,active,voter (Total-weighted random choice)
3,node_0244,node_0244,1.00,2238,active,self-vote (candidate self-stake)
3,node_0245,node_0172,0.63,2189,active,voter (Total-weighted random choice)
3,node_0246,node_0260,1.33,10501,active,voter (Total-weighted random choice)
3,node_0247,node_0034,0.72,3754,active,voter (Total-weighted random choice)
3,node_0248,node_0034,1.41,9531,active,voter (Total-weighted random choice)
3,node_0249,node_0017,1.29,3594,active,voter (Total-weighted random choice)
3,node_0250,node_0014,0.90,6905,active,voter (Total-weighted random choice)
3,node_0251,node_0353,0.72,3408,active,voter (Total-weighted random choice)
3,node_0252,node_0287,0.83,944,active,voter (Total-weighted random choice)
3,node_0253,node_0032,0.62,11136,active,voter (Total-weighted random choice)
3,node_0254,node_0353,0.58,7566,active,voter (Total-weighted random choice)
3,node_0255,node_0277,1.22,7359,active,voter (Total-weighted random choice)
3,node_0256,node_0174,0.83,7354,active,voter (Total-weighted random choice)
3,node_0257,node_0350,0.93,7696,active,voter (Total-weighted random choice)
3,node_0258,node_0258,1.00,1,active,self-vote (candidate self-stake)
3,node_0259,node_0124,1.08,4376,active,voter (Total-weighted random choice)
3,node_0260,node_0260,1.00,6968,active,self-vote (candidate self-stake)
3,node_0261,node_0448,0.61,5206,active,voter (Total-weighted random choice)
3,node_0262,node_0117,1.36,8262,active,voter (Total-weighted random choice)
3,node_0263,node_0001,1.49,7379,active,voter (Total-weighted random choice)
3,node_0264,node_0260,0.92,1763,active,voter (Total-weighted random choice)
3,node_0265,node_0233,1.47,6700,active,voter (Total-weighted random choice)
3,node_0266,node_0260,0.60,7017,active,voter (Total-weighted random choice)
3,node_0267,node_0233,1.27,7307,active,voter (Total-weighted random choice)
3,node_0268,node_0356,0.79,4730,active,voter (Total-weighted random choice)
3,node_0269,node_0276,1.30,7984,active,voter (Total-weighted random choice)
3,node_0270,node_0276,1.37,9248,active,voter (Total-weighted random choice)
3,node_0271,node_0233,0.52,2477,active,voter (Total-weighted random choice)
3,node_0272,node_0283,0.71,7892,active,voter (Total-weighted random choice)
3,node_0273,node_0114,0.57,4928,active,voter (Total-weighted random choice)
3,node_0274,node_0238,1.28,8219,active,voter (Total-weighted random choice)
3,node_0275,node_0258,0.81,2306,active,voter (Total-weighted random choice)
3,node_0276,node_0276,1.00,3252,active,self-vote (candidate self-stake)
3,node_0277,node_0277,1.00,9441,active,self-vote (candidate self-stake)
3,node_0278,node_0172,1.40,1272,active,voter (Total-weighted random choice)
3,node_0279,node_0118,1.48,3899,active,voter (Total-weighted random choice)
3,node_0280,node_0280,1.00,7849,active,self-vote (candidate self-stake)
3,node_0281,node_0045,1.18,9035,active,voter (Total-weighted random choice)
3,node_0282,node_0032,0.59,7704,active,voter (Total-weighted random choice)
3,node_0283,node_0283,1.00,1635,active,self-vote (candidate self-stake)
3,node_0284,node_0017,1.07,888,active,voter (Total-weighted random choice)
3,node_0285,node_0207,0.85,4941,active,voter (Total-weighted random choice)
3,node_0286,node_0277,1.13,66,active,voter (Total-weighted random choice)
3,node_0287,node_0287,1.00,9992,active,self-vote (candidate self-stake)
3,node_0288,node_0462,0.52,2324,active,voter (Total-weighted random choice)
3,node_0289,node_0152,1.32,5301,active,voter (Total-weighted random choice)
3,node_0290,node_0238,0.91,7958,active,voter (Total-weighted random choice)
3,node_0291,node_0238,1.42,3289,active,voter (Total-weighted random choice)
3,node_0292,node_0258,0.60,8050,active,voter (Total-weighted random choice)
3,node_0293,node_0017,0.98,4606,active,voter (Total-weighted random choice)
3,node_0294,node_0014,1.42,9434,active,voter (Total-weighted random choice)
3,node_0295,node_0350,1.42,8432,active,voter (Total-weighted random choice)
3,node_0296,node_0233,0.71,1732,active,voter (Total-weighted random choice)
3,node_0297,node_0330,0.75,1070,active,voter (Total-weighted random choice)
3,node_0298,node_0298,1.00,832,active,self-vote (candidate self-stake)
3,node_0299,node_0280,0.53,1452,active,voter (Total-weighted random choice)
3,node_0300,node_0330,0.58,5783,active,voter (Total-weighted random choice)
3,node_0301,node_0462,1.06,291,active,voter (Total-weighted random choice)
3,node_0302,node_0353,0.60,5049,active,voter (Total-weighted random choice)
3,node_0303,node_0001,1.03,8113,active,voter (Total-weighted random choice)
3,node_0304,node_0176,0.99,3978,active,voter (Total-weighted random choice)
3,node_0305,node_0124,0.54,4867,active,voter (Total-weighted random choice)
3,node_0306,node_0229,0.79,1431,active,voter (Total-weighted random choice)
3,node_0307,node_0001,1.08,8404,active,voter (Total-weighted random choice)
3,node_0308,node_0045,1.29,696,active,voter (Total-weighted random choice)
3,node_0309,node_0114,0.55,4681,active,voter (Total-weighted random choice)
3,node_0310,node_0353,1.05,2531,active,voter (Total-weighted random choice)
3,node_0311,node_0201,1.40,9344,active,voter (Total-weighted random choice)
3,node_0312,node_0350,1.20,2981,active,voter (Total-weighted random choice)
3,node_0313,node_0460,0.92,4210,active,voter (Total-weighted random choice)
3,node_0314,node_0298,1.12,2744,active,voter (Total-weighted random choice)
3,node_0315,node_0201,1.33,6517,active,voter (Total-weighted random choice)
3,node_0316,node_0462,1.03,8337,active,voter (Total-weighted random choice)
3,node_0317,node_0370,1.38,849,active,voter (Total-weighted random choice)
3,node_0318,node_0358,1.17,10115,active,voter (Total-weighted random choice)
3,node_0319,node_0258,1.05,4523,active,voter (Total-weighted random choice)
3,node_0320,node_0117,1.34,2280,active,voter (Total-weighted random choice)
3,node_0321,node_0207,0.66,2488,active,voter (Total-weighted random choice)
3,node_0322,node_0014,1.42,9037,active,voter (Total-weighted random choice)
3,node_0323,node_0124,1.23,27,active,voter (Total-weighted random choice)
3,node_0324,node_0448,1.24,5822,active,voter (Total-weighted random choice)
3,node_0325,node_0277,1.46,10475,active,voter (Total-weighted random choice)
3,node_0326,node_0232,0.59,2819,active,voter (Total-weighted random choice)
3,node_0327,node_0176,0.91,3156,active,voter (Total-weighted random choice)
3,node_0328,node_0152,0.68,1447,active,voter (Total-weighted random choice)
3,node_0329,node_0238,0.86,5727,active,voter (Total-weighted random choice)
3,node_0330,node_0330,1.00,9941,active,self-vote (candidate self-stake)
3,node_0331,node_0462,1.49,1382,active,voter (Total-weighted random choice)
3,node_0332,node_0124,0.81,6365,active,voter (Total-weighted random choice)
3,node_0333,node_0114,1.23,7624,active,voter (Total-weighted random choice)
3,node_0334,node_0459,1.32,9043,active,voter (Total-weighted random choice)
3,node_0335,node_0174,0.83,2500,active,voter (Total-weighted random choice)
3,node_0336,node_0045,1.46,5119,active,voter (Total-weighted random choice)
3,node_0337,node_0032,1.21,1385,active,voter (Total-weighted random choice)
3,node_0338,node_0330,0.96,2873,active,voter (Total-weighted random choice)
3,node_0339,node_0174,0.69,5628,active,voter (Total-weighted random choice)
3,node_0340,node_0117,1.23,1399,active,voter (Total-weighted random choice)
3,node_0341,node_0370,1.28,3671,active,voter (Total-weighted random choice)
3,node_0342,node_0001,1.49,6038,active,voter (Total-weighted random choice)
3,node_0343,node_0233,0.59,10689,active,voter (Total-weighted random choice)
3,node_0344,node_0344,1.00,1337,active,self-vote (candidate self-stake)
3,node_0345,node_0001,1.45,646,active,voter (Total-weighted random choice)
3,node_0346,node_0448,1.10,3463,active,voter (Total-weighted random choice)
3,node_0347,node_0260,1.30,6335,active,voter (Total-weighted random choice)
3,node_0348,node_0229,1.28,2344,active,voter (Total-weighted random choice)
3,node_0349,node_0350,1.12,4148,active,voter (Total-weighted random choice)
3,node_0350,node_0350,1.00,1130,active,self-vote (candidate self-stake)
3,node_0351,node_0351,1.00,5377,active,self-vote (candidate self-stake)
3,node_0352,node_0233,0.72,9871,active,voter (Total-weighted random choice)
3,node_0353,node_0353,1.00,7702,active,self-vote (candidate self-stake)
3,node_0354,node_0368,0.54,6529,active,voter (Total-weighted random choice)
3,node_0355,node_0368,1.43,647,active,voter (Total-weighted random choice)
3,node_0356,node_0356,1.00,6922,active,self-vote (candidate self-stake)
3,node_0357,node_0461,1.07,7207,active,voter (Total-weighted random choice)
3,node_0358,node_0358,1.00,9129,active,self-vote (candidate self-stake)
3,node_0359,node_0238,0.85,952,active,voter (Total-weighted random choice)
3,node_0360,node_0017,0.73,2391,active,voter (Total-weighted random choice)
3,node_0361,node_0176,1.37,1894,active,voter (Total-weighted random choice)
3,node_0362,node_0117,1.16,206,active,voter (Total-weighted random choice)
3,node_0363,node_0118,1.28,3353,active,voter (Total-weighted random choice)
3,node_0364,node_0287,1.15,990,active,voter (Total-weighted random choice)
3,node_0365,node_0356,0.70,9654,active,voter (Total-weighted random choice)
3,node_0366,node_0462,1.33,6196,active,voter (Total-weighted random choice)
3,node_0367,node_0461,0.57,6045,active,voter (Total-weighted random choice)
3,node_0368,node_0368,1.00,1381,active,self-vote (candidate self-stake)
3,node_0369,node_0287,0.80,1534,active,voter (Total-weighted random choice)
3,node_0370,node_0370,1.00,3106,active,self-vote (candidate self-stake)
3,node_0371,node_0207,0.66,10700,active,voter (Total-weighted random choice)
3,node_0372,node_0448,0.96,4933,active,voter (Total-weighted random choice)
3,node_0373,node_0124,1.38,6391,active,voter (Total-weighted random choice)
3,node_0374,node_0117,0.73,6918,active,voter (Total-weighted random choice)
3,node_0375,node_0174,1.23,9400,active,voter (Total-weighted random choice)
3,node_0376,node_0233,0.60,10534,active,voter (Total-weighted random choice)
3,node_0377,node_0201,1.25,8458,active,voter (Total-weighted random choice)
3,node_0378,node_0298,1.08,1935,active,voter (Total-weighted random choice)
3,node_0379,node_0358,1.08,7620,active,voter (Total-weighted random choice)
3,node_0380,node_0460,0.87,7311,active,voter (Total-weighted random choice)
3,node_0381,node_0448,1.01,4888,active,voter (Total-weighted random choice)
3,node_0382,node_0277,0.52,1200,active,voter (Total-weighted random choice)
3,node_0383,node_0287,1.15,6605,active,voter (Total-weighted random choice)
3,node_0384,node_0045,0.79,6702,active,voter (Total-weighted random choice)
3,node_0385,node_0351,0.88,1675,active,voter (Total-weighted random choice)
3,node_0386,node_0014,1.00,8700,active,voter (Total-weighted random choice)
3,node_0387,node_0276,1.46,7425,active,voter (Total-weighted random choice)
3,node_0388,node_0370,1.27,6509,active,voter (Total-weighted random choice)
3,node_0389,node_0280,0.78,6057,active,voter (Total-weighted random choice)
3,node_0390,node_0298,1.18,4605,active,voter (Total-weighted random choice)
3,node_0391,node_0260,1.31,5513,active,voter (Total-weighted random choice)
3,node_0392,node_0164,0.68,170,active,voter (Total-weighted random choice)
3,node_0393,node_0207,0.66,899,active,voter (Total-weighted random choice)
3,node_0394,node_0277,1.10,1655,active,voter (Total-weighted random choice)
3,node_0395,node_0174,1.38,2000,active,voter (Total-weighted random choice)
3,node_0396,node_0330,0.79,792,active,voter (Total-weighted random choice)
3,node_0397,node_0287,1.37,5963,active,voter (Total-weighted random choice)
3,node_0398,node_0368,0.76,2888,active,voter (Total-weighted random choice)
3,node_0399,node_0353,0.83,3322,active,voter (Total-weighted random choice)
3,node_0400,node_0229,1.34,1993,active,voter (Total-weighted random choice)
3,node_0401,node_0330,1.43,5763,rejected,voter (Total-weighted random choice)
3,node_0402,node_0370,1.29,3724,active,voter (Total-weighted random choice)
3,node_0403,node_0461,1.35,5551,active,voter (Total-weighted random choice)
3,node_0404,node_0172,1.33,906,active,voter (Total-weighted random choice)
3,node_0405,node_0461,1.33,9120,active,voter (Total-weighted random choice)
3,node_0406,node_0448,0.90,1956,active,voter (Total-weighted random choice)
3,node_0407,node_0368,0.54,1323,active,voter (Total-weighted random choice)
3,node_0408,node_0260,0.80,6356,active,voter (Total-weighted random choice)
3,node_0409,node_0014,1.31,2907,active,voter (Total-weighted random choice)
3,node_0410,node_0276,0.83,9025,active,voter (Total-weighted random choice)
3,node_0411,node_0164,1.23,2695,active,voter (Total-weighted random choice)
3,node_0412,node_0072,1.43,1009,active,voter (Total-weighted random choice)
3,node_0413,node_0174,0.65,8652,active,voter (Total-weighted random choice)
3,node_0414,node_0034,0.95,4435,active,voter (Total-weighted random choice)
3,node_0415,node_0350,1.23,5375,active,voter (Total-weighted random choice)
3,node_0416,node_0233,0.79,9561,active,voter (Total-weighted random choice)
3,node_0417,node_0448,1.39,487,active,voter (Total-weighted random choice)
3,node_0418,node_0260,1.25,95,active,voter (Total-weighted random choice)
3,node_0419,node_0017,1.05,1946,active,voter (Total-weighted random choice)
3,node_0420,node_0017,1.13,4795,active,voter (Total-weighted random choice)
3,node_0421,node_0229,0.69,6792,active,voter (Total-weighted random choice)
3,node_0422,node_0448,1.29,10126,active,voter (Total-weighted random choice)
3,node_0423,node_0448,0.81,596,active,voter (Total-weighted random choice)
3,node_0424,node_0045,1.11,7678,active,voter (Total-weighted random choice)
3,node_0425,node_0280,0.97,6127,active,voter (Total-weighted random choice)
3,node_0426,node_0017,1.30,7292,active,voter (Total-weighted random choice)
3,node_0427,node_0017,0.62,1605,active,voter (Total-weighted random choice)
3,node_0428,node_0448,0.60,6902,active,voter (Total-weighted random choice)
3,node_0429,node_0461,1.41,1200,active,voter (Total-weighted random choice)
3,node_0430,node_0358,0.92,3874,active,voter (Total-weighted random choice)
3,node_0431,node_0014,0.56,7592,active,voter (Total-weighted random choice)
3,node_0432,node_0356,1.40,5726,active,voter (Total-weighted random choice)
3,node_0433,node_0287,0.77,945,active,voter (Total-weighted random choice)
3,node_0434,node_0280,0.52,9142,active,voter (Total-weighted random choice)
3,node_0435,node_0353,0.93,5690,active,voter (Total-weighted random choice)
3,node_0436,node_0034,0.79,4214,active,voter (Total-weighted random choice)
3,node_0437,node_0233,0.81,2554,active,voter (Total-weighted random choice)
3,node_0438,node_0356,1.41,724,active,voter (Total-weighted random choice)
3,node_0439,node_0460,1.23,7237,active,voter (Total-weighted random choice)
3,node_0440,node_0001,1.16,8734,active,voter (Total-weighted random choice)
3,node_0441,node_0260,0.53,6540,active,voter (Total-weighted random choice)
3,node_0442,node_0462,0.98,9250,active,voter (Total-weighted random choice)
3,node_0443,node_0459,1.24,3815,active,voter (Total-weighted random choice)
3,node_0444,node_0174,1.43,10075,active,voter (Total-weighted random choice)
3,node_0445,node_0176,1.22,7563,active,voter (Total-weighted random choice)
3,node_0446,node_0368,0.59,4368,active,voter (Total-weighted random choice)
3,node_0447,node_0017,1.29,9033,active,voter (Total-weighted random choice)
3,node_0448,node_0448,1.00,10683,active,self-vote (candidate self-stake)
3,node_0449,node_0001,1.33,6960,active,voter (Total-weighted random choice)
3,node_0450,node_0462,1.23,4860,active,voter (Total-weighted random choice)
3,node_0451,node_0276,0.57,36,active,voter (Total-weighted random choice)
3,node_0452,node_0276,0.82,1025,active,voter (Total-weighted random choice)
3,node_0453,node_0462,1.47,621,active,voter (Total-weighted random choice)
3,node_0454,node_0351,0.73,7266,active,voter (Total-weighted random choice)
3,node_0455,node_0172,1.06,5604,active,voter (Total-weighted random choice)
3,node_0456,node_0032,0.83,5930,active,voter (Total-weighted random choice)
3,node_0457,node_0017,1.49,11408,rejected,voter (Total-weighted random choice)
3,node_0458,node_0344,0.68,145,active,voter (Total-weighted random choice)
3,node_0459,node_0459,1.00,4711,active,self-vote (candidate self-stake)
3,node_0460,node_0460,1.00,6115,active,self-vote (candidate self-stake)
3,node_0461,node_0461,1.00,5788,active,self-vote (candidate self-stake)
3,node_0462,node_0462,1.00,2845,active,self-vote (candidate self-stake)
3,node_0463,node_0330,1.01,5698,rejected,voter (Total-weighted random choice)
3,node_0464,node_0152,0.54,2361,active,voter (Total-weighted random choice)
3,node_0465,node_0351,0.57,6427,active,voter (Total-weighted random choice)
3,node_0466,node_0201,1.41,6417,active,voter (Total-weighted random choice)
3,node_0467,node_0176,1.45,6717,active,voter (Total-weighted random choice)
3,node_0468,node_0185,1.30,3762,active,voter (Total-weighted random choice)
3,node_0469,node_0462,1.25,2071,active,voter (Total-weighted random choice)
3,node_0470,node_0244,1.49,8873,active,voter (Total-weighted random choice)
3,node_0471,node_0001,0.74,3975,active,voter (Total-weighted random choice)
3,node_0472,node_0244,0.95,12040,active,voter (Total-weighted random choice)
3,node_0473,node_0244,0.68,2587,active,voter (Total-weighted random choice)
3,node_0474,node_0152,1.37,6931,active,voter (Total-weighted random choice)
3,node_0475,node_0176,0.57,3477,active,voter (Total-weighted random choice)
3,node_0476,node_0172,1.24,9214,active,voter (Total-weighted random choice)
3,node_0477,node_0152,0.67,4484,active,voter (Total-weighted random choice)
3,node_0478,node_0238,0.86,2546,active,voter (Total-weighted random choice)
3,node_0479,node_0353,1.28,8942,active,voter (Total-weighted random choice)
3,node_0480,node_0448,0.60,10870,active,voter (Total-weighted random choice)
3,node_0481,node_0461,0.68,4141,active,voter (Total-weighted random choice)
3,node_0482,node_0260,1.35,3529,rejected,voter (Total-weighted random choice)
3,node_0483,node_0287,1.18,6005,active,voter (Total-weighted random choice)
3,node_0484,node_0280,1.07,9953,active,voter (Total-weighted random choice)
3,node_0485,node_0277,0.63,730,active,voter (Total-weighted random choice)
3,node_0486,node_0176,1.29,7898,active,voter (Total-weighted random choice)
3,node_0487,node_0258,0.95,7464,active,voter (Total-weighted random choice)
3,node_0488,node_0176,1.47,7903,active,voter (Total-weighted random choice)
3,node_0489,node_0001,0.62,7352,active,voter (Total-weighted random choice)
3,node_0490,node_0014,1.04,3565,active,voter (Total-weighted random choice)
3,node_0491,node_0152,0.69,5632,active,voter (Total-weighted random choice)
3,node_0492,node_0260,1.02,1536,active,voter (Total-weighted random choice)
3,node_0493,node_0072,0.93,2075,active,voter (Total-weighted random choice)
3,node_0494,node_0017,0.73,7580,active,voter (Total-weighted random choice)
3,node_0495,node_0238,0.69,8118,active,voter (Total-weighted random choice)
3,node_0496,node_0176,1.09,1531,active,voter (Total-weighted random choice)
3,node_0497,node_0229,0.51,2289,active,voter (Total-weighted random choice)
3,node_0498,node_0176,0.66,2603,active,voter (Total-weighted random choice)
3,node_0499,node_0356,0.59,4681,active,voter (Total-weighted random choice)
3,node_0500,node_0152,0.96,6688,active,voter (Total-weighted random choice)
4,node_0001,node_0394,1.29,2879,active,voter (Total-weighted random choice)
4,node_0002,node_0327,0.87,4314,active,voter (Total-weighted random choice)
4,node_0003,node_0259,1.11,10814,active,voter (Total-weighted random choice)
4,node_0004,node_0004,1.00,321,active,self-vote (candidate self-stake)
4,node_0005,node_0317,1.40,4100,active,voter (Total-weighted random choice)
4,node_0006,node_0343,1.02,9773,active,voter (Total-weighted random choice)
4,node_0007,node_0263,1.30,3703,active,voter (Total-weighted random choice)
4,node_0008,node_0259,1.39,29,active,voter (Total-weighted random choice)
4,node_0009,node_0032,1.12,6944,rejected,voter (Total-weighted random choice)
4,node_0010,node_0369,1.13,5350,active,voter (Total-weighted random choice)
4,node_0011,node_0415,0.85,1368,active,voter (Total-weighted random choice)
4,node_0012,node_0429,0.61,4985,active,voter (Total-weighted random choice)
4,node_0013,node_0314,0.62,922,active,voter (Total-weighted random choice)
4,node_0014,node_0014,1.00,8585,active,self-vote (candidate self-stake)
4,node_0015,node_0263,1.00,4824,active,voter (Total-weighted random choice)
4,node_0016,node_0016,1.00,1059,active,self-vote (candidate self-stake)
4,node_0017,node_0426,1.11,3001,active,voter (Total-weighted random choice)
4,node_0018,node_0397,1.06,5629,active,voter (Total-weighted random choice)
4,node_0019,node_0366,0.80,1758,active,voter (Total-weighted random choice)
4,node_0020,node_0367,0.93,4515,active,voter (Total-weighted random choice)
4,node_0021,node_0397,1.09,1115,active,voter (Total-weighted random choice)
4,node_0022,node_0317,1.04,2199,active,voter (Total-weighted random choice)
4,node_0023,node_0359,1.45,9491,active,voter (Total-weighted random choice)
4,node_0024,node_0394,0.96,625,active,voter (Total-weighted random choice)
4,node_0025,node_0066,1.06,4754,active,voter (Total-weighted random choice)
4,node_0026,node_0221,1.32,4547,active,voter (Total-weighted random choice)
4,node_0027,node_0394,1.37,3730,active,voter (Total-weighted random choice)
4,node_0028,node_0036,1.30,7712,active,voter (Total-weighted random choice)
4,node_0029,node_0426,0.84,4610,active,voter (Total-weighted random choice)
4,node_0030,node_0359,1.45,11025,active,voter (Total-weighted random choice)
4,node_0031,node_0415,1.26,5788,active,voter (Total-weighted random choice)
4,node_0032,node_0032,1.00,7585,active,self-vote (candidate self-stake)
4,node_0033,node_0175,1.02,451,active,voter (Total-weighted random choice)
4,node_0034,node_0036,0.96,6999,active,voter (Total-weighted random choice)
4,node_0035,node_0032,1.16,6448,rejected,voter (Total-weighted random choice)
4,node_0036,node_0036,1.00,9174,active,self-vote (candidate self-stake)
4,node_0037,node_0261,1.31,252,rejected,voter (Total-weighted random choice)
4,node_0038,node_0108,0.58,5761,active,voter (Total-weighted random choice)
4,node_0039,node_0334,1.28,4289,active,voter (Total-weighted random choice)
4,node_0040,node_0277,1.37,8668,rejected,voter (Total-weighted random choice)
4,node_0041,node_0429,0.89,4601,active,voter (Total-weighted random choice)
4,node_0042,node_0263,1.26,2511,active,voter (Total-weighted random choice)
4,node_0043,node_0097,1.03,8144,active,voter (Total-weighted random choice)
4,node_0044,node_0277,0.72,10532,active,voter (Total-weighted random choice)
4,node_0045,node_0429,0.81,711,active,voter (Total-weighted random choice)
4,node_0046,node_0032,1.32,3588,rejected,voter (Total-weighted random choice)
4,node_0047,node_0175,0.90,1479,active,voter (Total-weighted random choice)
4,node_0048,node_0048,1.00,10724,active,self-vote (candidate self-stake)
4,node_0049,node_0014,0.80,8584,active,voter (Total-weighted random choice)
4,node_0050,node_0259,0.51,5735,active,voter (Total-weighted random choice)
4,node_0051,node_0343,0.72,3802,active,voter (Total-weighted random choice)
4,node_0052,node_0415,0.57,5148,active,voter (Total-weighted random choice)
4,node_0053,node_0048,1.41,8849,active,voter (Total-weighted random choice)
4,node_0054,node_0277,0.69,2319,active,voter (Total-weighted random choice)
4,node_0055,node_0055,1.00,4047,active,self-vote (candidate self-stake)
4,node_0056,node_0429,0.92,11033,active,voter (Total-weighted random choice)
4,node_0057,node_0397,0.99,1309,active,voter (Total-weighted random choice)
4,node_0058,node_0415,0.89,5080,active,voter (Total-weighted random choice)
4,node_0059,node_0121,0.98,5251,active,voter (Total-weighted random choice)
4,node_0060,node_0079,1.18,10019,active,voter (Total-weighted random choice)
4,node_0061,node_0061,1.00,4393,active,self-vote (candidate self-stake)
4,node_0062,node_0500,1.50,2959,active,voter (Total-weighted random choice)
4,node_0063,node_0055,0.82,5515,active,voter (Total-weighted random choice)
4,node_0064,node_0032,0.69,967,active,voter (Total-weighted random choice)
4,node_0065,node_0048,0.68,956,active,voter (Total-weighted random choice)
4,node_0066,node_0066,1.00,1108,active,self-vote (candidate self-stake)
4,node_0067,node_0261,0.52,13294,active,voter (Total-weighted random choice)
4,node_0068,node_0359,1.46,2285,rejected,voter (Total-weighted random choice)
4,node_0069,node_0121,0.93,1666,active,voter (Total-weighted random choice)
4,node_0070,node_0014,0.86,367,active,voter (Total-weighted random choice)
4,node_0071,node_0121,1.18,1471,active,voter (Total-weighted random choice)
4,node_0072,node_0397,0.72,2824,active,voter (Total-weighted random choice)
4,node_0073,node_0261,0.68,4537,active,voter (Total-weighted random choice)
4,node_0074,node_0074,1.00,2586,active,self-vote (candidate self-stake)
4,node_0075,node_0500,0.79,4824,active,voter (Total-weighted random choice)
4,node_0076,node_0263,1.23,4608,active,voter (Total-weighted random choice)
4,node_0077,node_0121,0.56,2730,active,voter (Total-weighted random choice)
4,node_0078,node_0078,1.00,733,active,self-vote (candidate self-stake)
4,node_0079,node_0079,1.00,3776,active,self-vote (candidate self-stake)
4,node_0080,node_0032,1.44,9557,rejected,voter (Total-weighted random choice)
4,node_0081,node_0074,0.96,1244,active,voter (Total-weighted random choice)
4,node_0082,node_0317,0.56,2204,active,voter (Total-weighted random choice)
4,node_0083,node_0108,0.96,3358,active,voter (Total-weighted random choice)
4,node_0084,node_0066,1.11,8668,active,voter (Total-weighted random choice)
4,node_0085,node_0055,0.84,5405,active,voter (Total-weighted random choice)
4,node_0086,node_0175,1.43,3874,active,voter (Total-weighted random choice)
4,node_0087,node_0061,1.18,4320,active,voter (Total-weighted random choice)
4,node_0088,node_0221,1.32,5342,active,voter (Total-weighted random choice)
4,node_0089,node_0032,1.14,172,rejected,voter (Total-weighted random choice)
4,node_0090,node_0036,1.06,202,active,voter (Total-weighted random choice)
4,node_0091,node_0397,1.16,2284,active,voter (Total-weighted random choice)
4,node_0092,node_0066,0.95,4323,active,voter (Total-weighted random choice)
4,node_0093,node_0263,0.89,9661,active,voter (Total-weighted random choice)
4,node_0094,node_0016,0.72,9544,active,voter (Total-weighted random choice)
4,node_0095,node_0433,1.34,999,active,voter (Total-weighted random choice)
4,node_0096,node_0061,1.09,4192,active,voter (Total-weighted random choice)
4,node_0097,node_0097,1.00,7880,active,self-vote (candidate self-stake)
4,node_0098,node_0366,0.74,9972,active,voter (Total-weighted random choice)
4,node_0099,node_0175,0.57,2267,active,voter (Total-weighted random choice)
4,node_0100,node_0036,1.41,8432,rejected,voter (Total-weighted random choice)
4,node_0101,node_0429,1.10,1842,active,voter (Total-weighted random choice)
4,node_0102,node_0055,1.34,971,active,voter (Total-weighted random choice)
4,node_0103,node_0343,1.27,4034,active,voter (Total-weighted random choice)
4,node_0104,node_0359,0.57,8963,active,voter (Total-weighted random choice)
4,node_0105,node_0048,0.83,3220,active,voter (Total-weighted random choice)
4,node_0106,node_0263,1.08,9019,active,voter (Total-weighted random choice)
4,node_0107,node_0261,0.72,9864,active,voter (Total-weighted random choice)
4,node_0108,node_0108,1.00,1552,active,self-vote (candidate self-stake)
4,node_0109,node_0014,1.32,686,active,voter (Total-weighted random choice)
4,node_0110,node_0500,1.08,4038,active,voter (Total-weighted random choice)
4,node_0111,node_0261,0.91,10617,active,voter (Total-weighted random choice)
4,node_0112,node_0359,0.94,2428,active,voter (Total-weighted random choice)
4,node_0113,node_0121,1.43,1358,rejected,voter (Total-weighted random choice)
4,node_0114,node_0061,1.22,6970,active,voter (Total-weighted random choice)
4,node_0115,node_0036,0.88,6871,active,voter (Total-weighted random choice)
4,node_0116,node_0121,1.36,5947,rejected,voter (Total-weighted random choice)
4,node_0117,node_0175,1.28,6654,active,voter (Total-weighted random choice)
4,node_0118,node_0426,0.74,3664,active,voter (Total-weighted random choice)
4,node_0119,node_0366,1.00,5727,active,voter (Total-weighted random choice)
4,node_0120,node_0314,1.13,2827,active,voter (Total-weighted random choice)
4,node_0121,node_0121,1.00,5524,active,self-vote (candidate self-stake)
4,node_0122,node_0366,0.67,4029,active,voter (Total-weighted random choice)
4,node_0123,node_0259,1.13,8260,active,voter (Total-weighted random choice)
4,node_0124,node_0261,1.01,2273,rejected,voter (Total-weighted random choice)
4,node_0125,node_0121,0.68,3719,active,voter (Total-weighted random choice)
4,node_0126,node_0327,1.15,664,active,voter (Total-weighted random choice)
4,node_0127,node_0359,0.69,6552,active,voter (Total-weighted random choice)
4,node_0128,node_0436,1.38,7508,active,voter (Total-weighted random choice)
4,node_0129,node_0261,0.56,7267,active,voter (Total-weighted random choice)
4,node_0130,node_0014,1.43,3592,active,voter (Total-weighted random choice)
4,node_0131,node_0436,0.55,1012,active,voter (Total-weighted random choice)
4,node_0132,node_0097,0.56,5659,active,voter (Total-weighted random choice)
4,node_0133,node_0367,1.46,4123,active,voter (Total-weighted random choice)
4,node_0134,node_0036,1.02,5574,active,voter (Total-weighted random choice)
4,node_0135,node_0261,1.01,6440,active,voter (Total-weighted random choice)
4,node_0136,node_0394,0.76,10655,active,voter (Total-weighted random choice)
4,node_0137,node_0079,0.98,5256,active,voter (Total-weighted random choice)
4,node_0138,node_0259,1.15,8618,active,voter (Total-weighted random choice)
4,node_0139,node_0259,0.52,5727,active,voter (Total-weighted random choice)
4,node_0140,node_0061,1.02,9818,active,voter (Total-weighted random choice)
4,node_0141,node_0263,1.39,7143,active,voter (Total-weighted random choice)
4,node_0142,node_0433,0.99,8399,active,voter (Total-weighted random choice)
4,node_0143,node_0263,1.36,1750,active,voter (Total-weighted random choice)
4,node_0144,node_0014,1.06,350,active,voter (Total-weighted random choice)
4,node_0145,node_0032,1.44,4239,rejected,voter (Total-weighted random choice)
4,node_0146,node_0366,1.28,2802,active,voter (Total-weighted random choice)
4,node_0147,node_0079,0.97,8387,active,voter (Total-weighted random choice)
4,node_0148,node_0500,0.95,4729,active,voter (Total-weighted random choice)
4,node_0149,node_0167,0.63,7281,active,voter (Total-weighted random choice)
4,node_0150,node_0016,1.40,3372,active,voter (Total-weighted random choice)
4,node_0151,node_0048,1.42,2105,active,voter (Total-weighted random choice)
4,node_0152,node_0415,0.69,2768,active,voter (Total-weighted random choice)
4,node_0153,node_0397,0.87,565,active,voter (Total-weighted random choice)
4,node_0154,node_0369,1.27,8771,active,voter (Total-weighted random choice)
4,node_0155,node_0121,1.39,9592,rejected,voter (Total-weighted random choice)
4,node_0156,node_0156,1.00,5631,active,self-vote (candidate self-stake)
4,node_0157,node_0079,1.39,7615,active,voter (Total-weighted random choice)
4,node_0158,node_0277,1.12,8220,active,voter (Total-weighted random choice)
4,node_0159,node_0334,0.88,3262,active,voter (Total-weighted random choice)
4,node_0160,node_0259,0.67,4158,active,voter (Total-weighted random choice)
4,node_0161,node_0334,0.93,5773,active,voter (Total-weighted random choice)
4,node_0162,node_0061,0.63,4876,active,voter (Total-weighted random choice)
4,node_0163,node_0079,0.80,2186,active,voter (Total-weighted random choice)
4,node_0164,node_0108,0.57,1560,active,voter (Total-weighted random choice)
4,node_0165,node_0355,1.38,6796,active,voter (Total-weighted random choice)
4,node_0166,node_0277,1.31,6015,rejected,voter (Total-weighted random choice)
4,node_0167,node_0167,1.00,5897,active,self-vote (candidate self-stake)
4,node_0168,node_0261,1.30,10711,rejected,voter (Total-weighted random choice)
4,node_0169,node_0397,1.42,3828,active,voter (Total-weighted random choice)
4,node_0170,node_0121,1.30,7998,active,voter (Total-weighted random choice)
4,node_0171,node_0175,0.79,7893,active,voter (Total-weighted random choice)
4,node_0172,node_0394,1.48,8159,active,voter (Total-weighted random choice)
4,node_0173,node_0429,1.20,5687,active,voter (Total-weighted random choice)
4,node_0174,node_0108,0.78,3409,active,voter (Total-weighted random choice)
4,node_0175,node_0175,1.00,5132,active,self-vote (candidate self-stake)
4,node_0176,node_0436,1.16,741,active,voter (Total-weighted random choice)
4,node_0177,node_0048,0.56,8093,active,voter (Total-weighted random choice)
4,node_0178,node_0343,1.34,6233,active,voter (Total-weighted random choice)
4,node_0179,node_0156,1.45,6485,active,voter (Total-weighted random choice)
4,node_0180,node_0367,1.29,4865,active,voter (Total-weighted random choice)
4,node_0181,node_0014,0.53,4638,active,voter (Total-weighted random choice)
4,node_0182,node_0367,1.31,497,active,voter (Total-weighted random choice)
4,node_0183,node_0397,0.75,7639,active,voter (Total-weighted random choice)
4,node_0184,node_0032,0.90,1036,active,voter (Total-weighted random choice)
4,node_0185,node_0263,1.25,4610,active,voter (Total-weighted random choice)
4,node_0186,node_0359,0.71,3859,active,voter (Total-weighted random choice)
4,node_0187,node_0032,0.70,10196,active,voter (Total-weighted random choice)
4,node_0188,node_0121,1.36,3145,rejected,voter (Total-weighted random choice)
4,node_0189,node_0121,0.88,10124,active,voter (Total-weighted random choice)
4,node_0190,node_0190,1.00,2962,active,self-vote (candidate self-stake)
4,node_0191,node_0175,0.91,9615,active,voter (Total-weighted random choice)
4,node_0192,node_0263,0.52,10247,active,voter (Total-weighted random choice)
4,node_0193,node_0156,1.49,6736,active,voter (Total-weighted random choice)
4,node_0194,node_0078,0.77,1353,active,voter (Total-weighted random choice)
4,node_0195,node_0426,1.41,1368,active,voter (Total-weighted random choice)
4,node_0196,node_0259,0.68,11508,active,voter (Total-weighted random choice)
4,node_0197,node_0156,0.89,4504,active,voter (Total-weighted random choice)
4,node_0198,node_0366,1.49,136,active,voter (Total-weighted random choice)
4,node_0199,node_0394,1.47,256,active,voter (Total-weighted random choice)
4,node_0200,node_0074,1.47,2115,active,voter (Total-weighted random choice)
4,node_0201,node_0355,0.50,7578,active,voter (Total-weighted random choice)
4,node_0202,node_0367,0.77,4273,active,voter (Total-weighted random choice)
4,node_0203,node_0032,1.12,9728,rejected,voter (Total-weighted random choice)
4,node_0204,node_0426,0.76,6343,active,voter (Total-weighted random choice)
4,node_0205,node_0429,1.21,5286,active,voter (Total-weighted random choice)
4,node_0206,node_0396,1.25,3091,active,voter (Total-weighted random choice)
4,node_0207,node_0500,1.35,8044,active,voter (Total-weighted random choice)
4,node_0208,node_0032,1.29,5081,rejected,voter (Total-weighted random choice)
4,node_0209,node_0277,0.53,4297,active,voter (Total-weighted random choice)
4,node_0210,node_0433,1.37,4113,active,voter (Total-weighted random choice)
4,node_0211,node_0261,0.77,10078,active,voter (Total-weighted random choice)
4,node_0212,node_0175,1.39,1727,active,voter (Total-weighted random choice)
4,node_0213,node_0261,0.97,8263,active,voter (Total-weighted random choice)
4,node_0214,node_0032,0.64,7903,active,voter (Total-weighted random choice)
4,node_0215,node_0343,1.24,10279,active,voter (Total-weighted random choice)
4,node_0216,node_0016,0.96,4456,active,voter (Total-weighted random choice)
4,node_0217,node_0108,0.82,5403,active,voter (Total-weighted random choice)
4,node_0218,node_0277,1.27,8422,rejected,voter (Total-weighted random choice)
4,node_0219,node_0359,0.82,6717,active,voter (Total-weighted random choice)
4,node_0220,node_0334,1.35,4223,active,voter (Total-weighted random choice)
4,node_0221,node_0221,1.00,5860,active,self-vote (candidate self-stake)
4,node_0222,node_0334,0.75,2508,active,voter (Total-weighted random choice)
4,node_0223,node_0061,1.08,1631,active,voter (Total-weighted random choice)
4,node_0224,node_0032,1.42,6105,rejected,voter (Total-weighted random choice)
4,node_0225,node_0366,0.82,2054,active,voter (Total-weighted random choice)
4,node_0226,node_0190,0.81,3159,active,voter (Total-weighted random choice)
4,node_0227,node_0078,0.58,106,active,voter (Total-weighted random choice)
4,node_0228,node_0156,0.52,4401,active,voter (Total-weighted random choice)
4,node_0229,node_0055,1.25,8860,active,voter (Total-weighted random choice)
4,node_0230,node_0500,0.77,7271,active,voter (Total-weighted random choice)
4,node_0231,node_0074,1.13,12360,active,voter (Total-weighted random choice)
4,node_0232,node_0036,0.55,6348,active,voter (Total-weighted random choice)
4,node_0233,node_0343,0.76,2939,active,voter (Total-weighted random choice)
4,node_0234,node_0066,0.88,1946,active,voter (Total-weighted random choice)
4,node_0235,node_0036,1.36,8049,active,voter (Total-weighted random choice)
4,node_0236,node_0156,0.64,2216,active,voter (Total-weighted random choice)
4,node_0237,node_0366,0.91,1086,active,voter (Total-weighted random choice)
4,node_0238,node_0359,0.61,11508,active,voter (Total-weighted random choice)
4,node_0239,node_0426,1.36,8562,active,voter (Total-weighted random choice)
4,node_0240,node_0074,1.24,4216,active,voter (Total-weighted random choice)
4,node_0241,node_0359,1.07,5014,active,voter (Total-weighted random choice)
4,node_0242,node_0167,1.46,850,active,voter (Total-weighted random choice)
4,node_0243,node_0032,0.63,3211,active,voter (Total-weighted random choice)
4,node_0244,node_0261,0.60,1659,active,voter (Total-weighted random choice)
4,node_0245,node_0359,1.03,2133,active,voter (Total-weighted random choice)
4,node_0246,node_0055,0.75,11830,active,voter (Total-weighted random choice)
4,node_0247,node_0261,1.15,4420,rejected,voter (Total-weighted random choice)
4,node_0248,node_0277,0.66,9770,active,voter (Total-weighted random choice)
4,node_0249,node_0121,1.43,4115,rejected,voter (Total-weighted random choice)
4,node_0250,node_0334,1.36,7580,active,voter (Total-weighted random choice)
4,node_0251,node_0032,0.51,3095,active,voter (Total-weighted random choice)
4,node_0252,node_0314,0.80,869,active,voter (Total-weighted random choice)
4,node_0253,node_0366,1.09,10532,active,voter (Total-weighted random choice)
4,node_0254,node_0359,0.81,8084,active,voter (Total-weighted random choice)
4,node_0255,node_0334,0.90,7428,active,voter (Total-weighted random choice)
4,node_0256,node_0327,1.37,7815,active,voter (Total-weighted random choice)
4,node_0257,node_0433,0.86,7974,active,voter (Total-weighted random choice)
4,node_0258,node_0277,1.49,212,rejected,voter (Total-weighted random choice)
4,node_0259,node_0259,1.00,4596,active,self-vote (candidate self-stake)
4,node_0260,node_0055,0.54,8077,active,voter (Total-weighted random choice)
4,node_0261,node_0261,1.00,5086,active,self-vote (candidate self-stake)
4,node_0262,node_0343,1.17,8105,active,voter (Total-weighted random choice)
4,node_0263,node_0263,1.00,7797,active,self-vote (candidate self-stake)
4,node_0264,node_0259,1.37,2310,active,voter (Total-weighted random choice)
4,node_0265,node_0032,1.15,7307,rejected,voter (Total-weighted random choice)
4,node_0266,node_0415,1.46,7041,active,voter (Total-weighted random choice)
4,node_0267,node_0397,0.58,7832,active,voter (Total-weighted random choice)
4,node_0268,node_0277,1.17,5369,active,voter (Total-weighted random choice)
4,node_0269,node_0175,1.06,7567,active,voter (Total-weighted random choice)
4,node_0270,node_0121,1.32,9127,active,voter (Total-weighted random choice)
4,node_0271,node_0327,1.38,2014,active,voter (Total-weighted random choice)
4,node_0272,node_0334,0.73,7784,active,voter (Total-weighted random choice)
4,node_0273,node_0367,1.12,4210,active,voter (Total-weighted random choice)
4,node_0274,node_0014,0.95,9032,active,voter (Total-weighted random choice)
4,node_0275,node_0156,1.38,2828,active,voter (Total-weighted random choice)
4,node_0276,node_0467,1.30,3440,active,voter (Total-weighted random choice)
4,node_0277,node_0277,1.00,8919,active,self-vote (candidate self-stake)
4,node_0278,node_0397,1.30,647,active,voter (Total-weighted random choice)
4,node_0279,node_0108,1.06,3619,active,voter (Total-weighted random choice)
4,node_0280,node_0415,0.87,8141,active,voter (Total-weighted random choice)
4,node_0281,node_0334,1.43,9043,rejected,voter (Total-weighted random choice)
4,node_0282,node_0108,1.00,7003,active,voter (Total-weighted random choice)
4,node_0283,node_0429,1.29,2087,active,voter (Total-weighted random choice)
4,node_0284,node_0108,0.77,1174,active,voter (Total-weighted random choice)
4,node_0285,node_0221,1.45,5146,active,voter (Total-weighted random choice)
4,node_0286,node_0048,1.00,298,active,voter (Total-weighted random choice)
4,node_0287,node_0467,0.65,9526,active,voter (Total-weighted random choice)
4,node_0288,node_0032,0.71,2642,active,voter (Total-weighted random choice)
4,node_0289,node_0415,0.64,5451,active,voter (Total-weighted random choice)
4,node_0290,node_0048,0.96,8147,active,voter (Total-weighted random choice)
4,node_0291,node_0369,1.41,3207,active,voter (Total-weighted random choice)
4,node_0292,node_0334,0.53,8095,active,voter (Total-weighted random choice)
4,node_0293,node_0066,0.93,4249,active,voter (Total-weighted random choice)
4,node_0294,node_0048,1.09,8906,active,voter (Total-weighted random choice)
4,node_0295,node_0277,1.49,8455,rejected,voter (Total-weighted random choice)
4,node_0296,node_0079,0.65,1197,active,voter (Total-weighted random choice)
4,node_0297,node_0500,1.40,809,active,voter (Total-weighted random choice)
4,node_0298,node_0078,1.33,561,active,voter (Total-weighted random choice)
4,node_0299,node_0334,0.75,1382,active,voter (Total-weighted random choice)
4,node_0300,node_0108,1.29,7026,active,voter (Total-weighted random choice)
4,node_0301,node_0334,0.81,73,active,voter (Total-weighted random choice)
4,node_0302,node_0156,0.50,4986,active,voter (Total-weighted random choice)
4,node_0303,node_0066,1.06,8998,active,voter (Total-weighted random choice)
4,node_0304,node_0500,1.10,4288,active,voter (Total-weighted random choice)
4,node_0305,node_0429,1.19,4855,active,voter (Total-weighted random choice)
4,node_0306,node_0334,1.39,1092,rejected,voter (Total-weighted random choice)
4,node_0307,node_0121,0.78,8623,active,voter (Total-weighted random choice)
4,node_0308,node_0121,0.92,540,active,voter (Total-weighted random choice)
4,node_0309,node_0334,1.34,4138,active,voter (Total-weighted random choice)
4,node_0310,node_0014,1.44,2671,active,voter (Total-weighted random choice)
4,node_0311,node_0032,0.86,9640,active,voter (Total-weighted random choice)
4,node_0312,node_0263,1.05,3464,active,voter (Total-weighted random choice)
4,node_0313,node_0055,0.82,4038,active,voter (Total-weighted random choice)
4,node_0314,node_0314,1.00,2537,active,self-vote (candidate self-stake)
4,node_0315,node_0097,0.74,6325,active,voter (Total-weighted random choice)
4,node_0316,node_0397,0.69,8230,active,voter (Total-weighted random choice)
4,node_0317,node_0317,1.00,1123,active,self-vote (candidate self-stake)
4,node_0318,node_0500,0.64,10114,active,voter (Total-weighted random choice)
4,node_0319,node_0369,1.28,4301,active,voter (Total-weighted random choice)
4,node_0320,node_0426,1.12,1937,active,voter (Total-weighted random choice)
4,node_0321,node_0467,0.91,1405,active,voter (Total-weighted random choice)
4,node_0322,node_0367,1.21,8564,active,voter (Total-weighted random choice)
4,node_0323,node_0334,1.05,292,active,voter (Total-weighted random choice)
4,node_0324,node_0066,1.33,6675,active,voter (Total-weighted random choice)
4,node_0325,node_0436,1.04,10381,active,voter (Total-weighted random choice)
4,node_0326,node_0359,0.54,2142,active,voter (Total-weighted random choice)
4,node_0327,node_0327,1.00,2792,active,self-vote (candidate self-stake)
4,node_0328,node_0429,1.08,147,active,voter (Total-weighted random choice)
4,node_0329,node_0467,1.48,5293,active,voter (Total-weighted random choice)
4,node_0330,node_0334,1.02,11651,active,voter (Total-weighted random choice)
4,node_0331,node_0366,1.35,793,active,voter (Total-weighted random choice)
4,node_0332,node_0397,0.72,6291,active,voter (Total-weighted random choice)
4,node_0333,node_0079,0.56,7576,active,voter (Total-weighted random choice)
4,node_0334,node_0334,1.00,9244,active,self-vote (candidate self-stake)
4,node_0335,node_0261,0.73,2961,active,voter (Total-weighted random choice)
4,node_0336,node_0277,0.97,4325,active,voter (Total-weighted random choice)
4,node_0337,node_0259,0.81,1047,active,voter (Total-weighted random choice)
4,node_0338,node_0014,1.47,3048,active,voter (Total-weighted random choice)
4,node_0339,node_0436,0.98,5568,active,voter (Total-weighted random choice)
4,node_0340,node_0032,1.24,1327,rejected,voter (Total-weighted random choice)
4,node_0341,node_0277,1.25,2944,rejected,voter (Total-weighted random choice)
4,node_0342,node_0048,1.22,6334,active,voter (Total-weighted random choice)
4,node_0343,node_0343,1.00,10250,active,self-vote (candidate self-stake)
4,node_0344,node_0415,0.65,878,active,voter (Total-weighted random choice)
4,node_0345,node_0121,0.59,431,active,voter (Total-weighted random choice)
4,node_0346,node_0032,0.55,3936,active,voter (Total-weighted random choice)
4,node_0347,node_0032,0.54,6178,active,voter (Total-weighted random choice)
4,node_0348,node_0156,0.79,1355,active,voter (Total-weighted random choice)
4,node_0349,node_0394,0.53,4364,active,voter (Total-weighted random choice)
4,node_0350,node_0055,0.80,1496,active,voter (Total-weighted random choice)
4,node_0351,node_0167,0.95,5090,active,voter (Total-weighted random choice)
4,node_0352,node_0121,1.04,9243,active,voter (Total-weighted random choice)
4,node_0353,node_0429,0.84,7970,active,voter (Total-weighted random choice)
4,node_0354,node_0221,0.53,5945,active,voter (Total-weighted random choice)
4,node_0355,node_0355,1.00,256,active,self-vote (candidate self-stake)
4,node_0356,node_0366,0.62,8418,active,voter (Total-weighted random choice)
4,node_0357,node_0055,1.02,7301,active,voter (Total-weighted random choice)
4,node_0358,node_0121,0.97,9372,active,voter (Total-weighted random choice)
4,node_0359,node_0359,1.00,801,active,self-vote (candidate self-stake)
4,node_0360,node_0190,0.83,2121,active,voter (Total-weighted random choice)
4,node_0361,node_0327,1.43,2168,active,voter (Total-weighted random choice)
4,node_0362,node_0366,1.10,151,active,voter (Total-weighted random choice)
4,node_0363,node_0079,0.84,4273,active,voter (Total-weighted random choice)
4,node_0364,node_0277,1.32,643,rejected,voter (Total-weighted random choice)
4,node_0365,node_0343,1.13,9544,active,voter (Total-weighted random choice)
4,node_0366,node_0366,1.00,5734,active,self-vote (candidate self-stake)
4,node_0367,node_0367,1.00,6211,active,self-vote (candidate self-stake)
4,node_0368,node_0036,1.45,499,rejected,voter (Total-weighted random choice)
4,node_0369,node_0369,1.00,1896,active,self-vote (candidate self-stake)
4,node_0370,node_0429,1.41,2796,active,voter (Total-weighted random choice)
4,node_0371,node_0014,1.39,10821,active,voter (Total-weighted random choice)
4,node_0372,node_0032,0.55,5277,active,voter (Total-weighted random choice)
4,node_0373,node_0433,0.68,6360,active,voter (Total-weighted random choice)
4,node_0374,node_0314,0.80,7116,active,voter (Total-weighted random choice)
4,node_0375,node_0097,1.07,10234,active,voter (Total-weighted random choice)
4,node_0376,node_0097,1.48,10933,active,voter (Total-weighted random choice)
4,node_0377,node_0036,0.59,8719,active,voter (Total-weighted random choice)
4,node_0378,node_0317,0.63,2016,active,voter (Total-weighted random choice)
4,node_0379,node_0355,0.55,6412,active,voter (Total-weighted random choice)
4,node_0380,node_0415,1.45,6825,active,voter (Total-weighted random choice)
4,node_0381,node_0394,0.69,5149,active,voter (Total-weighted random choice)
4,node_0382,node_0036,1.45,1747,rejected,voter (Total-weighted random choice)
4,node_0383,node_0359,0.94,6138,active,voter (Total-weighted random choice)
4,node_0384,node_0327,1.06,7699,active,voter (Total-weighted random choice)
4,node_0385,node_0343,0.54,1119,active,voter (Total-weighted random choice)
4,node_0386,node_0277,0.73,8658,active,voter (Total-weighted random choice)
4,node_0387,node_0327,1.32,8453,active,voter (Total-weighted random choice)
4,node_0388,node_0078,1.38,6802,active,voter (Total-weighted random choice)
4,node_0389,node_0314,1.18,6327,active,voter (Total-weighted random choice)
4,node_0390,node_0079,1.13,4449,active,voter (Total-weighted random choice)
4,node_0391,node_0036,0.80,5456,active,voter (Total-weighted random choice)
4,node_0392,node_0467,1.32,636,active,voter (Total-weighted random choice)
4,node_0393,node_0366,0.57,440,active,voter (Total-weighted random choice)
4,node_0394,node_0394,1.00,1718,active,self-vote (candidate self-stake)
4,node_0395,node_0436,1.23,2909,active,voter (Total-weighted random choice)
4,node_0396,node_0396,1.00,427,active,self-vote (candidate self-stake)
4,node_0397,node_0397,1.00,5438,active,self-vote (candidate self-stake)
4,node_0398,node_0061,1.02,3291,active,voter (Total-weighted random choice)
4,node_0399,node_0429,1.33,3367,active,voter (Total-weighted random choice)
4,node_0400,node_0263,1.22,2655,active,voter (Total-weighted random choice)
4,node_0401,node_0426,1.07,5594,active,voter (Total-weighted random choice)
4,node_0402,node_0175,0.51,3326,active,voter (Total-weighted random choice)
4,node_0403,node_0048,0.52,6966,active,voter (Total-weighted random choice)
4,node_0404,node_0277,1.31,1114,rejected,voter (Total-weighted random choice)
4,node_0405,node_0032,0.67,10045,active,voter (Total-weighted random choice)
4,node_0406,node_0079,1.05,2661,active,voter (Total-weighted random choice)
4,node_0407,node_0397,1.49,832,active,voter (Total-weighted random choice)
4,node_0408,node_0261,1.40,6490,rejected,voter (Total-weighted random choice)
4,node_0409,node_0367,0.69,2437,active,voter (Total-weighted random choice)
4,node_0410,node_0261,0.84,9128,active,voter (Total-weighted random choice)
4,node_0411,node_0048,0.87,2654,active,voter (Total-weighted random choice)
4,node_0412,node_0314,1.02,1040,active,voter (Total-weighted random choice)
4,node_0413,node_0277,1.46,8459,rejected,voter (Total-weighted random choice)
4,node_0414,node_0396,0.97,4932,active,voter (Total-weighted random choice)
4,node_0415,node_0415,1.00,4655,active,self-vote (candidate self-stake)
4,node_0416,node_0036,0.64,9758,active,voter (Total-weighted random choice)
4,node_0417,node_0078,0.79,395,active,voter (Total-weighted random choice)
4,node_0418,node_0334,0.79,330,active,voter (Total-weighted random choice)
4,node_0419,node_0032,0.72,1554,active,voter (Total-weighted random choice)
4,node_0420,node_0327,1.13,5224,active,voter (Total-weighted random choice)
4,node_0421,node_0036,0.75,6644,active,voter (Total-weighted random choice)
4,node_0422,node_0032,1.09,10691,active,voter (Total-weighted random choice)
4,node_0423,node_0014,1.40,1471,active,voter (Total-weighted random choice)
4,node_0424,node_0221,1.08,7451,active,voter (Total-weighted random choice)
4,node_0425,node_0055,0.73,5887,active,voter (Total-weighted random choice)
4,node_0426,node_0426,1.00,7716,active,self-vote (candidate self-stake)
4,node_0427,node_0366,1.31,1478,active,voter (Total-weighted random choice)
4,node_0428,node_0500,1.43,6868,active,voter (Total-weighted random choice)
4,node_0429,node_0429,1.00,1083,active,self-vote (candidate self-stake)
4,node_0430,node_0097,0.62,3283,active,voter (Total-weighted random choice)
4,node_0431,node_0277,1.04,8023,active,voter (Total-weighted random choice)
4,node_0432,node_0097,0.60,6544,active,voter (Total-weighted random choice)
4,node_0433,node_0433,1.00,436,active,self-vote (candidate self-stake)
4,node_0434,node_0426,1.35,8463,active,voter (Total-weighted random choice)
4,node_0435,node_0016,0.81,5607,active,voter (Total-weighted random choice)
4,node_0436,node_0436,1.00,4948,active,self-vote (candidate self-stake)
4,node_0437,node_0397,0.93,2324,active,voter (Total-weighted random choice)
4,node_0438,node_0327,1.37,976,active,voter (Total-weighted random choice)
4,node_0439,node_0415,1.26,6586,active,voter (Total-weighted random choice)
4,node_0440,node_0396,1.43,9351,active,voter (Total-weighted random choice)
4,node_0441,node_0175,0.90,7856,active,voter (Total-weighted random choice)
4,node_0442,node_0032,0.67,8891,active,voter (Total-weighted random choice)
4,node_0443,node_0259,0.74,4309,active,voter (Total-weighted random choice)
4,node_0444,node_0221,1.39,10759,active,voter (Total-weighted random choice)
4,node_0445,node_0175,0.98,7143,active,voter (Total-weighted random choice)
4,node_0446,node_0048,1.39,3732,active,voter (Total-weighted random choice)
4,node_0447,node_0097,0.75,9614,active,voter (Total-weighted random choice)
4,node_0448,node_0317,1.25,12137,active,voter (Total-weighted random choice)
4,node_0449,node_0397,1.00,7647,active,voter (Total-weighted random choice)
4,node_0450,node_0467,0.98,4202,active,voter (Total-weighted random choice)
4,node_0451,node_0014,0.86,4,active,voter (Total-weighted random choice)
4,node_0452,node_0259,1.17,452,active,voter (Total-weighted random choice)
4,node_0453,node_0036,0.53,719,active,voter (Total-weighted random choice)
4,node_0454,node_0467,1.09,7321,active,voter (Total-weighted random choice)
4,node_0455,node_0500,0.89,5507,active,voter (Total-weighted random choice)
4,node_0456,node_0394,1.42,6018,active,voter (Total-weighted random choice)
4,node_0457,node_0366,1.10,9921,active,voter (Total-weighted random choice)
4,node_0458,node_0121,0.95,154,active,voter (Total-weighted random choice)
4,node_0459,node_0355,1.45,4519,active,voter (Total-weighted random choice)
4,node_0460,node_0426,0.97,6219,active,voter (Total-weighted random choice)
4,node_0461,node_0277,1.22,7059,rejected,voter (Total-weighted random choice)
4,node_0462,node_0014,1.25,2959,active,voter (Total-weighted random choice)
4,node_0463,node_0397,0.92,5213,active,voter (Total-weighted random choice)
4,node_0464,node_0327,1.10,1764,active,voter (Total-weighted random choice)
4,node_0465,node_0359,0.59,6055,active,voter (Total-weighted random choice)
4,node_0466,node_0396,1.31,6746,active,voter (Total-weighted random choice)
4,node_0467,node_0467,1.00,6478,active,self-vote (candidate self-stake)
4,node_0468,node_0175,0.99,3514,active,voter (Total-weighted random choice)
4,node_0469,node_0016,1.24,1396,active,voter (Total-weighted random choice)
4,node_0470,node_0277,0.75,9191,active,voter (Total-weighted random choice)
4,node_0471,node_0369,0.67,4623,active,voter (Total-weighted random choice)
4,node_0472,node_0074,1.45,11546,active,voter (Total-weighted random choice)
4,node_0473,node_0036,0.70,2649,active,voter (Total-weighted random choice)
4,node_0474,node_0415,0.68,5706,active,voter (Total-weighted random choice)
4,node_0475,node_0369,1.12,3389,active,voter (Total-weighted random choice)
4,node_0476,node_0121,0.80,9292,active,voter (Total-weighted random choice)
4,node_0477,node_0108,0.84,4472,active,voter (Total-weighted random choice)
4,node_0478,node_0426,0.88,2730,active,voter (Total-weighted random choice)
4,node_0479,node_0334,1.15,9087,active,voter (Total-weighted random choice)
4,node_0480,node_0221,1.13,11915,active,voter (Total-weighted random choice)
4,node_0481,node_0121,1.16,3861,active,voter (Total-weighted random choice)
4,node_0482,node_0263,1.30,3715,active,voter (Total-weighted random choice)
4,node_0483,node_0367,1.04,5996,active,voter (Total-weighted random choice)
4,node_0484,node_0032,1.32,10327,rejected,voter (Total-weighted random choice)
4,node_0485,node_0061,1.32,736,active,voter (Total-weighted random choice)
4,node_0486,node_0156,0.60,7619,active,voter (Total-weighted random choice)
4,node_0487,node_0317,0.83,7037,active,voter (Total-weighted random choice)
4,node_0488,node_0277,0.72,7900,active,voter (Total-weighted random choice)
4,node_0489,node_0397,1.41,6510,active,voter (Total-weighted random choice)
4,node_0490,node_0397,0.94,4465,active,voter (Total-weighted random choice)
4,node_0491,node_0467,0.65,5797,active,voter (Total-weighted random choice)
4,node_0492,node_0261,1.41,1731,rejected,voter (Total-weighted random choice)
4,node_0493,node_0078,0.65,2451,active,voter (Total-weighted random choice)
4,node_0494,node_0369,0.86,7812,active,voter (Total-weighted random choice)
4,node_0495,node_0369,1.20,7876,active,voter (Total-weighted random choice)
4,node_0496,node_0079,0.54,852,active,voter (Total-weighted random choice)
4,node_0497,node_0366,0.98,2380,active,voter (Total-weighted random choice)
4,node_0498,node_0500,1.34,2642,active,voter (Total-weighted random choice)
4,node_0499,node_0436,0.97,5218,active,voter (Total-weighted random choice)
4,node_0500,node_0500,1.00,6128,active,self-vote (candidate self-stake)
5,node_0001,node_0414,0.58,3403,active,voter (Total-weighted random choice)
5,node_0002,node_0294,1.15,4221,active,voter (Total-weighted random choice)
5,node_0003,node_0276,0.95,11190,active,voter (Total-weighted random choice)
5,node_0004,node_0152,0.90,394,active,voter (Total-weighted random choice)
5,node_0005,node_0448,0.61,3818,active,voter (Total-weighted random choice)
5,node_0006,node_0211,1.48,9660,rejected,voter (Total-weighted random choice)
5,node_0007,node_0405,0.76,3631,active,voter (Total-weighted random choice)
5,node_0008,node_0166,0.53,319,active,voter (Total-weighted random choice)
5,node_0009,node_0243,1.45,7077,active,voter (Total-weighted random choice)
5,node_0010,node_0136,0.54,4981,active,voter (Total-weighted random choice)
5,node_0011,node_0166,0.81,606,active,voter (Total-weighted random choice)
5,node_0012,node_0092,0.50,5884,active,voter (Total-weighted random choice)
5,node_0013,node_0298,1.35,1458,active,voter (Total-weighted random choice)
5,node_0014,node_0045,0.77,8640,active,voter (Total-weighted random choice)
5,node_0015,node_0205,0.97,5392,active,voter (Total-weighted random choice)
5,node_0016,node_0045,0.95,1712,active,voter (Total-weighted random choice)
5,node_0017,node_0045,1.31,2635,active,voter (Total-weighted random choice)
5,node_0018,node_0202,1.18,5486,active,voter (Total-weighted random choice)
5,node_0019,node_0019,1.00,2147,active,self-vote (candidate self-stake)
5,node_0020,node_0333,1.11,5058,active,voter (Total-weighted random choice)
5,node_0021,node_0243,0.97,1179,active,voter (Total-weighted random choice)
5,node_0022,node_0136,0.82,1551,active,voter (Total-weighted random choice)
5,node_0023,node_0023,1.00,9948,active,self-vote (candidate self-stake)
5,node_0024,node_0327,0.53,532,active,voter (Total-weighted random choice)
5,node_0025,node_0023,0.96,4370,active,voter (Total-weighted random choice)
5,node_0026,node_0344,1.43,4185,active,voter (Total-weighted random choice)
5,node_0027,node_0333,1.14,3597,active,voter (Total-weighted random choice)
5,node_0028,node_0483,1.11,7134,active,voter (Total-weighted random choice)
5,node_0029,node_0029,1.00,3948,active,self-vote (candidate self-stake)
5,node_0030,node_0029,0.84,12375,active,voter (Total-weighted random choice)
5,node_0031,node_0023,0.62,5157,active,voter (Total-weighted random choice)
5,node_0032,node_0045,0.57,6987,active,voter (Total-weighted random choice)
5,node_0033,node_0107,1.33,212,active,voter (Total-weighted random choice)
5,node_0034,node_0211,1.37,8121,rejected,voter (Total-weighted random choice)
5,node_0035,node_0211,1.38,5860,rejected,voter (Total-weighted random choice)
5,node_0036,node_0152,1.12,12205,active,voter (Total-weighted random choice)
5,node_0037,node_0154,0.72,48,active,voter (Total-weighted random choice)
5,node_0038,node_0396,1.02,6295,active,voter (Total-weighted random choice)
5,node_0039,node_0211,0.60,4142,active,voter (Total-weighted random choice)
5,node_0040,node_0136,0.72,8116,active,voter (Total-weighted random choice)
5,node_0041,node_0414,1.18,4318,active,voter (Total-weighted random choice)
5,node_0042,node_0396,1.27,2587,active,voter (Total-weighted random choice)
5,node_0043,node_0298,0.66,7597,active,voter (Total-weighted random choice)
5,node_0044,node_0184,0.98,11252,active,voter (Total-weighted random choice)
5,node_0045,node_0045,1.00,1106,active,self-vote (candidate self-stake)
5,node_0046,node_0063,0.71,3393,active,voter (Total-weighted random choice)
5,node_0047,node_0154,1.36,1490,active,voter (Total-weighted random choice)
5,node_0048,node_0154,0.98,13261,active,voter (Total-weighted random choice)
5,node_0049,node_0049,1.00,8967,active,self-vote (candidate self-stake)
5,node_0050,node_0152,1.09,5894,active,voter (Total-weighted random choice)
5,node_0051,node_0136,1.23,2983,rejected,voter (Total-weighted random choice)
5,node_0052,node_0119,0.58,5289,active,voter (Total-weighted random choice)
5,node_0053,node_0154,1.38,9647,active,voter (Total-weighted random choice)
5,node_0054,node_0045,0.72,2568,active,voter (Total-weighted random choice)
5,node_0055,node_0136,1.38,3475,rejected,voter (Total-weighted random choice)
5,node_0056,node_0448,0.55,10767,active,voter (Total-weighted random choice)
5,node_0057,node_0045,1.40,1146,active,voter (Total-weighted random choice)
5,node_0058,node_0276,0.63,5117,active,voter (Total-weighted random choice)
5,node_0059,node_0023,0.53,5073,active,voter (Total-weighted random choice)
5,node_0060,node_0029,1.48,9792,active,voter (Total-weighted random choice)
5,node_0061,node_0107,0.94,4637,active,voter (Total-weighted random choice)
5,node_0062,node_0462,0.86,2951,active,voter (Total-weighted random choice)
5,node_0063,node_0063,1.00,5389,active,self-vote (candidate self-stake)
5,node_0064,node_0019,1.26,827,active,voter (Total-weighted random choice)
5,node_0065,node_0189,1.39,459,active,voter (Total-weighted random choice)
5,node_0066,node_0023,0.68,579,active,voter (Total-weighted random choice)
5,node_0067,node_0327,0.81,13411,active,voter (Total-weighted random choice)
5,node_0068,node_0407,1.05,2498,active,voter (Total-weighted random choice)
5,node_0069,node_0294,1.12,1402,active,voter (Total-weighted random choice)
5,node_0070,node_0107,1.35,410,active,voter (Total-weighted random choice)
5,node_0071,node_0049,1.05,1326,active,voter (Total-weighted random choice)
5,node_0072,node_0184,1.31,2672,active,voter (Total-weighted random choice)
5,node_0073,node_0202,0.61,4495,active,voter (Total-weighted random choice)
5,node_0074,node_0154,1.30,2722,active,voter (Total-weighted random choice)
5,node_0075,node_0136,1.17,5315,rejected,voter (Total-weighted random choice)
5,node_0076,node_0457,0.82,4212,active,voter (Total-weighted random choice)
5,node_0077,node_0344,0.98,2296,active,voter (Total-weighted random choice)
5,node_0078,node_0211,1.08,33,active,voter (Total-weighted random choice)
5,node_0079,node_0282,0.55,3328,active,voter (Total-weighted random choice)
5,node_0080,node_0451,1.31,9469,active,voter (Total-weighted random choice)
5,node_0081,node_0184,0.82,943,active,voter (Total-weighted random choice)
5,node_0082,node_0276,0.75,1934,active,voter (Total-weighted random choice)
5,node_0083,node_0175,1.41,3537,active,voter (Total-weighted random choice)
5,node_0084,node_0205,1.10,8388,active,voter (Total-weighted random choice)
5,node_0085,node_0407,0.81,5893,active,voter (Total-weighted random choice)
5,node_0086,node_0211,0.69,3307,active,voter (Total-weighted random choice)
5,node_0087,node_0407,1.34,4510,active,voter (Total-weighted random choice)
5,node_0088,node_0251,0.84,5347,active,voter (Total-weighted random choice)
5,node_0089,node_0154,1.16,78,active,voter (Total-weighted random choice)
5,node_0090,node_0483,0.58,173,active,voter (Total-weighted random choice)
5,node_0091,node_0023,1.11,2680,active,voter (Total-weighted random choice)
5,node_0092,node_0092,1.00,3725,active,self-vote (candidate self-stake)
5,node_0093,node_0136,1.43,9990,rejected,voter (Total-weighted random choice)
5,node_0094,node_0414,1.29,10046,active,voter (Total-weighted random choice)
5,node_0095,node_0457,0.90,933,active,voter (Total-weighted random choice)
5,node_0096,node_0211,1.14,3440,active,voter (Total-weighted random choice)
5,node_0097,node_0049,0.75,9427,active,voter (Total-weighted random choice)
5,node_0098,node_0405,0.87,9724,active,voter (Total-weighted random choice)
5,node_0099,node_0251,0.88,1333,active,voter (Total-weighted random choice)
5,node_0100,node_0045,0.87,7856,active,voter (Total-weighted random choice)
5,node_0101,node_0298,1.49,656,active,voter (Total-weighted random choice)
5,node_0102,node_0243,1.42,583,active,voter (Total-weighted random choice)
5,node_0103,node_0449,0.99,4466,active,voter (Total-weighted random choice)
5,node_0104,node_0153,0.67,8973,active,voter (Total-weighted random choice)
5,node_0105,node_0105,1.00,3306,active,self-vote (candidate self-stake)
5,node_0106,node_0023,0.81,9327,active,voter (Total-weighted random choice)
5,node_0107,node_0107,1.00,11192,active,self-vote (candidate self-stake)
5,node_0108,node_0333,0.83,1615,active,voter (Total-weighted random choice)
5,node_0109,node_0276,1.19,349,rejected,voter (Total-weighted random choice)
5,node_0110,node_0189,0.89,3991,active,voter (Total-weighted random choice)
5,node_0111,node_0405,0.97,11729,active,voter (Total-weighted random choice)
5,node_0112,node_0166,1.11,2102,active,voter (Total-weighted random choice)
5,node_0113,node_0243,1.02,1881,active,voter (Total-weighted random choice)
5,node_0114,node_0175,0.84,7410,active,voter (Total-weighted random choice)
5,node_0115,node_0019,1.36,7196,active,voter (Total-weighted random choice)
5,node_0116,node_0276,1.36,5990,rejected,voter (Total-weighted random choice)
5,node_0117,node_0462,1.22,6832,active,voter (Total-weighted random choice)
5,node_0118,node_0294,1.23,3700,active,voter (Total-weighted random choice)
5,node_0119,node_0119,1.00,5940,active,self-vote (candidate self-stake)
5,node_0120,node_0414,1.20,2432,active,voter (Total-weighted random choice)
5,node_0121,node_0184,0.60,6271,active,voter (Total-weighted random choice)
5,node_0122,node_0483,0.90,3860,active,voter (Total-weighted random choice)
5,node_0123,node_0405,1.41,8501,active,voter (Total-weighted random choice)
5,node_0124,node_0448,0.56,2407,active,voter (Total-weighted random choice)
5,node_0125,node_0396,1.35,3846,active,voter (Total-weighted random choice)
5,node_0126,node_0449,0.51,564,active,voter (Total-weighted random choice)
5,node_0127,node_0458,0.57,6669,active,voter (Total-weighted random choice)
5,node_0128,node_0152,0.73,7619,active,voter (Total-weighted random choice)
5,node_0129,node_0175,0.94,8276,active,voter (Total-weighted random choice)
5,node_0130,node_0166,0.79,3373,active,voter (Total-weighted random choice)
5,node_0131,node_0205,1.39,835,active,voter (Total-weighted random choice)
5,node_0132,node_0105,0.91,5491,active,voter (Total-weighted random choice)
5,node_0133,node_0457,1.35,4397,active,voter (Total-weighted random choice)
5,node_0134,node_0152,1.38,5849,rejected,voter (Total-weighted random choice)
5,node_0135,node_0152,1.33,6842,rejected,voter (Total-weighted random choice)
5,node_0136,node_0136,1.00,10164,active,self-vote (candidate self-stake)
5,node_0137,node_0184,0.52,5916,active,voter (Total-weighted random choice)
5,node_0138,node_0333,1.42,8929,active,voter (Total-weighted random choice)
5,node_0139,node_0063,1.30,5900,active,voter (Total-weighted random choice)
5,node_0140,node_0243,0.70,9802,active,voter (Total-weighted random choice)
5,node_0141,node_0282,0.61,6825,active,voter (Total-weighted random choice)
5,node_0142,node_0152,0.99,8076,active,voter (Total-weighted random choice)
5,node_0143,node_0462,0.68,1693,active,voter (Total-weighted random choice)
5,node_0144,node_0184,0.68,278,active,voter (Total-weighted random choice)
5,node_0145,node_0184,1.02,4722,active,voter (Total-weighted random choice)
5,node_0146,node_0105,0.87,3579,active,voter (Total-weighted random choice)
5,node_0147,node_0457,0.84,8016,active,voter (Total-weighted random choice)
5,node_0148,node_0449,0.85,4486,active,voter (Total-weighted random choice)
5,node_0149,node_0211,1.49,7483,rejected,voter (Total-weighted random choice)
5,node_0150,node_0243,1.36,3200,active,voter (Total-weighted random choice)
5,node_0151,node_0019,1.06,2232,active,voter (Total-weighted random choice)
5,node_0152,node_0152,1.00,2859,active,self-vote (candidate self-stake)
5,node_0153,node_0153,1.00,21,active,self-vote (candidate self-stake)
5,node_0154,node_0154,1.00,8001,active,self-vote (candidate self-stake)
5,node_0155,node_0276,0.94,9181,active,voter (Total-weighted random choice)
5,node_0156,node_0458,0.55,5098,active,voter (Total-weighted random choice)
5,node_0157,node_0107,1.22,7312,active,voter (Total-weighted random choice)
5,node_0158,node_0205,0.72,8592,active,voter (Total-weighted random choice)
5,node_0159,node_0184,0.53,3644,active,voter (Total-weighted random choice)
5,node_0160,node_0282,0.62,3468,active,voter (Total-weighted random choice)
5,node_0161,node_0451,0.62,4835,active,voter (Total-weighted random choice)
5,node_0162,node_0153,0.63,5082,active,voter (Total-weighted random choice)
5,node_0163,node_0045,1.40,2274,active,voter (Total-weighted random choice)
5,node_0164,node_0414,0.66,1338,active,voter (Total-weighted random choice)
5,node_0165,node_0415,1.45,6378,active,voter (Total-weighted random choice)
5,node_0166,node_0166,1.00,5921,active,self-vote (candidate self-stake)
5,node_0167,node_0136,0.86,6189,active,voter (Total-weighted random choice)
5,node_0168,node_0385,1.28,11519,active,voter (Total-weighted random choice)
5,node_0169,node_0294,1.03,4429,active,voter (Total-weighted random choice)
5,node_0170,node_0451,1.00,8263,active,voter (Total-weighted random choice)
5,node_0171,node_0405,0.87,8652,active,voter (Total-weighted random choice)
5,node_0172,node_0339,0.64,8701,active,voter (Total-weighted random choice)
5,node_0173,node_0415,1.03,5899,active,voter (Total-weighted random choice)
5,node_0174,node_0023,0.77,3707,active,voter (Total-weighted random choice)
5,node_0175,node_0175,1.00,6441,active,self-vote (candidate self-stake)
5,node_0176,node_0136,1.05,554,active,voter (Total-weighted random choice)
5,node_0177,node_0136,1.03,8186,active,voter (Total-weighted random choice)
5,node_0178,node_0276,0.75,7210,active,voter (Total-weighted random choice)
5,node_0179,node_0449,0.83,6066,active,voter (Total-weighted random choice)
5,node_0180,node_0045,0.51,5035,active,voter (Total-weighted random choice)
5,node_0181,node_0339,1.26,4378,active,voter (Total-weighted random choice)
5,node_0182,node_0166,0.79,558,active,voter (Total-weighted random choice)
5,node_0183,node_0294,1.26,7936,active,voter (Total-weighted random choice)
5,node_0184,node_0184,1.00,421,active,self-vote (candidate self-stake)
5,node_0185,node_0105,1.46,5220,active,voter (Total-weighted random choice)
5,node_0186,node_0152,0.85,3696,active,voter (Total-weighted random choice)
5,node_0187,node_0063,1.32,10348,active,voter (Total-weighted random choice)
5,node_0188,node_0189,1.00,3323,active,voter (Total-weighted random choice)
5,node_0189,node_0189,1.00,9892,active,self-vote (candidate self-stake)
5,node_0190,node_0333,1.05,3030,active,voter (Total-weighted random choice)
5,node_0191,node_0189,0.95,9788,active,voter (Total-weighted random choice)
5,node_0192,node_0333,1.19,10623,active,voter (Total-weighted random choice)
5,node_0193,node_0063,1.17,6974,active,voter (Total-weighted random choice)
5,node_0194,node_0211,0.67,1779,active,voter (Total-weighted random choice)
5,node_0195,node_0045,1.14,760,active,voter (Total-weighted random choice)
5,node_0196,node_0063,0.62,12387,active,voter (Total-weighted random choice)
5,node_0197,node_0153,1.31,4533,active,voter (Total-weighted random choice)
5,node_0198,node_0396,1.04,81,active,voter (Total-weighted random choice)
5,node_0199,node_0107,1.34,312,active,voter (Total-weighted random choice)
5,node_0200,node_0175,0.77,1884,active,voter (Total-weighted random choice)
5,node_0201,node_0414,1.06,7010,active,voter (Total-weighted random choice)
5,node_0202,node_0202,1.00,3299,active,self-vote (candidate self-stake)
5,node_0203,node_0458,1.42,10245,active,voter (Total-weighted random choice)
5,node_0204,node_0483,0.92,5946,active,voter (Total-weighted random choice)
5,node_0205,node_0205,1.00,5269,active,self-vote (candidate self-stake)
5,node_0206,node_0136,1.49,3558,rejected,voter (Total-weighted random choice)
5,node_0207,node_0049,0.74,7736,active,voter (Total-weighted random choice)
5,node_0208,node_0023,0.60,4820,active,voter (Total-weighted random choice)
5,node_0209,node_0483,0.63,4336,active,voter (Total-weighted random choice)
5,node_0210,node_0483,0.55,3833,active,voter (Total-weighted random choice)
5,node_0211,node_0211,1.00,10337,active,self-vote (candidate self-stake)
5,node_0212,node_0243,1.07,2023,active,voter (Total-weighted random choice)
5,node_0213,node_0385,0.60,8702,active,voter (Total-weighted random choice)
5,node_0214,node_0407,0.97,7798,active,voter (Total-weighted random choice)
5,node_0215,node_0276,1.16,10488,active,voter (Total-weighted random choice)
5,node_0216,node_0152,1.15,3740,active,voter (Total-weighted random choice)
5,node_0217,node_0154,0.89,5501,active,voter (Total-weighted random choice)
5,node_0218,node_0136,0.69,8285,active,voter (Total-weighted random choice)
5,node_0219,node_0023,1.13,7085,active,voter (Total-weighted random choice)
5,node_0220,node_0294,0.81,4338,active,voter (Total-weighted random choice)
5,node_0221,node_0136,0.81,5106,active,voter (Total-weighted random choice)
5,node_0222,node_0019,0.65,2730,active,voter (Total-weighted random choice)
5,node_0223,node_0119,1.29,1808,active,voter (Total-weighted random choice)
5,node_0224,node_0333,0.63,5803,active,voter (Total-weighted random choice)
5,node_0225,node_0414,1.41,2068,active,voter (Total-weighted random choice)
5,node_0226,node_0276,0.60,3554,active,voter (Total-weighted random choice)
5,node_0227,node_0462,1.47,517,active,voter (Total-weighted random choice)
5,node_0228,node_0396,0.61,4648,active,voter (Total-weighted random choice)
5,node_0229,node_0451,0.86,7980,active,voter (Total-weighted random choice)
5,node_0230,node_0294,0.71,7235,active,voter (Total-weighted random choice)
5,node_0231,node_0166,0.76,11502,active,voter (Total-weighted random choice)
5,node_0232,node_0405,1.11,6997,active,voter (Total-weighted random choice)
5,node_0233,node_0184,0.92,1777,active,voter (Total-weighted random choice)
5,node_0234,node_0119,0.73,1372,active,voter (Total-weighted random choice)
5,node_0235,node_0045,1.30,7535,active,voter (Total-weighted random choice)
5,node_0236,node_0184,0.90,2690,active,voter (Total-weighted random choice)
5,node_0237,node_0063,1.34,468,active,voter (Total-weighted random choice)
5,node_0238,node_0205,1.26,12128,active,voter (Total-weighted random choice)
5,node_0239,node_0154,0.77,7824,active,voter (Total-weighted random choice)
5,node_0240,node_0205,1.49,3997,rejected,voter (Total-weighted random choice)
5,node_0241,node_0339,1.11,4794,active,voter (Total-weighted random choice)
5,node_0242,node_0294,0.56,732,active,voter (Total-weighted random choice)
5,node_0243,node_0243,1.00,3529,active,self-vote (candidate self-stake)
5,node_0244,node_0276,1.37,1415,rejected,voter (Total-weighted random choice)
5,node_0245,node_0414,0.63,1796,active,voter (Total-weighted random choice)
5,node_0246,node_0294,1.26,11904,active,voter (Total-weighted random choice)
5,node_0247,node_0294,0.63,4033,active,voter (Total-weighted random choice)
5,node_0248,node_0333,0.87,9585,active,voter (Total-weighted random choice)
5,node_0249,node_0107,0.86,4810,active,voter (Total-weighted random choice)
5,node_0250,node_0344,1.42,8233,active,voter (Total-weighted random choice)
5,node_0251,node_0251,1.00,3536,active,self-vote (candidate self-stake)
5,node_0252,node_0252,1.00,347,active,self-vote (candidate self-stake)
5,node_0253,node_0202,1.28,10353,active,voter (Total-weighted random choice)
5,node_0254,node_0344,0.61,9066,active,voter (Total-weighted random choice)
5,node_0255,node_0063,1.17,8052,active,voter (Total-weighted random choice)
5,node_0256,node_0483,0.72,7080,active,voter (Total-weighted random choice)
5,node_0257,node_0105,0.90,7325,active,voter (Total-weighted random choice)
5,node_0258,node_0327,1.22,66,active,voter (Total-weighted random choice)
5,node_0259,node_0339,0.52,5052,active,voter (Total-weighted random choice)
5,node_0260,node_0189,1.42,7754,active,voter (Total-weighted random choice)
5,node_0261,node_0166,0.62,6828,active,voter (Total-weighted random choice)
5,node_0262,node_0166,0.79,8359,active,voter (Total-weighted random choice)
5,node_0263,node_0396,1.18,8462,active,voter (Total-weighted random choice)
5,node_0264,node_0282,1.21,1873,active,voter (Total-weighted random choice)
5,node_0265,node_0251,1.35,7309,active,voter (Total-weighted random choice)
5,node_0266,node_0457,0.86,7250,active,voter (Total-weighted random choice)
5,node_0267,node_0152,1.03,7479,active,voter (Total-weighted random choice)
5,node_0268,node_0405,0.65,5547,active,voter (Total-weighted random choice)
5,node_0269,node_0396,0.74,8104,active,voter (Total-weighted random choice)
5,node_0270,node_0243,0.57,9339,active,voter (Total-weighted random choice)
5,node_0271,node_0202,1.12,1361,active,voter (Total-weighted random choice)
5,node_0272,node_0029,0.98,7691,active,voter (Total-weighted random choice)
5,node_0273,node_0414,0.90,4625,active,voter (Total-weighted random choice)
5,node_0274,node_0251,0.55,9041,active,voter (Total-weighted random choice)
5,node_0275,node_0458,1.38,2973,active,voter (Total-weighted random choice)
5,node_0276,node_0276,1.00,3654,active,self-vote (candidate self-stake)
5,node_0277,node_0305,1.21,10321,active,voter (Total-weighted random choice)
5,node_0278,node_0251,0.96,24,active,voter (Total-weighted random choice)
5,node_0279,node_0449,0.76,3425,active,voter (Total-weighted random choice)
5,node_0280,node_0023,1.20,9247,rejected,voter (Total-weighted random choice)
5,node_0281,node_0449,0.89,9229,active,voter (Total-weighted random choice)
5,node_0282,node_0282,1.00,6855,active,self-vote (candidate self-stake)
5,node_0283,node_0063,0.74,2408,active,voter (Total-weighted random choice)
5,node_0284,node_0107,0.76,1386,active,voter (Total-weighted random choice)
5,node_0285,node_0105,1.32,5023,active,voter (Total-weighted random choice)
5,node_0286,node_0105,1.49,438,active,voter (Total-weighted random choice)
5,node_0287,node_0023,0.62,9247,active,voter (Total-weighted random choice)
5,node_0288,node_0396,1.46,2788,active,voter (Total-weighted random choice)
5,node_0289,node_0415,0.74,4896,active,voter (Total-weighted random choice)
5,node_0290,node_0211,0.73,9125,active,voter (Total-weighted random choice)
5,node_0291,node_0405,0.59,2380,active,voter (Total-weighted random choice)
5,node_0292,node_0019,1.17,7609,active,voter (Total-weighted random choice)
5,node_0293,node_0333,1.48,4531,active,voter (Total-weighted random choice)
5,node_0294,node_0294,1.00,9014,active,self-vote (candidate self-stake)
5,node_0295,node_0344,1.39,7925,active,voter (Total-weighted random choice)
5,node_0296,node_0276,0.59,1781,active,voter (Total-weighted random choice)
5,node_0297,node_0405,1.30,696,active,voter (Total-weighted random choice)
5,node_0298,node_0298,1.00,1053,active,self-vote (candidate self-stake)
5,node_0299,node_0405,1.43,1330,active,voter (Total-weighted random choice)
5,node_0300,node_0327,1.33,7255,active,voter (Total-weighted random choice)
5,node_0301,node_0405,0.62,850,active,voter (Total-weighted random choice)
5,node_0302,node_0457,0.57,4227,active,voter (Total-weighted random choice)
5,node_0303,node_0276,0.95,9167,active,voter (Total-weighted random choice)
5,node_0304,node_0243,0.92,4796,active,voter (Total-weighted random choice)
5,node_0305,node_0305,1.00,4256,active,self-vote (candidate self-stake)
5,node_0306,node_0063,1.21,758,active,voter (Total-weighted random choice)
5,node_0307,node_0414,0.73,8378,active,voter (Total-weighted random choice)
5,node_0308,node_0049,0.56,558,active,voter (Total-weighted random choice)
5,node_0309,node_0211,1.21,4438,rejected,voter (Total-weighted random choice)
5,node_0310,node_0211,0.88,2879,active,voter (Total-weighted random choice)
5,node_0311,node_0152,1.08,10027,active,voter (Total-weighted random choice)
5,node_0312,node_0205,1.32,3431,active,voter (Total-weighted random choice)
5,node_0313,node_0092,1.01,3854,active,voter (Total-weighted random choice)
5,node_0314,node_0458,1.22,2289,active,voter (Total-weighted random choice)
5,node_0315,node_0136,1.48,6595,rejected,voter (Total-weighted random choice)
5,node_0316,node_0243,0.56,8825,active,voter (Total-weighted random choice)
5,node_0317,node_0449,0.69,567,active,voter (Total-weighted random choice)
5,node_0318,node_0166,1.32,9757,active,voter (Total-weighted random choice)
5,node_0319,node_0152,1.48,4037,rejected,voter (Total-weighted random choice)
5,node_0320,node_0023,0.87,2206,active,voter (Total-weighted random choice)
5,node_0321,node_0019,1.08,1884,active,voter (Total-weighted random choice)
5,node_0322,node_0243,1.13,7663,active,voter (Total-weighted random choice)
5,node_0323,node_0243,1.08,215,active,voter (Total-weighted random choice)
5,node_0324,node_0019,1.37,6634,active,voter (Total-weighted random choice)
5,node_0325,node_0458,0.78,9051,active,voter (Total-weighted random choice)
5,node_0326,node_0414,1.35,2384,active,voter (Total-weighted random choice)
5,node_0327,node_0327,1.00,2662,active,self-vote (candidate self-stake)
5,node_0328,node_0333,1.35,39,active,voter (Total-weighted random choice)
5,node_0329,node_0045,0.66,5236,active,voter (Total-weighted random choice)
5,node_0330,node_0298,1.37,12080,active,voter (Total-weighted random choice)
5,node_0331,node_0045,0.79,856,active,voter (Total-weighted random choice)
5,node_0332,node_0462,0.52,6756,active,voter (Total-weighted random choice)
5,node_0333,node_0333,1.00,7475,active,self-vote (candidate self-stake)
5,node_0334,node_0211,0.89,9596,active,voter (Total-weighted random choice)
5,node_0335,node_0063,1.22,2685,active,voter (Total-weighted random choice)
5,node_0336,node_0211,0.99,3019,active,voter (Total-weighted random choice)
5,node_0337,node_0063,0.78,1221,active,voter (Total-weighted random choice)
5,node_0338,node_0023,0.75,1928,active,voter (Total-weighted random choice)
5,node_0339,node_0339,1.00,6296,active,self-vote (candidate self-stake)
5,node_0340,node_0405,0.90,993,active,voter (Total-weighted random choice)
5,node_0341,node_0202,1.13,2826,active,voter (Total-weighted random choice)
5,node_0342,node_0205,1.37,6790,active,voter (Total-weighted random choice)
5,node_0343,node_0189,1.16,9893,active,voter (Total-weighted random choice)
5,node_0344,node_0344,1.00,286,active,self-vote (candidate self-stake)
5,node_0345,node_0339,0.60,760,active,voter (Total-weighted random choice)
5,node_0346,node_0189,0.91,3069,active,voter (Total-weighted random choice)
5,node_0347,node_0205,1.03,6396,active,voter (Total-weighted random choice)
5,node_0348,node_0294,1.47,1398,active,voter (Total-weighted random choice)
5,node_0349,node_0282,1.32,3515,active,voter (Total-weighted random choice)
5,node_0350,node_0063,0.67,1821,active,voter (Total-weighted random choice)
5,node_0351,node_0175,0.55,4498,active,voter (Total-weighted random choice)
5,node_0352,node_0049,0.78,9833,active,voter (Total-weighted random choice)
5,node_0353,node_0282,0.80,7403,active,voter (Total-weighted random choice)
5,node_0354,node_0483,0.70,6503,active,voter (Total-weighted random choice)
5,node_0355,node_0063,1.43,768,active,voter (Total-weighted random choice)
5,node_0356,node_0023,1.00,8443,active,voter (Total-weighted random choice)
5,node_0357,node_0339,1.02,6544,active,voter (Total-weighted random choice)
5,node_0358,node_0045,0.61,9705,active,voter (Total-weighted random choice)
5,node_0359,node_0184,0.88,2296,active,voter (Total-weighted random choice)
5,node_0360,node_0211,0.63,2287,active,voter (Total-weighted random choice)
5,node_0361,node_0205,1.43,1659,rejected,voter (Total-weighted random choice)
5,node_0362,node_0211,0.50,325,active,voter (Total-weighted random choice)
5,node_0363,node_0243,0.67,3817,active,voter (Total-weighted random choice)
5,node_0364,node_0407,1.26,50,active,voter (Total-weighted random choice)
5,node_0365,node_0205,0.56,9587,active,voter (Total-weighted random choice)
5,node_0366,node_0166,1.38,5595,active,voter (Total-weighted random choice)
5,node_0367,node_0327,0.53,5805,active,voter (Total-weighted random choice)
5,node_0368,node_0448,0.59,1667,active,voter (Total-weighted random choice)
5,node_0369,node_0327,0.92,2725,active,voter (Total-weighted random choice)
5,node_0370,node_0333,1.30,3221,active,voter (Total-weighted random choice)
5,node_0371,node_0407,1.16,9992,active,voter (Total-weighted random choice)
5,node_0372,node_0282,1.30,4737,active,voter (Total-weighted random choice)
5,node_0373,node_0243,1.25,6697,active,voter (Total-weighted random choice)
5,node_0374,node_0211,1.04,6421,active,voter (Total-weighted random choice)
5,node_0375,node_0166,1.00,10458,active,voter (Total-weighted random choice)
5,node_0376,node_0063,0.76,11414,active,voter (Total-weighted random choice)
5,node_0377,node_0211,1.20,8957,active,voter (Total-weighted random choice)
5,node_0378,node_0405,0.50,2196,active,voter (Total-weighted random choice)
5,node_0379,node_0294,0.73,6263,active,voter (Total-weighted random choice)
5,node_0380,node_0298,1.40,6936,active,voter (Total-weighted random choice)
5,node_0381,node_0415,0.67,5028,active,voter (Total-weighted random choice)
5,node_0382,node_0276,1.06,1543,active,voter (Total-weighted random choice)
5,node_0383,node_0205,0.98,6504,active,voter (Total-weighted random choice)
5,node_0384,node_0327,1.42,8177,active,voter (Total-weighted random choice)
5,node_0385,node_0385,1.00,1320,active,self-vote (candidate self-stake)
5,node_0386,node_0205,1.45,9200,rejected,voter (Total-weighted random choice)
5,node_0387,node_0092,1.48,8671,active,voter (Total-weighted random choice)
5,node_0388,node_0414,1.37,6688,active,voter (Total-weighted random choice)
5,node_0389,node_0276,0.99,6398,active,voter (Total-weighted random choice)
5,node_0390,node_0414,0.79,4616,active,voter (Total-weighted random choice)
5,node_0391,node_0457,1.13,5794,active,voter (Total-weighted random choice)
5,node_0392,node_0415,0.69,771,active,voter (Total-weighted random choice)
5,node_0393,node_0305,1.06,236,active,voter (Total-weighted random choice)
5,node_0394,node_0136,0.55,2186,active,voter (Total-weighted random choice)
5,node_0395,node_0023,0.75,2582,active,voter (Total-weighted random choice)
5,node_0396,node_0396,1.00,387,active,self-vote (candidate self-stake)
5,node_0397,node_0205,1.32,7145,active,voter (Total-weighted random choice)
5,node_0398,node_0294,1.29,4282,active,voter (Total-weighted random choice)
5,node_0399,node_0414,0.81,3584,active,voter (Total-weighted random choice)
5,node_0400,node_0333,0.51,2491,active,voter (Total-weighted random choice)
5,node_0401,node_0415,1.26,5173,active,voter (Total-weighted random choice)
5,node_0402,node_0305,0.61,2991,active,voter (Total-weighted random choice)
5,node_0403,node_0211,0.95,6935,active,voter (Total-weighted random choice)
5,node_0404,node_0294,1.04,677,active,voter (Total-weighted random choice)
5,node_0405,node_0405,1.00,9670,active,self-vote (candidate self-stake)
5,node_0406,node_0211,1.27,2859,rejected,voter (Total-weighted random choice)
5,node_0407,node_0407,1.00,1184,active,self-vote (candidate self-stake)
5,node_0408,node_0136,0.93,5658,active,voter (Total-weighted random choice)
5,node_0409,node_0243,1.43,2553,active,voter (Total-weighted random choice)
5,node_0410,node_0276,0.52,10141,active,voter (Total-weighted random choice)
5,node_0411,node_0092,0.78,2448,active,voter (Total-weighted random choice)
5,node_0412,node_0276,1.12,722,active,voter (Total-weighted random choice)
5,node_0413,node_0175,1.34,9167,active,voter (Total-weighted random choice)
5,node_0414,node_0414,1.00,4767,active,self-vote (candidate self-stake)
5,node_0415,node_0415,1.00,4529,active,self-vote (candidate self-stake)
5,node_0416,node_0023,0.92,9718,active,voter (Total-weighted random choice)
5,node_0417,node_0119,1.19,41,active,voter (Total-weighted random choice)
5,node_0418,node_0385,0.53,409,active,voter (Total-weighted random choice)
5,node_0419,node_0175,0.88,1617,active,voter (Total-weighted random choice)
5,node_0420,node_0152,1.22,5008,rejected,voter (Total-weighted random choice)
5,node_0421,node_0211,0.91,7656,active,voter (Total-weighted random choice)
5,node_0422,node_0415,1.36,9533,active,voter (Total-weighted random choice)
5,node_0423,node_0407,1.48,951,active,voter (Total-weighted random choice)
5,node_0424,node_0029,0.78,6607,active,voter (Total-weighted random choice)
5,node_0425,node_0327,1.13,6089,active,voter (Total-weighted random choice)
5,node_0426,node_0405,0.91,7603,active,voter (Total-weighted random choice)
5,node_0427,node_0023,1.04,946,active,voter (Total-weighted random choice)
5,node_0428,node_0154,0.52,6640,active,voter (Total-weighted random choice)
5,node_0429,node_0184,0.88,1023,active,voter (Total-weighted random choice)
5,node_0430,node_0189,1.43,3010,active,voter (Total-weighted random choice)
5,node_0431,node_0136,0.67,8173,active,voter (Total-weighted random choice)
5,node_0432,node_0333,1.14,6917,active,voter (Total-weighted random choice)
5,node_0433,node_0305,1.10,98,active,voter (Total-weighted random choice)
5,node_0434,node_0029,0.60,8545,active,voter (Total-weighted random choice)
5,node_0435,node_0152,0.74,5106,active,voter (Total-weighted random choice)
5,node_0436,node_0184,1.47,5576,active,voter (Total-weighted random choice)
5,node_0437,node_0019,0.80,2195,active,voter (Total-weighted random choice)
5,node_0438,node_0448,1.03,1251,active,voter (Total-weighted random choice)
5,node_0439,node_0243,1.24,6410,active,voter (Total-weighted random choice)
5,node_0440,node_0448,1.09,8732,active,voter (Total-weighted random choice)
5,node_0441,node_0092,0.69,8252,active,voter (Total-weighted random choice)
5,node_0442,node_0063,0.90,9433,active,voter (Total-weighted random choice)
5,node_0443,node_0211,0.87,5093,active,voter (Total-weighted random choice)
5,node_0444,node_0483,0.90,10519,active,voter (Total-weighted random choice)
5,node_0445,node_0344,0.53,7849,active,voter (Total-weighted random choice)
5,node_0446,node_0251,1.41,3752,active,voter (Total-weighted random choice)
5,node_0447,node_0305,1.00,9929,active,voter (Total-weighted random choice)
5,node_0448,node_0448,1.00,12856,active,self-vote (candidate self-stake)
5,node_0449,node_0449,1.00,7945,active,self-vote (candidate self-stake)
5,node_0450,node_0154,1.26,3987,active,voter (Total-weighted random choice)
5,node_0451,node_0451,1.00,320,active,self-vote (candidate self-stake)
5,node_0452,node_0023,0.88,167,active,voter (Total-weighted random choice)
5,node_0453,node_0327,0.87,508,active,voter (Total-weighted random choice)
5,node_0454,node_0396,1.02,7383,active,voter (Total-weighted random choice)
5,node_0455,node_0451,1.41,4962,active,voter (Total-weighted random choice)
5,node_0456,node_0202,1.45,6009,active,voter (Total-weighted random choice)
5,node_0457,node_0457,1.00,9244,active,self-vote (candidate self-stake)
5,node_0458,node_0458,1.00,334,active,self-vote (candidate self-stake)
5,node_0459,node_0333,1.49,4136,active,voter (Total-weighted random choice)
5,node_0460,node_0166,1.07,6118,active,voter (Total-weighted random choice)
5,node_0461,node_0457,0.96,6286,active,voter (Total-weighted random choice)
5,node_0462,node_0462,1.00,2744,active,self-vote (candidate self-stake)
5,node_0463,node_0449,1.18,5179,active,voter (Total-weighted random choice)
5,node_0464,node_0136,0.76,1154,active,voter (Total-weighted random choice)
5,node_0465,node_0136,1.03,6944,active,voter (Total-weighted random choice)
5,node_0466,node_0449,0.98,6671,active,voter (Total-weighted random choice)
5,node_0467,node_0166,0.87,6621,active,voter (Total-weighted random choice)
5,node_0468,node_0189,1.35,3832,active,voter (Total-weighted random choice)
5,node_0469,node_0105,1.16,2114,active,voter (Total-weighted random choice)
5,node_0470,node_0152,1.19,9617,active,voter (Total-weighted random choice)
5,node_0471,node_0449,0.95,4674,active,voter (Total-weighted random choice)
5,node_0472,node_0458,0.99,11390,active,voter (Total-weighted random choice)
5,node_0473,node_0152,0.84,1920,active,voter (Total-weighted random choice)
5,node_0474,node_0045,1.15,4840,active,voter (Total-weighted random choice)
5,node_0475,node_0282,1.13,3523,active,voter (Total-weighted random choice)
5,node_0476,node_0327,1.42,10688,active,voter (Total-weighted random choice)
5,node_0477,node_0276,0.84,3687,active,voter (Total-weighted random choice)
5,node_0478,node_0023,1.16,2576,rejected,voter (Total-weighted random choice)
5,node_0479,node_0152,1.03,8855,active,voter (Total-weighted random choice)
5,node_0480,node_0136,1.10,12688,active,voter (Total-weighted random choice)
5,node_0481,node_0458,1.03,4078,active,voter (Total-weighted random choice)
5,node_0482,node_0153,1.04,3734,active,voter (Total-weighted random choice)
5,node_0483,node_0483,1.00,6020,active,self-vote (candidate self-stake)
5,node_0484,node_0333,1.24,10828,active,voter (Total-weighted random choice)
5,node_0485,node_0166,0.92,832,active,voter (Total-weighted random choice)
5,node_0486,node_0298,0.88,7420,active,voter (Total-weighted random choice)
5,node_0487,node_0462,1.18,6739,active,voter (Total-weighted random choice)
5,node_0488,node_0458,1.35,7697,active,voter (Total-weighted random choice)
5,node_0489,node_0092,1.23,6862,active,voter (Total-weighted random choice)
5,node_0490,node_0205,0.51,4884,active,voter (Total-weighted random choice)
5,node_0491,node_0049,0.87,4911,active,voter (Total-weighted random choice)
5,node_0492,node_0136,0.76,1394,active,voter (Total-weighted random choice)
5,node_0493,node_0415,0.77,2262,active,voter (Total-weighted random choice)
5,node_0494,node_0175,0.72,7703,active,voter (Total-weighted random choice)
5,node_0495,node_0457,1.20,6779,active,voter (Total-weighted random choice)
5,node_0496,node_0339,0.75,475,active,voter (Total-weighted random choice)
5,node_0497,node_0136,1.11,1327,rejected,voter (Total-weighted random choice)
5,node_0498,node_0153,0.80,2858,active,voter (Total-weighted random choice)
5,node_0499,node_0327,1.34,5174,active,voter (Total-weighted random choice)
5,node_0500,node_0451,1.23,7063,active,voter (Total-weighted random choice)
6,node_0001,node_0001,1.00,3643,active,self-vote (candidate self-stake)
6,node_0002,node_0002,1.00,3520,active,self-vote (candidate self-stake)
6,node_0003,node_0208,0.57,11175,active,voter (Total-weighted random choice)
6,node_0004,node_0480,0.82,87,active,voter (Total-weighted random choice)
6,node_0005,node_0005,1.00,3947,active,self-vote (candidate self-stake)
6,node_0006,node_0208,0.57,9743,active,voter (Total-weighted random choice)
6,node_0007,node_0007,1.00,3593,active,self-vote (candidate self-stake)
6,node_0008,node_0166,0.94,42,active,voter (Total-weighted random choice)
6,node_0009,node_0296,1.06,7293,active,voter (Total-weighted random choice)
6,node_0010,node_0377,0.70,4963,active,voter (Total-weighted random choice)
6,node_0011,node_0140,0.71,85,active,voter (Total-weighted random choice)
6,node_0012,node_0001,0.87,5105,active,voter (Total-weighted random choice)
6,node_0013,node_0338,0.96,1632,active,voter (Total-weighted random choice)
6,node_0014,node_0391,1.30,8915,active,voter (Total-weighted random choice)
6,node_0015,node_0477,1.15,6132,active,voter (Total-weighted random choice)
6,node_0016,node_0016,1.00,1761,active,self-vote (candidate self-stake)
6,node_0017,node_0379,1.17,1732,rejected,voter (Total-weighted random choice)
6,node_0018,node_0016,0.70,5117,active,voter (Total-weighted random choice)
6,node_0019,node_0007,0.61,1828,active,voter (Total-weighted random choice)
6,node_0020,node_0078,1.04,6104,active,voter (Total-weighted random choice)
6,node_0021,node_0021,1.00,1584,active,self-vote (candidate self-stake)
6,node_0022,node_0458,1.11,1797,active,voter (Total-weighted random choice)
6,node_0023,node_0208,1.41,9538,rejected,voter (Total-weighted random choice)
6,node_0024,node_0140,0.96,130,active,voter (Total-weighted random choice)
6,node_0025,node_0016,1.12,4996,active,voter (Total-weighted random choice)
6,node_0026,node_0026,1.00,3811,active,self-vote (candidate self-stake)
6,node_0027,node_0078,1.43,4014,active,voter (Total-weighted random choice)
6,node_0028,node_0296,1.49,7389,rejected,voter (Total-weighted random choice)
6,node_0029,node_0029,1.00,4179,active,self-vote (candidate self-stake)
6,node_0030,node_0078,0.93,12901,active,voter (Total-weighted random choice)
6,node_0031,node_0048,0.51,4814,active,voter (Total-weighted random choice)
6,node_0032,node_0480,1.21,7309,active,voter (Total-weighted random choice)
6,node_0033,node_0477,0.74,591,active,voter (Total-weighted random choice)
6,node_0034,node_0379,0.69,8181,active,voter (Total-weighted random choice)
6,node_0035,node_0106,0.84,5472,active,voter (Total-weighted random choice)
6,node_0036,node_0208,0.95,12849,active,voter (Total-weighted random choice)
6,node_0037,node_0037,1.00,387,active,self-vote (candidate self-stake)
6,node_0038,node_0208,1.01,6193,rejected,voter (Total-weighted random choice)
6,node_0039,node_0296,1.14,3481,active,voter (Total-weighted random choice)
6,node_0040,node_0402,1.49,8105,active,voter (Total-weighted random choice)
6,node_0041,node_0007,0.63,4005,active,voter (Total-weighted random choice)
6,node_0042,node_0135,0.60,2262,active,voter (Total-weighted random choice)
6,node_0043,node_0047,1.11,7493,active,voter (Total-weighted random choice)
6,node_0044,node_0078,0.59,10902,active,voter (Total-weighted random choice)
6,node_0045,node_0029,1.21,2177,active,voter (Total-weighted random choice)
6,node_0046,node_0078,1.04,3149,active,voter (Total-weighted random choice)
6,node_0047,node_0047,1.00,1155,active,self-vote (candidate self-stake)
6,node_0048,node_0048,1.00,13099,active,self-vote (candidate self-stake)
6,node_0049,node_0037,1.30,8871,active,voter (Total-weighted random choice)
6,node_0050,node_0379,1.12,6681,active,voter (Total-weighted random choice)
6,node_0051,node_0266,1.18,2207,active,voter (Total-weighted random choice)
6,node_0052,node_0140,1.09,5366,active,voter (Total-weighted random choice)
6,node_0053,node_0005,1.00,9665,active,voter (Total-weighted random choice)
6,node_0054,node_0118,1.02,2246,active,voter (Total-weighted random choice)
6,node_0055,node_0007,1.47,3084,rejected,voter (Total-weighted random choice)
6,node_0056,node_0477,1.04,10551,active,voter (Total-weighted random choice)
6,node_0057,node_0148,1.24,1145,active,voter (Total-weighted random choice)
6,node_0058,node_0047,0.80,5837,active,voter (Total-weighted random choice)
6,node_0059,node_0166,1.42,6187,rejected,voter (Total-weighted random choice)
6,node_0060,node_0390,0.89,9291,active,voter (Total-weighted random choice)
6,node_0061,node_0140,1.39,4514,active,voter (Total-weighted random choice)
6,node_0062,node_0106,1.25,3226,active,voter (Total-weighted random choice)
6,node_0063,node_0159,1.12,6477,active,voter (Total-weighted random choice)
6,node_0064,node_0078,1.47,895,active,voter (Total-weighted random choice)
6,node_0065,node_0005,1.03,250,active,voter (Total-weighted random choice)
6,node_0066,node_0338,0.55,858,active,voter (Total-weighted random choice)
6,node_0067,node_0007,0.92,12340,active,voter (Total-weighted random choice)
6,node_0068,node_0005,1.31,2095,active,voter (Total-weighted random choice)
6,node_0069,node_0477,0.72,1461,active,voter (Total-weighted random choice)
6,node_0070,node_0379,0.71,980,active,voter (Total-weighted random choice)
6,node_0071,node_0228,1.19,484,active,voter (Total-weighted random choice)
6,node_0072,node_0166,0.66,3248,active,voter (Total-weighted random choice)
6,node_0073,node_0135,1.40,3999,active,voter (Total-weighted random choice)
6,node_0074,node_0477,1.39,1822,rejected,voter (Total-weighted random choice)
6,node_0075,node_0393,0.58,5173,active,voter (Total-weighted random choice)
6,node_0076,node_0338,1.47,3817,active,voter (Total-weighted random choice)
6,node_0077,node_0402,1.31,1760,active,voter (Total-weighted random choice)
6,node_0078,node_0078,1.00,113,active,self-vote (candidate self-stake)
6,node_0079,node_0005,0.78,3407,active,voter (Total-weighted random choice)
6,node_0080,node_0301,0.85,9010,active,voter (Total-weighted random choice)
6,node_0081,node_0148,1.18,1572,active,voter (Total-weighted random choice)
6,node_0082,node_0078,1.41,2139,active,voter (Total-weighted random choice)
6,node_0083,node_0228,1.31,2920,active,voter (Total-weighted random choice)
6,node_0084,node_0001,1.14,8949,active,voter (Total-weighted random choice)
6,node_0085,node_0026,1.03,5464,active,voter (Total-weighted random choice)
6,node_0086,node_0140,1.24,3084,active,voter (Total-weighted random choice)
6,node_0087,node_0002,0.90,4378,active,voter (Total-weighted random choice)
6,node_0088,node_0048,1.39,5040,active,voter (Total-weighted random choice)
6,node_0089,node_0391,0.88,267,active,voter (Total-weighted random choice)
6,node_0090,node_0007,1.33,277,active,voter (Total-weighted random choice)
6,node_0091,node_0026,1.06,1639,active,voter (Total-weighted random choice)
6,node_0092,node_0458,1.11,3180,active,voter (Total-weighted random choice)
6,node_0093,node_0166,0.54,9242,active,voter (Total-weighted random choice)
6,node_0094,node_0458,1.30,9724,active,voter (Total-weighted random choice)
6,node_0095,node_0106,1.22,536,active,voter (Total-weighted random choice)
6,node_0096,node_0005,1.00,3570,active,voter (Total-weighted random choice)
6,node_0097,node_0135,0.76,8727,active,voter (Total-weighted random choice)
6,node_0098,node_0007,0.68,9573,active,voter (Total-weighted random choice)
6,node_0099,node_0001,0.56,824,active,voter (Total-weighted random choice)
6,node_0100,node_0208,1.16,8533,rejected,voter (Total-weighted random choice)
6,node_0101,node_0001,0.60,497,active,voter (Total-weighted random choice)
6,node_0102,node_0379,1.23,547,rejected,voter (Total-weighted random choice)
6,node_0103,node_0228,0.90,4002,active,voter (Total-weighted random choice)
6,node_0104,node_0391,1.37,8807,active,voter (Total-weighted random choice)
6,node_0105,node_0166,0.98,3626,active,voter (Total-weighted random choice)
6,node_0106,node_0106,1.00,9270,active,self-vote (candidate self-stake)
6,node_0107,node_0477,1.10,10619,active,voter (Total-weighted random choice)
6,node_0108,node_0108,1.00,1733,active,self-vote (candidate self-stake)
6,node_0109,node_0047,0.73,699,active,voter (Total-weighted random choice)
6,node_0110,node_0148,1.46,3956,active,voter (Total-weighted random choice)
6,node_0111,node_0391,0.68,12824,active,voter (Total-weighted random choice)
6,node_0112,node_0338,0.80,2384,active,voter (Total-weighted random choice)
6,node_0113,node_0296,0.91,1954,active,voter (Total-weighted random choice)
6,node_0114,node_0480,1.23,7288,active,voter (Total-weighted random choice)
6,node_0115,node_0007,0.50,6976,active,voter (Total-weighted random choice)
6,node_0116,node_0140,0.88,5119,active,voter (Total-weighted random choice)
6,node_0117,node_0159,1.13,5871,active,voter (Total-weighted random choice)
6,node_0118,node_0118,1.00,4418,active,self-vote (candidate self-stake)
6,node_0119,node_0379,0.67,6157,active,voter (Total-weighted random choice)
6,node_0120,node_0301,0.73,1611,active,voter (Total-weighted random choice)
6,node_0121,node_0301,0.63,6312,active,voter (Total-weighted random choice)
6,node_0122,node_0148,0.73,4028,active,voter (Total-weighted random choice)
6,node_0123,node_0007,0.96,9005,active,voter (Total-weighted random choice)
6,node_0124,node_0338,1.13,3237,active,voter (Total-weighted random choice)
6,node_0125,node_0379,0.62,3586,active,voter (Total-weighted random choice)
6,node_0126,node_0158,0.85,645,active,voter (Total-weighted random choice)
6,node_0127,node_0208,0.87,6441,active,voter (Total-weighted random choice)
6,node_0128,node_0021,0.51,7746,active,voter (Total-weighted random choice)
6,node_0129,node_0379,0.80,8104,active,voter (Total-weighted random choice)
6,node_0130,node_0228,0.57,3608,active,voter (Total-weighted random choice)
6,node_0131,node_0458,0.54,1221,active,voter (Total-weighted random choice)
6,node_0132,node_0458,0.50,5622,active,voter (Total-weighted random choice)
6,node_0133,node_0118,0.59,4797,active,voter (Total-weighted random choice)
6,node_0134,node_0047,1.31,5943,active,voter (Total-weighted random choice)
6,node_0135,node_0135,1.00,6306,active,self-vote (candidate self-stake)
6,node_0136,node_0208,0.98,12690,active,voter (Total-weighted random choice)
6,node_0137,node_0208,1.26,6116,rejected,voter (Total-weighted random choice)
6,node_0138,node_0477,0.74,9933,active,voter (Total-weighted random choice)
6,node_0139,node_0029,1.08,6177,active,voter (Total-weighted random choice)
6,node_0140,node_0140,1.00,9611,active,self-vote (candidate self-stake)
6,node_0141,node_0228,0.55,6777,active,voter (Total-weighted random choice)
6,node_0142,node_0037,1.40,8813,active,voter (Total-weighted random choice)
6,node_0143,node_0078,1.07,959,active,voter (Total-weighted random choice)
6,node_0144,node_0325,0.64,115,active,voter (Total-weighted random choice)
6,node_0145,node_0166,1.36,4235,rejected,voter (Total-weighted random choice)
6,node_0146,node_0461,1.18,3363,active,voter (Total-weighted random choice)
6,node_0147,node_0118,0.66,7979,active,voter (Total-weighted random choice)
6,node_0148,node_0148,1.00,4693,active,self-vote (candidate self-stake)
6,node_0149,node_0443,1.00,7976,active,voter (Total-weighted random choice)
6,node_0150,node_0021,1.24,3614,active,voter (Total-weighted random choice)
6,node_0151,node_0148,0.50,2008,active,voter (Total-weighted random choice)
6,node_0152,node_0047,0.60,3258,active,voter (Total-weighted random choice)
6,node_0153,node_0153,1.00,516,active,self-vote (candidate self-stake)
6,node_0154,node_0048,0.82,7839,active,voter (Total-weighted random choice)
6,node_0155,node_0078,1.14,9001,active,voter (Total-weighted random choice)
6,node_0156,node_0135,1.26,4537,active,voter (Total-weighted random choice)
6,node_0157,node_0048,0.55,8140,active,voter (Total-weighted random choice)
6,node_0158,node_0158,1.00,8943,active,self-vote (candidate self-stake)
6,node_0159,node_0159,1.00,3786,active,self-vote (candidate self-stake)
6,node_0160,node_0325,1.31,4118,active,voter (Total-weighted random choice)
6,node_0161,node_0007,0.86,4512,active,voter (Total-weighted random choice)
6,node_0162,node_0166,0.80,5435,active,voter (Total-weighted random choice)
6,node_0163,node_0480,0.82,2156,active,voter (Total-weighted random choice)
6,node_0164,node_0402,1.28,1509,active,voter (Total-weighted random choice)
6,node_0165,node_0048,0.65,6596,active,voter (Total-weighted random choice)
6,node_0166,node_0166,1.00,7036,active,self-vote (candidate self-stake)
6,node_0167,node_0228,1.39,6811,active,voter (Total-weighted random choice)
6,node_0168,node_0158,0.56,11173,active,voter (Total-weighted random choice)
6,node_0169,node_0106,1.21,3827,active,voter (Total-weighted random choice)
6,node_0170,node_0148,1.15,8781,active,voter (Total-weighted random choice)
6,node_0171,node_0106,1.34,8915,active,voter (Total-weighted random choice)
6,node_0172,node_0391,0.75,8917,active,voter (Total-weighted random choice)
6,node_0173,node_0106,1.22,6235,active,voter (Total-weighted random choice)
6,node_0174,node_0166,1.38,3311,rejected,voter (Total-weighted random choice)
6,node_0175,node_0135,1.29,6433,active,voter (Total-weighted random choice)
6,node_0176,node_0158,1.27,574,active,voter (Total-weighted random choice)
6,node_0177,node_0140,0.99,8837,active,voter (Total-weighted random choice)
6,node_0178,node_0118,1.16,7657,active,voter (Total-weighted random choice)
6,node_0179,node_0228,1.11,5946,active,voter (Total-weighted random choice)
6,node_0180,node_0266,0.56,5281,active,voter (Total-weighted random choice)
6,node_0181,node_0140,0.76,4501,active,voter (Total-weighted random choice)
6,node_0182,node_0078,1.37,867,active,voter (Total-weighted random choice)
6,node_0183,node_0037,1.45,8877,active,voter (Total-weighted random choice)
6,node_0184,node_0461,0.93,405,active,voter (Total-weighted random choice)
6,node_0185,node_0379,0.50,5086,active,voter (Total-weighted random choice)
6,node_0186,node_0106,0.58,3410,active,voter (Total-weighted random choice)
6,node_0187,node_0208,1.43,10615,rejected,voter (Total-weighted random choice)
6,node_0188,node_0001,0.66,3023,active,voter (Total-weighted random choice)
6,node_0189,node_0048,1.10,9530,active,voter (Total-weighted random choice)
6,node_0190,node_0477,1.15,3070,active,voter (Total-weighted random choice)
6,node_0191,node_0208,0.96,9519,active,voter (Total-weighted random choice)
6,node_0192,node_0379,0.60,10872,active,voter (Total-weighted random choice)
6,node_0193,node_0325,0.56,7549,active,voter (Total-weighted random choice)
6,node_0194,node_0048,1.34,2757,active,voter (Total-weighted random choice)
6,node_0195,node_0048,1.26,464,active,voter (Total-weighted random choice)
6,node_0196,node_0379,1.31,12432,rejected,voter (Total-weighted random choice)
6,node_0197,node_0001,1.12,4841,active,voter (Total-weighted random choice)
6,node_0198,node_0166,0.81,352,active,voter (Total-weighted random choice)
6,node_0199,node_0208,0.70,38,active,voter (Total-weighted random choice)
6,node_0200,node_0166,0.91,1172,active,voter (Total-weighted random choice)
6,node_0201,node_0118,0.68,6991,active,voter (Total-weighted random choice)
6,node_0202,node_0158,0.94,2799,active,voter (Total-weighted random choice)
6,node_0203,node_0078,1.05,9172,active,voter (Total-weighted random choice)
6,node_0204,node_0021,0.82,5412,active,voter (Total-weighted random choice)
6,node_0205,node_0135,0.89,6928,active,voter (Total-weighted random choice)
6,node_0206,node_0048,1.50,3828,rejected,voter (Total-weighted random choice)
6,node_0207,node_0379,1.06,7438,active,voter (Total-weighted random choice)
6,node_0208,node_0208,1.00,4962,active,self-vote (candidate self-stake)
6,node_0209,node_0118,1.25,4017,active,voter (Total-weighted random choice)
6,node_0210,node_0208,0.62,4596,active,voter (Total-weighted random choice)
6,node_0211,node_0047,0.68,11893,active,voter (Total-weighted random choice)
6,node_0212,node_0394,1.03,1436,active,voter (Total-weighted random choice)
6,node_0213,node_0379,1.46,8843,rejected,voter (Total-weighted random choice)
6,node_0214,node_0208,1.10,7494,rejected,voter (Total-weighted random choice)
6,node_0215,node_0477,0.74,10147,active,voter (Total-weighted random choice)
6,node_0216,node_0379,1.15,2836,rejected,voter (Total-weighted random choice)
6,node_0217,node_0208,0.55,6052,active,voter (Total-weighted random choice)
6,node_0218,node_0458,0.83,8771,active,voter (Total-weighted random choice)
6,node_0219,node_0016,0.97,6453,active,voter (Total-weighted random choice)
6,node_0220,node_0048,0.69,3956,active,voter (Total-weighted random choice)
6,node_0221,node_0048,1.24,5496,active,voter (Total-weighted random choice)
6,node_0222,node_0208,1.01,3011,rejected,voter (Total-weighted random choice)
6,node_0223,node_0048,1.10,1813,active,voter (Total-weighted random choice)
6,node_0224,node_0443,1.31,6256,active,voter (Total-weighted random choice)
6,node_0225,node_0140,0.60,989,active,voter (Total-weighted random choice)
6,node_0226,node_0029,0.82,3612,active,voter (Total-weighted random choice)
6,node_0227,node_0208,0.70,395,active,voter (Total-weighted random choice)
6,node_0228,node_0228,1.00,4655,active,self-vote (candidate self-stake)
6,node_0229,node_0140,0.81,7629,active,voter (Total-weighted random choice)
6,node_0230,node_0007,1.26,7767,active,voter (Total-weighted random choice)
6,node_0231,node_0037,1.41,11319,active,voter (Total-weighted random choice)
6,node_0232,node_0266,0.83,7524,active,voter (Total-weighted random choice)
6,node_0233,node_0208,1.19,2311,rejected,voter (Total-weighted random choice)
6,node_0234,node_0477,1.42,1197,rejected,voter (Total-weighted random choice)
6,node_0235,node_0153,0.54,7698,active,voter (Total-weighted random choice)
6,node_0236,node_0048,1.45,1894,rejected,voter (Total-weighted random choice)
6,node_0237,node_0477,1.13,326,active,voter (Total-weighted random choice)
6,node_0238,node_0029,1.31,14097,active,voter (Total-weighted random choice)
6,node_0239,node_0153,1.35,7200,active,voter (Total-weighted random choice)
6,node_0240,node_0393,1.22,3451,active,voter (Total-weighted random choice)
6,node_0241,node_0377,0.68,4742,active,voter (Total-weighted random choice)
6,node_0242,node_0048,0.79,793,active,voter (Total-weighted random choice)
6,node_0243,node_0296,0.79,4603,active,voter (Total-weighted random choice)
6,node_0244,node_0458,1.49,1128,active,voter (Total-weighted random choice)
6,node_0245,node_0118,0.94,1716,active,voter (Total-weighted random choice)
6,node_0246,node_0301,1.40,12441,active,voter (Total-weighted random choice)
6,node_0247,node_0048,0.72,4166,active,voter (Total-weighted random choice)
6,node_0248,node_0153,1.19,10207,active,voter (Total-weighted random choice)
6,node_0249,node_0159,0.92,4545,active,voter (Total-weighted random choice)
6,node_0250,node_0037,0.60,7974,active,voter (Total-weighted random choice)
6,node_0251,node_0016,1.16,3863,active,voter (Total-weighted random choice)
6,node_0252,node_0458,0.85,328,active,voter (Total-weighted random choice)
6,node_0253,node_0007,1.43,10203,active,voter (Total-weighted random choice)
6,node_0254,node_0402,1.08,8902,active,voter (Total-weighted random choice)
6,node_0255,node_0118,1.12,8506,active,voter (Total-weighted random choice)
6,node_0256,node_0379,0.59,7102,active,voter (Total-weighted random choice)
6,node_0257,node_0106,1.22,8379,active,voter (Total-weighted random choice)
6,node_0258,node_0001,0.87,665,active,voter (Total-weighted random choice)
6,node_0259,node_0158,1.46,5193,active,voter (Total-weighted random choice)
6,node_0260,node_0325,0.84,8351,active,voter (Total-weighted random choice)
6,node_0261,node_0005,0.66,7483,active,voter (Total-weighted random choice)
6,node_0262,node_0140,1.41,8112,active,voter (Total-weighted random choice)
6,node_0263,node_0118,1.20,8263,active,voter (Total-weighted random choice)
6,node_0264,node_0135,0.52,1174,active,voter (Total-weighted random choice)
6,node_0265,node_0002,1.19,7085,active,voter (Total-weighted random choice)
6,node_0266,node_0266,1.00,6332,active,self-vote (candidate self-stake)
6,node_0267,node_0166,1.16,8449,active,voter (Total-weighted random choice)
6,node_0268,node_0048,0.58,5669,active,voter (Total-weighted random choice)
6,node_0269,node_0153,0.84,7520,active,voter (Total-weighted random choice)
6,node_0270,node_0001,1.16,8886,active,voter (Total-weighted random choice)
6,node_0271,node_0140,0.75,1288,active,voter (Total-weighted random choice)
6,node_0272,node_0135,1.49,7662,active,voter (Total-weighted random choice)
6,node_0273,node_0477,0.92,3682,active,voter (Total-weighted random choice)
6,node_0274,node_0106,1.05,8954,active,voter (Total-weighted random choice)
6,node_0275,node_0447,0.73,2702,active,voter (Total-weighted random choice)
6,node_0276,node_0461,0.89,3993,active,voter (Total-weighted random choice)
6,node_0277,node_0078,0.76,9754,active,voter (Total-weighted random choice)
6,node_0278,node_0377,0.51,286,active,voter (Total-weighted random choice)
6,node_0279,node_0402,1.46,3451,active,voter (Total-weighted random choice)
6,node_0280,node_0153,1.17,7995,active,voter (Total-weighted random choice)
6,node_0281,node_0477,1.29,9308,active,voter (Total-weighted random choice)
6,node_0282,node_0325,0.71,6162,active,voter (Total-weighted random choice)
6,node_0283,node_0393,1.35,2754,active,voter (Total-weighted random choice)
6,node_0284,node_0447,1.05,1433,active,voter (Total-weighted random choice)
6,node_0285,node_0002,0.71,5096,active,voter (Total-weighted random choice)
6,node_0286,node_0078,0.82,857,active,voter (Total-weighted random choice)
6,node_0287,node_0002,1.14,9129,active,voter (Total-weighted random choice)
6,node_0288,node_0402,1.48,2324,active,voter (Total-weighted random choice)
6,node_0289,node_0296,0.87,5215,active,voter (Total-weighted random choice)
6,node_0290,node_0021,1.48,9358,active,voter (Total-weighted random choice)
6,node_0291,node_0037,1.17,2757,active,voter (Total-weighted random choice)
6,node_0292,node_0153,0.71,7130,active,voter (Total-weighted random choice)
6,node_0293,node_0118,0.86,4305,active,voter (Total-weighted random choice)
6,node_0294,node_0153,1.37,10141,active,voter (Total-weighted random choice)
6,node_0295,node_0477,0.95,7074,active,voter (Total-weighted random choice)
6,node_0296,node_0296,1.00,1604,active,self-vote (candidate self-stake)
6,node_0297,node_0153,1.25,992,active,voter (Total-weighted random choice)
6,node_0298,node_0379,0.95,1529,active,voter (Total-weighted random choice)
6,node_0299,node_0135,0.96,1402,active,voter (Total-weighted random choice)
6,node_0300,node_0135,1.25,6783,active,voter (Total-weighted random choice)
6,node_0301,node_0301,1.00,1144,active,self-vote (candidate self-stake)
6,node_0302,node_0166,1.10,4259,active,voter (Total-weighted random choice)
6,node_0303,node_0118,1.30,8869,active,voter (Total-weighted random choice)
6,node_0304,node_0447,0.61,4679,active,voter (Total-weighted random choice)
6,node_0305,node_0301,0.61,4535,active,voter (Total-weighted random choice)
6,node_0306,node_0338,1.28,418,active,voter (Total-weighted random choice)
6,node_0307,node_0301,0.79,8154,active,voter (Total-weighted random choice)
6,node_0308,node_0338,0.60,174,active,voter (Total-weighted random choice)
6,node_0309,node_0296,1.27,5106,active,voter (Total-weighted random choice)
6,node_0310,node_0001,0.69,3256,active,voter (Total-weighted random choice)
6,node_0311,node_0338,0.98,10595,active,voter (Total-weighted random choice)
6,node_0312,node_0148,0.51,2965,active,voter (Total-weighted random choice)
6,node_0313,node_0402,1.35,3512,active,voter (Total-weighted random choice)
6,node_0314,node_0158,1.19,2141,active,voter (Total-weighted random choice)
6,node_0315,node_0140,1.04,6501,active,voter (Total-weighted random choice)
6,node_0316,node_0001,0.84,8700,active,voter (Total-weighted random choice)
6,node_0317,node_0047,0.86,592,active,voter (Total-weighted random choice)
6,node_0318,node_0301,0.52,10788,active,voter (Total-weighted random choice)
6,node_0319,node_0078,1.15,4357,active,voter (Total-weighted random choice)
6,node_0320,node_0379,0.95,2652,active,voter (Total-weighted random choice)
6,node_0321,node_0477,1.45,2313,rejected,voter (Total-weighted random choice)
6,node_0322,node_0166,0.83,7900,active,voter (Total-weighted random choice)
6,node_0323,node_0106,1.04,242,active,voter (Total-weighted random choice)
6,node_0324,node_0296,1.20,6299,active,voter (Total-weighted random choice)
6,node_0325,node_0325,1.00,9499,active,self-vote (candidate self-stake)
6,node_0326,node_0001,1.42,2628,active,voter (Total-weighted random choice)
6,node_0327,node_0377,0.62,2258,active,voter (Total-weighted random choice)
6,node_0328,node_0266,1.20,166,active,voter (Total-weighted random choice)
6,node_0329,node_0325,0.95,5975,active,voter (Total-weighted random choice)
6,node_0330,node_0106,1.02,11547,active,voter (Total-weighted random choice)
6,node_0331,node_0153,0.99,507,active,voter (Total-weighted random choice)
6,node_0332,node_0301,0.98,6934,active,voter (Total-weighted random choice)
6,node_0333,node_0325,1.15,8700,active,voter (Total-weighted random choice)
6,node_0334,node_0377,1.23,9615,active,voter (Total-weighted random choice)
6,node_0335,node_0379,0.91,2649,active,voter (Total-weighted random choice)
6,node_0336,node_0002,1.42,3337,active,voter (Total-weighted random choice)
6,node_0337,node_0048,1.47,609,rejected,voter (Total-weighted random choice)
6,node_0338,node_0338,1.00,1642,active,self-vote (candidate self-stake)
6,node_0339,node_0379,1.29,5037,rejected,voter (Total-weighted random choice)
6,node_0340,node_0153,1.37,1368,active,voter (Total-weighted random choice)
6,node_0341,node_0078,1.10,2893,active,voter (Total-weighted random choice)
6,node_0342,node_0447,1.43,7563,active,voter (Total-weighted random choice)
6,node_0343,node_0338,1.40,10443,active,voter (Total-weighted random choice)
6,node_0344,node_0005,1.45,31,active,voter (Total-weighted random choice)
6,node_0345,node_0480,1.34,53,active,voter (Total-weighted random choice)
6,node_0346,node_0390,0.50,3305,active,voter (Total-weighted random choice)
6,node_0347,node_0118,0.78,6339,active,voter (Total-weighted random choice)
6,node_0348,node_0166,1.15,1693,active,voter (Total-weighted random choice)
6,node_0349,node_0296,1.14,3420,active,voter (Total-weighted random choice)
6,node_0350,node_0228,1.48,1338,active,voter (Total-weighted random choice)
6,node_0351,node_0106,0.95,4876,active,voter (Total-weighted random choice)
6,node_0352,node_0390,1.04,10377,active,voter (Total-weighted random choice)
6,node_0353,node_0166,1.40,7111,rejected,voter (Total-weighted random choice)
6,node_0354,node_0007,1.46,6571,rejected,voter (Total-weighted random choice)
6,node_0355,node_0391,1.12,759,active,voter (Total-weighted random choice)
6,node_0356,node_0007,0.99,8304,active,voter (Total-weighted random choice)
6,node_0357,node_0461,1.22,6517,active,voter (Total-weighted random choice)
6,node_0358,node_0037,1.42,10291,active,voter (Total-weighted random choice)
6,node_0359,node_0118,0.66,1673,active,voter (Total-weighted random choice)
6,node_0360,node_0047,1.43,2059,active,voter (Total-weighted random choice)
6,node_0361,node_0325,0.69,1821,active,voter (Total-weighted random choice)
6,node_0362,node_0118,0.97,1330,active,voter (Total-weighted random choice)
6,node_0363,node_0477,1.36,3302,rejected,voter (Total-weighted random choice)
6,node_0364,node_0029,0.77,555,active,voter (Total-weighted random choice)
6,node_0365,node_0394,0.73,9999,active,voter (Total-weighted random choice)
6,node_0366,node_0001,0.66,6228,active,voter (Total-weighted random choice)
6,node_0367,node_0458,0.85,5874,active,voter (Total-weighted random choice)
6,node_0368,node_0158,0.60,963,active,voter (Total-weighted random choice)
6,node_0369,node_0325,0.84,2169,active,voter (Total-weighted random choice)
6,node_0370,node_0135,0.89,3497,active,voter (Total-weighted random choice)
6,node_0371,node_0477,1.24,9363,active,voter (Total-weighted random choice)
6,node_0372,node_0461,1.50,4078,active,voter (Total-weighted random choice)
6,node_0373,node_0016,1.05,6619,active,voter (Total-weighted random choice)
6,node_0374,node_0106,1.40,7346,rejected,voter (Total-weighted random choice)
6,node_0375,node_0228,1.39,10935,active,voter (Total-weighted random choice)
6,node_0376,node_0005,0.65,12772,active,voter (Total-weighted random choice)
6,node_0377,node_0377,1.00,8877,active,self-vote (candidate self-stake)
6,node_0378,node_0135,1.24,2538,active,voter (Total-weighted random choice)
6,node_0379,node_0379,1.00,5714,active,self-vote (candidate self-stake)
6,node_0380,node_0140,1.03,6632,active,voter (Total-weighted random choice)
6,node_0381,node_0447,0.62,5490,active,voter (Total-weighted random choice)
6,node_0382,node_0477,1.35,816,rejected,voter (Total-weighted random choice)
6,node_0383,node_0029,1.27,6179,active,voter (Total-weighted random choice)
6,node_0384,node_0458,1.09,8090,active,voter (Total-weighted random choice)
6,node_0385,node_0266,0.69,693,active,voter (Total-weighted random choice)
6,node_0386,node_0208,0.82,8991,active,voter (Total-weighted random choice)
6,node_0387,node_0228,1.25,8673,active,voter (Total-weighted random choice)
6,node_0388,node_0208,1.38,7403,rejected,voter (Total-weighted random choice)
6,node_0389,node_0140,1.48,6115,rejected,voter (Total-weighted random choice)
6,node_0390,node_0390,1.00,3962,active,self-vote (candidate self-stake)
6,node_0391,node_0391,1.00,6001,active,self-vote (candidate self-stake)
6,node_0392,node_0301,1.49,58,active,voter (Total-weighted random choice)
6,node_0393,node_0393,1.00,177,active,self-vote (candidate self-stake)
6,node_0394,node_0394,1.00,1806,active,self-vote (candidate self-stake)
6,node_0395,node_0026,1.42,2598,active,voter (Total-weighted random choice)
6,node_0396,node_0016,0.54,202,active,voter (Total-weighted random choice)
6,node_0397,node_0228,0.53,7186,active,voter (Total-weighted random choice)
6,node_0398,node_0026,0.78,4307,active,voter (Total-weighted random choice)
6,node_0399,node_0026,0.94,3503,active,voter (Total-weighted random choice)
6,node_0400,node_0153,0.82,3141,active,voter (Total-weighted random choice)
6,node_0401,node_0402,0.63,5388,active,voter (Total-weighted random choice)
6,node_0402,node_0402,1.00,3241,active,self-vote (candidate self-stake)
6,node_0403,node_0140,0.86,7566,active,voter (Total-weighted random choice)
6,node_0404,node_0325,0.70,78,active,voter (Total-weighted random choice)
6,node_0405,node_0159,0.95,11377,active,voter (Total-weighted random choice)
6,node_0406,node_0021,0.82,3073,active,voter (Total-weighted random choice)
6,node_0407,node_0118,1.49,859,rejected,voter (Total-weighted random choice)
6,node_0408,node_0228,1.36,6134,active,voter (Total-weighted random choice)
6,node_0409,node_0379,1.41,2655,rejected,voter (Total-weighted random choice)
6,node_0410,node_0325,0.62,9693,active,voter (Total-weighted random choice)
6,node_0411,node_0153,1.43,2182,active,voter (Total-weighted random choice)
6,node_0412,node_0037,0.61,380,active,voter (Total-weighted random choice)
6,node_0413,node_0140,0.95,8952,active,voter (Total-weighted random choice)
6,node_0414,node_0447,0.69,5165,active,voter (Total-weighted random choice)
6,node_0415,node_0118,1.39,4783,active,voter (Total-weighted random choice)
6,node_0416,node_0166,0.58,10256,active,voter (Total-weighted random choice)
6,node_0417,node_0301,1.08,106,active,voter (Total-weighted random choice)
6,node_0418,node_0016,1.48,566,active,voter (Total-weighted random choice)
6,node_0419,node_0228,0.66,652,active,voter (Total-weighted random choice)
6,node_0420,node_0048,1.26,5433,active,voter (Total-weighted random choice)
6,node_0421,node_0037,1.14,7453,active,voter (Total-weighted random choice)
6,node_0422,node_0208,0.54,10107,active,voter (Total-weighted random choice)
6,node_0423,node_0447,0.53,1114,active,voter (Total-weighted random choice)
6,node_0424,node_0296,0.50,5646,active,voter (Total-weighted random choice)
6,node_0425,node_0158,1.21,5273,active,voter (Total-weighted random choice)
6,node_0426,node_0458,1.33,7813,active,voter (Total-weighted random choice)
6,node_0427,node_0391,1.05,542,active,voter (Total-weighted random choice)
6,node_0428,node_0118,1.31,5807,active,voter (Total-weighted random choice)
6,node_0429,node_0166,1.12,975,active,voter (Total-weighted random choice)
6,node_0430,node_0029,0.67,3252,active,voter (Total-weighted random choice)
6,node_0431,node_0037,0.78,7671,active,voter (Total-weighted random choice)
6,node_0432,node_0007,1.36,7423,active,voter (Total-weighted random choice)
6,node_0433,node_0026,1.45,307,active,voter (Total-weighted random choice)
6,node_0434,node_0166,1.39,9513,rejected,voter (Total-weighted random choice)
6,node_0435,node_0301,1.48,5556,active,voter (Total-weighted random choice)
6,node_0436,node_0301,0.56,5312,active,voter (Total-weighted random choice)
6,node_0437,node_0135,1.37,1921,active,voter (Total-weighted random choice)
6,node_0438,node_0007,1.13,619,active,voter (Total-weighted random choice)
6,node_0439,node_0458,1.10,7146,active,voter (Total-weighted random choice)
6,node_0440,node_0461,1.02,8838,active,voter (Total-weighted random choice)
6,node_0441,node_0148,1.47,8599,active,voter (Total-weighted random choice)
6,node_0442,node_0166,0.51,10159,active,voter (Total-weighted random choice)
6,node_0443,node_0443,1.00,5130,active,self-vote (candidate self-stake)
6,node_0444,node_0296,1.44,10211,active,voter (Total-weighted random choice)
6,node_0445,node_0266,1.36,8253,active,voter (Total-weighted random choice)
6,node_0446,node_0296,1.26,4254,active,voter (Total-weighted random choice)
6,node_0447,node_0447,1.00,10309,active,self-vote (candidate self-stake)
6,node_0448,node_0461,1.07,13837,active,voter (Total-weighted random choice)
6,node_0449,node_0135,1.04,7192,active,voter (Total-weighted random choice)
6,node_0450,node_0461,1.03,3689,active,voter (Total-weighted random choice)
6,node_0451,node_0228,0.73,15,active,voter (Total-weighted random choice)
6,node_0452,node_0166,1.12,188,active,voter (Total-weighted random choice)
6,node_0453,node_0338,1.34,323,active,voter (Total-weighted random choice)
6,node_0454,node_0477,1.33,7555,rejected,voter (Total-weighted random choice)
6,node_0455,node_0296,1.10,4839,active,voter (Total-weighted random choice)
6,node_0456,node_0106,1.09,6227,active,voter (Total-weighted random choice)
6,node_0457,node_0048,1.49,9115,rejected,voter (Total-weighted random choice)
6,node_0458,node_0458,1.00,1050,active,self-vote (candidate self-stake)
6,node_0459,node_0029,1.30,4326,active,voter (Total-weighted random choice)
6,node_0460,node_0029,0.88,6627,active,voter (Total-weighted random choice)
6,node_0461,node_0461,1.00,6848,active,self-vote (candidate self-stake)
6,node_0462,node_0443,0.99,2397,active,voter (Total-weighted random choice)
6,node_0463,node_0391,1.22,4721,active,voter (Total-weighted random choice)
6,node_0464,node_0148,0.79,665,active,voter (Total-weighted random choice)
6,node_0465,node_0228,1.23,7221,active,voter (Total-weighted random choice)
6,node_0466,node_0301,1.18,6220,active,voter (Total-weighted random choice)
6,node_0467,node_0296,0.94,6618,active,voter (Total-weighted random choice)
6,node_0468,node_0159,1.15,3962,active,voter (Total-weighted random choice)
6,node_0469,node_0447,1.35,1367,active,voter (Total-weighted random choice)
6,node_0470,node_0166,0.66,10117,active,voter (Total-weighted random choice)
6,node_0471,node_0228,0.88,4378,active,voter (Total-weighted random choice)
6,node_0472,node_0001,0.50,11613,active,voter (Total-weighted random choice)
6,node_0473,node_0007,0.54,2102,active,voter (Total-weighted random choice)
6,node_0474,node_0379,1.12,5188,rejected,voter (Total-weighted random choice)
6,node_0475,node_0379,0.83,3441,active,voter (Total-weighted random choice)
6,node_0476,node_0026,1.39,10205,active,voter (Total-weighted random choice)
6,node_0477,node_0477,1.00,3507,active,self-vote (candidate self-stake)
6,node_0478,node_0461,1.15,2035,active,voter (Total-weighted random choice)
6,node_0479,node_0394,0.81,9318,active,voter (Total-weighted random choice)
6,node_0480,node_0480,1.00,12772,active,self-vote (candidate self-stake)
6,node_0481,node_0266,1.25,3983,active,voter (Total-weighted random choice)
6,node_0482,node_0391,0.78,3865,active,voter (Total-weighted random choice)
6,node_0483,node_0048,1.50,5998,rejected,voter (Total-weighted random choice)
6,node_0484,node_0296,1.33,11532,active,voter (Total-weighted random choice)
6,node_0485,node_0048,0.95,291,active,voter (Total-weighted random choice)
6,node_0486,node_0016,1.33,7121,active,voter (Total-weighted random choice)
6,node_0487,node_0477,1.31,6488,rejected,voter (Total-weighted random choice)
6,node_0488,node_0106,1.39,6755,active,voter (Total-weighted random choice)
6,node_0489,node_0166,0.89,6916,active,voter (Total-weighted random choice)
6,node_0490,node_0296,1.45,6272,active,voter (Total-weighted random choice)
6,node_0491,node_0001,1.10,4028,active,voter (Total-weighted random choice)
6,node_0492,node_0153,0.57,1553,active,voter (Total-weighted random choice)
6,node_0493,node_0159,0.58,2633,active,voter (Total-weighted random choice)
6,node_0494,node_0158,0.79,7209,active,voter (Total-weighted random choice)
6,node_0495,node_0158,0.95,6568,active,voter (Total-weighted random choice)
6,node_0496,node_0393,0.85,1256,active,voter (Total-weighted random choice)
6,node_0497,node_0108,1.35,1273,active,voter (Total-weighted random choice)
6,node_0498,node_0029,0.53,2903,active,voter (Total-weighted random choice)
6,node_0499,node_0447,1.06,5413,active,voter (Total-weighted random choice)
6,node_0500,node_0379,0.73,6887,active,voter (Total-weighted random choice)
7,node_0001,node_0500,1.16,4106,active,voter (Total-weighted random choice)
7,node_0002,node_0166,1.40,3796,active,voter (Total-weighted random choice)
7,node_0003,node_0293,1.11,11887,active,voter (Total-weighted random choice)
7,node_0004,node_0354,0.85,136,active,voter (Total-weighted random choice)
7,node_0005,node_0363,0.68,3470,active,voter (Total-weighted random choice)
7,node_0006,node_0006,1.00,9422,active,self-vote (candidate self-stake)
7,node_0007,node_0006,0.57,4180,active,voter (Total-weighted random choice)
7,node_0008,node_0426,1.36,204,active,voter (Total-weighted random choice)
7,node_0009,node_0062,0.51,7102,active,voter (Total-weighted random choice)
7,node_0010,node_0455,1.30,5535,active,voter (Total-weighted random choice)
7,node_0011,node_0325,1.48,174,active,voter (Total-weighted random choice)
7,node_0012,node_0457,1.16,4985,active,voter (Total-weighted random choice)
7,node_0013,node_0229,1.37,1581,active,voter (Total-weighted random choice)
7,node_0014,node_0014,1.00,8265,active,self-vote (candidate self-stake)
7,node_0015,node_0462,0.71,6476,active,voter (Total-weighted random choice)
7,node_0016,node_0160,1.38,1132,active,voter (Total-weighted random choice)
7,node_0017,node_0017,1.00,892,active,self-vote (candidate self-stake)
7,node_0018,node_0018,1.00,5093,active,self-vote (candidate self-stake)
7,node_0019,node_0219,0.70,1203,active,voter (Total-weighted random choice)
7,node_0020,node_0097,1.43,5958,active,voter (Total-weighted random choice)
7,node_0021,node_0499,0.74,1976,active,voter (Total-weighted random choice)
7,node_0022,node_0017,1.08,1431,active,voter (Total-weighted random choice)
7,node_0023,node_0006,1.31,9580,active,voter (Total-weighted random choice)
7,node_0024,node_0117,0.90,249,active,voter (Total-weighted random choice)
7,node_0025,node_0343,0.54,4649,active,voter (Total-weighted random choice)
7,node_0026,node_0026,1.00,3986,active,self-vote (candidate self-stake)
7,node_0027,node_0030,0.61,4474,active,voter (Total-weighted random choice)
7,node_0028,node_0028,1.00,7767,active,self-vote (candidate self-stake)
7,node_0029,node_0062,1.30,4291,active,voter (Total-weighted random choice)
7,node_0030,node_0030,1.00,13658,active,self-vote (candidate self-stake)
7,node_0031,node_0319,1.47,4210,active,voter (Total-weighted random choice)
7,node_0032,node_0455,0.54,7535,active,voter (Total-weighted random choice)
7,node_0033,node_0014,1.29,798,active,voter (Total-weighted random choice)
7,node_0034,node_0297,1.14,8105,active,voter (Total-weighted random choice)
7,node_0035,node_0267,1.43,5599,active,voter (Total-weighted random choice)
7,node_0036,node_0018,0.81,13253,active,voter (Total-weighted random choice)
7,node_0037,node_0037,1.00,342,active,self-vote (candidate self-stake)
7,node_0038,node_0305,1.40,5757,active,voter (Total-weighted random choice)
7,node_0039,node_0030,0.73,4223,active,voter (Total-weighted random choice)
7,node_0040,node_0171,1.30,7970,active,voter (Total-weighted random choice)
7,node_0041,node_0368,1.09,4252,active,voter (Total-weighted random choice)
7,node_0042,node_0124,1.44,1504,active,voter (Total-weighted random choice)
7,node_0043,node_0026,0.60,6862,active,voter (Total-weighted random choice)
7,node_0044,node_0090,1.28,11292,active,voter (Total-weighted random choice)
7,node_0045,node_0430,0.99,1705,active,voter (Total-weighted random choice)
7,node_0046,node_0499,1.48,3300,active,voter (Total-weighted random choice)
7,node_0047,node_0047,1.00,266,active,self-vote (candidate self-stake)
7,node_0048,node_0500,0.94,14857,active,voter (Total-weighted random choice)
7,node_0049,node_0286,0.83,9457,active,voter (Total-weighted random choice)
7,node_0050,node_0363,0.90,6925,active,voter (Total-weighted random choice)
7,node_0051,node_0343,0.85,2662,active,voter (Total-weighted random choice)
7,node_0052,node_0293,1.37,5552,active,voter (Total-weighted random choice)
7,node_0053,node_0286,1.35,9436,active,voter (Total-weighted random choice)
7,node_0054,node_0014,0.64,2019,active,voter (Total-weighted random choice)
7,node_0055,node_0426,0.71,2823,active,voter (Total-weighted random choice)
7,node_0056,node_0219,0.90,11585,active,voter (Total-weighted random choice)
7,node_0057,node_0160,0.79,1791,active,voter (Total-weighted random choice)
7,node_0058,node_0006,1.16,4763,active,voter (Total-weighted random choice)
7,node_0059,node_0445,0.72,6198,active,voter (Total-weighted random choice)
7,node_0060,node_0286,1.16,9253,active,voter (Total-weighted random choice)
7,node_0061,node_0410,0.86,4360,active,voter (Total-weighted random choice)
7,node_0062,node_0062,1.00,3003,active,self-vote (candidate self-stake)
7,node_0063,node_0293,0.73,6334,active,voter (Total-weighted random choice)
7,node_0064,node_0267,0.81,187,active,voter (Total-weighted random choice)
7,node_0065,node_0267,0.53,354,active,voter (Total-weighted random choice)
7,node_0066,node_0014,0.66,579,active,voter (Total-weighted random choice)
7,node_0067,node_0091,1.02,12162,active,voter (Total-weighted random choice)
7,node_0068,node_0445,1.48,2093,active,voter (Total-weighted random choice)
7,node_0069,node_0006,1.19,1967,active,voter (Total-weighted random choice)
7,node_0070,node_0219,1.25,1290,active,voter (Total-weighted random choice)
7,node_0071,node_0293,0.53,143,active,voter (Total-weighted random choice)
7,node_0072,node_0124,0.82,2938,active,voter (Total-weighted random choice)
7,node_0073,node_0097,0.87,4401,active,voter (Total-weighted random choice)
7,node_0074,node_0224,1.44,1964,active,voter (Total-weighted random choice)
7,node_0075,node_0293,1.46,5178,rejected,voter (Total-weighted random choice)
7,node_0076,node_0047,1.46,4712,active,voter (Total-weighted random choice)
7,node_0077,node_0415,1.15,2027,active,voter (Total-weighted random choice)
7,node_0078,node_0363,1.49,1971,active,voter (Total-weighted random choice)
7,node_0079,node_0017,0.68,3118,active,voter (Total-weighted random choice)
7,node_0080,node_0062,1.05,9021,active,voter (Total-weighted random choice)
7,node_0081,node_0026,0.76,1407,active,voter (Total-weighted random choice)
7,node_0082,node_0017,0.58,1594,active,voter (Total-weighted random choice)
7,node_0083,node_0457,0.94,3155,active,voter (Total-weighted random choice)
7,node_0084,node_0500,1.43,8884,active,voter (Total-weighted random choice)
7,node_0085,node_0500,0.93,5725,active,voter (Total-weighted random choice)
7,node_0086,node_0097,0.75,2121,active,voter (Total-weighted random choice)
7,node_0087,node_0026,0.91,3472,active,voter (Total-weighted random choice)
7,node_0088,node_0017,0.60,5209,active,voter (Total-weighted random choice)
7,node_0089,node_0142,0.80,168,active,voter (Total-weighted random choice)
7,node_0090,node_0090,1.00,401,active,self-vote (candidate self-stake)
7,node_0091,node_0091,1.00,1880,active,self-vote (candidate self-stake)
7,node_0092,node_0303,1.46,3443,active,voter (Total-weighted random choice)
7,node_0093,node_0018,0.86,9714,active,voter (Total-weighted random choice)
7,node_0094,node_0229,1.41,9392,active,voter (Total-weighted random choice)
7,node_0095,node_0319,0.70,1283,active,voter (Total-weighted random choice)
7,node_0096,node_0166,0.81,2445,active,voter (Total-weighted random choice)
7,node_0097,node_0097,1.00,8567,active,self-vote (candidate self-stake)
7,node_0098,node_0028,0.62,9566,active,voter (Total-weighted random choice)
7,node_0099,node_0224,0.60,585,active,voter (Total-weighted random choice)
7,node_0100,node_0343,1.22,7623,active,voter (Total-weighted random choice)
7,node_0101,node_0101,1.00,1020,active,self-vote (candidate self-stake)
7,node_0102,node_0219,0.90,887,active,voter (Total-weighted random choice)
7,node_0103,node_0149,1.42,3229,active,voter (Total-weighted random choice)
7,node_0104,node_0500,1.47,8624,active,voter (Total-weighted random choice)
7,node_0105,node_0149,1.18,4220,active,voter (Total-weighted random choice)
7,node_0106,node_0166,1.07,11561,active,voter (Total-weighted random choice)
7,node_0107,node_0457,0.62,10912,active,voter (Total-weighted random choice)
7,node_0108,node_0474,0.54,1179,active,voter (Total-weighted random choice)
7,node_0109,node_0149,1.07,467,active,voter (Total-weighted random choice)
7,node_0110,node_0149,0.81,3869,active,voter (Total-weighted random choice)
7,node_0111,node_0146,1.39,12694,active,voter (Total-weighted random choice)
7,node_0112,node_0006,0.70,2197,active,voter (Total-weighted random choice)
7,node_0113,node_0097,0.91,2403,active,voter (Total-weighted random choice)
7,node_0114,node_0047,0.98,6590,active,voter (Total-weighted random choice)
7,node_0115,node_0142,1.08,7855,active,voter (Total-weighted random choice)
7,node_0116,node_0116,1.00,5409,active,self-vote (candidate self-stake)
7,node_0117,node_0117,1.00,5925,active,self-vote (candidate self-stake)
7,node_0118,node_0457,0.76,6336,active,voter (Total-weighted random choice)
7,node_0119,node_0455,0.95,6438,active,voter (Total-weighted random choice)
7,node_0120,node_0229,1.34,802,active,voter (Total-weighted random choice)
7,node_0121,node_0354,1.05,7151,active,voter (Total-weighted random choice)
7,node_0122,node_0363,1.29,3798,active,voter (Total-weighted random choice)
7,node_0123,node_0171,0.69,9221,active,voter (Total-weighted random choice)
7,node_0124,node_0124,1.00,3203,active,self-vote (candidate self-stake)
7,node_0125,node_0125,1.00,3820,active,self-vote (candidate self-stake)
7,node_0126,node_0462,1.32,520,active,voter (Total-weighted random choice)
7,node_0127,node_0293,1.00,6514,active,voter (Total-weighted random choice)
7,node_0128,node_0483,0.88,8444,active,voter (Total-weighted random choice)
7,node_0129,node_0380,1.30,8711,active,voter (Total-weighted random choice)
7,node_0130,node_0171,0.96,3379,active,voter (Total-weighted random choice)
7,node_0131,node_0219,1.01,1485,active,voter (Total-weighted random choice)
7,node_0132,node_0037,0.57,5138,active,voter (Total-weighted random choice)
7,node_0133,node_0457,1.33,4914,active,voter (Total-weighted random choice)
7,node_0134,node_0303,1.38,5498,active,voter (Total-weighted random choice)
7,node_0135,node_0426,1.30,5872,active,voter (Total-weighted random choice)
7,node_0136,node_0229,0.70,13514,active,voter (Total-weighted random choice)
7,node_0137,node_0116,1.33,5947,active,voter (Total-weighted random choice)
7,node_0138,node_0305,0.80,10033,active,voter (Total-weighted random choice)
7,node_0139,node_0026,0.50,6635,active,voter (Total-weighted random choice)
7,node_0140,node_0500,1.20,9150,active,voter (Total-weighted random choice)
7,node_0141,node_0368,1.14,6947,active,voter (Total-weighted random choice)
7,node_0142,node_0142,1.00,8632,active,self-vote (candidate self-stake)
7,node_0143,node_0171,1.02,513,active,voter (Total-weighted random choice)
7,node_0144,node_0151,0.59,402,active,voter (Total-weighted random choice)
7,node_0145,node_0018,0.96,4583,active,voter (Total-weighted random choice)
7,node_0146,node_0146,1.00,2816,active,self-vote (candidate self-stake)
7,node_0147,node_0354,0.54,7478,active,voter (Total-weighted random choice)
7,node_0148,node_0125,0.87,4750,active,voter (Total-weighted random choice)
7,node_0149,node_0149,1.00,7414,active,self-vote (candidate self-stake)
7,node_0150,node_0286,0.75,3862,active,voter (Total-weighted random choice)
7,node_0151,node_0151,1.00,2095,active,self-vote (candidate self-stake)
7,node_0152,node_0426,0.87,3225,active,voter (Total-weighted random choice)
7,node_0153,node_0500,1.48,174,active,voter (Total-weighted random choice)
7,node_0154,node_0343,1.31,7468,active,voter (Total-weighted random choice)
7,node_0155,node_0101,1.33,8332,active,voter (Total-weighted random choice)
7,node_0156,node_0332,1.12,3510,active,voter (Total-weighted random choice)
7,node_0157,node_0047,0.66,8161,active,voter (Total-weighted random choice)
7,node_0158,node_0151,1.27,8556,active,voter (Total-weighted random choice)
7,node_0159,node_0151,1.04,4246,active,voter (Total-weighted random choice)
7,node_0160,node_0160,1.00,4290,active,self-vote (candidate self-stake)
7,node_0161,node_0343,1.06,4757,active,voter (Total-weighted random choice)
7,node_0162,node_0363,1.20,5376,active,voter (Total-weighted random choice)
7,node_0163,node_0303,0.50,2362,active,voter (Total-weighted random choice)
7,node_0164,node_0151,0.85,1994,active,voter (Total-weighted random choice)
7,node_0165,node_0267,1.06,7001,active,voter (Total-weighted random choice)
7,node_0166,node_0166,1.00,9328,active,self-vote (candidate self-stake)
7,node_0167,node_0030,0.70,7144,active,voter (Total-weighted random choice)
7,node_0168,node_0125,0.58,10126,active,voter (Total-weighted random choice)
7,node_0169,node_0354,0.74,3528,active,voter (Total-weighted random choice)
7,node_0170,node_0017,1.37,8386,active,voter (Total-weighted random choice)
7,node_0171,node_0171,1.00,9465,active,self-vote (candidate self-stake)
7,node_0172,node_0017,0.68,8474,active,voter (Total-weighted random choice)
7,node_0173,node_0426,1.00,6394,active,voter (Total-weighted random choice)
7,node_0174,node_0368,1.45,3067,active,voter (Total-weighted random choice)
7,node_0175,node_0267,0.95,6101,active,voter (Total-weighted random choice)
7,node_0176,node_0426,1.43,94,active,voter (Total-weighted random choice)
7,node_0177,node_0470,0.83,8432,active,voter (Total-weighted random choice)
7,node_0178,node_0457,1.38,7834,active,voter (Total-weighted random choice)
7,node_0179,node_0325,0.88,6105,active,voter (Total-weighted random choice)
7,node_0180,node_0303,0.98,5554,active,voter (Total-weighted random choice)
7,node_0181,node_0426,0.60,3546,active,voter (Total-weighted random choice)
7,node_0182,node_0380,1.38,1248,active,voter (Total-weighted random choice)
7,node_0183,node_0455,0.66,9458,active,voter (Total-weighted random choice)
7,node_0184,node_0124,0.68,444,active,voter (Total-weighted random choice)
7,node_0185,node_0470,1.16,5541,active,voter (Total-weighted random choice)
7,node_0186,node_0006,0.74,2856,active,voter (Total-weighted random choice)
7,node_0187,node_0097,0.93,10373,active,voter (Total-weighted random choice)
7,node_0188,node_0026,0.60,3295,active,voter (Total-weighted random choice)
7,node_0189,node_0325,1.09,9710,active,voter (Total-weighted random choice)
7,node_0190,node_0415,0.73,2678,active,voter (Total-weighted random choice)
7,node_0191,node_0483,1.30,10633,active,voter (Total-weighted random choice)
7,node_0192,node_0026,1.10,11235,active,voter (Total-weighted random choice)
7,node_0193,node_0286,0.97,6969,active,voter (Total-weighted random choice)
7,node_0194,node_0116,0.64,2590,active,voter (Total-weighted random choice)
7,node_0195,node_0160,1.16,994,active,voter (Total-weighted random choice)
7,node_0196,node_0124,1.19,11787,active,voter (Total-weighted random choice)
7,node_0197,node_0375,0.82,4903,active,voter (Total-weighted random choice)
7,node_0198,node_0117,0.65,19,active,voter (Total-weighted random choice)
7,node_0199,node_0305,0.55,550,active,voter (Total-weighted random choice)
7,node_0200,node_0018,0.88,1025,active,voter (Total-weighted random choice)
7,node_0201,node_0219,0.63,7319,active,voter (Total-weighted random choice)
7,node_0202,node_0142,0.68,2663,active,voter (Total-weighted random choice)
7,node_0203,node_0303,0.88,9877,active,voter (Total-weighted random choice)
7,node_0204,node_0037,0.94,4814,active,voter (Total-weighted random choice)
7,node_0205,node_0062,1.22,7124,active,voter (Total-weighted random choice)
7,node_0206,node_0305,1.09,3975,active,voter (Total-weighted random choice)
7,node_0207,node_0305,0.99,8082,active,voter (Total-weighted random choice)
7,node_0208,node_0030,0.50,6232,active,voter (Total-weighted random choice)
7,node_0209,node_0325,0.79,3719,active,voter (Total-weighted random choice)
7,node_0210,node_0026,0.71,4663,active,voter (Total-weighted random choice)
7,node_0211,node_0303,0.58,11145,active,voter (Total-weighted random choice)
7,node_0212,node_0305,1.28,989,active,voter (Total-weighted random choice)
7,node_0213,node_0091,1.36,9174,active,voter (Total-weighted random choice)
7,node_0214,node_0380,0.56,7838,active,voter (Total-weighted random choice)
7,node_0215,node_0267,0.90,10418,active,voter (Total-weighted random choice)
7,node_0216,node_0293,1.48,3326,rejected,voter (Total-weighted random choice)
7,node_0217,node_0319,1.12,6532,active,voter (Total-weighted random choice)
7,node_0218,node_0368,0.67,8232,active,voter (Total-weighted random choice)
7,node_0219,node_0219,1.00,6064,active,self-vote (candidate self-stake)
7,node_0220,node_0457,1.07,3326,active,voter (Total-weighted random choice)
7,node_0221,node_0026,0.64,6172,active,voter (Total-weighted random choice)
7,node_0222,node_0319,0.53,2576,active,voter (Total-weighted random choice)
7,node_0223,node_0499,0.71,1540,active,voter (Total-weighted random choice)
7,node_0224,node_0224,1.00,6208,active,self-vote (candidate self-stake)
7,node_0225,node_0455,0.51,208,active,voter (Total-weighted random choice)
7,node_0226,node_0415,1.09,3167,active,voter (Total-weighted random choice)
7,node_0227,node_0363,0.63,512,active,voter (Total-weighted random choice)
7,node_0228,node_0228,1.00,4722,active,self-vote (candidate self-stake)
7,node_0229,node_0229,1.00,7687,active,self-vote (candidate self-stake)
7,node_0230,node_0219,1.12,7744,active,voter (Total-weighted random choice)
7,node_0231,node_0018,0.75,11130,active,voter (Total-weighted random choice)
7,node_0232,node_0470,1.27,7256,active,voter (Total-weighted random choice)
7,node_0233,node_0286,0.54,1593,active,voter (Total-weighted random choice)
7,node_0234,node_0380,1.45,305,active,voter (Total-weighted random choice)
7,node_0235,node_0375,1.36,7183,active,voter (Total-weighted random choice)
7,node_0236,node_0474,1.44,1475,active,voter (Total-weighted random choice)
7,node_0237,node_0303,0.67,204,active,voter (Total-weighted random choice)
7,node_0238,node_0117,1.45,14078,active,voter (Total-weighted random choice)
7,node_0239,node_0006,1.44,6279,active,voter (Total-weighted random choice)
7,node_0240,node_0219,1.34,3506,active,voter (Total-weighted random choice)
7,node_0241,node_0037,0.89,5725,active,voter (Total-weighted random choice)
7,node_0242,node_0014,0.73,797,active,voter (Total-weighted random choice)
7,node_0243,node_0499,0.82,4087,active,voter (Total-weighted random choice)
7,node_0244,node_0116,1.28,1319,active,voter (Total-weighted random choice)
7,node_0245,node_0297,0.71,1385,active,voter (Total-weighted random choice)
7,node_0246,node_0166,0.63,13204,active,voter (Total-weighted random choice)
7,node_0247,node_0303,0.73,4282,active,voter (Total-weighted random choice)
7,node_0248,node_0457,1.27,10113,active,voter (Total-weighted random choice)
7,node_0249,node_0319,0.66,4183,active,voter (Total-weighted random choice)
7,node_0250,node_0047,1.12,7665,active,voter (Total-weighted random choice)
7,node_0251,node_0500,1.37,3590,active,voter (Total-weighted random choice)
7,node_0252,node_0142,0.65,607,active,voter (Total-weighted random choice)
7,node_0253,node_0229,1.04,10497,active,voter (Total-weighted random choice)
7,node_0254,node_0462,0.88,9192,active,voter (Total-weighted random choice)
7,node_0255,node_0319,1.47,8070,active,voter (Total-weighted random choice)
7,node_0256,node_0018,1.21,7520,active,voter (Total-weighted random choice)
7,node_0257,node_0293,0.82,9429,active,voter (Total-weighted random choice)
7,node_0258,node_0354,0.97,538,active,voter (Total-weighted random choice)
7,node_0259,node_0354,0.62,4202,active,voter (Total-weighted random choice)
7,node_0260,node_0293,0.58,8649,active,voter (Total-weighted random choice)
7,node_0261,node_0116,1.31,8363,active,voter (Total-weighted random choice)
7,node_0262,node_0219,0.57,7071,active,voter (Total-weighted random choice)
7,node_0263,node_0267,0.70,8603,active,voter (Total-weighted random choice)
7,node_0264,node_0332,1.06,548,active,voter (Total-weighted random choice)
7,node_0265,node_0500,1.48,7131,active,voter (Total-weighted random choice)
7,node_0266,node_0375,0.61,6335,active,voter (Total-weighted random choice)
7,node_0267,node_0267,1.00,9052,active,self-vote (candidate self-stake)
7,node_0268,node_0006,0.61,6336,active,voter (Total-weighted random choice)
7,node_0269,node_0499,0.62,7796,active,voter (Total-weighted random choice)
7,node_0270,node_0426,0.52,9808,active,voter (Total-weighted random choice)
7,node_0271,node_0297,0.94,1409,active,voter (Total-weighted random choice)
7,node_0272,node_0018,1.28,7399,active,voter (Total-weighted random choice)
7,node_0273,node_0375,0.92,4483,active,voter (Total-weighted random choice)
7,node_0274,node_0293,1.42,9863,active,voter (Total-weighted random choice)
7,node_0275,node_0410,1.00,2793,active,voter (Total-weighted random choice)
7,node_0276,node_0332,1.01,4323,active,voter (Total-weighted random choice)
7,node_0277,node_0030,0.72,9618,active,voter (Total-weighted random choice)
7,node_0278,node_0375,1.29,46,active,voter (Total-weighted random choice)
7,node_0279,node_0026,0.53,3525,active,voter (Total-weighted random choice)
7,node_0280,node_0426,0.92,8472,active,voter (Total-weighted random choice)
7,node_0281,node_0101,0.92,10090,active,voter (Total-weighted random choice)
7,node_0282,node_0325,0.58,7153,active,voter (Total-weighted random choice)
7,node_0283,node_0160,1.32,1763,active,voter (Total-weighted random choice)
7,node_0284,node_0151,1.02,1479,active,voter (Total-weighted random choice)
7,node_0285,node_0018,0.55,4888,active,voter (Total-weighted random choice)
7,node_0286,node_0286,1.00,887,active,self-vote (candidate self-stake)
7,node_0287,node_0410,1.44,8912,active,voter (Total-weighted random choice)
7,node_0288,node_0018,1.17,3135,active,voter (Total-weighted random choice)
7,node_0289,node_0426,0.98,5765,active,voter (Total-weighted random choice)
7,node_0290,node_0305,1.01,8889,active,voter (Total-weighted random choice)
7,node_0291,node_0142,0.51,2438,active,voter (Total-weighted random choice)
7,node_0292,node_0149,1.42,7215,active,voter (Total-weighted random choice)
7,node_0293,node_0293,1.00,3888,active,self-vote (candidate self-stake)
7,node_0294,node_0091,1.14,10345,active,voter (Total-weighted random choice)
7,node_0295,node_0363,1.38,7828,active,voter (Total-weighted random choice)
7,node_0296,node_0097,0.73,2437,active,voter (Total-weighted random choice)
7,node_0297,node_0297,1.00,612,active,self-vote (candidate self-stake)
7,node_0298,node_0166,0.77,1970,active,voter (Total-weighted random choice)
7,node_0299,node_0090,0.74,1463,active,voter (Total-weighted random choice)
7,node_0300,node_0125,0.84,6991,active,voter (Total-weighted random choice)
7,node_0301,node_0363,1.24,997,active,voter (Total-weighted random choice)
7,node_0302,node_0030,1.42,5158,active,voter (Total-weighted random choice)
7,node_0303,node_0303,1.00,9718,active,self-vote (candidate self-stake)
7,node_0304,node_0018,0.84,4445,active,voter (Total-weighted random choice)
7,node_0305,node_0305,1.00,3390,active,self-vote (candidate self-stake)
7,node_0306,node_0375,0.68,552,active,voter (Total-weighted random choice)
7,node_0307,node_0319,1.14,7277,active,voter (Total-weighted random choice)
7,node_0308,node_0160,0.70,424,active,voter (Total-weighted random choice)
7,node_0309,node_0017,0.79,4672,active,voter (Total-weighted random choice)
7,node_0310,node_0017,1.20,3423,active,voter (Total-weighted random choice)
7,node_0311,node_0030,1.06,10756,active,voter (Total-weighted random choice)
7,node_0312,node_0332,0.60,2438,active,voter (Total-weighted random choice)
7,node_0313,node_0006,0.78,3434,active,voter (Total-weighted random choice)
7,node_0314,node_0303,1.20,2325,active,voter (Total-weighted random choice)
7,node_0315,node_0368,0.85,6093,active,voter (Total-weighted random choice)
7,node_0316,node_0363,1.00,8899,active,voter (Total-weighted random choice)
7,node_0317,node_0062,0.80,981,active,voter (Total-weighted random choice)
7,node_0318,node_0018,0.63,11495,active,voter (Total-weighted random choice)
7,node_0319,node_0319,1.00,4436,active,self-vote (candidate self-stake)
7,node_0320,node_0470,0.86,1996,active,voter (Total-weighted random choice)
7,node_0321,node_0500,0.97,1379,active,voter (Total-weighted random choice)
7,node_0322,node_0149,0.99,7957,active,voter (Total-weighted random choice)
7,node_0323,node_0375,0.95,532,active,voter (Total-weighted random choice)
7,node_0324,node_0026,1.09,6374,active,voter (Total-weighted random choice)
7,node_0325,node_0325,1.00,9337,active,self-vote (candidate self-stake)
7,node_0326,node_0116,1.06,2491,active,voter (Total-weighted random choice)
7,node_0327,node_0325,0.87,3066,active,voter (Total-weighted random choice)
7,node_0328,node_0142,0.73,523,active,voter (Total-weighted random choice)
7,node_0329,node_0090,0.83,5684,active,voter (Total-weighted random choice)
7,node_0330,node_0091,1.28,12735,active,voter (Total-weighted random choice)
7,node_0331,node_0149,0.62,532,active,voter (Total-weighted random choice)
7,node_0332,node_0332,1.00,7374,active,self-vote (candidate self-stake)
7,node_0333,node_0062,0.80,8850,active,voter (Total-weighted random choice)
7,node_0334,node_0293,1.14,8916,active,voter (Total-weighted random choice)
7,node_0335,node_0091,1.02,2651,active,voter (Total-weighted random choice)
7,node_0336,node_0171,0.59,3018,active,voter (Total-weighted random choice)
7,node_0337,node_0006,0.76,433,active,voter (Total-weighted random choice)
7,node_0338,node_0037,0.93,2132,active,voter (Total-weighted random choice)
7,node_0339,node_0297,0.65,4978,active,voter (Total-weighted random choice)
7,node_0340,node_0332,1.36,429,active,voter (Total-weighted random choice)
7,node_0341,node_0062,0.82,2717,active,voter (Total-weighted random choice)
7,node_0342,node_0267,0.82,7500,active,voter (Total-weighted random choice)
7,node_0343,node_0343,1.00,9880,active,self-vote (candidate self-stake)
7,node_0344,node_0125,0.85,737,active,voter (Total-weighted random choice)
7,node_0345,node_0006,1.01,326,active,voter (Total-weighted random choice)
7,node_0346,node_0319,1.41,3852,active,voter (Total-weighted random choice)
7,node_0347,node_0017,0.91,5933,active,voter (Total-weighted random choice)
7,node_0348,node_0125,1.24,1798,active,voter (Total-weighted random choice)
7,node_0349,node_0171,1.45,4355,active,voter (Total-weighted random choice)
7,node_0350,node_0343,1.44,1206,active,voter (Total-weighted random choice)
7,node_0351,node_0026,0.70,4566,active,voter (Total-weighted random choice)
7,node_0352,node_0445,1.10,10465,active,voter (Total-weighted random choice)
7,node_0353,node_0343,1.40,6714,active,voter (Total-weighted random choice)
7,node_0354,node_0354,1.00,6857,active,self-vote (candidate self-stake)
7,node_0355,node_0286,1.29,252,active,voter (Total-weighted random choice)
7,node_0356,node_0006,0.89,8884,active,voter (Total-weighted random choice)
7,node_0357,node_0142,0.77,5873,active,voter (Total-weighted random choice)
7,node_0358,node_0305,1.16,11041,active,voter (Total-weighted random choice)
7,node_0359,node_0229,1.04,1956,active,voter (Total-weighted random choice)
7,node_0360,node_0363,0.86,1712,active,voter (Total-weighted random choice)
7,node_0361,node_0303,0.56,1531,active,voter (Total-weighted random choice)
7,node_0362,node_0410,0.72,1136,active,voter (Total-weighted random choice)
7,node_0363,node_0363,1.00,2157,active,self-vote (candidate self-stake)
7,node_0364,node_0500,0.64,1042,active,voter (Total-weighted random choice)
7,node_0365,node_0462,1.17,9552,active,voter (Total-weighted random choice)
7,node_0366,node_0410,0.58,6714,active,voter (Total-weighted random choice)
7,node_0367,node_0160,0.62,6496,active,voter (Total-weighted random choice)
7,node_0368,node_0368,1.00,1027,active,self-vote (candidate self-stake)
7,node_0369,node_0228,0.85,2129,active,voter (Total-weighted random choice)
7,node_0370,node_0455,1.04,2879,active,voter (Total-weighted random choice)
7,node_0371,node_0224,0.84,9698,active,voter (Total-weighted random choice)
7,node_0372,node_0017,1.35,3998,active,voter (Total-weighted random choice)
7,node_0373,node_0319,1.05,5333,active,voter (Total-weighted random choice)
7,node_0374,node_0354,1.30,7578,active,voter (Total-weighted random choice)
7,node_0375,node_0375,1.00,11034,active,self-vote (candidate self-stake)
7,node_0376,node_0499,0.77,12878,active,voter (Total-weighted random choice)
7,node_0377,node_0354,1.33,8554,active,voter (Total-weighted random choice)
7,node_0378,node_0462,1.35,2745,active,voter (Total-weighted random choice)
7,node_0379,node_0470,0.82,6705,active,voter (Total-weighted random choice)
7,node_0380,node_0380,1.00,6294,active,self-vote (candidate self-stake)
7,node_0381,node_0014,1.12,5303,active,voter (Total-weighted random choice)
7,node_0382,node_0319,0.82,382,active,voter (Total-weighted random choice)
7,node_0383,node_0224,1.34,5986,active,voter (Total-weighted random choice)
7,node_0384,node_0363,0.97,7959,active,voter (Total-weighted random choice)
7,node_0385,node_0426,1.27,551,active,voter (Total-weighted random choice)
7,node_0386,node_0305,0.70,9775,active,voter (Total-weighted random choice)
7,node_0387,node_0006,1.23,8603,active,voter (Total-weighted random choice)
7,node_0388,node_0151,0.94,6476,active,voter (Total-weighted random choice)
7,node_0389,node_0151,0.54,6120,active,voter (Total-weighted random choice)
7,node_0390,node_0343,0.99,3591,active,voter (Total-weighted random choice)
7,node_0391,node_0028,1.03,6015,active,voter (Total-weighted random choice)
7,node_0392,node_0354,0.75,210,active,voter (Total-weighted random choice)
7,node_0393,node_0418,0.66,533,active,voter (Total-weighted random choice)
7,node_0394,node_0047,1.30,1616,active,voter (Total-weighted random choice)
7,node_0395,node_0363,1.05,2331,active,voter (Total-weighted random choice)
7,node_0396,node_0462,0.79,265,active,voter (Total-weighted random choice)
7,node_0397,node_0462,1.41,7683,active,voter (Total-weighted random choice)
7,node_0398,node_0267,1.29,4218,active,voter (Total-weighted random choice)
7,node_0399,node_0062,1.23,3388,active,voter (Total-weighted random choice)
7,node_0400,node_0219,1.22,3197,active,voter (Total-weighted random choice)
7,node_0401,node_0319,0.90,5325,active,voter (Total-weighted random choice)
7,node_0402,node_0445,1.16,2739,active,voter (Total-weighted random choice)
7,node_0403,node_0030,1.41,7304,active,voter (Total-weighted random choice)
7,node_0404,node_0097,0.69,55,active,voter (Total-weighted random choice)
7,node_0405,node_0470,1.08,11634,active,voter (Total-weighted random choice)
7,node_0406,node_0415,1.01,3031,active,voter (Total-weighted random choice)
7,node_0407,node_0166,0.87,552,active,voter (Total-weighted random choice)
7,node_0408,node_0030,0.95,5958,active,voter (Total-weighted random choice)
7,node_0409,node_0455,1.15,2386,active,voter (Total-weighted random choice)
7,node_0410,node_0410,1.00,9501,active,self-vote (candidate self-stake)
7,node_0411,node_0303,0.65,2362,active,voter (Total-weighted random choice)
7,node_0412,node_0006,1.38,585,active,voter (Total-weighted random choice)
7,node_0413,node_0293,0.53,8678,active,voter (Total-weighted random choice)
7,node_0414,node_0483,1.50,5286,active,voter (Total-weighted random choice)
7,node_0415,node_0415,1.00,4500,active,self-vote (candidate self-stake)
7,node_0416,node_0332,0.61,10332,active,voter (Total-weighted random choice)
7,node_0417,node_0014,0.61,115,active,voter (Total-weighted random choice)
7,node_0418,node_0418,1.00,713,active,self-vote (candidate self-stake)
7,node_0419,node_0445,1.48,288,active,voter (Total-weighted random choice)
7,node_0420,node_0142,0.54,5725,active,voter (Total-weighted random choice)
7,node_0421,node_0457,0.70,7465,active,voter (Total-weighted random choice)
7,node_0422,node_0470,0.93,10509,active,voter (Total-weighted random choice)
7,node_0423,node_0006,0.66,853,active,voter (Total-weighted random choice)
7,node_0424,node_0125,0.51,6185,active,voter (Total-weighted random choice)
7,node_0425,node_0303,1.20,5504,active,voter (Total-weighted random choice)
7,node_0426,node_0426,1.00,7831,active,self-vote (candidate self-stake)
7,node_0427,node_0363,1.46,846,active,voter (Total-weighted random choice)
7,node_0428,node_0028,1.09,5006,active,voter (Total-weighted random choice)
7,node_0429,node_0293,0.56,1162,active,voter (Total-weighted random choice)
7,node_0430,node_0430,1.00,3507,active,self-vote (candidate self-stake)
7,node_0431,node_0224,0.88,7821,active,voter (Total-weighted random choice)
7,node_0432,node_0006,0.53,6998,active,voter (Total-weighted random choice)
7,node_0433,node_0267,0.99,757,active,voter (Total-weighted random choice)
7,node_0434,node_0470,0.85,9595,active,voter (Total-weighted random choice)
7,node_0435,node_0030,0.84,5580,active,voter (Total-weighted random choice)
7,node_0436,node_0470,1.07,5922,active,voter (Total-weighted random choice)
7,node_0437,node_0219,1.06,2178,active,voter (Total-weighted random choice)
7,node_0438,node_0116,1.28,1052,active,voter (Total-weighted random choice)
7,node_0439,node_0293,0.94,6932,active,voter (Total-weighted random choice)
7,node_0440,node_0116,0.74,8400,active,voter (Total-weighted random choice)
7,node_0441,node_0410,0.53,8279,active,voter (Total-weighted random choice)
7,node_0442,node_0151,1.22,10359,active,voter (Total-weighted random choice)
7,node_0443,node_0363,1.31,5214,active,voter (Total-weighted random choice)
7,node_0444,node_0018,1.45,11650,active,voter (Total-weighted random choice)
7,node_0445,node_0445,1.00,8431,active,self-vote (candidate self-stake)
7,node_0446,node_0267,1.17,4346,active,voter (Total-weighted random choice)
7,node_0447,node_0455,1.17,9943,active,voter (Total-weighted random choice)
7,node_0448,node_0117,0.54,13824,active,voter (Total-weighted random choice)
7,node_0449,node_0354,0.58,7903,active,voter (Total-weighted random choice)
7,node_0450,node_0303,0.72,3597,active,voter (Total-weighted random choice)
7,node_0451,node_0293,1.21,703,active,voter (Total-weighted random choice)
7,node_0452,node_0224,0.69,106,active,voter (Total-weighted random choice)
7,node_0453,node_0354,0.76,95,active,voter (Total-weighted random choice)
7,node_0454,node_0062,1.08,6512,active,voter (Total-weighted random choice)
7,node_0455,node_0455,1.00,4626,active,self-vote (candidate self-stake)
7,node_0456,node_0293,1.37,6457,active,voter (Total-weighted random choice)
7,node_0457,node_0457,1.00,8492,active,self-vote (candidate self-stake)
7,node_0458,node_0303,0.59,1305,active,voter (Total-weighted random choice)
7,node_0459,node_0483,1.12,4426,active,voter (Total-weighted random choice)
7,node_0460,node_0354,0.53,6799,active,voter (Total-weighted random choice)
7,node_0461,node_0160,0.69,6078,active,voter (Total-weighted random choice)
7,node_0462,node_0462,1.00,2749,active,self-vote (candidate self-stake)
7,node_0463,node_0457,1.24,4762,active,voter (Total-weighted random choice)
7,node_0464,node_0499,0.61,1352,active,voter (Total-weighted random choice)
7,node_0465,node_0047,1.39,7798,active,voter (Total-weighted random choice)
7,node_0466,node_0030,1.29,6688,active,voter (Total-weighted random choice)
7,node_0467,node_0219,0.65,5917,active,voter (Total-weighted random choice)
7,node_0468,node_0229,0.73,2592,active,voter (Total-weighted random choice)
7,node_0469,node_0500,0.81,1035,active,voter (Total-weighted random choice)
7,node_0470,node_0470,1.00,10005,active,self-vote (candidate self-stake)
7,node_0471,node_0229,0.63,4352,active,voter (Total-weighted random choice)
7,node_0472,node_0426,0.77,11381,active,voter (Total-weighted random choice)
7,node_0473,node_0097,1.06,1661,active,voter (Total-weighted random choice)
7,node_0474,node_0474,1.00,5713,active,self-vote (candidate self-stake)
7,node_0475,node_0151,0.60,3998,active,voter (Total-weighted random choice)
7,node_0476,node_0116,1.43,9639,active,voter (Total-weighted random choice)
7,node_0477,node_0006,0.58,5405,active,voter (Total-weighted random choice)
7,node_0478,node_0303,1.01,2704,active,voter (Total-weighted random choice)
7,node_0479,node_0037,0.81,9013,active,voter (Total-weighted random choice)
7,node_0480,node_0160,1.45,12634,active,voter (Total-weighted random choice)
7,node_0481,node_0267,1.40,4799,active,voter (Total-weighted random choice)
7,node_0482,node_0426,0.52,3666,active,voter (Total-weighted random choice)
7,node_0483,node_0483,1.00,5673,active,self-vote (candidate self-stake)
7,node_0484,node_0380,1.23,11476,active,voter (Total-weighted random choice)
7,node_0485,node_0470,0.95,86,active,voter (Total-weighted random choice)
7,node_0486,node_0499,0.71,6958,active,voter (Total-weighted random choice)
7,node_0487,node_0470,1.34,6229,active,voter (Total-weighted random choice)
7,node_0488,node_0028,0.57,8047,active,voter (Total-weighted random choice)
7,node_0489,node_0017,1.36,6811,active,voter (Total-weighted random choice)
7,node_0490,node_0149,0.60,6193,active,voter (Total-weighted random choice)
7,node_0491,node_0017,1.14,4858,active,voter (Total-weighted random choice)
7,node_0492,node_0267,0.80,1215,active,voter (Total-weighted random choice)
7,node_0493,node_0303,0.74,1908,active,voter (Total-weighted random choice)
7,node_0494,node_0474,1.47,6771,active,voter (Total-weighted random choice)
7,node_0495,node_0380,0.97,6885,active,voter (Total-weighted random choice)
7,node_0496,node_0499,0.75,1230,active,voter (Total-weighted random choice)
7,node_0497,node_0030,1.22,1228,active,voter (Total-weighted random choice)
7,node_0498,node_0219,0.83,2836,active,voter (Total-weighted random choice)
7,node_0499,node_0499,1.00,5197,active,self-vote (candidate self-stake)
7,node_0500,node_0500,1.00,7278,active,self-vote (candidate self-stake)
8,node_0001,node_0402,1.04,4046,active,voter (Total-weighted random choice)
8,node_0002,node_0058,0.55,4383,active,voter (Total-weighted random choice)
8,node_0003,node_0118,0.89,12450,active,voter (Total-weighted random choice)
8,node_0004,node_0115,1.30,100,active,voter (Total-weighted random choice)
8,node_0005,node_0128,1.40,3917,rejected,voter (Total-weighted random choice)
8,node_0006,node_0006,1.00,10157,active,self-vote (candidate self-stake)
8,node_0007,node_0343,0.72,4807,active,voter (Total-weighted random choice)
8,node_0008,node_0118,1.04,1023,active,voter (Total-weighted random choice)
8,node_0009,node_0133,1.28,7064,active,voter (Total-weighted random choice)
8,node_0010,node_0365,0.93,5558,active,voter (Total-weighted random choice)
8,node_0011,node_0133,1.05,34,active,voter (Total-weighted random choice)
8,node_0012,node_0249,1.12,5516,active,voter (Total-weighted random choice)
8,node_0013,node_0053,1.14,1816,active,voter (Total-weighted random choice)
8,node_0014,node_0191,1.42,7463,active,voter (Total-weighted random choice)
8,node_0015,node_0191,0.76,6212,active,voter (Total-weighted random choice)
8,node_0016,node_0175,1.11,989,active,voter (Total-weighted random choice)
8,node_0017,node_0056,1.36,597,active,voter (Total-weighted random choice)
8,node_0018,node_0365,1.07,6761,active,voter (Total-weighted random choice)
8,node_0019,node_0393,1.29,1489,active,voter (Total-weighted random choice)
8,node_0020,node_0177,1.21,6214,active,voter (Total-weighted random choice)
8,node_0021,node_0021,1.00,1839,active,self-vote (candidate self-stake)
8,node_0022,node_0228,0.87,1282,active,voter (Total-weighted random choice)
8,node_0023,node_0056,0.52,9863,active,voter (Total-weighted random choice)
8,node_0024,node_0393,0.61,93,active,voter (Total-weighted random choice)
8,node_0025,node_0304,0.93,4581,active,voter (Total-weighted random choice)
8,node_0026,node_0026,1.00,3462,active,self-vote (candidate self-stake)
8,node_0027,node_0444,1.37,4107,active,voter (Total-weighted random choice)
8,node_0028,node_0339,1.38,7897,active,voter (Total-weighted random choice)
8,node_0029,node_0424,1.37,4432,active,voter (Total-weighted random choice)
8,node_0030,node_0491,0.79,15771,active,voter (Total-weighted random choice)
8,node_0031,node_0112,0.51,4134,active,voter (Total-weighted random choice)
8,node_0032,node_0453,0.96,7818,active,voter (Total-weighted random choice)
8,node_0033,node_0175,1.27,926,active,voter (Total-weighted random choice)
8,node_0034,node_0453,0.70,7450,active,voter (Total-weighted random choice)
8,node_0035,node_0114,1.25,6396,active,voter (Total-weighted random choice)
8,node_0036,node_0175,0.65,14471,active,voter (Total-weighted random choice)
8,node_0037,node_0303,1.36,1231,active,voter (Total-weighted random choice)
8,node_0038,node_0118,1.36,5429,active,voter (Total-weighted random choice)
8,node_0039,node_0491,0.56,5473,active,voter (Total-weighted random choice)
8,node_0040,node_0021,1.00,8271,active,voter (Total-weighted random choice)
8,node_0041,node_0365,0.51,3684,active,voter (Total-weighted random choice)
8,node_0042,node_0042,1.00,557,active,self-vote (candidate self-stake)
8,node_0043,node_0365,0.85,7083,active,voter (Total-weighted random choice)
8,node_0044,node_0133,1.07,11349,active,voter (Total-weighted random choice)
8,node_0045,node_0346,0.65,1898,active,voter (Total-weighted random choice)
8,node_0046,node_0448,0.98,3459,active,voter (Total-weighted random choice)
8,node_0047,node_0053,1.21,442,active,voter (Total-weighted random choice)
8,node_0048,node_0363,1.15,16334,active,voter (Total-weighted random choice)
8,node_0049,node_0445,0.88,9799,active,voter (Total-weighted random choice)
8,node_0050,node_0050,1.00,7477,active,self-vote (candidate self-stake)
8,node_0051,node_0074,0.50,2578,active,voter (Total-weighted random choice)
8,node_0052,node_0448,0.74,5779,active,voter (Total-weighted random choice)
8,node_0053,node_0053,1.00,8441,active,self-vote (candidate self-stake)
8,node_0054,node_0377,0.74,1304,active,voter (Total-weighted random choice)
8,node_0055,node_0277,0.79,2242,active,voter (Total-weighted random choice)
8,node_0056,node_0056,1.00,11951,active,self-vote (candidate self-stake)
8,node_0057,node_0487,1.17,1392,active,voter (Total-weighted random choice)
8,node_0058,node_0058,1.00,4664,active,self-vote (candidate self-stake)
8,node_0059,node_0076,1.22,5982,active,voter (Total-weighted random choice)
8,node_0060,node_0393,1.35,9016,active,voter (Total-weighted random choice)
8,node_0061,node_0058,0.78,3923,active,voter (Total-weighted random choice)
8,node_0062,node_0053,1.05,2882,active,voter (Total-weighted random choice)
8,node_0063,node_0346,1.11,5780,active,voter (Total-weighted random choice)
8,node_0064,node_0304,1.24,134,active,voter (Total-weighted random choice)
8,node_0065,node_0275,1.17,363,active,voter (Total-weighted random choice)
8,node_0066,node_0448,1.04,484,active,voter (Total-weighted random choice)
8,node_0067,node_0303,0.75,11700,active,voter (Total-weighted random choice)
8,node_0068,node_0114,1.27,1945,active,voter (Total-weighted random choice)
8,node_0069,node_0175,0.78,1309,active,voter (Total-weighted random choice)
8,node_0070,node_0050,0.64,1060,active,voter (Total-weighted random choice)
8,node_0071,node_0175,1.01,64,active,voter (Total-weighted random choice)
8,node_0072,node_0487,1.49,2644,active,voter (Total-weighted random choice)
8,node_0073,node_0073,1.00,3792,active,self-vote (candidate self-stake)
8,node_0074,node_0074,1.00,2404,active,self-vote (candidate self-stake)
8,node_0075,node_0365,1.13,5115,rejected,voter (Total-weighted random choice)
8,node_0076,node_0076,1.00,4113,active,self-vote (candidate self-stake)
8,node_0077,node_0058,0.71,2175,active,voter (Total-weighted random choice)
8,node_0078,node_0128,1.36,1132,rejected,voter (Total-weighted random choice)
8,node_0079,node_0133,1.10,2788,active,voter (Total-weighted random choice)
8,node_0080,node_0303,0.96,9061,active,voter (Total-weighted random choice)
8,node_0081,node_0053,1.33,1234,active,voter (Total-weighted random choice)
8,node_0082,node_0168,1.26,1476,active,voter (Total-weighted random choice)
8,node_0083,node_0402,0.56,2892,active,voter (Total-weighted random choice)
8,node_0084,node_0448,1.00,9799,active,voter (Total-weighted random choice)
8,node_0085,node_0343,1.35,5961,active,voter (Total-weighted random choice)
8,node_0086,node_0050,0.56,1986,active,voter (Total-weighted random choice)
8,node_0087,node_0275,1.22,3741,active,voter (Total-weighted random choice)
8,node_0088,node_0249,0.84,5386,active,voter (Total-weighted random choice)
8,node_0089,node_0191,0.71,214,active,voter (Total-weighted random choice)
8,node_0090,node_0026,0.92,1055,active,voter (Total-weighted random choice)
8,node_0091,node_0114,1.21,1538,active,voter (Total-weighted random choice)
8,node_0092,node_0006,0.94,2995,active,voter (Total-weighted random choice)
8,node_0093,node_0191,0.84,10030,active,voter (Total-weighted random choice)
8,node_0094,node_0275,0.74,8996,active,voter (Total-weighted random choice)
8,node_0095,node_0133,1.40,1445,active,voter (Total-weighted random choice)
8,node_0096,node_0343,1.23,2285,active,voter (Total-weighted random choice)
8,node_0097,node_0021,0.90,9089,active,voter (Total-weighted random choice)
8,node_0098,node_0303,1.44,9302,active,voter (Total-weighted random choice)
8,node_0099,node_0191,1.23,489,active,voter (Total-weighted random choice)
8,node_0100,node_0405,0.93,7440,active,voter (Total-weighted random choice)
8,node_0101,node_0021,1.01,1401,active,voter (Total-weighted random choice)
8,node_0102,node_0444,1.05,297,active,voter (Total-weighted random choice)
8,node_0103,node_0343,1.11,2990,active,voter (Total-weighted random choice)
8,node_0104,node_0405,0.74,8791,active,voter (Total-weighted random choice)
8,node_0105,node_0056,1.15,4018,active,voter (Total-weighted random choice)
8,node_0106,node_0073,1.01,11011,active,voter (Total-weighted random choice)
8,node_0107,node_0448,1.46,11804,rejected,voter (Total-weighted random choice)
8,node_0108,node_0377,0.52,1399,active,voter (Total-weighted random choice)
8,node_0109,node_0343,0.69,933,active,voter (Total-weighted random choice)
8,node_0110,node_0006,1.43,3927,active,voter (Total-weighted random choice)
8,node_0111,node_0277,1.25,12952,active,voter (Total-weighted random choice)
8,node_0112,node_0112,1.00,1481,active,self-vote (candidate self-stake)
8,node_0113,node_0168,0.78,3240,active,voter (Total-weighted random choice)
8,node_0114,node_0114,1.00,6594,active,self-vote (candidate self-stake)
8,node_0115,node_0115,1.00,7654,active,self-vote (candidate self-stake)
8,node_0116,node_0050,1.00,5381,active,voter (Total-weighted random choice)
8,node_0117,node_0304,1.45,6046,active,voter (Total-weighted random choice)
8,node_0118,node_0118,1.00,6233,active,self-vote (candidate self-stake)
8,node_0119,node_0365,1.21,7062,rejected,voter (Total-weighted random choice)
8,node_0120,node_0487,0.78,643,active,voter (Total-weighted random choice)
8,node_0121,node_0393,1.26,7470,active,voter (Total-weighted random choice)
8,node_0122,node_0365,0.72,3576,active,voter (Total-weighted random choice)
8,node_0123,node_0026,0.90,8542,active,voter (Total-weighted random choice)
8,node_0124,node_0491,1.03,3049,active,voter (Total-weighted random choice)
8,node_0125,node_0346,0.89,3325,active,voter (Total-weighted random choice)
8,node_0126,node_0249,0.80,244,active,voter (Total-weighted random choice)
8,node_0127,node_0365,1.30,6169,rejected,voter (Total-weighted random choice)
8,node_0128,node_0128,1.00,8593,active,self-vote (candidate self-stake)
8,node_0129,node_0026,1.43,8432,active,voter (Total-weighted random choice)
8,node_0130,node_0180,1.45,3341,active,voter (Total-weighted random choice)
8,node_0131,node_0021,1.41,1025,active,voter (Total-weighted random choice)
8,node_0132,node_0191,0.66,5928,active,voter (Total-weighted random choice)
8,node_0133,node_0133,1.00,6307,active,self-vote (candidate self-stake)
8,node_0134,node_0053,1.48,4741,active,voter (Total-weighted random choice)
8,node_0135,node_0128,0.61,6896,active,voter (Total-weighted random choice)
8,node_0136,node_0191,1.38,13055,active,voter (Total-weighted random choice)
8,node_0137,node_0444,0.64,5927,active,voter (Total-weighted random choice)
8,node_0138,node_0448,0.70,10285,active,voter (Total-weighted random choice)
8,node_0139,node_0114,0.63,6257,active,voter (Total-weighted random choice)
8,node_0140,node_0133,0.94,9097,active,voter (Total-weighted random choice)
8,node_0141,node_0114,0.70,7654,active,voter (Total-weighted random choice)
8,node_0142,node_0006,0.98,7922,active,voter (Total-weighted random choice)
8,node_0143,node_0275,0.62,605,active,voter (Total-weighted random choice)
8,node_0144,node_0050,0.52,161,active,voter (Total-weighted random choice)
8,node_0145,node_0073,0.99,4759,active,voter (Total-weighted random choice)
8,node_0146,node_0191,1.47,2023,rejected,voter (Total-weighted random choice)
8,node_0147,node_0175,1.36,7186,active,voter (Total-weighted random choice)
8,node_0148,node_0303,1.07,4501,active,voter (Total-weighted random choice)
8,node_0149,node_0377,0.63,7343,active,voter (Total-weighted random choice)
8,node_0150,node_0304,0.93,3490,active,voter (Total-weighted random choice)
8,node_0151,node_0180,0.51,1404,active,voter (Total-weighted random choice)
8,node_0152,node_0112,1.01,3240,active,voter (Total-weighted random choice)
8,node_0153,node_0303,0.52,112,active,voter (Total-weighted random choice)
8,node_0154,node_0346,0.55,8125,active,voter (Total-weighted random choice)
8,node_0155,node_0487,0.75,8280,active,voter (Total-weighted random choice)
8,node_0156,node_0191,1.36,2577,active,voter (Total-weighted random choice)
8,node_0157,node_0275,1.30,8722,active,voter (Total-weighted random choice)
8,node_0158,node_0343,1.04,8190,active,voter (Total-weighted random choice)
8,node_0159,node_0343,1.49,4412,active,voter (Total-weighted random choice)
8,node_0160,node_0175,1.16,3480,active,voter (Total-weighted random choice)
8,node_0161,node_0445,0.55,4034,active,voter (Total-weighted random choice)
8,node_0162,node_0175,1.12,5266,active,voter (Total-weighted random choice)
8,node_0163,node_0026,0.85,2032,active,voter (Total-weighted random choice)
8,node_0164,node_0277,0.66,2127,active,voter (Total-weighted random choice)
8,node_0165,node_0053,0.54,7067,active,voter (Total-weighted random choice)
8,node_0166,node_0339,0.97,9610,active,voter (Total-weighted random choice)
8,node_0167,node_0487,1.01,7309,active,voter (Total-weighted random choice)
8,node_0168,node_0168,1.00,9238,active,self-vote (candidate self-stake)
8,node_0169,node_0393,0.74,3753,active,voter (Total-weighted random choice)
8,node_0170,node_0393,1.16,7041,active,voter (Total-weighted random choice)
8,node_0171,node_0133,0.77,9159,active,voter (Total-weighted random choice)
8,node_0172,node_0365,1.10,8917,active,voter (Total-weighted random choice)
8,node_0173,node_0073,1.43,7246,active,voter (Total-weighted random choice)
8,node_0174,node_0074,1.18,2510,active,voter (Total-weighted random choice)
8,node_0175,node_0175,1.00,6713,active,self-vote (candidate self-stake)
8,node_0176,node_0228,1.03,28,active,voter (Total-weighted random choice)
8,node_0177,node_0177,1.00,9815,active,self-vote (candidate self-stake)
8,node_0178,node_0050,0.50,8491,active,voter (Total-weighted random choice)
8,node_0179,node_0474,0.93,6044,active,voter (Total-weighted random choice)
8,node_0180,node_0180,1.00,4619,active,self-vote (candidate self-stake)
8,node_0181,node_0175,1.31,2917,active,voter (Total-weighted random choice)
8,node_0182,node_0128,0.69,617,active,voter (Total-weighted random choice)
8,node_0183,node_0074,1.30,9967,active,voter (Total-weighted random choice)
8,node_0184,node_0042,0.84,720,active,voter (Total-weighted random choice)
8,node_0185,node_0444,0.94,6168,active,voter (Total-weighted random choice)
8,node_0186,node_0444,1.31,3999,active,voter (Total-weighted random choice)
8,node_0187,node_0115,0.80,10133,active,voter (Total-weighted random choice)
8,node_0188,node_0424,0.94,3679,active,voter (Total-weighted random choice)
8,node_0189,node_0193,0.68,9052,active,voter (Total-weighted random choice)
8,node_0190,node_0424,0.53,2170,active,voter (Total-weighted random choice)
8,node_0191,node_0191,1.00,10658,active,self-vote (candidate self-stake)
8,node_0192,node_0115,1.44,11245,active,voter (Total-weighted random choice)
8,node_0193,node_0193,1.00,6411,active,self-vote (candidate self-stake)
8,node_0194,node_0339,0.95,2778,active,voter (Total-weighted random choice)
8,node_0195,node_0424,1.09,913,active,voter (Total-weighted random choice)
8,node_0196,node_0128,0.80,11575,active,voter (Total-weighted random choice)
8,node_0197,node_0445,0.98,3908,active,voter (Total-weighted random choice)
8,node_0198,node_0405,1.10,218,active,voter (Total-weighted random choice)
8,node_0199,node_0050,1.34,614,active,voter (Total-weighted random choice)
8,node_0200,node_0177,0.58,98,active,voter (Total-weighted random choice)
8,node_0201,node_0050,1.21,6930,active,voter (Total-weighted random choice)
8,node_0202,node_0133,0.85,2648,active,voter (Total-weighted random choice)
8,node_0203,node_0444,1.04,8958,active,voter (Total-weighted random choice)
8,node_0204,node_0168,1.46,5476,active,voter (Total-weighted random choice)
8,node_0205,node_0074,1.11,7322,active,voter (Total-weighted random choice)
8,node_0206,node_0448,1.42,3492,rejected,voter (Total-weighted random choice)
8,node_0207,node_0444,1.30,8614,active,voter (Total-weighted random choice)
8,node_0208,node_0006,0.61,5813,active,voter (Total-weighted random choice)
8,node_0209,node_0228,0.69,3772,active,voter (Total-weighted random choice)
8,node_0210,node_0114,1.39,3964,active,voter (Total-weighted random choice)
8,node_0211,node_0346,0.50,10749,active,voter (Total-weighted random choice)
8,node_0212,node_0168,1.41,1577,active,voter (Total-weighted random choice)
8,node_0213,node_0339,0.90,9492,active,voter (Total-weighted random choice)
8,node_0214,node_0365,0.76,7384,active,voter (Total-weighted random choice)
8,node_0215,node_0050,0.55,10966,active,voter (Total-weighted random choice)
8,node_0216,node_0053,1.14,3229,active,voter (Total-weighted random choice)
8,node_0217,node_0377,0.56,6079,active,voter (Total-weighted random choice)
8,node_0218,node_0180,0.91,7942,active,voter (Total-weighted random choice)
8,node_0219,node_0168,1.23,6094,active,voter (Total-weighted random choice)
8,node_0220,node_0444,1.31,4137,active,voter (Total-weighted random choice)
8,node_0221,node_0363,1.31,6931,active,voter (Total-weighted random choice)
8,node_0222,node_0021,1.28,2777,active,voter (Total-weighted random choice)
8,node_0223,node_0277,1.32,1782,active,voter (Total-weighted random choice)
8,node_0224,node_0303,0.79,5829,active,voter (Total-weighted random choice)
8,node_0225,node_0042,0.94,6,active,voter (Total-weighted random choice)
8,node_0226,node_0191,1.37,3149,active,voter (Total-weighted random choice)
8,node_0227,node_0193,1.31,472,active,voter (Total-weighted random choice)
8,node_0228,node_0228,1.00,4726,active,self-vote (candidate self-stake)
8,node_0229,node_0377,0.53,6989,active,voter (Total-weighted random choice)
8,node_0230,node_0114,1.01,8433,active,voter (Total-weighted random choice)
8,node_0231,node_0128,0.94,11295,active,voter (Total-weighted random choice)
8,node_0232,node_0042,1.17,7614,active,voter (Total-weighted random choice)
8,node_0233,node_0050,0.63,1233,active,voter (Total-weighted random choice)
8,node_0234,node_0058,0.59,448,active,voter (Total-weighted random choice)
8,node_0235,node_0191,1.40,6908,active,voter (Total-weighted random choice)
8,node_0236,node_0168,1.15,1541,active,voter (Total-weighted random choice)
8,node_0237,node_0042,0.78,244,active,voter (Total-weighted random choice)
8,node_0238,node_0112,0.64,14313,active,voter (Total-weighted random choice)
8,node_0239,node_0180,1.36,6315,active,voter (Total-weighted random choice)
8,node_0240,node_0050,0.79,3669,active,voter (Total-weighted random choice)
8,node_0241,node_0193,0.72,5374,active,voter (Total-weighted random choice)
8,node_0242,node_0180,0.80,444,active,voter (Total-weighted random choice)
8,node_0243,node_0491,1.26,4353,active,voter (Total-weighted random choice)
8,node_0244,node_0448,1.30,1717,active,voter (Total-weighted random choice)
8,node_0245,node_0365,0.56,1449,active,voter (Total-weighted random choice)
8,node_0246,node_0021,1.46,12787,active,voter (Total-weighted random choice)
8,node_0247,node_0180,1.43,4262,active,voter (Total-weighted random choice)
8,node_0248,node_0249,0.84,10575,active,voter (Total-weighted random choice)
8,node_0249,node_0249,1.00,3678,active,self-vote (candidate self-stake)
8,node_0250,node_0177,1.16,7853,active,voter (Total-weighted random choice)
8,node_0251,node_0277,1.06,3689,active,voter (Total-weighted random choice)
8,node_0252,node_0053,0.83,85,active,voter (Total-weighted random choice)
8,node_0253,node_0365,1.43,10327,rejected,voter (Total-weighted random choice)
8,node_0254,node_0448,0.99,9103,active,voter (Total-weighted random choice)
8,node_0255,node_0053,0.58,7492,active,voter (Total-weighted random choice)
8,node_0256,node_0050,1.42,7566,active,voter (Total-weighted random choice)
8,node_0257,node_0491,1.05,10347,active,voter (Total-weighted random choice)
8,node_0258,node_0249,0.95,993,active,voter (Total-weighted random choice)
8,node_0259,node_0193,0.98,4211,active,voter (Total-weighted random choice)
8,node_0260,node_0249,1.22,9337,active,voter (Total-weighted random choice)
8,node_0261,node_0474,0.52,8879,active,voter (Total-weighted random choice)
8,node_0262,node_0405,0.71,7128,active,voter (Total-weighted random choice)
8,node_0263,node_0115,1.05,8421,active,voter (Total-weighted random choice)
8,node_0264,node_0168,1.45,126,active,voter (Total-weighted random choice)
8,node_0265,node_0424,1.47,8144,active,voter (Total-weighted random choice)
8,node_0266,node_0453,1.24,6098,active,voter (Total-weighted random choice)
8,node_0267,node_0363,1.03,11089,active,voter (Total-weighted random choice)
8,node_0268,node_0177,0.53,7464,active,voter (Total-weighted random choice)
8,node_0269,node_0346,0.70,7828,active,voter (Total-weighted random choice)
8,node_0270,node_0118,0.75,10232,active,voter (Total-weighted random choice)
8,node_0271,node_0277,0.72,1465,active,voter (Total-weighted random choice)
8,node_0272,node_0424,1.00,7919,active,voter (Total-weighted random choice)
8,node_0273,node_0180,0.69,4236,active,voter (Total-weighted random choice)
8,node_0274,node_0042,1.11,9923,active,voter (Total-weighted random choice)
8,node_0275,node_0275,1.00,2531,active,self-vote (candidate self-stake)
8,node_0276,node_0128,0.56,4009,active,voter (Total-weighted random choice)
8,node_0277,node_0277,1.00,9936,active,self-vote (candidate self-stake)
8,node_0278,node_0277,0.99,351,active,voter (Total-weighted random choice)
8,node_0279,node_0393,1.02,3381,active,voter (Total-weighted random choice)
8,node_0280,node_0006,0.93,9702,active,voter (Total-weighted random choice)
8,node_0281,node_0448,0.95,9667,active,voter (Total-weighted random choice)
8,node_0282,node_0365,0.93,7078,active,voter (Total-weighted random choice)
8,node_0283,node_0180,1.06,2161,active,voter (Total-weighted random choice)
8,node_0284,node_0424,1.17,2082,active,voter (Total-weighted random choice)
8,node_0285,node_0128,1.19,4792,active,voter (Total-weighted random choice)
8,node_0286,node_0053,1.43,1019,active,voter (Total-weighted random choice)
8,node_0287,node_0112,1.19,8914,active,voter (Total-weighted random choice)
8,node_0288,node_0249,1.02,2955,active,voter (Total-weighted random choice)
8,node_0289,node_0050,1.23,6108,active,voter (Total-weighted random choice)
8,node_0290,node_0021,1.45,9084,active,voter (Total-weighted random choice)
8,node_0291,node_0177,0.81,2584,active,voter (Total-weighted random choice)
8,node_0292,node_0365,1.22,6860,rejected,voter (Total-weighted random choice)
8,node_0293,node_0303,1.02,5102,active,voter (Total-weighted random choice)
8,node_0294,node_0112,0.68,10911,active,voter (Total-weighted random choice)
8,node_0295,node_0115,0.91,7098,active,voter (Total-weighted random choice)
8,node_0296,node_0133,0.57,2042,active,voter (Total-weighted random choice)
8,node_0297,node_0112,0.94,433,active,voter (Total-weighted random choice)
8,node_0298,node_0074,0.57,1394,active,voter (Total-weighted random choice)
8,node_0299,node_0303,1.08,1026,active,voter (Total-weighted random choice)
8,node_0300,node_0365,1.36,6754,rejected,voter (Total-weighted random choice)
8,node_0301,node_0177,1.05,643,active,voter (Total-weighted random choice)
8,node_0302,node_0277,0.88,5441,active,voter (Total-weighted random choice)
8,node_0303,node_0303,1.00,10472,active,self-vote (candidate self-stake)
8,node_0304,node_0304,1.00,4089,active,self-vote (candidate self-stake)
8,node_0305,node_0114,1.42,3857,active,voter (Total-weighted random choice)
8,node_0306,node_0118,1.46,9,active,voter (Total-weighted random choice)
8,node_0307,node_0058,0.97,6743,active,voter (Total-weighted random choice)
8,node_0308,node_0175,1.41,707,active,voter (Total-weighted random choice)
8,node_0309,node_0006,0.58,4347,active,voter (Total-weighted random choice)
8,node_0310,node_0365,0.70,3519,active,voter (Total-weighted random choice)
8,node_0311,node_0114,0.94,11645,active,voter (Total-weighted random choice)
8,node_0312,node_0405,1.48,2131,active,voter (Total-weighted random choice)
8,node_0313,node_0050,1.12,3878,active,voter (Total-weighted random choice)
8,node_0314,node_0444,1.15,2252,active,voter (Total-weighted random choice)
8,node_0315,node_0491,0.63,5288,active,voter (Total-weighted random choice)
8,node_0316,node_0228,1.40,9284,active,voter (Total-weighted random choice)
8,node_0317,node_0118,1.39,398,active,voter (Total-weighted random choice)
8,node_0318,node_0365,1.21,11089,rejected,voter (Total-weighted random choice)
8,node_0319,node_0128,0.51,4189,active,voter (Total-weighted random choice)
8,node_0320,node_0076,1.15,2196,active,voter (Total-weighted random choice)
8,node_0321,node_0487,1.26,1403,active,voter (Total-weighted random choice)
8,node_0322,node_0448,1.39,7950,active,voter (Total-weighted random choice)
8,node_0323,node_0487,1.27,825,active,voter (Total-weighted random choice)
8,node_0324,node_0053,1.41,6898,active,voter (Total-weighted random choice)
8,node_0325,node_0365,1.13,9663,active,voter (Total-weighted random choice)
8,node_0326,node_0339,0.86,1501,active,voter (Total-weighted random choice)
8,node_0327,node_0168,0.92,2431,active,voter (Total-weighted random choice)
8,node_0328,node_0377,1.38,358,active,voter (Total-weighted random choice)
8,node_0329,node_0175,0.70,5849,active,voter (Total-weighted random choice)
8,node_0330,node_0128,1.30,12106,active,voter (Total-weighted random choice)
8,node_0331,node_0112,0.57,229,active,voter (Total-weighted random choice)
8,node_0332,node_0444,1.42,6723,active,voter (Total-weighted random choice)
8,node_0333,node_0487,1.15,9602,active,voter (Total-weighted random choice)
8,node_0334,node_0191,1.00,9028,active,voter (Total-weighted random choice)
8,node_0335,node_0303,0.66,2771,active,voter (Total-weighted random choice)
8,node_0336,node_0346,0.86,3462,active,voter (Total-weighted random choice)
8,node_0337,node_0133,1.48,220,active,voter (Total-weighted random choice)
8,node_0338,node_0277,1.43,1812,active,voter (Total-weighted random choice)
8,node_0339,node_0339,1.00,4899,active,self-vote (candidate self-stake)
8,node_0340,node_0343,0.95,515,active,voter (Total-weighted random choice)
8,node_0341,node_0339,0.70,2391,active,voter (Total-weighted random choice)
8,node_0342,node_0402,0.85,8106,active,voter (Total-weighted random choice)
8,node_0343,node_0343,1.00,10194,active,self-vote (candidate self-stake)
8,node_0344,node_0363,1.17,561,active,voter (Total-weighted random choice)
8,node_0345,node_0074,0.54,453,active,voter (Total-weighted random choice)
8,node_0346,node_0346,1.00,3840,active,self-vote (candidate self-stake)
8,node_0347,node_0168,1.37,5871,active,voter (Total-weighted random choice)
8,node_0348,node_0487,1.25,2212,active,voter (Total-weighted random choice)
8,node_0349,node_0058,1.43,3953,active,voter (Total-weighted random choice)
8,node_0350,node_0050,0.71,636,active,voter (Total-weighted random choice)
8,node_0351,node_0073,1.48,4681,active,voter (Total-weighted random choice)
8,node_0352,node_0114,0.61,10328,active,voter (Total-weighted random choice)
8,node_0353,node_0050,1.22,7115,active,voter (Total-weighted random choice)
8,node_0354,node_0053,0.57,6170,active,voter (Total-weighted random choice)
8,node_0355,node_0191,0.70,109,active,voter (Total-weighted random choice)
8,node_0356,node_0365,0.95,8833,active,voter (Total-weighted random choice)
8,node_0357,node_0026,1.04,5858,active,voter (Total-weighted random choice)
8,node_0358,node_0444,0.69,11068,active,voter (Total-weighted random choice)
8,node_0359,node_0073,0.89,1925,active,voter (Total-weighted random choice)
8,node_0360,node_0180,0.80,968,active,voter (Total-weighted random choice)
8,node_0361,node_0133,0.65,1635,active,voter (Total-weighted random choice)
8,node_0362,node_0343,1.48,895,active,voter (Total-weighted random choice)
8,node_0363,node_0363,1.00,1891,active,self-vote (candidate self-stake)
8,node_0364,node_0275,0.83,1668,active,voter (Total-weighted random choice)
8,node_0365,node_0365,1.00,9909,active,self-vote (candidate self-stake)
8,node_0366,node_0175,1.38,6380,active,voter (Total-weighted random choice)
8,node_0367,node_0474,0.93,6263,active,voter (Total-weighted random choice)
8,node_0368,node_0277,1.16,194,active,voter (Total-weighted random choice)
8,node_0369,node_0128,1.25,1736,active,voter (Total-weighted random choice)
8,node_0370,node_0448,1.11,3145,active,voter (Total-weighted random choice)
8,node_0371,node_0056,0.80,9412,active,voter (Total-weighted random choice)
8,node_0372,node_0114,0.79,4232,active,voter (Total-weighted random choice)
8,node_0373,node_0114,0.56,5259,active,voter (Total-weighted random choice)
8,node_0374,node_0053,0.54,7224,active,voter (Total-weighted random choice)
8,node_0375,node_0343,1.03,10767,active,voter (Total-weighted random choice)
8,node_0376,node_0058,0.54,12789,active,voter (Total-weighted random choice)
8,node_0377,node_0377,1.00,8211,active,self-vote (candidate self-stake)
8,node_0378,node_0114,1.26,1906,active,voter (Total-weighted random choice)
8,node_0379,node_0133,0.75,6955,active,voter (Total-weighted random choice)
8,node_0380,node_0444,1.02,5902,active,voter (Total-weighted random choice)
8,node_0381,node_0133,0.82,5142,active,voter (Total-weighted random choice)
8,node_0382,node_0006,0.53,57,active,voter (Total-weighted random choice)
8,node_0383,node_0191,1.42,5915,active,voter (Total-weighted random choice)
8,node_0384,node_0191,0.74,8392,active,voter (Total-weighted random choice)
8,node_0385,node_0363,1.29,250,active,voter (Total-weighted random choice)
8,node_0386,node_0493,1.37,9797,active,voter (Total-weighted random choice)
8,node_0387,node_0076,1.11,9555,active,voter (Total-weighted random choice)
8,node_0388,node_0180,0.88,6622,active,voter (Total-weighted random choice)
8,node_0389,node_0042,0.63,5745,active,voter (Total-weighted random choice)
8,node_0390,node_0377,0.94,3406,active,voter (Total-weighted random choice)
8,node_0391,node_0445,1.50,5959,active,voter (Total-weighted random choice)
8,node_0392,node_0346,0.97,772,active,voter (Total-weighted random choice)
8,node_0393,node_0393,1.00,313,active,self-vote (candidate self-stake)
8,node_0394,node_0402,0.99,1580,active,voter (Total-weighted random choice)
8,node_0395,node_0249,0.53,2141,active,voter (Total-weighted random choice)
8,node_0396,node_0168,0.75,175,active,voter (Total-weighted random choice)
8,node_0397,node_0026,0.89,7461,active,voter (Total-weighted random choice)
8,node_0398,node_0448,0.63,4913,active,voter (Total-weighted random choice)
8,node_0399,node_0304,0.61,3663,active,voter (Total-weighted random choice)
8,node_0400,node_0026,0.83,3011,active,voter (Total-weighted random choice)
8,node_0401,node_0493,0.92,5390,active,voter (Total-weighted random choice)
8,node_0402,node_0402,1.00,2906,active,self-vote (candidate self-stake)
8,node_0403,node_0487,1.01,7616,active,voter (Total-weighted random choice)
8,node_0404,node_0177,1.28,542,active,voter (Total-weighted random choice)
8,node_0405,node_0405,1.00,12013,active,self-vote (candidate self-stake)
8,node_0406,node_0112,0.51,2935,active,voter (Total-weighted random choice)
8,node_0407,node_0448,0.79,592,active,voter (Total-weighted random choice)
8,node_0408,node_0115,1.28,5885,active,voter (Total-weighted random choice)
8,node_0409,node_0491,0.86,2322,active,voter (Total-weighted random choice)
8,node_0410,node_0365,1.39,9770,rejected,voter (Total-weighted random choice)
8,node_0411,node_0021,0.68,2745,active,voter (Total-weighted random choice)
8,node_0412,node_0115,0.94,317,active,voter (Total-weighted random choice)
8,node_0413,node_0343,1.38,8216,active,voter (Total-weighted random choice)
8,node_0414,node_0249,1.48,5787,active,voter (Total-weighted random choice)
8,node_0415,node_0050,1.14,4437,active,voter (Total-weighted random choice)
8,node_0416,node_0346,0.72,10272,active,voter (Total-weighted random choice)
8,node_0417,node_0074,0.87,138,active,voter (Total-weighted random choice)
8,node_0418,node_0474,1.28,449,active,voter (Total-weighted random choice)
8,node_0419,node_0474,0.62,100,active,voter (Total-weighted random choice)
8,node_0420,node_0363,1.21,4988,active,voter (Total-weighted random choice)
8,node_0421,node_0133,0.77,7216,active,voter (Total-weighted random choice)
8,node_0422,node_0493,0.91,10502,active,voter (Total-weighted random choice)
8,node_0423,node_0118,1.25,874,active,voter (Total-weighted random choice)
8,node_0424,node_0424,1.00,5986,active,self-vote (candidate self-stake)
8,node_0425,node_0303,1.02,5473,active,voter (Total-weighted random choice)
8,node_0426,node_0112,1.27,9878,active,voter (Total-weighted random choice)
8,node_0427,node_0277,1.25,1124,active,voter (Total-weighted random choice)
8,node_0428,node_0128,1.44,4361,rejected,voter (Total-weighted random choice)
8,node_0429,node_0377,1.19,1737,active,voter (Total-weighted random choice)
8,node_0430,node_0448,1.01,2999,active,voter (Total-weighted random choice)
8,node_0431,node_0363,0.71,7930,active,voter (Total-weighted random choice)
8,node_0432,node_0128,0.92,7063,active,voter (Total-weighted random choice)
8,node_0433,node_0303,1.44,392,active,voter (Total-weighted random choice)
8,node_0434,node_0363,0.59,10404,active,voter (Total-weighted random choice)
8,node_0435,node_0168,0.52,6122,active,voter (Total-weighted random choice)
8,node_0436,node_0424,0.81,7134,active,voter (Total-weighted random choice)
8,node_0437,node_0128,1.28,2255,active,voter (Total-weighted random choice)
8,node_0438,node_0115,1.13,1020,active,voter (Total-weighted random choice)
8,node_0439,node_0303,0.56,6864,active,voter (Total-weighted random choice)
8,node_0440,node_0487,0.76,9059,active,voter (Total-weighted random choice)
8,node_0441,node_0177,0.91,8273,active,voter (Total-weighted random choice)
8,node_0442,node_0228,1.21,9917,active,voter (Total-weighted random choice)
8,node_0443,node_0168,1.14,4534,active,voter (Total-weighted random choice)
8,node_0444,node_0444,1.00,12754,active,self-vote (candidate self-stake)
8,node_0445,node_0445,1.00,8629,active,self-vote (candidate self-stake)
8,node_0446,node_0346,0.95,4662,active,voter (Total-weighted random choice)
8,node_0447,node_0339,0.67,9637,active,voter (Total-weighted random choice)
8,node_0448,node_0448,1.00,13826,active,self-vote (candidate self-stake)
8,node_0449,node_0177,0.58,8011,active,voter (Total-weighted random choice)
8,node_0450,node_0168,1.05,3511,active,voter (Total-weighted random choice)
8,node_0451,node_0168,0.97,259,active,voter (Total-weighted random choice)
8,node_0452,node_0073,1.33,712,active,voter (Total-weighted random choice)
8,node_0453,node_0453,1.00,387,active,self-vote (candidate self-stake)
8,node_0454,node_0339,1.35,6530,active,voter (Total-weighted random choice)
8,node_0455,node_0042,0.53,4481,active,voter (Total-weighted random choice)
8,node_0456,node_0377,1.42,7155,active,voter (Total-weighted random choice)
8,node_0457,node_0339,0.71,9784,active,voter (Total-weighted random choice)
8,node_0458,node_0249,1.17,942,active,voter (Total-weighted random choice)
8,node_0459,node_0021,1.31,4275,active,voter (Total-weighted random choice)
8,node_0460,node_0444,1.09,6984,active,voter (Total-weighted random choice)
8,node_0461,node_0377,1.28,5942,active,voter (Total-weighted random choice)
8,node_0462,node_0474,1.29,2490,active,voter (Total-weighted random choice)
8,node_0463,node_0115,0.96,5277,active,voter (Total-weighted random choice)
8,node_0464,node_0112,0.73,1371,active,voter (Total-weighted random choice)
8,node_0465,node_0363,1.19,7540,active,voter (Total-weighted random choice)
8,node_0466,node_0393,1.18,7172,active,voter (Total-weighted random choice)
8,node_0467,node_0339,0.62,5526,active,voter (Total-weighted random choice)
8,node_0468,node_0133,0.90,2424,active,voter (Total-weighted random choice)
8,node_0469,node_0343,0.56,1225,active,voter (Total-weighted random choice)
8,node_0470,node_0042,1.20,11228,active,voter (Total-weighted random choice)
8,node_0471,node_0228,1.41,4317,active,voter (Total-weighted random choice)
8,node_0472,node_0249,0.96,11773,active,voter (Total-weighted random choice)
8,node_0473,node_0402,1.23,1586,active,voter (Total-weighted random choice)
8,node_0474,node_0474,1.00,5657,active,self-vote (candidate self-stake)
8,node_0475,node_0363,0.94,3532,active,voter (Total-weighted random choice)
8,node_0476,node_0128,0.56,9961,active,voter (Total-weighted random choice)
8,node_0477,node_0128,0.53,5976,active,voter (Total-weighted random choice)
8,node_0478,node_0377,1.26,3006,active,voter (Total-weighted random choice)
8,node_0479,node_0339,1.24,8816,active,voter (Total-weighted random choice)
8,node_0480,node_0193,1.19,12657,active,voter (Total-weighted random choice)
8,node_0481,node_0177,0.96,5079,active,voter (Total-weighted random choice)
8,node_0482,node_0365,0.67,3068,active,voter (Total-weighted random choice)
8,node_0483,node_0377,1.23,5482,active,voter (Total-weighted random choice)
8,node_0484,node_0363,1.22,11200,active,voter (Total-weighted random choice)
8,node_0485,node_0424,1.10,1124,active,voter (Total-weighted random choice)
8,node_0486,node_0180,0.99,7267,active,voter (Total-weighted random choice)
8,node_0487,node_0487,1.00,6448,active,self-vote (candidate self-stake)
8,node_0488,node_0474,1.12,7817,active,voter (Total-weighted random choice)
8,node_0489,node_0393,0.94,6914,active,voter (Total-weighted random choice)
8,node_0490,node_0128,0.75,6476,active,voter (Total-weighted random choice)
8,node_0491,node_0491,1.00,5060,active,self-vote (candidate self-stake)
8,node_0492,node_0405,1.27,1544,active,voter (Total-weighted random choice)
8,node_0493,node_0493,1.00,1709,active,self-vote (candidate self-stake)
8,node_0494,node_0365,0.84,6945,active,voter (Total-weighted random choice)
8,node_0495,node_0448,0.53,6784,active,voter (Total-weighted random choice)
8,node_0496,node_0073,1.13,1448,active,voter (Total-weighted random choice)
8,node_0497,node_0112,0.63,1372,active,voter (Total-weighted random choice)
8,node_0498,node_0228,1.27,2845,active,voter (Total-weighted random choice)
8,node_0499,node_0377,1.18,5025,active,voter (Total-weighted random choice)
8,node_0500,node_0377,0.96,9173,active,voter (Total-weighted random choice)
9,node_0001,node_0086,1.39,4285,active,voter (Total-weighted random choice)
9,node_0002,node_0253,1.50,4036,rejected,voter (Total-weighted random choice)
9,node_0003,node_0122,1.22,13170,active,voter (Total-weighted random choice)
9,node_0004,node_0418,1.32,118,active,voter (Total-weighted random choice)
9,node_0005,node_0345,0.66,3836,active,voter (Total-weighted random choice)
9,node_0006,node_0442,0.67,9241,active,voter (Total-weighted random choice)
9,node_0007,node_0007,1.00,5302,active,self-vote (candidate self-stake)
9,node_0008,node_0008,1.00,341,active,self-vote (candidate self-stake)
9,node_0009,node_0083,0.56,7231,active,voter (Total-weighted random choice)
9,node_0010,node_0017,1.34,5208,active,voter (Total-weighted random choice)
9,node_0011,node_0046,1.44,19,rejected,voter (Total-weighted random choice)
9,node_0012,node_0305,0.99,5745,active,voter (Total-weighted random choice)
9,node_0013,node_0069,0.57,1496,active,voter (Total-weighted random choice)
9,node_0014,node_0046,1.43,7359,rejected,voter (Total-weighted random choice)
9,node_0015,node_0122,0.61,6637,active,voter (Total-weighted random choice)
9,node_0016,node_0069,0.66,482,active,voter (Total-weighted random choice)
9,node_0017,node_0017,1.00,1571,active,self-vote (candidate self-stake)
9,node_0018,node_0105,1.27,6778,active,voter (Total-weighted random choice)
9,node_0019,node_0040,0.54,1666,active,voter (Total-weighted random choice)
9,node_0020,node_0083,1.46,6565,active,voter (Total-weighted random choice)
9,node_0021,node_0122,1.02,1462,active,voter (Total-weighted random choice)
9,node_0022,node_0394,1.13,562,active,voter (Total-weighted random choice)
9,node_0023,node_0238,1.38,10495,rejected,voter (Total-weighted random choice)
9,node_0024,node_0051,1.10,109,active,voter (Total-weighted random choice)
9,node_0025,node_0394,0.71,4773,active,voter (Total-weighted random choice)
9,node_0026,node_0293,1.23,2532,active,voter (Total-weighted random choice)
9,node_0027,node_0008,0.52,3227,active,voter (Total-weighted random choice)
9,node_0028,node_0258,1.02,8527,active,voter (Total-weighted random choice)
9,node_0029,node_0046,0.56,3908,active,voter (Total-weighted random choice)
9,node_0030,node_0007,1.01,15871,active,voter (Total-weighted random choice)
9,node_0031,node_0262,1.04,4047,active,voter (Total-weighted random choice)
9,node_0032,node_0418,1.22,7263,active,voter (Total-weighted random choice)
9,node_0033,node_0069,0.90,973,active,voter (Total-weighted random choice)
9,node_0034,node_0110,1.40,7547,active,voter (Total-weighted random choice)
9,node_0035,node_0101,0.97,6826,active,voter (Total-weighted random choice)
9,node_0036,node_0262,1.05,14059,active,voter (Total-weighted random choice)
9,node_0037,node_0262,1.36,1748,active,voter (Total-weighted random choice)
9,node_0038,node_0040,1.04,5728,active,voter (Total-weighted random choice)
9,node_0039,node_0442,1.49,5745,rejected,voter (Total-weighted random choice)
9,node_0040,node_0040,1.00,8187,active,self-vote (candidate self-stake)
9,node_0041,node_0345,1.10,2935,active,voter (Total-weighted random choice)
9,node_0042,node_0253,1.06,207,active,voter (Total-weighted random choice)
9,node_0043,node_0449,0.77,7012,active,voter (Total-weighted random choice)
9,node_0044,node_0017,0.71,11387,active,voter (Total-weighted random choice)
9,node_0045,node_0083,1.07,2199,active,voter (Total-weighted random choice)
9,node_0046,node_0046,1.00,3628,active,self-vote (candidate self-stake)
9,node_0047,node_0449,1.15,195,active,voter (Total-weighted random choice)
9,node_0048,node_0105,1.50,17802,active,voter (Total-weighted random choice)
9,node_0049,node_0017,1.36,9844,active,voter (Total-weighted random choice)
9,node_0050,node_0105,0.79,9335,active,voter (Total-weighted random choice)
9,node_0051,node_0051,1.00,2163,active,self-vote (candidate self-stake)
9,node_0052,node_0250,1.27,6091,active,voter (Total-weighted random choice)
9,node_0053,node_0418,0.58,8123,active,voter (Total-weighted random choice)
9,node_0054,node_0017,1.09,1280,active,voter (Total-weighted random choice)
9,node_0055,node_0110,1.48,1364,active,voter (Total-weighted random choice)
9,node_0056,node_0008,1.50,11739,active,voter (Total-weighted random choice)
9,node_0057,node_0442,1.04,1374,active,voter (Total-weighted random choice)
9,node_0058,node_0449,0.64,4913,active,voter (Total-weighted random choice)
9,node_0059,node_0046,1.23,5130,active,voter (Total-weighted random choice)
9,node_0060,node_0293,1.39,9069,active,voter (Total-weighted random choice)
9,node_0061,node_0141,0.98,3541,active,voter (Total-weighted random choice)
9,node_0062,node_0250,0.56,3593,active,voter (Total-weighted random choice)
9,node_0063,node_0394,0.67,6162,active,voter (Total-weighted random choice)
9,node_0064,node_0008,0.92,317,active,voter (Total-weighted random choice)
9,node_0065,node_0262,0.86,43,active,voter (Total-weighted random choice)
9,node_0066,node_0008,1.04,402,active,voter (Total-weighted random choice)
9,node_0067,node_0046,0.75,12078,active,voter (Total-weighted random choice)
9,node_0068,node_0007,1.18,2054,active,voter (Total-weighted random choice)
9,node_0069,node_0069,1.00,1190,active,self-vote (candidate self-stake)
9,node_0070,node_0046,0.77,1502,active,voter (Total-weighted random choice)
9,node_0071,node_0007,1.02,231,active,voter (Total-weighted random choice)
9,node_0072,node_0253,1.22,2485,active,voter (Total-weighted random choice)
9,node_0073,node_0394,0.87,3985,active,voter (Total-weighted random choice)
9,node_0074,node_0413,1.18,2828,active,voter (Total-weighted random choice)
9,node_0075,node_0258,0.62,5079,active,voter (Total-weighted random choice)
9,node_0076,node_0017,0.51,4017,active,voter (Total-weighted random choice)
9,node_0077,node_0418,0.96,2030,active,voter (Total-weighted random choice)
9,node_0078,node_0268,0.84,726,active,voter (Total-weighted random choice)
9,node_0079,node_0069,0.83,3200,active,voter (Total-weighted random choice)
9,node_0080,node_0040,0.65,9566,active,voter (Total-weighted random choice)
9,node_0081,node_0046,0.98,847,active,voter (Total-weighted random choice)
9,node_0082,node_0305,0.96,1564,active,voter (Total-weighted random choice)
9,node_0083,node_0083,1.00,3258,active,self-vote (candidate self-stake)
9,node_0084,node_0253,1.12,8975,active,voter (Total-weighted random choice)
9,node_0085,node_0141,0.74,5719,active,voter (Total-weighted random choice)
9,node_0086,node_0086,1.00,2096,active,self-vote (candidate self-stake)
9,node_0087,node_0245,0.72,4066,active,voter (Total-weighted random choice)
9,node_0088,node_0471,0.73,6323,active,voter (Total-weighted random choice)
9,node_0089,node_0122,1.38,484,active,voter (Total-weighted random choice)
9,node_0090,node_0345,1.06,752,active,voter (Total-weighted random choice)
9,node_0091,node_0105,1.01,1452,active,voter (Total-weighted random choice)
9,node_0092,node_0040,1.24,2309,rejected,voter (Total-weighted random choice)
9,node_0093,node_0086,0.80,10061,active,voter (Total-weighted random choice)
9,node_0094,node_0238,0.63,8696,active,voter (Total-weighted random choice)
9,node_0095,node_0173,0.74,941,active,voter (Total-weighted random choice)
9,node_0096,node_0299,1.37,2389,active,voter (Total-weighted random choice)
9,node_0097,node_0040,0.90,8945,active,voter (Total-weighted random choice)
9,node_0098,node_0305,0.61,10400,active,voter (Total-weighted random choice)
9,node_0099,node_0173,1.37,431,active,voter (Total-weighted random choice)
9,node_0100,node_0394,0.84,7363,active,voter (Total-weighted random choice)
9,node_0101,node_0101,1.00,1696,active,self-vote (candidate self-stake)
9,node_0102,node_0122,1.25,49,active,voter (Total-weighted random choice)
9,node_0103,node_0040,1.12,3111,active,voter (Total-weighted random choice)
9,node_0104,node_0305,1.45,8623,rejected,voter (Total-weighted random choice)
9,node_0105,node_0105,1.00,3694,active,self-vote (candidate self-stake)
9,node_0106,node_0293,0.93,10562,active,voter (Total-weighted random choice)
9,node_0107,node_0305,1.22,11636,active,voter (Total-weighted random choice)
9,node_0108,node_0110,1.41,1503,active,voter (Total-weighted random choice)
9,node_0109,node_0245,0.62,528,active,voter (Total-weighted random choice)
9,node_0110,node_0110,1.00,4261,active,self-vote (candidate self-stake)
9,node_0111,node_0250,1.31,12730,rejected,voter (Total-weighted random choice)
9,node_0112,node_0040,0.57,1673,active,voter (Total-weighted random choice)
9,node_0113,node_0040,1.47,2515,rejected,voter (Total-weighted random choice)
9,node_0114,node_0443,1.33,8450,active,voter (Total-weighted random choice)
9,node_0115,node_0471,1.40,7542,active,voter (Total-weighted random choice)
9,node_0116,node_0253,0.97,5249,active,voter (Total-weighted random choice)
9,node_0117,node_0238,0.70,6201,active,voter (Total-weighted random choice)
9,node_0118,node_0293,1.16,5876,active,voter (Total-weighted random choice)
9,node_0119,node_0083,0.88,6647,active,voter (Total-weighted random choice)
9,node_0120,node_0110,1.36,78,active,voter (Total-weighted random choice)
9,node_0121,node_0040,1.17,6846,active,voter (Total-weighted random choice)
9,node_0122,node_0122,1.00,2907,active,self-vote (candidate self-stake)
9,node_0123,node_0413,0.99,8378,active,voter (Total-weighted random choice)
9,node_0124,node_0238,0.99,3069,rejected,voter (Total-weighted random choice)
9,node_0125,node_0245,1.40,2408,active,voter (Total-weighted random choice)
9,node_0126,node_0086,0.96,884,active,voter (Total-weighted random choice)
9,node_0127,node_0258,0.51,6086,active,voter (Total-weighted random choice)
9,node_0128,node_0238,0.84,7420,active,voter (Total-weighted random choice)
9,node_0129,node_0413,1.10,8944,active,voter (Total-weighted random choice)
9,node_0130,node_0442,1.46,2850,rejected,voter (Total-weighted random choice)
9,node_0131,node_0101,0.86,689,active,voter (Total-weighted random choice)
9,node_0132,node_0413,0.73,5252,active,voter (Total-weighted random choice)
9,node_0133,node_0122,0.91,7660,active,voter (Total-weighted random choice)
9,node_0134,node_0443,0.78,4879,active,voter (Total-weighted random choice)
9,node_0135,node_0086,0.88,6697,active,voter (Total-weighted random choice)
9,node_0136,node_0083,1.30,14313,active,voter (Total-weighted random choice)
9,node_0137,node_0040,1.39,6435,rejected,voter (Total-weighted random choice)
9,node_0138,node_0262,0.82,10828,active,voter (Total-weighted random choice)
9,node_0139,node_0449,1.46,7472,active,voter (Total-weighted random choice)
9,node_0140,node_0122,1.11,9702,active,voter (Total-weighted random choice)
9,node_0141,node_0141,1.00,8440,active,self-vote (candidate self-stake)
9,node_0142,node_0262,1.27,7571,active,voter (Total-weighted random choice)
9,node_0143,node_0250,1.45,908,rejected,voter (Total-weighted random choice)
9,node_0144,node_0442,1.09,283,active,voter (Total-weighted random choice)
9,node_0145,node_0238,1.23,5649,rejected,voter (Total-weighted random choice)
9,node_0146,node_0442,1.26,1568,rejected,voter (Total-weighted random choice)
9,node_0147,node_0442,0.96,6676,active,voter (Total-weighted random choice)
9,node_0148,node_0418,0.54,4980,active,voter (Total-weighted random choice)
9,node_0149,node_0413,0.58,7059,active,voter (Total-weighted random choice)
9,node_0150,node_0238,1.37,3301,rejected,voter (Total-weighted random choice)
9,node_0151,node_0040,0.73,1586,active,voter (Total-weighted random choice)
9,node_0152,node_0268,0.75,2966,active,voter (Total-weighted random choice)
9,node_0153,node_0238,0.54,314,active,voter (Total-weighted random choice)
9,node_0154,node_0258,0.74,8242,active,voter (Total-weighted random choice)
9,node_0155,node_0262,1.45,8048,rejected,voter (Total-weighted random choice)
9,node_0156,node_0141,1.39,2643,active,voter (Total-weighted random choice)
9,node_0157,node_0245,0.66,8516,active,voter (Total-weighted random choice)
9,node_0158,node_0083,0.79,8352,active,voter (Total-weighted random choice)
9,node_0159,node_0442,1.29,4074,rejected,voter (Total-weighted random choice)
9,node_0160,node_0101,0.62,3110,active,voter (Total-weighted random choice)
9,node_0161,node_0238,0.65,4542,active,voter (Total-weighted random choice)
9,node_0162,node_0268,0.71,4058,active,voter (Total-weighted random choice)
9,node_0163,node_0083,0.52,2028,active,voter (Total-weighted random choice)
9,node_0164,node_0101,0.62,2028,active,voter (Total-weighted random choice)
9,node_0165,node_0262,0.59,7456,active,voter (Total-weighted random choice)
9,node_0166,node_0442,1.18,10389,active,voter (Total-weighted random choice)
9,node_0167,node_0105,1.44,8078,active,voter (Total-weighted random choice)
9,node_0168,node_0471,1.16,9224,active,voter (Total-weighted random choice)
9,node_0169,node_0122,1.39,4412,active,voter (Total-weighted random choice)
9,node_0170,node_0345,0.73,6896,active,voter (Total-weighted random choice)
9,node_0171,node_0122,0.55,9793,active,voter (Total-weighted random choice)
9,node_0172,node_0069,1.09,9254,active,voter (Total-weighted random choice)
9,node_0173,node_0173,1.00,6830,active,self-vote (candidate self-stake)
9,node_0174,node_0238,0.89,2987,active,voter (Total-weighted random choice)
9,node_0175,node_0238,0.79,7171,active,voter (Total-weighted random choice)
9,node_0176,node_0394,0.88,66,active,voter (Total-weighted random choice)
9,node_0177,node_0122,0.76,9760,active,voter (Total-weighted random choice)
9,node_0178,node_0418,1.19,8080,active,voter (Total-weighted random choice)
9,node_0179,node_0268,1.33,6539,active,voter (Total-weighted random choice)
9,node_0180,node_0046,0.77,4680,active,voter (Total-weighted random choice)
9,node_0181,node_0141,1.08,3112,active,voter (Total-weighted random choice)
9,node_0182,node_0413,1.43,20,rejected,voter (Total-weighted random choice)
9,node_0183,node_0253,0.83,9993,active,voter (Total-weighted random choice)
9,node_0184,node_0069,1.35,1644,active,voter (Total-weighted random choice)
9,node_0185,node_0238,1.10,5854,rejected,voter (Total-weighted random choice)
9,node_0186,node_0238,1.14,4022,rejected,voter (Total-weighted random choice)
9,node_0187,node_0413,1.00,9866,active,voter (Total-weighted random choice)
9,node_0188,node_0262,1.09,3720,active,voter (Total-weighted random choice)
9,node_0189,node_0253,0.60,8534,active,voter (Total-weighted random choice)
9,node_0190,node_0413,1.32,2253,rejected,voter (Total-weighted random choice)
9,node_0191,node_0394,1.13,12468,active,voter (Total-weighted random choice)
9,node_0192,node_0110,0.61,11417,active,voter (Total-weighted random choice)
9,node_0193,node_0007,0.71,6346,active,voter (Total-weighted random choice)
9,node_0194,node_0305,1.20,2978,active,voter (Total-weighted random choice)
9,node_0195,node_0083,0.51,936,active,voter (Total-weighted random choice)
9,node_0196,node_0007,1.47,11835,active,voter (Total-weighted random choice)
9,node_0197,node_0069,0.97,4637,active,voter (Total-weighted random choice)
9,node_0198,node_0253,1.43,730,rejected,voter (Total-weighted random choice)
9,node_0199,node_0250,1.04,895,active,voter (Total-weighted random choice)
9,node_0200,node_0442,0.92,330,active,voter (Total-weighted random choice)
9,node_0201,node_0253,1.35,7084,rejected,voter (Total-weighted random choice)
9,node_0202,node_0017,0.76,3219,active,voter (Total-weighted random choice)
9,node_0203,node_0305,0.77,9557,active,voter (Total-weighted random choice)
9,node_0204,node_0069,1.37,4921,active,voter (Total-weighted random choice)
9,node_0205,node_0238,0.69,7329,active,voter (Total-weighted random choice)
9,node_0206,node_0238,1.12,3694,rejected,voter (Total-weighted random choice)
9,node_0207,node_0017,0.89,9242,active,voter (Total-weighted random choice)
9,node_0208,node_0268,0.51,5494,active,voter (Total-weighted random choice)
9,node_0209,node_0051,0.77,4561,active,voter (Total-weighted random choice)
9,node_0210,node_0305,0.61,4492,active,voter (Total-weighted random choice)
9,node_0211,node_0110,1.01,11150,active,voter (Total-weighted random choice)
9,node_0212,node_0007,0.63,1460,active,voter (Total-weighted random choice)
9,node_0213,node_0471,1.22,10221,active,voter (Total-weighted random choice)
9,node_0214,node_0253,0.91,7356,active,voter (Total-weighted random choice)
9,node_0215,node_0471,1.35,11990,active,voter (Total-weighted random choice)
9,node_0216,node_0007,0.91,3786,active,voter (Total-weighted random choice)
9,node_0217,node_0007,0.66,5773,active,voter (Total-weighted random choice)
9,node_0218,node_0110,0.73,7809,active,voter (Total-weighted random choice)
9,node_0219,node_0449,1.32,5325,active,voter (Total-weighted random choice)
9,node_0220,node_0245,0.84,3826,active,voter (Total-weighted random choice)
9,node_0221,node_0379,0.60,7501,active,voter (Total-weighted random choice)
9,node_0222,node_0345,0.84,2420,active,voter (Total-weighted random choice)
9,node_0223,node_0253,1.22,1862,active,voter (Total-weighted random choice)
9,node_0224,node_0101,0.83,5845,active,voter (Total-weighted random choice)
9,node_0225,node_0101,0.99,173,active,voter (Total-weighted random choice)
9,node_0226,node_0443,1.03,2997,active,voter (Total-weighted random choice)
9,node_0227,node_0305,1.16,301,active,voter (Total-weighted random choice)
9,node_0228,node_0345,0.62,4336,active,voter (Total-weighted random choice)
9,node_0229,node_0253,0.89,7058,active,voter (Total-weighted random choice)
9,node_0230,node_0379,0.68,8727,active,voter (Total-weighted random choice)
9,node_0231,node_0442,1.22,11033,active,voter (Total-weighted random choice)
9,node_0232,node_0449,1.24,6757,active,voter (Total-weighted random choice)
9,node_0233,node_0017,1.01,1734,active,voter (Total-weighted random choice)
9,node_0234,node_0110,0.55,884,active,voter (Total-weighted random choice)
9,node_0235,node_0418,0.75,7382,active,voter (Total-weighted random choice)
9,node_0236,node_0471,0.87,1253,active,voter (Total-weighted random choice)
9,node_0237,node_0069,0.99,223,active,voter (Total-weighted random choice)
9,node_0238,node_0238,1.00,14185,active,self-vote (candidate self-stake)
9,node_0239,node_0305,1.38,6061,rejected,voter (Total-weighted random choice)
9,node_0240,node_0345,0.76,3728,active,voter (Total-weighted random choice)
9,node_0241,node_0040,0.88,5409,active,voter (Total-weighted random choice)
9,node_0242,node_0394,1.41,649,active,voter (Total-weighted random choice)
9,node_0243,node_0008,1.02,4734,active,voter (Total-weighted random choice)
9,node_0244,node_0305,0.90,1719,active,voter (Total-weighted random choice)
9,node_0245,node_0245,1.00,1244,active,self-vote (candidate self-stake)
9,node_0246,node_0345,0.74,12844,active,voter (Total-weighted random choice)
9,node_0247,node_0083,0.58,3875,active,voter (Total-weighted random choice)
9,node_0248,node_0083,0.56,10991,active,voter (Total-weighted random choice)
9,node_0249,node_0238,0.64,4019,active,voter (Total-weighted random choice)
9,node_0250,node_0250,1.00,7531,active,self-vote (candidate self-stake)
9,node_0251,node_0393,0.65,2974,active,voter (Total-weighted random choice)
9,node_0252,node_0007,0.68,31,active,voter (Total-weighted random choice)
9,node_0253,node_0253,1.00,11060,active,self-vote (candidate self-stake)
9,node_0254,node_0253,0.93,7874,active,voter (Total-weighted random choice)
9,node_0255,node_0083,1.11,7312,active,voter (Total-weighted random choice)
9,node_0256,node_0245,1.35,7940,active,voter (Total-weighted random choice)
9,node_0257,node_0379,1.24,10399,active,voter (Total-weighted random choice)
9,node_0258,node_0258,1.00,1008,active,self-vote (candidate self-stake)
9,node_0259,node_0238,0.62,4536,active,voter (Total-weighted random choice)
9,node_0260,node_0008,0.78,9123,active,voter (Total-weighted random choice)
9,node_0261,node_0046,1.07,8532,active,voter (Total-weighted random choice)
9,node_0262,node_0262,1.00,7532,active,self-vote (candidate self-stake)
9,node_0263,node_0173,0.81,8117,active,voter (Total-weighted random choice)
9,node_0264,node_0101,0.60,469,active,voter (Total-weighted random choice)
9,node_0265,node_0268,1.31,8163,active,voter (Total-weighted random choice)
9,node_0266,node_0250,0.97,6072,active,voter (Total-weighted random choice)
9,node_0267,node_0105,1.50,11930,active,voter (Total-weighted random choice)
9,node_0268,node_0268,1.00,7028,active,self-vote (candidate self-stake)
9,node_0269,node_0101,1.09,8118,active,voter (Total-weighted random choice)
9,node_0270,node_0051,0.94,10498,active,voter (Total-weighted random choice)
9,node_0271,node_0449,0.76,1332,active,voter (Total-weighted random choice)
9,node_0272,node_0051,0.87,7430,active,voter (Total-weighted random choice)
9,node_0273,node_0141,1.19,4332,active,voter (Total-weighted random choice)
9,node_0274,node_0250,0.64,9275,active,voter (Total-weighted random choice)
9,node_0275,node_0443,1.45,2209,active,voter (Total-weighted random choice)
9,node_0276,node_0105,0.65,3729,active,voter (Total-weighted random choice)
9,node_0277,node_0471,0.82,10156,active,voter (Total-weighted random choice)
9,node_0278,node_0250,0.92,55,active,voter (Total-weighted random choice)
9,node_0279,node_0238,1.10,4067,rejected,voter (Total-weighted random choice)
9,node_0280,node_0008,0.90,9556,active,voter (Total-weighted random choice)
9,node_0281,node_0293,0.79,10112,active,voter (Total-weighted random choice)
9,node_0282,node_0413,1.26,6621,active,voter (Total-weighted random choice)
9,node_0283,node_0086,0.93,1761,active,voter (Total-weighted random choice)
9,node_0284,node_0258,1.02,2640,active,voter (Total-weighted random choice)
9,node_0285,node_0069,1.24,4713,active,voter (Total-weighted random choice)
9,node_0286,node_0449,0.86,821,active,voter (Total-weighted random choice)
9,node_0287,node_0250,0.71,8940,active,voter (Total-weighted random choice)
9,node_0288,node_0250,1.21,2367,active,voter (Total-weighted random choice)
9,node_0289,node_0413,0.54,5784,active,voter (Total-weighted random choice)
9,node_0290,node_0046,1.25,8976,active,voter (Total-weighted random choice)
9,node_0291,node_0253,1.03,2273,active,voter (Total-weighted random choice)
9,node_0292,node_0101,0.89,6759,active,voter (Total-weighted random choice)
9,node_0293,node_0293,1.00,5382,active,self-vote (candidate self-stake)
9,node_0294,node_0250,0.56,11844,active,voter (Total-weighted random choice)
9,node_0295,node_0413,1.19,7261,active,voter (Total-weighted random choice)
9,node_0296,node_0262,1.49,1494,rejected,voter (Total-weighted random choice)
9,node_0297,node_0305,1.49,592,rejected,voter (Total-weighted random choice)
9,node_0298,node_0293,1.29,1769,active,voter (Total-weighted random choice)
9,node_0299,node_0299,1.00,1192,active,self-vote (candidate self-stake)
9,node_0300,node_0379,1.07,6427,active,voter (Total-weighted random choice)
9,node_0301,node_0443,1.49,354,active,voter (Total-weighted random choice)
9,node_0302,node_0253,1.26,5020,active,voter (Total-weighted random choice)
9,node_0303,node_0268,0.88,12626,active,voter (Total-weighted random choice)
9,node_0304,node_0101,1.47,4135,active,voter (Total-weighted random choice)
9,node_0305,node_0305,1.00,4253,active,self-vote (candidate self-stake)
9,node_0306,node_0394,1.41,309,active,voter (Total-weighted random choice)
9,node_0307,node_0258,1.31,6444,active,voter (Total-weighted random choice)
9,node_0308,node_0442,1.28,670,rejected,voter (Total-weighted random choice)
9,node_0309,node_0413,1.41,3585,rejected,voter (Total-weighted random choice)
9,node_0310,node_0413,0.64,3423,active,voter (Total-weighted random choice)
9,node_0311,node_0293,0.63,11517,active,voter (Total-weighted random choice)
9,node_0312,node_0443,0.82,1918,active,voter (Total-weighted random choice)
9,node_0313,node_0069,0.67,4067,active,voter (Total-weighted random choice)
9,node_0314,node_0040,0.85,1361,active,voter (Total-weighted random choice)
9,node_0315,node_0008,1.31,4964,active,voter (Total-weighted random choice)
9,node_0316,node_0253,1.48,8897,rejected,voter (Total-weighted random choice)
9,node_0317,node_0293,0.89,78,active,voter (Total-weighted random choice)
9,node_0318,node_0443,0.95,10983,active,voter (Total-weighted random choice)
9,node_0319,node_0017,0.88,3376,active,voter (Total-weighted random choice)
9,node_0320,node_0250,0.79,2310,active,voter (Total-weighted random choice)
9,node_0321,node_0051,1.37,1246,active,voter (Total-weighted random choice)
9,node_0322,node_0442,1.37,8466,rejected,voter (Total-weighted random choice)
9,node_0323,node_0394,1.33,372,active,voter (Total-weighted random choice)
9,node_0324,node_0418,0.94,6227,active,voter (Total-weighted random choice)
9,node_0325,node_0383,0.59,9758,active,voter (Total-weighted random choice)
9,node_0326,node_0253,0.97,2266,active,voter (Total-weighted random choice)
9,node_0327,node_0471,1.03,2434,active,voter (Total-weighted random choice)
9,node_0328,node_0122,1.02,225,active,voter (Total-weighted random choice)
9,node_0329,node_0305,0.95,5832,active,voter (Total-weighted random choice)
9,node_0330,node_0173,0.65,12251,active,voter (Total-weighted random choice)
9,node_0331,node_0069,0.64,317,active,voter (Total-weighted random choice)
9,node_0332,node_0471,1.02,6498,active,voter (Total-weighted random choice)
9,node_0333,node_0250,1.48,9251,rejected,voter (Total-weighted random choice)
9,node_0334,node_0253,1.32,9568,active,voter (Total-weighted random choice)
9,node_0335,node_0083,1.07,3077,active,voter (Total-weighted random choice)
9,node_0336,node_0250,1.23,3518,active,voter (Total-weighted random choice)
9,node_0337,node_0393,1.44,831,active,voter (Total-weighted random choice)
9,node_0338,node_0245,0.94,1814,active,voter (Total-weighted random choice)
9,node_0339,node_0413,0.80,6731,active,voter (Total-weighted random choice)
9,node_0340,node_0069,1.39,439,active,voter (Total-weighted random choice)
9,node_0341,node_0305,0.77,2993,active,voter (Total-weighted random choice)
9,node_0342,node_0040,1.02,7037,active,voter (Total-weighted random choice)
9,node_0343,node_0238,1.27,10630,rejected,voter (Total-weighted random choice)
9,node_0344,node_0046,0.84,464,active,voter (Total-weighted random choice)
9,node_0345,node_0345,1.00,744,active,self-vote (candidate self-stake)
9,node_0346,node_0141,1.38,4784,active,voter (Total-weighted random choice)
9,node_0347,node_0046,0.72,5852,active,voter (Total-weighted random choice)
9,node_0348,node_0086,0.95,1255,active,voter (Total-weighted random choice)
9,node_0349,node_0383,1.49,3550,active,voter (Total-weighted random choice)
9,node_0350,node_0046,0.77,711,active,voter (Total-weighted random choice)
9,node_0351,node_0345,0.90,4555,active,voter (Total-weighted random choice)
9,node_0352,node_0262,1.26,10350,active,voter (Total-weighted random choice)
9,node_0353,node_0250,0.62,7650,active,voter (Total-weighted random choice)
9,node_0354,node_0238,0.70,5795,active,voter (Total-weighted random choice)
9,node_0355,node_0122,0.79,149,active,voter (Total-weighted random choice)
9,node_0356,node_0394,1.14,9031,active,voter (Total-weighted random choice)
9,node_0357,node_0238,1.28,5290,rejected,voter (Total-weighted random choice)
9,node_0358,node_0086,1.20,10380,active,voter (Total-weighted random choice)
9,node_0359,node_0393,0.96,1486,active,voter (Total-weighted random choice)
9,node_0360,node_0101,1.16,1537,active,voter (Total-weighted random choice)
9,node_0361,node_0268,1.06,1704,active,voter (Total-weighted random choice)
9,node_0362,node_0101,0.78,509,active,voter (Total-weighted random choice)
9,node_0363,node_0471,1.31,2678,active,voter (Total-weighted random choice)
9,node_0364,node_0245,0.76,746,active,voter (Total-weighted random choice)
9,node_0365,node_0007,1.11,9613,active,voter (Total-weighted random choice)
9,node_0366,node_0141,1.14,6950,active,voter (Total-weighted random choice)
9,node_0367,node_0258,1.46,7217,active,voter (Total-weighted random choice)
9,node_0368,node_0040,1.44,496,rejected,voter (Total-weighted random choice)
9,node_0369,node_0110,1.36,1367,active,voter (Total-weighted random choice)
9,node_0370,node_0471,0.65,2733,active,voter (Total-weighted random choice)
9,node_0371,node_0008,1.49,9627,active,voter (Total-weighted random choice)
9,node_0372,node_0046,1.47,4747,rejected,voter (Total-weighted random choice)
9,node_0373,node_0040,0.51,5161,active,voter (Total-weighted random choice)
9,node_0374,node_0443,1.32,6155,active,voter (Total-weighted random choice)
9,node_0375,node_0394,1.33,10497,active,voter (Total-weighted random choice)
9,node_0376,node_0238,0.57,12778,active,voter (Total-weighted random choice)
9,node_0377,node_0442,0.76,7782,active,voter (Total-weighted random choice)
9,node_0378,node_0122,1.32,1668,active,voter (Total-weighted random choice)
9,node_0379,node_0379,1.00,7358,active,self-vote (candidate self-stake)
9,node_0380,node_0293,0.88,5656,active,voter (Total-weighted random choice)
9,node_0381,node_0258,0.59,5196,active,voter (Total-weighted random choice)
9,node_0382,node_0046,1.04,30,active,voter (Total-weighted random choice)
9,node_0383,node_0383,1.00,6205,active,self-vote (candidate self-stake)
9,node_0384,node_0122,0.97,8511,active,voter (Total-weighted random choice)
9,node_0385,node_0122,0.59,609,active,voter (Total-weighted random choice)
9,node_0386,node_0007,1.28,9303,active,voter (Total-weighted random choice)
9,node_0387,node_0069,1.28,9781,active,voter (Total-weighted random choice)
9,node_0388,node_0258,0.68,6915,active,voter (Total-weighted random choice)
9,node_0389,node_0040,0.71,5891,active,voter (Total-weighted random choice)
9,node_0390,node_0008,0.78,3407,active,voter (Total-weighted random choice)
9,node_0391,node_0449,1.17,5624,active,voter (Total-weighted random choice)
9,node_0392,node_0345,1.38,520,active,voter (Total-weighted random choice)
9,node_0393,node_0393,1.00,202,active,self-vote (candidate self-stake)
9,node_0394,node_0394,1.00,904,active,self-vote (candidate self-stake)
9,node_0395,node_0008,0.75,1727,active,voter (Total-weighted random choice)
9,node_0396,node_0268,1.13,486,active,voter (Total-weighted random choice)
9,node_0397,node_0442,1.26,6260,active,voter (Total-weighted random choice)
9,node_0398,node_0413,1.38,5208,rejected,voter (Total-weighted random choice)
9,node_0399,node_0413,0.64,3873,active,voter (Total-weighted random choice)
9,node_0400,node_0442,1.49,2890,rejected,voter (Total-weighted random choice)
9,node_0401,node_0105,1.29,5462,active,voter (Total-weighted random choice)
9,node_0402,node_0105,0.64,2144,active,voter (Total-weighted random choice)
9,node_0403,node_0305,1.43,7707,rejected,voter (Total-weighted random choice)
9,node_0404,node_0262,1.17,40,active,voter (Total-weighted random choice)
9,node_0405,node_0449,1.15,12242,active,voter (Total-weighted random choice)
9,node_0406,node_0238,1.12,2928,rejected,voter (Total-weighted random choice)
9,node_0407,node_0238,0.89,1138,active,voter (Total-weighted random choice)
9,node_0408,node_0262,0.92,6388,active,voter (Total-weighted random choice)
9,node_0409,node_0046,0.70,1198,active,voter (Total-weighted random choice)
9,node_0410,node_0173,1.07,9634,active,voter (Total-weighted random choice)
9,node_0411,node_0305,1.20,1910,active,voter (Total-weighted random choice)
9,node_0412,node_0101,0.73,548,active,voter (Total-weighted random choice)
9,node_0413,node_0413,1.00,8002,active,self-vote (candidate self-stake)
9,node_0414,node_0008,0.80,6253,active,voter (Total-weighted random choice)
9,node_0415,node_0238,1.04,5009,rejected,voter (Total-weighted random choice)
9,node_0416,node_0442,1.13,10546,active,voter (Total-weighted random choice)
9,node_0417,node_0394,1.05,1144,active,voter (Total-weighted random choice)
9,node_0418,node_0418,1.00,199,active,self-vote (candidate self-stake)
9,node_0419,node_0069,0.71,671,active,voter (Total-weighted random choice)
9,node_0420,node_0293,1.21,4780,active,voter (Total-weighted random choice)
9,node_0421,node_0268,1.45,7233,active,voter (Total-weighted random choice)
9,node_0422,node_0069,1.15,10424,active,voter (Total-weighted random choice)
9,node_0423,node_0413,0.82,632,active,voter (Total-weighted random choice)
9,node_0424,node_0173,1.43,5673,active,voter (Total-weighted random choice)
9,node_0425,node_0105,1.14,5888,active,voter (Total-weighted random choice)
9,node_0426,node_0268,0.88,9244,active,voter (Total-weighted random choice)
9,node_0427,node_0449,0.64,1453,active,voter (Total-weighted random choice)
9,node_0428,node_0051,1.39,3609,active,voter (Total-weighted random choice)
9,node_0429,node_0253,0.68,1822,active,voter (Total-weighted random choice)
9,node_0430,node_0471,0.74,2095,active,voter (Total-weighted random choice)
9,node_0431,node_0017,0.67,8919,active,voter (Total-weighted random choice)
9,node_0432,node_0379,1.16,6671,active,voter (Total-weighted random choice)
9,node_0433,node_0258,1.26,427,active,voter (Total-weighted random choice)
9,node_0434,node_0449,0.97,10856,active,voter (Total-weighted random choice)
9,node_0435,node_0017,1.18,5608,active,voter (Total-weighted random choice)
9,node_0436,node_0449,0.83,7417,active,voter (Total-weighted random choice)
9,node_0437,node_0299,1.46,1987,active,voter (Total-weighted random choice)
9,node_0438,node_0040,0.69,841,active,voter (Total-weighted random choice)
9,node_0439,node_0262,1.43,6585,active,voter (Total-weighted random choice)
9,node_0440,node_0305,1.25,8123,active,voter (Total-weighted random choice)
9,node_0441,node_0442,0.69,7464,active,voter (Total-weighted random choice)
9,node_0442,node_0442,1.00,10557,active,self-vote (candidate self-stake)
9,node_0443,node_0443,1.00,4069,active,self-vote (candidate self-stake)
9,node_0444,node_0394,0.88,12578,active,voter (Total-weighted random choice)
9,node_0445,node_0262,0.54,8395,active,voter (Total-weighted random choice)
9,node_0446,node_0442,1.45,5225,rejected,voter (Total-weighted random choice)
9,node_0447,node_0083,1.36,9391,active,voter (Total-weighted random choice)
9,node_0448,node_0443,1.02,12433,active,voter (Total-weighted random choice)
9,node_0449,node_0449,1.00,7261,active,self-vote (candidate self-stake)
9,node_0450,node_0250,1.12,3395,active,voter (Total-weighted random choice)
9,node_0451,node_0086,0.91,289,active,voter (Total-weighted random choice)
9,node_0452,node_0069,0.58,199,active,voter (Total-weighted random choice)
9,node_0453,node_0449,1.02,996,active,voter (Total-weighted random choice)
9,node_0454,node_0442,0.72,6799,active,voter (Total-weighted random choice)
9,node_0455,node_0141,1.49,4213,active,voter (Total-weighted random choice)
9,node_0456,node_0008,1.49,7232,active,voter (Total-weighted random choice)
9,node_0457,node_0258,1.10,10473,active,voter (Total-weighted random choice)
9,node_0458,node_0110,1.26,445,active,voter (Total-weighted random choice)
9,node_0459,node_0471,0.51,3763,active,voter (Total-weighted random choice)
9,node_0460,node_0245,0.81,6815,active,voter (Total-weighted random choice)
9,node_0461,node_0040,0.94,5942,active,voter (Total-weighted random choice)
9,node_0462,node_0238,1.32,2036,rejected,voter (Total-weighted random choice)
9,node_0463,node_0413,0.66,5926,active,voter (Total-weighted random choice)
9,node_0464,node_0238,1.50,1695,rejected,voter (Total-weighted random choice)
9,node_0465,node_0046,1.20,9542,active,voter (Total-weighted random choice)
9,node_0466,node_0040,0.92,7371,active,voter (Total-weighted random choice)
9,node_0467,node_0046,0.92,6150,active,voter (Total-weighted random choice)
9,node_0468,node_0007,1.34,2370,active,voter (Total-weighted random choice)
9,node_0469,node_0305,1.34,1253,active,voter (Total-weighted random choice)
9,node_0470,node_0141,1.48,11369,active,voter (Total-weighted random choice)
9,node_0471,node_0471,1.00,4199,active,self-vote (candidate self-stake)
9,node_0472,node_0443,0.73,12380,active,voter (Total-weighted random choice)
9,node_0473,node_0008,1.03,2488,active,voter (Total-weighted random choice)
9,node_0474,node_0471,0.52,5220,active,voter (Total-weighted random choice)
9,node_0475,node_0443,0.73,5311,active,voter (Total-weighted random choice)
9,node_0476,node_0250,0.93,9801,active,voter (Total-weighted random choice)
9,node_0477,node_0051,1.38,6276,active,voter (Total-weighted random choice)
9,node_0478,node_0443,0.64,3993,active,voter (Total-weighted random choice)
9,node_0479,node_0101,0.87,8759,active,voter (Total-weighted random choice)
9,node_0480,node_0105,0.86,12103,active,voter (Total-weighted random choice)
9,node_0481,node_0141,1.31,4318,active,voter (Total-weighted random choice)
9,node_0482,node_0268,0.83,2539,active,voter (Total-weighted random choice)
9,node_0483,node_0268,1.19,5811,active,voter (Total-weighted random choice)
9,node_0484,node_0046,0.70,12104,active,voter (Total-weighted random choice)
9,node_0485,node_0253,0.64,859,active,voter (Total-weighted random choice)
9,node_0486,node_0122,1.29,7524,active,voter (Total-weighted random choice)
9,node_0487,node_0449,0.85,5568,active,voter (Total-weighted random choice)
9,node_0488,node_0305,0.96,8079,active,voter (Total-weighted random choice)
9,node_0489,node_0305,1.19,6141,active,voter (Total-weighted random choice)
9,node_0490,node_0141,1.39,5969,active,voter (Total-weighted random choice)
9,node_0491,node_0105,1.22,4594,active,voter (Total-weighted random choice)
9,node_0492,node_0413,0.74,1315,active,voter (Total-weighted random choice)
9,node_0493,node_0299,1.49,1428,active,voter (Total-weighted random choice)
9,node_0494,node_0379,0.76,7220,active,voter (Total-weighted random choice)
9,node_0495,node_0141,1.02,6558,active,voter (Total-weighted random choice)
9,node_0496,node_0046,1.22,1061,active,voter (Total-weighted random choice)
9,node_0497,node_0046,0.78,1579,active,voter (Total-weighted random choice)
9,node_0498,node_0394,1.21,2523,active,voter (Total-weighted random choice)
9,node_0499,node_0250,0.84,5106,active,voter (Total-weighted random choice)
9,node_0500,node_0141,1.05,9759,active,voter (Total-weighted random choice)
10,node_0001,node_0085,0.99,3420,active,voter (Total-weighted random choice)
10,node_0002,node_0374,1.05,3619,active,voter (Total-weighted random choice)
10,node_0003,node_0138,1.47,13995,rejected,voter (Total-weighted random choice)
10,node_0004,node_0105,1.38,132,active,voter (Total-weighted random choice)
10,node_0005,node_0224,1.26,3713,active,voter (Total-weighted random choice)
10,node_0006,node_0105,1.11,9073,active,voter (Total-weighted random choice)
10,node_0007,node_0259,1.00,4736,active,voter (Total-weighted random choice)
10,node_0008,node_0008,1.00,1031,active,self-vote (candidate self-stake)
10,node_0009,node_0266,1.00,7291,active,voter (Total-weighted random choice)
10,node_0010,node_0074,0.72,5514,active,voter (Total-weighted random choice)
10,node_0011,node_0439,1.15,127,active,voter (Total-weighted random choice)
10,node_0012,node_0448,1.16,6130,active,voter (Total-weighted random choice)
10,node_0013,node_0376,0.74,1628,active,voter (Total-weighted random choice)
10,node_0014,node_0014,1.00,7710,active,self-vote (candidate self-stake)
10,node_0015,node_0224,0.87,6373,active,voter (Total-weighted random choice)
10,node_0016,node_0466,1.47,320,active,voter (Total-weighted random choice)
10,node_0017,node_0085,0.61,1551,active,voter (Total-weighted random choice)
10,node_0018,node_0310,1.49,6231,active,voter (Total-weighted random choice)
10,node_0019,node_0085,1.32,1807,active,voter (Total-weighted random choice)
10,node_0020,node_0212,0.81,7434,active,voter (Total-weighted random choice)
10,node_0021,node_0014,1.08,1545,active,voter (Total-weighted random choice)
10,node_0022,node_0330,1.11,161,active,voter (Total-weighted random choice)
10,node_0023,node_0089,0.52,10554,active,voter (Total-weighted random choice)
10,node_0024,node_0439,0.59,358,active,voter (Total-weighted random choice)
10,node_0025,node_0043,1.49,4404,active,voter (Total-weighted random choice)
10,node_0026,node_0374,1.08,2787,active,voter (Total-weighted random choice)
10,node_0027,node_0014,1.29,2733,active,voter (Total-weighted random choice)
10,node_0028,node_0183,1.40,8586,active,voter (Total-weighted random choice)
10,node_0029,node_0375,1.47,3866,active,voter (Total-weighted random choice)
10,node_0030,node_0073,0.71,15933,active,voter (Total-weighted random choice)
10,node_0031,node_0040,0.84,3512,active,voter (Total-weighted random choice)
10,node_0032,node_0014,1.44,6497,active,voter (Total-weighted random choice)
10,node_0033,node_0448,0.92,1736,active,voter (Total-weighted random choice)
10,node_0034,node_0404,0.81,8027,active,voter (Total-weighted random choice)
10,node_0035,node_0310,0.81,5503,active,voter (Total-weighted random choice)
10,node_0036,node_0376,0.53,14801,active,voter (Total-weighted random choice)
10,node_0037,node_0138,1.32,1496,active,voter (Total-weighted random choice)
10,node_0038,node_0098,0.78,6299,active,voter (Total-weighted random choice)
10,node_0039,node_0374,1.05,5544,active,voter (Total-weighted random choice)
10,node_0040,node_0040,1.00,8970,active,self-vote (candidate self-stake)
10,node_0041,node_0212,1.05,1929,active,voter (Total-weighted random choice)
10,node_0042,node_0014,1.17,220,active,voter (Total-weighted random choice)
10,node_0043,node_0043,1.00,6530,active,self-vote (candidate self-stake)
10,node_0044,node_0274,0.70,10939,active,voter (Total-weighted random choice)
10,node_0045,node_0105,1.37,2255,active,voter (Total-weighted random choice)
10,node_0046,node_0014,0.80,3286,active,voter (Total-weighted random choice)
10,node_0047,node_0089,0.52,587,active,voter (Total-weighted random choice)
10,node_0048,node_0089,0.99,18504,active,voter (Total-weighted random choice)
10,node_0049,node_0147,1.24,9407,active,voter (Total-weighted random choice)
10,node_0050,node_0404,0.93,9929,active,voter (Total-weighted random choice)
10,node_0051,node_0310,0.57,1799,active,voter (Total-weighted random choice)
10,node_0052,node_0138,0.72,5991,active,voter (Total-weighted random choice)
10,node_0053,node_0439,0.96,8349,active,voter (Total-weighted random choice)
10,node_0054,node_0138,1.03,1254,active,voter (Total-weighted random choice)
10,node_0055,node_0055,1.00,851,active,self-vote (candidate self-stake)
10,node_0056,node_0309,1.11,11288,active,voter (Total-weighted random choice)
10,node_0057,node_0223,0.52,593,active,voter (Total-weighted random choice)
10,node_0058,node_0374,1.01,4854,active,voter (Total-weighted random choice)
10,node_0059,node_0271,0.70,4861,active,voter (Total-weighted random choice)
10,node_0060,node_0211,1.22,9533,active,voter (Total-weighted random choice)
10,node_0061,node_0223,0.93,3721,active,voter (Total-weighted random choice)
10,node_0062,node_0105,0.98,2482,active,voter (Total-weighted random choice)
10,node_0063,node_0376,1.04,6092,active,voter (Total-weighted random choice)
10,node_0064,node_0395,1.06,570,active,voter (Total-weighted random choice)
10,node_0065,node_0043,0.59,746,active,voter (Total-weighted random choice)
10,node_0066,node_0014,1.17,66,active,voter (Total-weighted random choice)
10,node_0067,node_0224,0.59,11970,active,voter (Total-weighted random choice)
10,node_0068,node_0376,0.70,1851,active,voter (Total-weighted random choice)
10,node_0069,node_0330,0.73,977,active,voter (Total-weighted random choice)
10,node_0070,node_0183,1.00,1003,active,voter (Total-weighted random choice)
10,node_0071,node_0211,0.67,248,active,voter (Total-weighted random choice)
10,node_0072,node_0395,1.16,944,active,voter (Total-weighted random choice)
10,node_0073,node_0073,1.00,4364,active,self-vote (candidate self-stake)
10,node_0074,node_0074,1.00,3190,active,self-vote (candidate self-stake)
10,node_0075,node_0075,1.00,4983,active,self-vote (candidate self-stake)
10,node_0076,node_0076,1.00,4208,active,self-vote (candidate self-stake)
10,node_0077,node_0075,1.29,1553,active,voter (Total-weighted random choice)
10,node_0078,node_0098,0.76,263,active,voter (Total-weighted random choice)
10,node_0079,node_0375,1.05,2493,active,voter (Total-weighted random choice)
10,node_0080,node_0274,0.60,9172,active,voter (Total-weighted random choice)
10,node_0081,node_0074,1.22,361,active,voter (Total-weighted random choice)
10,node_0082,node_0262,1.30,1437,active,voter (Total-weighted random choice)
10,node_0083,node_0427,0.90,3637,active,voter (Total-weighted random choice)
10,node_0084,node_0395,1.33,8950,active,voter (Total-weighted random choice)
10,node_0085,node_0085,1.00,5300,active,self-vote (candidate self-stake)
10,node_0086,node_0085,0.96,1827,active,voter (Total-weighted random choice)
10,node_0087,node_0373,0.69,4003,active,voter (Total-weighted random choice)
10,node_0088,node_0383,0.69,5904,active,voter (Total-weighted random choice)
10,node_0089,node_0089,1.00,198,active,self-vote (candidate self-stake)
10,node_0090,node_0147,0.73,645,active,voter (Total-weighted random choice)
10,node_0091,node_0395,1.28,835,active,voter (Total-weighted random choice)
10,node_0092,node_0448,0.79,2285,active,voter (Total-weighted random choice)
10,node_0093,node_0085,0.85,10099,active,voter (Total-weighted random choice)
10,node_0094,node_0373,0.93,8533,active,voter (Total-weighted random choice)
10,node_0095,node_0212,1.50,448,active,voter (Total-weighted random choice)
10,node_0096,node_0266,1.14,2015,active,voter (Total-weighted random choice)
10,node_0097,node_0310,1.03,8896,active,voter (Total-weighted random choice)
10,node_0098,node_0098,1.00,10667,active,self-vote (candidate self-stake)
10,node_0099,node_0224,1.27,415,active,voter (Total-weighted random choice)
10,node_0100,node_0428,0.65,7040,active,voter (Total-weighted random choice)
10,node_0101,node_0085,1.17,1684,active,voter (Total-weighted random choice)
10,node_0102,node_0457,1.49,403,rejected,voter (Total-weighted random choice)
10,node_0103,node_0376,1.08,3446,active,voter (Total-weighted random choice)
10,node_0104,node_0457,1.26,8078,active,voter (Total-weighted random choice)
10,node_0105,node_0105,1.00,3059,active,self-vote (candidate self-stake)
10,node_0106,node_0422,1.30,10735,active,voter (Total-weighted random choice)
10,node_0107,node_0271,1.22,12574,active,voter (Total-weighted random choice)
10,node_0108,node_0089,0.68,1638,active,voter (Total-weighted random choice)
10,node_0109,node_0098,1.31,721,active,voter (Total-weighted random choice)
10,node_0110,node_0271,0.88,4664,active,voter (Total-weighted random choice)
10,node_0111,node_0373,0.66,11996,active,voter (Total-weighted random choice)
10,node_0112,node_0183,0.97,1679,active,voter (Total-weighted random choice)
10,node_0113,node_0356,0.55,2017,active,voter (Total-weighted random choice)
10,node_0114,node_0138,1.05,8917,active,voter (Total-weighted random choice)
10,node_0115,node_0383,1.23,8148,active,voter (Total-weighted random choice)
10,node_0116,node_0138,0.96,4743,active,voter (Total-weighted random choice)
10,node_0117,node_0330,1.14,6269,active,voter (Total-weighted random choice)
10,node_0118,node_0259,1.34,5901,active,voter (Total-weighted random choice)
10,node_0119,node_0422,0.63,6909,active,voter (Total-weighted random choice)
10,node_0120,node_0183,0.77,247,active,voter (Total-weighted random choice)
10,node_0121,node_0428,0.55,6842,active,voter (Total-weighted random choice)
10,node_0122,node_0183,0.55,3888,active,voter (Total-weighted random choice)
10,node_0123,node_0422,0.67,8470,active,voter (Total-weighted random choice)
10,node_0124,node_0073,0.52,3207,active,voter (Total-weighted random choice)
10,node_0125,node_0271,0.77,2304,active,voter (Total-weighted random choice)
10,node_0126,node_0266,1.12,556,active,voter (Total-weighted random choice)
10,node_0127,node_0127,1.00,5765,active,self-vote (candidate self-stake)
10,node_0128,node_0362,1.28,7630,active,voter (Total-weighted random choice)
10,node_0129,node_0224,0.62,9206,active,voter (Total-weighted random choice)
10,node_0130,node_0262,1.11,2249,active,voter (Total-weighted random choice)
10,node_0131,node_0189,1.45,799,active,voter (Total-weighted random choice)
10,node_0132,node_0183,0.99,4983,active,voter (Total-weighted random choice)
10,node_0133,node_0008,0.64,6968,active,voter (Total-weighted random choice)
10,node_0134,node_0295,1.49,4319,active,voter (Total-weighted random choice)
10,node_0135,node_0309,0.72,6441,active,voter (Total-weighted random choice)
10,node_0136,node_0138,1.40,15995,active,voter (Total-weighted random choice)
10,node_0137,node_0224,1.16,6127,active,voter (Total-weighted random choice)
10,node_0138,node_0138,1.00,11762,active,self-vote (candidate self-stake)
10,node_0139,node_0376,0.78,7564,active,voter (Total-weighted random choice)
10,node_0140,node_0085,0.64,8467,active,voter (Total-weighted random choice)
10,node_0141,node_0274,0.88,9181,active,voter (Total-weighted random choice)
10,node_0142,node_0138,0.51,7754,active,voter (Total-weighted random choice)
10,node_0143,node_0330,1.50,479,active,voter (Total-weighted random choice)
10,node_0144,node_0008,1.42,652,active,voter (Total-weighted random choice)
10,node_0145,node_0427,0.87,5383,active,voter (Total-weighted random choice)
10,node_0146,node_0457,1.11,1967,active,voter (Total-weighted random choice)
10,node_0147,node_0147,1.00,6212,active,self-vote (candidate self-stake)
10,node_0148,node_0189,0.88,4897,active,voter (Total-weighted random choice)
10,node_0149,node_0183,0.55,6947,active,voter (Total-weighted random choice)
10,node_0150,node_0271,1.08,2873,active,voter (Total-weighted random choice)
10,node_0151,node_0376,0.56,2005,active,voter (Total-weighted random choice)
10,node_0152,node_0014,0.85,2312,active,voter (Total-weighted random choice)
10,node_0153,node_0223,0.97,571,active,voter (Total-weighted random choice)
10,node_0154,node_0138,1.07,8153,active,voter (Total-weighted random choice)
10,node_0155,node_0014,0.81,8488,active,voter (Total-weighted random choice)
10,node_0156,node_0040,0.69,2675,active,voter (Total-weighted random choice)
10,node_0157,node_0375,1.01,8206,active,voter (Total-weighted random choice)
10,node_0158,node_0266,1.35,8343,active,voter (Total-weighted random choice)
10,node_0159,node_0212,0.61,3948,active,voter (Total-weighted random choice)
10,node_0160,node_0014,1.07,3040,active,voter (Total-weighted random choice)
10,node_0161,node_0375,0.57,5410,active,voter (Total-weighted random choice)
10,node_0162,node_0075,1.39,4436,active,voter (Total-weighted random choice)
10,node_0163,node_0383,1.47,2264,active,voter (Total-weighted random choice)
10,node_0164,node_0439,0.56,2197,active,voter (Total-weighted random choice)
10,node_0165,node_0375,0.60,7504,active,voter (Total-weighted random choice)
10,node_0166,node_0183,1.16,11558,active,voter (Total-weighted random choice)
10,node_0167,node_0457,1.43,7618,rejected,voter (Total-weighted random choice)
10,node_0168,node_0374,1.44,10437,active,voter (Total-weighted random choice)
10,node_0169,node_0373,0.88,4821,active,voter (Total-weighted random choice)
10,node_0170,node_0105,0.81,6212,active,voter (Total-weighted random choice)
10,node_0171,node_0075,0.83,10041,active,voter (Total-weighted random choice)
10,node_0172,node_0383,0.86,9510,active,voter (Total-weighted random choice)
10,node_0173,node_0008,1.24,7090,active,voter (Total-weighted random choice)
10,node_0174,node_0008,1.07,3974,active,voter (Total-weighted random choice)
10,node_0175,node_0189,1.48,8823,active,voter (Total-weighted random choice)
10,node_0176,node_0428,1.12,20,active,voter (Total-weighted random choice)
10,node_0177,node_0074,0.86,10507,active,voter (Total-weighted random choice)
10,node_0178,node_0309,1.13,7773,active,voter (Total-weighted random choice)
10,node_0179,node_0466,1.10,6673,active,voter (Total-weighted random choice)
10,node_0180,node_0147,0.56,5077,active,voter (Total-weighted random choice)
10,node_0181,node_0073,0.60,2741,active,voter (Total-weighted random choice)
10,node_0182,node_0381,1.16,349,active,voter (Total-weighted random choice)
10,node_0183,node_0183,1.00,9890,active,self-vote (candidate self-stake)
10,node_0184,node_0014,1.38,805,active,voter (Total-weighted random choice)
10,node_0185,node_0138,0.65,6088,active,voter (Total-weighted random choice)
10,node_0186,node_0147,1.14,4374,active,voter (Total-weighted random choice)
10,node_0187,node_0381,0.86,9684,active,voter (Total-weighted random choice)
10,node_0188,node_0014,0.57,4161,active,voter (Total-weighted random choice)
10,node_0189,node_0189,1.00,8238,active,self-vote (candidate self-stake)
10,node_0190,node_0201,0.79,1342,active,voter (Total-weighted random choice)
10,node_0191,node_0422,0.66,12955,active,voter (Total-weighted random choice)
10,node_0192,node_0381,1.18,10740,active,voter (Total-weighted random choice)
10,node_0193,node_0098,1.12,6160,active,voter (Total-weighted random choice)
10,node_0194,node_0375,0.53,3019,active,voter (Total-weighted random choice)
10,node_0195,node_0043,1.28,515,active,voter (Total-weighted random choice)
10,node_0196,node_0073,0.79,11106,active,voter (Total-weighted random choice)
10,node_0197,node_0262,1.43,4725,active,voter (Total-weighted random choice)
10,node_0198,node_0043,1.23,596,active,voter (Total-weighted random choice)
10,node_0199,node_0457,0.81,1014,active,voter (Total-weighted random choice)
10,node_0200,node_0274,1.23,170,active,voter (Total-weighted random choice)
10,node_0201,node_0201,1.00,7352,active,self-vote (candidate self-stake)
10,node_0202,node_0055,0.76,3310,active,voter (Total-weighted random choice)
10,node_0203,node_0183,0.76,9617,active,voter (Total-weighted random choice)
10,node_0204,node_0076,1.28,4669,active,voter (Total-weighted random choice)
10,node_0205,node_0422,0.74,8459,active,voter (Total-weighted random choice)
10,node_0206,node_0466,0.53,3674,active,voter (Total-weighted random choice)
10,node_0207,node_0245,0.85,9233,active,voter (Total-weighted random choice)
10,node_0208,node_0223,0.61,5698,active,voter (Total-weighted random choice)
10,node_0209,node_0224,0.83,4705,active,voter (Total-weighted random choice)
10,node_0210,node_0043,0.95,4259,active,voter (Total-weighted random choice)
10,node_0211,node_0211,1.00,11517,active,self-vote (candidate self-stake)
10,node_0212,node_0212,1.00,1527,active,self-vote (candidate self-stake)
10,node_0213,node_0105,0.54,10610,active,voter (Total-weighted random choice)
10,node_0214,node_0183,0.63,8041,active,voter (Total-weighted random choice)
10,node_0215,node_0457,1.16,12239,active,voter (Total-weighted random choice)
10,node_0216,node_0439,1.07,4226,active,voter (Total-weighted random choice)
10,node_0217,node_0105,1.00,6117,active,voter (Total-weighted random choice)
10,node_0218,node_0309,1.47,7297,active,voter (Total-weighted random choice)
10,node_0219,node_0266,0.63,4482,active,voter (Total-weighted random choice)
10,node_0220,node_0085,1.00,3216,active,voter (Total-weighted random choice)
10,node_0221,node_0362,1.23,7425,active,voter (Total-weighted random choice)
10,node_0222,node_0147,0.60,2197,active,voter (Total-weighted random choice)
10,node_0223,node_0223,1.00,1355,active,self-vote (candidate self-stake)
10,node_0224,node_0224,1.00,5822,active,self-vote (candidate self-stake)
10,node_0225,node_0309,1.05,294,active,voter (Total-weighted random choice)
10,node_0226,node_0085,1.47,1822,active,voter (Total-weighted random choice)
10,node_0227,node_0262,1.08,234,active,voter (Total-weighted random choice)
10,node_0228,node_0076,1.25,4874,active,voter (Total-weighted random choice)
10,node_0229,node_0466,0.95,7379,active,voter (Total-weighted random choice)
10,node_0230,node_0262,0.65,9265,active,voter (Total-weighted random choice)
10,node_0231,node_0375,1.01,11243,active,voter (Total-weighted random choice)
10,node_0232,node_0427,0.65,6285,active,voter (Total-weighted random choice)
10,node_0233,node_0271,1.12,1193,active,voter (Total-weighted random choice)
10,node_0234,node_0211,1.17,325,active,voter (Total-weighted random choice)
10,node_0235,node_0381,1.11,7838,active,voter (Total-weighted random choice)
10,node_0236,node_0381,1.12,722,active,voter (Total-weighted random choice)
10,node_0237,node_0259,0.85,513,active,voter (Total-weighted random choice)
10,node_0238,node_0448,0.84,18142,active,voter (Total-weighted random choice)
10,node_0239,node_0422,1.21,5842,active,voter (Total-weighted random choice)
10,node_0240,node_0457,0.96,3413,active,voter (Total-weighted random choice)
10,node_0241,node_0259,0.63,5740,active,voter (Total-weighted random choice)
10,node_0242,node_0105,0.57,695,active,voter (Total-weighted random choice)
10,node_0243,node_0262,1.22,4020,active,voter (Total-weighted random choice)
10,node_0244,node_0374,0.71,2357,active,voter (Total-weighted random choice)
10,node_0245,node_0245,1.00,1848,active,self-vote (candidate self-stake)
10,node_0246,node_0259,0.79,12254,active,voter (Total-weighted random choice)
10,node_0247,node_0395,0.96,3850,active,voter (Total-weighted random choice)
10,node_0248,node_0089,1.33,10935,active,voter (Total-weighted random choice)
10,node_0249,node_0374,0.95,4852,active,voter (Total-weighted random choice)
10,node_0250,node_0224,1.31,9005,active,voter (Total-weighted random choice)
10,node_0251,node_0073,0.89,2743,active,voter (Total-weighted random choice)
10,node_0252,node_0089,1.09,28,active,voter (Total-weighted random choice)
10,node_0253,node_0089,1.28,10554,active,voter (Total-weighted random choice)
10,node_0254,node_0014,1.44,7953,active,voter (Total-weighted random choice)
10,node_0255,node_0098,1.16,7301,active,voter (Total-weighted random choice)
10,node_0256,node_0105,0.98,7159,active,voter (Total-weighted random choice)
10,node_0257,node_0381,0.83,9632,active,voter (Total-weighted random choice)
10,node_0258,node_0014,0.51,1290,active,voter (Total-weighted random choice)
10,node_0259,node_0259,1.00,4439,active,self-vote (candidate self-stake)
10,node_0260,node_0439,1.20,8441,active,voter (Total-weighted random choice)
10,node_0261,node_0271,1.21,8841,active,voter (Total-weighted random choice)
10,node_0262,node_0262,1.00,9562,active,self-vote (candidate self-stake)
10,node_0263,node_0074,0.81,7907,active,voter (Total-weighted random choice)
10,node_0264,node_0055,1.06,36,active,voter (Total-weighted random choice)
10,node_0265,node_0008,1.47,8198,active,voter (Total-weighted random choice)
10,node_0266,node_0266,1.00,5973,active,self-vote (candidate self-stake)
10,node_0267,node_0395,1.28,11927,active,voter (Total-weighted random choice)
10,node_0268,node_0074,1.04,6769,active,voter (Total-weighted random choice)
10,node_0269,node_0376,0.95,7966,active,voter (Total-weighted random choice)
10,node_0270,node_0043,1.40,10461,active,voter (Total-weighted random choice)
10,node_0271,node_0271,1.00,637,active,self-vote (candidate self-stake)
10,node_0272,node_0043,0.73,7247,active,voter (Total-weighted random choice)
10,node_0273,node_0189,0.63,4206,active,voter (Total-weighted random choice)
10,node_0274,node_0274,1.00,9620,active,self-vote (candidate self-stake)
10,node_0275,node_0266,0.65,2165,active,voter (Total-weighted random choice)
10,node_0276,node_0211,0.93,3365,active,voter (Total-weighted random choice)
10,node_0277,node_0457,1.12,10391,active,voter (Total-weighted random choice)
10,node_0278,node_0457,1.43,60,rejected,voter (Total-weighted random choice)
10,node_0279,node_0428,0.72,3595,active,voter (Total-weighted random choice)
10,node_0280,node_0295,0.71,10065,active,voter (Total-weighted random choice)
10,node_0281,node_0427,1.40,10315,active,voter (Total-weighted random choice)
10,node_0282,node_0381,0.67,6626,active,voter (Total-weighted random choice)
10,node_0283,node_0283,1.00,1816,active,self-vote (candidate self-stake)
10,node_0284,node_0374,0.76,2077,active,voter (Total-weighted random choice)
10,node_0285,node_0089,1.26,4591,active,voter (Total-weighted random choice)
10,node_0286,node_0274,0.99,107,active,voter (Total-weighted random choice)
10,node_0287,node_0055,1.33,8711,active,voter (Total-weighted random choice)
10,node_0288,node_0201,1.00,2847,active,voter (Total-weighted random choice)
10,node_0289,node_0040,1.13,5582,active,voter (Total-weighted random choice)
10,node_0290,node_0105,1.35,9865,active,voter (Total-weighted random choice)
10,node_0291,node_0383,0.87,2051,active,voter (Total-weighted random choice)
10,node_0292,node_0383,0.72,6858,active,voter (Total-weighted random choice)
10,node_0293,node_0457,1.08,5724,active,voter (Total-weighted random choice)
10,node_0294,node_0245,1.33,12873,active,voter (Total-weighted random choice)
10,node_0295,node_0295,1.00,6877,active,self-vote (candidate self-stake)
10,node_0296,node_0043,0.98,1502,active,voter (Total-weighted random choice)
10,node_0297,node_0466,1.28,990,active,voter (Total-weighted random choice)
10,node_0298,node_0383,1.35,2070,active,voter (Total-weighted random choice)
10,node_0299,node_0262,0.99,892,active,voter (Total-weighted random choice)
10,node_0300,node_0457,0.66,6424,active,voter (Total-weighted random choice)
10,node_0301,node_0262,1.14,234,active,voter (Total-weighted random choice)
10,node_0302,node_0295,1.32,4899,active,voter (Total-weighted random choice)
10,node_0303,node_0074,1.46,12643,active,voter (Total-weighted random choice)
10,node_0304,node_0457,1.27,3892,active,voter (Total-weighted random choice)
10,node_0305,node_0211,0.89,6377,active,voter (Total-weighted random choice)
10,node_0306,node_0223,1.39,479,active,voter (Total-weighted random choice)
10,node_0307,node_0375,1.10,6111,active,voter (Total-weighted random choice)
10,node_0308,node_0055,1.27,434,active,voter (Total-weighted random choice)
10,node_0309,node_0309,1.00,3817,active,self-vote (candidate self-stake)
10,node_0310,node_0310,1.00,3670,active,self-vote (candidate self-stake)
10,node_0311,node_0383,1.27,11830,active,voter (Total-weighted random choice)
10,node_0312,node_0450,0.86,2054,active,voter (Total-weighted random choice)
10,node_0313,node_0073,0.77,3531,active,voter (Total-weighted random choice)
10,node_0314,node_0014,0.68,1319,active,voter (Total-weighted random choice)
10,node_0315,node_0428,0.84,4327,active,voter (Total-weighted random choice)
10,node_0316,node_0008,1.23,8862,active,voter (Total-weighted random choice)
10,node_0317,node_0040,0.72,166,active,voter (Total-weighted random choice)
10,node_0318,node_0422,0.64,11072,active,voter (Total-weighted random choice)
10,node_0319,node_0383,0.84,2500,active,voter (Total-weighted random choice)
10,node_0320,node_0422,0.72,2734,active,voter (Total-weighted random choice)
10,node_0321,node_0309,1.18,250,active,voter (Total-weighted random choice)
10,node_0322,node_0085,1.12,8384,active,voter (Total-weighted random choice)
10,node_0323,node_0383,0.76,972,active,voter (Total-weighted random choice)
10,node_0324,node_0073,1.20,6340,active,voter (Total-weighted random choice)
10,node_0325,node_0375,0.62,9390,active,voter (Total-weighted random choice)
10,node_0326,node_0448,0.96,1248,active,voter (Total-weighted random choice)
10,node_0327,node_0383,0.91,2466,active,voter (Total-weighted random choice)
10,node_0328,node_0089,0.71,7,active,voter (Total-weighted random choice)
10,node_0329,node_0448,1.18,5136,active,voter (Total-weighted random choice)
10,node_0330,node_0330,1.00,11712,active,self-vote (candidate self-stake)
10,node_0331,node_0422,0.93,974,active,voter (Total-weighted random choice)
10,node_0332,node_0376,0.87,7131,active,voter (Total-weighted random choice)
10,node_0333,node_0189,1.31,9463,active,voter (Total-weighted random choice)
10,node_0334,node_0259,1.12,10017,active,voter (Total-weighted random choice)
10,node_0335,node_0008,0.70,2626,active,voter (Total-weighted random choice)
10,node_0336,node_0008,0.64,2547,active,voter (Total-weighted random choice)
10,node_0337,node_0376,1.09,957,active,voter (Total-weighted random choice)
10,node_0338,node_0439,0.60,1458,active,voter (Total-weighted random choice)
10,node_0339,node_0008,0.95,6711,active,voter (Total-weighted random choice)
10,node_0340,node_0014,1.10,735,active,voter (Total-weighted random choice)
10,node_0341,node_0245,1.29,2165,active,voter (Total-weighted random choice)
10,node_0342,node_0271,1.21,7622,active,voter (Total-weighted random choice)
10,node_0343,node_0189,0.88,10684,active,voter (Total-weighted random choice)
10,node_0344,node_0457,1.16,801,active,voter (Total-weighted random choice)
10,node_0345,node_0395,0.61,532,active,voter (Total-weighted random choice)
10,node_0346,node_0098,1.08,4504,active,voter (Total-weighted random choice)
10,node_0347,node_0374,1.00,6112,active,voter (Total-weighted random choice)
10,node_0348,node_0259,1.18,1460,active,voter (Total-weighted random choice)
10,node_0349,node_0274,1.04,3627,active,voter (Total-weighted random choice)
10,node_0350,node_0245,1.29,124,active,voter (Total-weighted random choice)
10,node_0351,node_0201,0.66,3618,active,voter (Total-weighted random choice)
10,node_0352,node_0466,0.66,10825,active,voter (Total-weighted random choice)
10,node_0353,node_0466,0.76,8172,active,voter (Total-weighted random choice)
10,node_0354,node_0262,1.03,5860,active,voter (Total-weighted random choice)
10,node_0355,node_0375,0.85,299,active,voter (Total-weighted random choice)
10,node_0356,node_0356,1.00,8814,active,self-vote (candidate self-stake)
10,node_0357,node_0274,1.47,6070,active,voter (Total-weighted random choice)
10,node_0358,node_0381,1.41,10420,active,voter (Total-weighted random choice)
10,node_0359,node_0089,1.24,1067,active,voter (Total-weighted random choice)
10,node_0360,node_0147,1.32,1014,active,voter (Total-weighted random choice)
10,node_0361,node_0330,0.66,451,active,voter (Total-weighted random choice)
10,node_0362,node_0362,1.00,995,active,self-vote (candidate self-stake)
10,node_0363,node_0245,1.45,3159,active,voter (Total-weighted random choice)
10,node_0364,node_0245,1.41,308,active,voter (Total-weighted random choice)
10,node_0365,node_0374,0.54,9767,active,voter (Total-weighted random choice)
10,node_0366,node_0466,1.19,7140,active,voter (Total-weighted random choice)
10,node_0367,node_0295,0.80,6352,active,voter (Total-weighted random choice)
10,node_0368,node_0189,1.22,120,active,voter (Total-weighted random choice)
10,node_0369,node_0211,0.56,1512,active,voter (Total-weighted random choice)
10,node_0370,node_0040,0.75,3186,active,voter (Total-weighted random choice)
10,node_0371,node_0457,0.87,9671,active,voter (Total-weighted random choice)
10,node_0372,node_0147,0.72,4651,active,voter (Total-weighted random choice)
10,node_0373,node_0373,1.00,5936,active,self-vote (candidate self-stake)
10,node_0374,node_0374,1.00,6158,active,self-vote (candidate self-stake)
10,node_0375,node_0375,1.00,9947,active,self-vote (candidate self-stake)
10,node_0376,node_0376,1.00,14039,active,self-vote (candidate self-stake)
10,node_0377,node_0138,1.38,7074,active,voter (Total-weighted random choice)
10,node_0378,node_0074,1.33,1907,active,voter (Total-weighted random choice)
10,node_0379,node_0448,1.37,8298,active,voter (Total-weighted random choice)
10,node_0380,node_0356,1.25,4855,active,voter (Total-weighted random choice)
10,node_0381,node_0381,1.00,5919,active,self-vote (candidate self-stake)
10,node_0382,node_0201,1.27,454,active,voter (Total-weighted random choice)
10,node_0383,node_0383,1.00,6141,active,self-vote (candidate self-stake)
10,node_0384,node_0310,0.64,8580,active,voter (Total-weighted random choice)
10,node_0385,node_0183,1.42,927,rejected,voter (Total-weighted random choice)
10,node_0386,node_0183,1.40,9534,active,voter (Total-weighted random choice)
10,node_0387,node_0014,0.73,10268,active,voter (Total-weighted random choice)
10,node_0388,node_0422,1.17,7471,active,voter (Total-weighted random choice)
10,node_0389,node_0448,0.86,5978,active,voter (Total-weighted random choice)
10,node_0390,node_0395,0.52,3083,active,voter (Total-weighted random choice)
10,node_0391,node_0422,1.06,5100,active,voter (Total-weighted random choice)
10,node_0392,node_0422,0.87,155,active,voter (Total-weighted random choice)
10,node_0393,node_0374,0.58,909,active,voter (Total-weighted random choice)
10,node_0394,node_0376,0.83,677,active,voter (Total-weighted random choice)
10,node_0395,node_0395,1.00,1824,active,self-vote (candidate self-stake)
10,node_0396,node_0271,1.36,153,active,voter (Total-weighted random choice)
10,node_0397,node_0374,1.06,6473,active,voter (Total-weighted random choice)
10,node_0398,node_0428,1.48,5209,active,voter (Total-weighted random choice)
10,node_0399,node_0373,1.45,3491,active,voter (Total-weighted random choice)
10,node_0400,node_0457,1.44,2230,rejected,voter (Total-weighted random choice)
10,node_0401,node_0457,1.23,6061,active,voter (Total-weighted random choice)
10,node_0402,node_0189,1.39,1938,active,voter (Total-weighted random choice)
10,node_0403,node_0376,0.86,8405,active,voter (Total-weighted random choice)
10,node_0404,node_0404,1.00,449,active,self-vote (candidate self-stake)
10,node_0405,node_0266,0.95,12900,active,voter (Total-weighted random choice)
10,node_0406,node_0085,1.44,2396,active,voter (Total-weighted random choice)
10,node_0407,node_0183,0.87,558,active,voter (Total-weighted random choice)
10,node_0408,node_0395,1.34,7203,active,voter (Total-weighted random choice)
10,node_0409,node_0457,1.49,363,rejected,voter (Total-weighted random choice)
10,node_0410,node_0274,0.85,8841,active,voter (Total-weighted random choice)
10,node_0411,node_0373,0.94,1739,active,voter (Total-weighted random choice)
10,node_0412,node_0138,0.82,1391,active,voter (Total-weighted random choice)
10,node_0413,node_0457,1.28,8159,active,voter (Total-weighted random choice)
10,node_0414,node_0098,0.80,6086,active,voter (Total-weighted random choice)
10,node_0415,node_0271,1.03,5192,active,voter (Total-weighted random choice)
10,node_0416,node_0381,0.73,9922,active,voter (Total-weighted random choice)
10,node_0417,node_0439,1.19,2243,active,voter (Total-weighted random choice)
10,node_0418,node_0138,1.21,111,active,voter (Total-weighted random choice)
10,node_0419,node_0375,0.58,351,active,voter (Total-weighted random choice)
10,node_0420,node_0448,1.42,4521,active,voter (Total-weighted random choice)
10,node_0421,node_0374,1.12,7117,active,voter (Total-weighted random choice)
10,node_0422,node_0422,1.00,10596,active,self-vote (candidate self-stake)
10,node_0423,node_0376,1.13,619,active,voter (Total-weighted random choice)
10,node_0424,node_0074,1.10,5347,active,voter (Total-weighted random choice)
10,node_0425,node_0457,1.08,5670,active,voter (Total-weighted random choice)
10,node_0426,node_0245,0.70,8899,active,voter (Total-weighted random choice)
10,node_0427,node_0427,1.00,1503,active,self-vote (candidate self-stake)
10,node_0428,node_0428,1.00,3719,active,self-vote (candidate self-stake)
10,node_0429,node_0330,0.90,1730,active,voter (Total-weighted random choice)
10,node_0430,node_0295,0.62,2061,active,voter (Total-weighted random choice)
10,node_0431,node_0074,1.44,8292,active,voter (Total-weighted random choice)
10,node_0432,node_0374,1.42,6384,active,voter (Total-weighted random choice)
10,node_0433,node_0395,1.36,802,active,voter (Total-weighted random choice)
10,node_0434,node_0356,0.83,11543,active,voter (Total-weighted random choice)
10,node_0435,node_0262,0.69,6128,active,voter (Total-weighted random choice)
10,node_0436,node_0395,1.07,7739,active,voter (Total-weighted random choice)
10,node_0437,node_0374,0.73,1647,active,voter (Total-weighted random choice)
10,node_0438,node_0373,1.32,987,active,voter (Total-weighted random choice)
10,node_0439,node_0439,1.00,7559,active,self-vote (candidate self-stake)
10,node_0440,node_0074,0.65,8015,active,voter (Total-weighted random choice)
10,node_0441,node_0201,0.77,7897,active,voter (Total-weighted random choice)
10,node_0442,node_0014,0.53,10211,active,voter (Total-weighted random choice)
10,node_0443,node_0074,1.28,3568,active,voter (Total-weighted random choice)
10,node_0444,node_0245,0.68,12401,active,voter (Total-weighted random choice)
10,node_0445,node_0085,1.47,9264,active,voter (Total-weighted random choice)
10,node_0446,node_0330,0.58,5622,active,voter (Total-weighted random choice)
10,node_0447,node_0085,1.16,9757,active,voter (Total-weighted random choice)
10,node_0448,node_0448,1.00,12995,active,self-vote (candidate self-stake)
10,node_0449,node_0427,1.25,7985,active,voter (Total-weighted random choice)
10,node_0450,node_0450,1.00,4062,active,self-vote (candidate self-stake)
10,node_0451,node_0224,1.15,502,active,voter (Total-weighted random choice)
10,node_0452,node_0074,1.18,106,active,voter (Total-weighted random choice)
10,node_0453,node_0274,0.95,1363,active,voter (Total-weighted random choice)
10,node_0454,node_0262,1.50,6620,active,voter (Total-weighted random choice)
10,node_0455,node_0098,0.63,4227,active,voter (Total-weighted random choice)
10,node_0456,node_0262,1.01,6928,active,voter (Total-weighted random choice)
10,node_0457,node_0457,1.00,10184,active,self-vote (candidate self-stake)
10,node_0458,node_0395,0.68,188,active,voter (Total-weighted random choice)
10,node_0459,node_0383,0.75,4158,active,voter (Total-weighted random choice)
10,node_0460,node_0259,0.78,6818,active,voter (Total-weighted random choice)
10,node_0461,node_0089,0.52,5705,active,voter (Total-weighted random choice)
10,node_0462,node_0457,1.41,1958,rejected,voter (Total-weighted random choice)
10,node_0463,node_0266,0.58,6381,active,voter (Total-weighted random choice)
10,node_0464,node_0395,1.49,1886,active,voter (Total-weighted random choice)
10,node_0465,node_0055,0.71,8500,active,voter (Total-weighted random choice)
10,node_0466,node_0466,1.00,7765,active,self-vote (candidate self-stake)
10,node_0467,node_0014,1.44,6574,active,voter (Total-weighted random choice)
10,node_0468,node_0375,0.55,2111,active,voter (Total-weighted random choice)
10,node_0469,node_0439,1.19,2219,active,voter (Total-weighted random choice)
10,node_0470,node_0309,1.15,11649,active,voter (Total-weighted random choice)
10,node_0471,node_0211,0.59,5675,active,voter (Total-weighted random choice)
10,node_0472,node_0189,0.63,12778,active,voter (Total-weighted random choice)
10,node_0473,node_0356,1.30,2721,active,voter (Total-weighted random choice)
10,node_0474,node_0183,1.39,4706,active,voter (Total-weighted random choice)
10,node_0475,node_0448,0.77,5028,active,voter (Total-weighted random choice)
10,node_0476,node_0183,0.73,9708,active,voter (Total-weighted random choice)
10,node_0477,node_0439,1.47,6627,active,voter (Total-weighted random choice)
10,node_0478,node_0138,0.50,4149,active,voter (Total-weighted random choice)
10,node_0479,node_0428,1.00,8840,active,voter (Total-weighted random choice)
10,node_0480,node_0395,1.21,12590,active,voter (Total-weighted random choice)
10,node_0481,node_0245,0.66,4310,active,voter (Total-weighted random choice)
10,node_0482,node_0138,0.76,2526,active,voter (Total-weighted random choice)
10,node_0483,node_0189,0.93,5510,active,voter (Total-weighted random choice)
10,node_0484,node_0138,1.16,12518,active,voter (Total-weighted random choice)
10,node_0485,node_0374,1.30,177,active,voter (Total-weighted random choice)
10,node_0486,node_0055,0.94,7689,active,voter (Total-weighted random choice)
10,node_0487,node_0330,0.53,4888,active,voter (Total-weighted random choice)
10,node_0488,node_0373,0.87,8192,active,voter (Total-weighted random choice)
10,node_0489,node_0376,1.34,6658,active,voter (Total-weighted random choice)
10,node_0490,node_0014,1.37,5623,active,voter (Total-weighted random choice)
10,node_0491,node_0201,0.51,4525,active,voter (Total-weighted random choice)
10,node_0492,node_0075,0.59,1192,active,voter (Total-weighted random choice)
10,node_0493,node_0376,0.52,1995,active,voter (Total-weighted random choice)
10,node_0494,node_0310,0.92,8076,active,voter (Total-weighted random choice)
10,node_0495,node_0427,0.52,6879,active,voter (Total-weighted random choice)
10,node_0496,node_0075,1.36,1157,active,voter (Total-weighted random choice)
10,node_0497,node_0295,1.12,1572,active,voter (Total-weighted random choice)
10,node_0498,node_0201,0.93,2354,active,voter (Total-weighted random choice)
10,node_0499,node_0271,1.45,5164,active,voter (Total-weighted random choice)
10,node_0500,node_0098,0.67,10546,active,voter (Total-weighted random choice)
