Reward_dist_id,Block_id,type,account_id,self.stake,pd_reward_stake,closing_stake,remarks
1,block_0001,PDDPoS,node_0265,6783.0,86.78,6869.78,voter pd share
2,block_0001,PDDPoS,node_0177,7614.0,100.25,7714.25,voter pd share
3,block_0001,PDDPoS,node_0287,9708.0,153.86,9861.86,voter pd share
4,block_0001,PDDPoS,node_0240,4897.0,206.11,5103.11,self 20% + leftover
5,block_0002,PDDPoS,node_0231,9483.0,101.82,9584.82,voter pd share
6,block_0002,PDDPoS,node_0362,935.0,10.73,945.73,voter pd share
7,block_0002,PDDPoS,node_0457,9824.0,205.92,10029.92,voter pd share
8,block_0002,PDDPoS,node_0239,8544.0,302.53,8846.53,self 20% + leftover
9,block_0003,PDDPoS,node_0418,80.0,2.09,82.09,voter pd share
10,block_0003,PDDPoS,node_0405,9296.0,134.84,9430.84,voter pd share
11,block_0003,PDDPoS,node_0238,9196.0,141.2,9337.2,voter pd share
12,block_0003,PDDPoS,node_0097,9110.0,326.86,9436.86,self 20% + leftover
13,block_0004,PDDPoS,node_0098,9992.0,104.91,10096.91,voter pd share
14,block_0004,PDDPoS,node_0111,9329.0,188.24,9517.24,voter pd share
15,block_0004,PDDPoS,node_0374,7843.0,234.84,8077.84,self 20% + leftover
16,block_0005,PDDPoS,node_0167,6333.0,109.09,6442.09,voter pd share
17,block_0005,PDDPoS,node_0456,6398.0,127.89,6525.89,voter pd share
18,block_0005,PDDPoS,node_0401,7089.0,178.0,7267.0,voter pd share
19,block_0005,PDDPoS,node_0115,6949.0,361.02,7310.02,self 20% + leftover
20,block_0006,PDDPoS,node_0452,1327.0,16.42,1343.42,voter pd share
21,block_0006,PDDPoS,node_0218,7750.0,132.81,7882.81,voter pd share
22,block_0006,PDDPoS,node_0375,8610.0,237.78,8847.78,voter pd share
23,block_0006,PDDPoS,node_0067,8885.0,307.98,9192.98,self 20% + leftover
24,block_0007,PDDPoS,node_0187,9385.0,182.48,9567.48,voter pd share
25,block_0007,PDDPoS,node_0439,7431.0,190.98,7621.98,voter pd share
26,block_0007,PDDPoS,node_0211,9365.0,327.54,9692.54,self 20% + leftover
27,block_0008,PDDPoS,node_0301,1387.0,25.49,1412.49,voter pd share
28,block_0008,PDDPoS,node_0203,8895.0,177.39,9072.39,voter pd share
29,block_0008,PDDPoS,node_0149,6478.0,165.76,6643.76,voter pd share
30,block_0008,PDDPoS,node_0192,9512.0,408.36,9920.36,self 20% + leftover
31,block_0009,PDDPoS,node_0146,2450.0,48.31,2498.31,voter pd share
32,block_0009,PDDPoS,node_0106,9031.0,191.84,9222.84,voter pd share
33,block_0009,PDDPoS,node_0119,5764.0,195.03,5959.03,voter pd share
34,block_0009,PDDPoS,node_0148,7495.0,341.82,7836.82,self 20% + leftover
35,block_0010,PDDPoS,node_0428,7575.0,180.82,7755.82,voter pd share
36,block_0010,PDDPoS,node_0163,2183.0,59.9,2242.9,voter pd share
37,block_0010,PDDPoS,node_0140,9194.0,264.13,9458.13,voter pd share
38,block_0010,PDDPoS,node_0441,5215.0,273.15,5488.15,self 20% + leftover
39,block_0011,PDDPoS,node_0180,4954.0,62.65,5016.65,voter pd share
40,block_0011,PDDPoS,node_0147,7772.0,188.98,7960.98,voter pd share
41,block_0011,PDDPoS,node_0116,4470.0,107.61,4577.61,voter pd share
42,block_0011,PDDPoS,node_0442,7575.0,301.76,7876.76,self 20% + leftover
43,block_0012,PDDPoS,node_0030,9794.0,214.5,10008.5,voter pd share
44,block_0012,PDDPoS,node_0014,6191.0,146.16,6337.16,voter pd share
45,block_0012,PDDPoS,node_0255,6406.0,217.48,6623.48,voter pd share
46,block_0012,PDDPoS,node_0361,1577.0,197.86,1774.86,self 20% + leftover
47,block_0013,PDDPoS,node_0472,10065.0,201.71,10266.71,voter pd share
48,block_0013,PDDPoS,node_0354,6673.0,140.66,6813.66,voter pd share
49,block_0013,PDDPoS,node_0248,7482.0,434.63,7916.63,self 20% + leftover
50,block_0014,PDDPoS,node_0356,7439.0,120.66,7559.66,voter pd share
51,block_0014,PDDPoS,node_0165,6764.0,176.12,6940.12,voter pd share
52,block_0014,PDDPoS,node_0371,9767.0,289.22,10056.22,self 20% + leftover
53,block_0015,PDDPoS,node_0422,8480.0,216.83,8696.83,voter pd share
54,block_0015,PDDPoS,node_0168,9524.0,260.04,9784.04,voter pd share
55,block_0015,PDDPoS,node_0205,5392.0,300.13,5692.13,self 20% + leftover
56,block_0016,PDDPoS,node_0122,4370.0,109.45,4479.45,voter pd share
57,block_0016,PDDPoS,node_0043,8921.0,233.79,9154.79,voter pd share
58,block_0016,PDDPoS,node_0080,8104.0,237.65,8341.65,voter pd share
59,block_0016,PDDPoS,node_0071,1342.0,197.11,1539.11,self 20% + leftover
60,block_0017,PDDPoS,node_0197,5700.0,124.9,5824.9,voter pd share
61,block_0017,PDDPoS,node_0189,10180.0,246.75,10426.75,voter pd share
62,block_0017,PDDPoS,node_0315,7298.0,405.35,7703.35,self 20% + leftover
63,block_0018,PDDPoS,node_0280,8253.0,198.1,8451.1,voter pd share
64,block_0018,PDDPoS,node_0307,7404.0,174.21,7578.21,voter pd share
65,block_0018,PDDPoS,node_0009,6943.0,252.69,7195.69,self 20% + leftover
66,block_0019,PDDPoS,node_0331,1084.0,19.76,1103.76,voter pd share
67,block_0019,PDDPoS,node_0023,9150.0,246.4,9396.4,voter pd share
68,block_0019,PDDPoS,node_0229,8914.0,292.91,9206.91,voter pd share
69,block_0019,PDDPoS,node_0039,2802.0,218.93,3020.93,self 20% + leftover
70,block_0020,PDDPoS,node_0462,2173.0,35.95,2208.95,voter pd share
71,block_0020,PDDPoS,node_0449,7642.0,171.23,7813.23,voter pd share
72,block_0020,PDDPoS,node_0358,9106.0,220.41,9326.41,voter pd share
73,block_0020,PDDPoS,node_0326,3662.0,225.41,3887.41,self 20% + leftover
74,block_0021,PDDPoS,node_0193,6608.0,110.6,6718.6,voter pd share
75,block_0021,PDDPoS,node_0398,2551.0,73.27,2624.27,voter pd share
76,block_0021,PDDPoS,node_0290,7858.0,251.56,8109.56,voter pd share
77,block_0021,PDDPoS,node_0346,3686.0,132.6,3818.6,voter pd share
78,block_0021,PDDPoS,node_0498,1661.0,208.97,1869.97,self 20% + leftover
79,block_0022,PDDPoS,node_0350,1384.0,27.46,1411.46,voter pd share
80,block_0022,PDDPoS,node_0250,7038.0,124.94,7162.94,voter pd share
81,block_0022,PDDPoS,node_0129,6598.0,144.51,6742.51,voter pd share
82,block_0022,PDDPoS,node_0321,2123.0,43.11,2166.11,voter pd share
83,block_0022,PDDPoS,node_0133,4995.0,202.98,5197.98,self 20% + leftover
84,block_0023,PDDPoS,node_0032,8364.0,146.03,8510.03,voter pd share
85,block_0023,PDDPoS,node_0137,6165.0,157.03,6322.03,voter pd share
86,block_0023,PDDPoS,node_0156,7357.0,380.94,7737.94,self 20% + leftover
87,block_0024,PDDPoS,node_0235,7892.0,192.54,8084.54,voter pd share
88,block_0024,PDDPoS,node_0281,8301.0,268.26,8569.26,voter pd share
89,block_0024,PDDPoS,node_0460,5781.0,317.2,6098.2,self 20% + leftover
90,block_0025,PDDPoS,node_0339,6452.0,117.74,6569.74,voter pd share
91,block_0025,PDDPoS,node_0413,7880.0,192.35,8072.35,voter pd share
92,block_0025,PDDPoS,node_0426,7180.0,326.91,7506.91,self 20% + leftover
93,block_0026,PDDPoS,node_0254,7361.0,151.42,7512.42,voter pd share
94,block_0026,PDDPoS,node_0220,5796.0,186.19,5982.19,voter pd share
95,block_0026,PDDPoS,node_0100,8053.0,435.4,8488.4,self 20% + leftover
96,block_0027,PDDPoS,node_0261,4720.0,133.59,4853.59,voter pd share
97,block_0027,PDDPoS,node_0158,7745.0,237.77,7982.77,voter pd share
98,block_0027,PDDPoS,node_0333,8720.0,399.63,9119.63,self 20% + leftover
99,block_0028,PDDPoS,node_0338,2438.0,47.24,2485.24,voter pd share
100,block_0028,PDDPoS,node_0373,8379.0,245.84,8624.84,voter pd share
101,block_0028,PDDPoS,node_0138,9203.0,408.92,9611.92,self 20% + leftover
102,block_0029,PDDPoS,node_0338,2571.24,52.36,2623.6,voter pd share
103,block_0029,PDDPoS,node_0373,8614.84,272.46,8887.3,voter pd share
104,block_0029,PDDPoS,node_0138,9605.92,453.19,10059.11,self 20% + leftover
105,block_0030,PDDPoS,node_0311,9097.0,225.78,9322.78,voter pd share
106,block_0030,PDDPoS,node_0343,9448.0,275.18,9723.18,voter pd share
107,block_0030,PDDPoS,node_0412,1534.0,163.04,1697.04,self 20% + leftover
108,block_0031,PDDPoS,node_0410,9243.0,219.06,9462.06,voter pd share
109,block_0031,PDDPoS,node_0432,5791.0,190.53,5981.53,voter pd share
110,block_0031,PDDPoS,node_0241,5032.0,253.41,5285.41,self 20% + leftover
111,block_0032,PDDPoS,node_0421,7164.0,156.68,7320.68,voter pd share
112,block_0032,PDDPoS,node_0174,2350.0,49.91,2399.91,voter pd share
113,block_0032,PDDPoS,node_0420,5347.0,154.95,5501.95,voter pd share
114,block_0032,PDDPoS,node_0464,1983.0,62.56,2045.56,voter pd share
115,block_0032,PDDPoS,node_0468,3255.0,189.9,3444.9,self 20% + leftover
116,block_0033,PDDPoS,node_0126,739.0,17.77,756.77,voter pd share
117,block_0033,PDDPoS,node_0088,4828.0,174.48,5002.48,voter pd share
118,block_0033,PDDPoS,node_0349,4973.0,179.6,5152.6,voter pd share
119,block_0033,PDDPoS,node_0252,787.0,46.96,833.96,voter pd share
120,block_0033,PDDPoS,node_0494,7738.0,358.18,8096.18,self 20% + leftover
121,block_0034,PDDPoS,node_0246,9941.0,262.95,10203.95,voter pd share
122,block_0034,PDDPoS,node_0447,9155.0,342.05,9497.05,self 20% + leftover
123,block_0035,PDDPoS,node_0357,6073.0,90.22,6163.22,voter pd share
124,block_0035,PDDPoS,node_0215,7673.0,229.46,7902.46,voter pd share
125,block_0035,PDDPoS,node_0461,5715.0,247.32,5962.32,self 20% + leftover
126,block_0036,PDDPoS,node_0436,4496.0,95.45,4591.45,voter pd share
127,block_0036,PDDPoS,node_0381,5044.0,139.96,5183.96,voter pd share
128,block_0036,PDDPoS,node_0416,9559.0,530.59,10089.59,self 20% + leftover
129,block_0037,PDDPoS,node_0045,2095.0,38.94,2133.94,voter pd share
130,block_0037,PDDPoS,node_0322,9457.0,249.31,9706.31,voter pd share
131,block_0037,PDDPoS,node_0089,220.0,6.19,226.19,voter pd share
132,block_0037,PDDPoS,node_0272,7109.0,318.55,7427.55,self 20% + leftover
133,block_0038,PDDPoS,node_0316,7931.0,198.45,8129.45,voter pd share
134,block_0038,PDDPoS,node_0143,2031.0,62.58,2093.58,voter pd share
135,block_0038,PDDPoS,node_0303,8458.0,482.97,8940.97,self 20% + leftover
136,block_0039,PDDPoS,node_0055,6002.0,158.99,6160.99,voter pd share
137,block_0039,PDDPoS,node_0208,5433.0,213.15,5646.15,voter pd share
138,block_0039,PDDPoS,node_0164,2621.0,106.26,2727.26,voter pd share
139,block_0039,PDDPoS,node_0188,3471.0,278.6,3749.6,self 20% + leftover
140,block_0040,PDDPoS,node_0018,6139.0,182.33,6321.33,voter pd share
141,block_0040,PDDPoS,node_0096,4410.0,157.87,4567.87,voter pd share
142,block_0040,PDDPoS,node_0232,6727.0,436.81,7163.81,self 20% + leftover
143,block_0041,PDDPoS,node_0265,6859.78,122.8,6982.58,voter pd share
144,block_0041,PDDPoS,node_0177,8007.25,141.85,8149.1,voter pd share
145,block_0041,PDDPoS,node_0287,9874.86,217.71,10092.57,voter pd share
146,block_0041,PDDPoS,node_0240,5309.11,291.64,5600.74,self 20% + leftover
147,block_0042,PDDPoS,node_0231,9901.82,91.82,9993.64,voter pd share
148,block_0042,PDDPoS,node_0362,914.73,9.67,924.4,voter pd share
149,block_0042,PDDPoS,node_0457,10127.92,185.7,10313.62,voter pd share
150,block_0042,PDDPoS,node_0239,8693.53,272.81,8966.34,self 20% + leftover
151,block_0043,PDDPoS,node_0418,313.09,1.85,314.94,voter pd share
152,block_0043,PDDPoS,node_0405,9099.84,119.02,9218.86,voter pd share
153,block_0043,PDDPoS,node_0238,9331.2,124.63,9455.83,voter pd share
154,block_0043,PDDPoS,node_0097,9730.86,288.5,10019.36,self 20% + leftover
155,block_0044,PDDPoS,node_0098,10101.91,154.39,10256.3,voter pd share
156,block_0044,PDDPoS,node_0111,9592.24,277.02,9869.26,voter pd share
157,block_0044,PDDPoS,node_0374,8217.84,345.59,8563.44,self 20% + leftover
158,block_0045,PDDPoS,node_0167,6150.09,109.37,6259.46,voter pd share
159,block_0045,PDDPoS,node_0456,6259.89,128.22,6388.1,voter pd share
160,block_0045,PDDPoS,node_0401,6813.0,178.46,6991.46,voter pd share
161,block_0045,PDDPoS,node_0115,7101.02,361.96,7462.98,self 20% + leftover
162,block_0046,PDDPoS,node_0452,923.42,12.71,936.13,voter pd share
163,block_0046,PDDPoS,node_0218,6941.81,102.81,7044.63,voter pd share
164,block_0046,PDDPoS,node_0375,8922.78,184.07,9106.85,voter pd share
165,block_0046,PDDPoS,node_0067,9160.98,238.41,9399.4,self 20% + leftover
166,block_0047,PDDPoS,node_0187,9274.48,184.82,9459.3,voter pd share
167,block_0047,PDDPoS,node_0439,7528.98,193.44,7722.42,voter pd share
168,block_0047,PDDPoS,node_0211,9523.54,331.74,9855.28,self 20% + leftover
169,block_0048,PDDPoS,node_0301,1011.49,23.78,1035.27,voter pd share
170,block_0048,PDDPoS,node_0203,8540.39,165.52,8705.92,voter pd share
171,block_0048,PDDPoS,node_0149,6898.76,154.67,7053.43,voter pd share
172,block_0048,PDDPoS,node_0192,9783.36,381.03,10164.38,self 20% + leftover
173,block_0049,PDDPoS,node_0146,2518.31,42.16,2560.47,voter pd share
174,block_0049,PDDPoS,node_0106,9000.84,167.4,9168.24,voter pd share
175,block_0049,PDDPoS,node_0119,5642.03,170.18,5812.21,voter pd share
176,block_0049,PDDPoS,node_0148,7508.82,298.26,7807.08,self 20% + leftover
177,block_0050,PDDPoS,node_0428,7765.82,152.46,7918.28,voter pd share
178,block_0050,PDDPoS,node_0163,2227.9,50.51,2278.41,voter pd share
179,block_0050,PDDPoS,node_0140,9797.13,222.71,10019.83,voter pd share
180,block_0050,PDDPoS,node_0441,5325.15,230.32,5555.47,self 20% + leftover
181,block_0051,PDDPoS,node_0180,4966.65,73.74,5040.39,voter pd share
182,block_0051,PDDPoS,node_0147,8284.98,222.42,8507.4,voter pd share
183,block_0051,PDDPoS,node_0116,4900.61,126.66,5027.28,voter pd share
184,block_0051,PDDPoS,node_0442,8611.76,355.17,8966.93,self 20% + leftover
185,block_0052,PDDPoS,node_0030,10384.5,193.77,10578.27,voter pd share
186,block_0052,PDDPoS,node_0014,6686.16,132.03,6818.19,voter pd share
187,block_0052,PDDPoS,node_0255,6941.48,196.46,7137.95,voter pd share
188,block_0052,PDDPoS,node_0361,2008.86,178.74,2187.6,self 20% + leftover
189,block_0053,PDDPoS,node_0472,10318.71,171.86,10490.57,voter pd share
190,block_0053,PDDPoS,node_0354,6961.66,119.84,7081.51,voter pd share
191,block_0053,PDDPoS,node_0248,7777.63,370.3,8147.93,self 20% + leftover
192,block_0054,PDDPoS,node_0356,7479.66,141.67,7621.33,voter pd share
193,block_0054,PDDPoS,node_0165,6718.12,206.77,6924.89,voter pd share
194,block_0054,PDDPoS,node_0371,9725.22,339.56,10064.78,self 20% + leftover
195,block_0055,PDDPoS,node_0422,8172.83,191.43,8364.26,voter pd share
196,block_0055,PDDPoS,node_0168,9688.04,229.59,9917.63,voter pd share
197,block_0055,PDDPoS,node_0205,5484.13,264.98,5749.11,self 20% + leftover
198,block_0056,PDDPoS,node_0122,4184.45,86.94,4271.4,voter pd share
199,block_0056,PDDPoS,node_0043,8857.79,185.71,9043.49,voter pd share
200,block_0056,PDDPoS,node_0080,8591.65,188.78,8780.43,voter pd share
201,block_0056,PDDPoS,node_0071,1883.11,156.57,2039.69,self 20% + leftover
202,block_0057,PDDPoS,node_0197,6243.9,92.1,6336.0,voter pd share
203,block_0057,PDDPoS,node_0189,10292.75,181.97,10474.72,voter pd share
204,block_0057,PDDPoS,node_0315,7473.35,298.93,7772.28,self 20% + leftover
205,block_0058,PDDPoS,node_0280,8368.1,234.23,8602.33,voter pd share
206,block_0058,PDDPoS,node_0307,6926.21,205.99,7132.2,voter pd share
207,block_0058,PDDPoS,node_0009,7172.69,298.78,7471.47,self 20% + leftover
208,block_0059,PDDPoS,node_0331,1478.76,19.76,1498.52,voter pd share
209,block_0059,PDDPoS,node_0023,9129.4,246.4,9375.81,voter pd share
210,block_0059,PDDPoS,node_0229,8815.91,292.91,9108.82,voter pd share
211,block_0059,PDDPoS,node_0039,3257.93,218.93,3476.85,self 20% + leftover
212,block_0060,PDDPoS,node_0462,2647.95,33.42,2681.37,voter pd share
213,block_0060,PDDPoS,node_0449,7112.23,159.16,7271.39,voter pd share
214,block_0060,PDDPoS,node_0358,8875.41,204.88,9080.29,voter pd share
215,block_0060,PDDPoS,node_0326,3353.41,209.53,3562.95,self 20% + leftover
216,block_0061,PDDPoS,node_0193,6765.6,103.06,6868.66,voter pd share
217,block_0061,PDDPoS,node_0398,2726.27,68.27,2794.54,voter pd share
218,block_0061,PDDPoS,node_0290,8230.56,234.4,8464.96,voter pd share
219,block_0061,PDDPoS,node_0346,3859.6,123.56,3983.16,voter pd share
220,block_0061,PDDPoS,node_0498,1799.97,194.71,1994.68,self 20% + leftover
221,block_0062,PDDPoS,node_0350,1208.46,28.67,1237.12,voter pd share
222,block_0062,PDDPoS,node_0250,6942.94,130.47,7073.41,voter pd share
223,block_0062,PDDPoS,node_0129,6771.51,150.9,6922.41,voter pd share
224,block_0062,PDDPoS,node_0321,2072.11,45.02,2117.13,voter pd share
225,block_0062,PDDPoS,node_0133,5307.98,211.95,5519.93,self 20% + leftover
226,block_0063,PDDPoS,node_0032,8361.03,165.67,8526.7,voter pd share
227,block_0063,PDDPoS,node_0137,6378.03,178.15,6556.17,voter pd share
228,block_0063,PDDPoS,node_0156,7273.94,432.18,7706.13,self 20% + leftover
229,block_0064,PDDPoS,node_0339,6078.74,143.61,6222.35,voter pd share
230,block_0064,PDDPoS,node_0413,8272.35,234.63,8506.98,voter pd share
231,block_0064,PDDPoS,node_0426,7162.91,398.76,7561.67,self 20% + leftover
232,block_0065,PDDPoS,node_0339,6180.35,143.8,6324.15,voter pd share
233,block_0065,PDDPoS,node_0413,8522.98,234.93,8757.91,voter pd share
234,block_0065,PDDPoS,node_0426,7513.67,399.27,7912.93,self 20% + leftover
235,block_0066,PDDPoS,node_0254,7117.42,152.4,7269.82,voter pd share
236,block_0066,PDDPoS,node_0220,5768.19,187.39,5955.58,voter pd share
237,block_0066,PDDPoS,node_0100,8237.4,438.21,8675.61,self 20% + leftover
238,block_0067,PDDPoS,node_0261,5364.59,91.66,5456.25,voter pd share
239,block_0067,PDDPoS,node_0158,8268.77,163.14,8431.92,voter pd share
240,block_0067,PDDPoS,node_0333,9231.63,274.2,9505.83,self 20% + leftover
241,block_0068,PDDPoS,node_0486,7879.0,165.3,8044.3,voter pd share
242,block_0068,PDDPoS,node_0389,6510.0,207.35,6717.35,voter pd share
243,block_0068,PDDPoS,node_0051,3997.0,194.34,4191.34,self 20% + leftover
244,block_0069,PDDPoS,node_0338,2454.6,52.36,2506.95,voter pd share
245,block_0069,PDDPoS,node_0373,8519.3,272.46,8791.75,voter pd share
246,block_0069,PDDPoS,node_0138,9896.11,453.19,10349.3,self 20% + leftover
247,block_0070,PDDPoS,node_0311,9021.78,264.2,9285.98,voter pd share
248,block_0070,PDDPoS,node_0343,9474.18,322.01,9796.19,voter pd share
249,block_0070,PDDPoS,node_0412,1478.04,190.79,1668.83,self 20% + leftover
250,block_0071,PDDPoS,node_0410,8982.06,234.58,9216.64,voter pd share
251,block_0071,PDDPoS,node_0432,5765.53,204.04,5969.57,voter pd share
252,block_0071,PDDPoS,node_0241,5026.41,271.38,5297.79,self 20% + leftover
253,block_0072,PDDPoS,node_0421,6741.68,182.96,6924.64,voter pd share
254,block_0072,PDDPoS,node_0174,2067.91,58.28,2126.19,voter pd share
255,block_0072,PDDPoS,node_0420,5306.95,180.94,5487.9,voter pd share
256,block_0072,PDDPoS,node_0464,1956.56,73.05,2029.61,voter pd share
257,block_0072,PDDPoS,node_0468,3559.9,221.76,3781.66,self 20% + leftover
258,block_0073,PDDPoS,node_0126,515.77,16.68,532.45,voter pd share
259,block_0073,PDDPoS,node_0088,5182.48,163.7,5346.18,voter pd share
260,block_0073,PDDPoS,node_0349,4861.6,168.5,5030.1,voter pd share
261,block_0073,PDDPoS,node_0252,860.96,44.06,905.03,voter pd share
262,block_0073,PDDPoS,node_0494,7863.18,336.06,8199.24,self 20% + leftover
263,block_0074,PDDPoS,node_0246,9404.95,247.3,9652.25,voter pd share
264,block_0074,PDDPoS,node_0447,9319.05,321.7,9640.75,self 20% + leftover
265,block_0075,PDDPoS,node_0357,6639.22,116.64,6755.86,voter pd share
266,block_0075,PDDPoS,node_0215,7799.46,296.64,8096.09,voter pd share
267,block_0075,PDDPoS,node_0461,5947.32,319.73,6267.04,self 20% + leftover
268,block_0076,PDDPoS,node_0436,4574.45,82.49,4656.94,voter pd share
269,block_0076,PDDPoS,node_0381,5213.96,120.96,5334.93,voter pd share
270,block_0076,PDDPoS,node_0416,9830.59,458.55,10289.14,self 20% + leftover
271,block_0077,PDDPoS,node_0045,2032.94,49.42,2082.37,voter pd share
272,block_0077,PDDPoS,node_0322,9860.31,316.42,10176.74,voter pd share
273,block_0077,PDDPoS,node_0089,534.19,7.85,542.04,voter pd share
274,block_0077,PDDPoS,node_0272,7833.55,404.3,8237.85,self 20% + leftover
275,block_0078,PDDPoS,node_0316,7844.45,149.11,7993.56,voter pd share
276,block_0078,PDDPoS,node_0143,2122.58,47.02,2169.59,voter pd share
277,block_0078,PDDPoS,node_0303,8702.97,362.88,9065.85,self 20% + leftover
278,block_0079,PDDPoS,node_0055,6160.99,130.01,6291.0,voter pd share
279,block_0079,PDDPoS,node_0208,5893.15,174.29,6067.43,voter pd share
280,block_0079,PDDPoS,node_0164,2546.26,86.89,2633.15,voter pd share
281,block_0079,PDDPoS,node_0188,3893.6,227.81,4121.42,self 20% + leftover
282,block_0080,PDDPoS,node_0018,6159.33,141.03,6300.35,voter pd share
283,block_0080,PDDPoS,node_0096,4411.87,122.11,4533.98,voter pd share
284,block_0080,PDDPoS,node_0232,7200.81,337.86,7538.67,self 20% + leftover
285,block_0081,PDDPoS,node_0265,6919.58,116.45,7036.03,voter pd share
286,block_0081,PDDPoS,node_0177,8383.1,134.52,8517.63,voter pd share
287,block_0081,PDDPoS,node_0287,9538.57,206.46,9745.03,voter pd share
288,block_0081,PDDPoS,node_0240,5421.74,276.57,5698.31,self 20% + leftover
289,block_0082,PDDPoS,node_0231,9739.64,110.02,9849.66,voter pd share
290,block_0082,PDDPoS,node_0362,1059.4,11.59,1070.99,voter pd share
291,block_0082,PDDPoS,node_0457,10222.62,222.5,10445.12,voter pd share
292,block_0082,PDDPoS,node_0239,9265.34,326.89,9592.23,self 20% + leftover
293,block_0083,PDDPoS,node_0418,358.94,2.46,361.4,voter pd share
294,block_0083,PDDPoS,node_0405,8804.86,158.25,8963.11,voter pd share
295,block_0083,PDDPoS,node_0238,9114.83,165.7,9280.53,voter pd share
296,block_0083,PDDPoS,node_0097,10193.36,383.59,10576.95,self 20% + leftover
297,block_0084,PDDPoS,node_0098,10242.3,109.68,10351.98,voter pd share
298,block_0084,PDDPoS,node_0111,9853.26,196.8,10050.06,voter pd share
299,block_0084,PDDPoS,node_0374,8325.44,245.52,8570.96,self 20% + leftover
300,block_0085,PDDPoS,node_0167,5952.46,77.04,6029.49,voter pd share
301,block_0085,PDDPoS,node_0456,5813.1,90.31,5903.42,voter pd share
302,block_0085,PDDPoS,node_0401,6683.46,125.7,6809.16,voter pd share
303,block_0085,PDDPoS,node_0115,6970.98,254.95,7225.93,self 20% + leftover
304,block_0086,PDDPoS,node_0452,719.13,18.38,737.51,voter pd share
305,block_0086,PDDPoS,node_0218,6980.63,148.68,7129.3,voter pd share
306,block_0086,PDDPoS,node_0375,9200.85,266.18,9467.03,voter pd share
307,block_0086,PDDPoS,node_0067,9175.4,344.77,9520.16,self 20% + leftover
308,block_0087,PDDPoS,node_0187,10115.3,146.29,10261.59,voter pd share
309,block_0087,PDDPoS,node_0439,7638.42,153.11,7791.54,voter pd share
310,block_0087,PDDPoS,node_0211,9734.28,262.59,9996.87,self 20% + leftover
311,block_0088,PDDPoS,node_0301,522.27,23.91,546.18,voter pd share
312,block_0088,PDDPoS,node_0203,8536.92,166.44,8703.35,voter pd share
313,block_0088,PDDPoS,node_0149,7383.43,155.52,7538.95,voter pd share
314,block_0088,PDDPoS,node_0192,10051.38,383.13,10434.51,self 20% + leftover
315,block_0089,PDDPoS,node_0146,2425.47,48.37,2473.84,voter pd share
316,block_0089,PDDPoS,node_0106,8673.24,192.09,8865.33,voter pd share
317,block_0089,PDDPoS,node_0119,5936.21,195.28,6131.49,voter pd share
318,block_0089,PDDPoS,node_0148,7488.08,342.26,7830.33,self 20% + leftover
319,block_0090,PDDPoS,node_0428,7376.28,180.12,7556.41,voter pd share
320,block_0090,PDDPoS,node_0163,2345.41,59.67,2405.08,voter pd share
321,block_0090,PDDPoS,node_0140,9574.83,263.11,9837.94,voter pd share
322,block_0090,PDDPoS,node_0441,6117.47,272.1,6389.57,self 20% + leftover
323,block_0091,PDDPoS,node_0180,5296.39,72.6,5369.0,voter pd share
324,block_0091,PDDPoS,node_0147,8448.4,218.99,8667.39,voter pd share
325,block_0091,PDDPoS,node_0116,5234.28,124.71,5358.99,voter pd share
326,block_0091,PDDPoS,node_0442,8744.93,349.69,9094.62,self 20% + leftover
327,block_0092,PDDPoS,node_0030,10830.27,215.05,11045.32,voter pd share
328,block_0092,PDDPoS,node_0014,6953.19,146.53,7099.72,voter pd share
329,block_0092,PDDPoS,node_0255,7144.95,218.04,7362.99,voter pd share
330,block_0092,PDDPoS,node_0361,2272.6,198.37,2470.98,self 20% + leftover
331,block_0093,PDDPoS,node_0472,10763.57,179.12,10942.69,voter pd share
332,block_0093,PDDPoS,node_0354,6777.51,124.91,6902.42,voter pd share
333,block_0093,PDDPoS,node_0248,8015.93,385.96,8401.89,self 20% + leftover
334,block_0094,PDDPoS,node_0356,7401.33,141.46,7542.79,voter pd share
335,block_0094,PDDPoS,node_0165,7046.89,206.47,7253.37,voter pd share
336,block_0094,PDDPoS,node_0371,10234.78,339.07,10573.84,self 20% + leftover
337,block_0095,PDDPoS,node_0422,8787.26,214.04,9001.3,voter pd share
338,block_0095,PDDPoS,node_0168,9674.63,256.7,9931.33,voter pd share
339,block_0095,PDDPoS,node_0205,5604.11,296.27,5900.37,self 20% + leftover
340,block_0096,PDDPoS,node_0122,4079.4,99.61,4179.0,voter pd share
341,block_0096,PDDPoS,node_0043,9029.49,212.75,9242.24,voter pd share
342,block_0096,PDDPoS,node_0080,9075.43,216.27,9291.69,voter pd share
343,block_0096,PDDPoS,node_0071,1794.69,179.38,1974.06,self 20% + leftover
344,block_0097,PDDPoS,node_0197,6181.0,125.06,6306.06,voter pd share
345,block_0097,PDDPoS,node_0189,10589.72,247.07,10836.79,voter pd share
346,block_0097,PDDPoS,node_0315,7440.28,405.87,7846.15,self 20% + leftover
347,block_0098,PDDPoS,node_0280,8485.33,200.63,8685.96,voter pd share
348,block_0098,PDDPoS,node_0307,7767.2,176.44,7943.64,voter pd share
349,block_0098,PDDPoS,node_0009,7320.47,255.93,7576.4,self 20% + leftover
350,block_0099,PDDPoS,node_0331,1485.52,17.78,1503.3,voter pd share
351,block_0099,PDDPoS,node_0023,9175.81,221.7,9397.51,voter pd share
352,block_0099,PDDPoS,node_0229,8323.82,263.54,8587.36,voter pd share
353,block_0099,PDDPoS,node_0039,3346.85,196.98,3543.83,self 20% + leftover
354,block_0100,PDDPoS,node_0462,3111.37,30.39,3141.76,voter pd share
355,block_0100,PDDPoS,node_0449,7405.39,144.74,7550.13,voter pd share
356,block_0100,PDDPoS,node_0358,8589.29,186.32,8775.61,voter pd share
357,block_0100,PDDPoS,node_0326,3359.95,190.55,3550.49,self 20% + leftover
358,block_0101,PDDPoS,node_0193,7245.66,110.32,7355.98,voter pd share
359,block_0101,PDDPoS,node_0398,2489.54,73.08,2562.61,voter pd share
360,block_0101,PDDPoS,node_0290,8545.96,250.91,8796.87,voter pd share
361,block_0101,PDDPoS,node_0346,3649.16,132.26,3781.43,voter pd share
362,block_0101,PDDPoS,node_0498,2263.68,208.43,2472.11,self 20% + leftover
363,block_0102,PDDPoS,node_0350,1207.12,39.29,1246.41,voter pd share
364,block_0102,PDDPoS,node_0250,7241.41,178.79,7420.2,voter pd share
365,block_0102,PDDPoS,node_0129,6815.41,206.78,7022.19,voter pd share
366,block_0102,PDDPoS,node_0321,2002.13,61.69,2063.82,voter pd share
367,block_0102,PDDPoS,node_0133,5354.93,290.45,5645.38,self 20% + leftover
368,block_0103,PDDPoS,node_0032,8279.7,139.63,8419.33,voter pd share
369,block_0103,PDDPoS,node_0137,6330.17,150.14,6480.31,voter pd share
370,block_0103,PDDPoS,node_0156,7169.13,364.24,7533.36,self 20% + leftover
371,block_0104,PDDPoS,node_0048,8429.0,263.65,8692.65,voter pd share
372,block_0104,PDDPoS,node_0212,1168.0,47.64,1215.64,voter pd share
373,block_0104,PDDPoS,node_0424,6578.0,285.7,6863.7,self 20% + leftover
374,block_0105,PDDPoS,node_0339,6045.15,143.61,6188.76,voter pd share
375,block_0105,PDDPoS,node_0413,8621.91,234.63,8856.54,voter pd share
376,block_0105,PDDPoS,node_0426,8373.93,398.76,8772.69,self 20% + leftover
377,block_0106,PDDPoS,node_0254,6958.82,131.24,7090.06,voter pd share
378,block_0106,PDDPoS,node_0220,5951.58,161.38,6112.95,voter pd share
379,block_0106,PDDPoS,node_0100,8741.61,377.38,9118.99,self 20% + leftover
380,block_0107,PDDPoS,node_0261,5534.25,95.13,5629.38,voter pd share
381,block_0107,PDDPoS,node_0158,8184.92,169.31,8354.23,voter pd share
382,block_0107,PDDPoS,node_0333,9046.83,284.56,9331.39,self 20% + leftover
383,block_0108,PDDPoS,node_0486,8028.3,181.05,8209.35,voter pd share
384,block_0108,PDDPoS,node_0389,6845.35,227.1,7072.46,voter pd share
385,block_0108,PDDPoS,node_0051,4394.34,212.85,4607.19,self 20% + leftover
386,block_0109,PDDPoS,node_0338,2577.95,43.07,2621.02,voter pd share
387,block_0109,PDDPoS,node_0373,8363.75,224.13,8587.88,voter pd share
388,block_0109,PDDPoS,node_0138,10364.3,372.8,10737.1,self 20% + leftover
389,block_0110,PDDPoS,node_0311,8859.98,229.86,9089.84,voter pd share
390,block_0110,PDDPoS,node_0343,10256.19,280.15,10536.34,voter pd share
391,block_0110,PDDPoS,node_0412,1726.83,165.99,1892.82,self 20% + leftover
392,block_0111,PDDPoS,node_0410,9410.64,226.98,9637.62,voter pd share
393,block_0111,PDDPoS,node_0432,6462.57,197.43,6660.0,voter pd share
394,block_0111,PDDPoS,node_0241,5347.79,262.59,5610.38,self 20% + leftover
395,block_0112,PDDPoS,node_0421,6772.64,188.83,6961.47,voter pd share
396,block_0112,PDDPoS,node_0174,2276.19,60.15,2336.35,voter pd share
397,block_0112,PDDPoS,node_0420,5396.9,186.75,5583.64,voter pd share
398,block_0112,PDDPoS,node_0464,2226.61,75.4,2302.01,voter pd share
399,block_0112,PDDPoS,node_0468,3808.66,228.87,4037.53,self 20% + leftover
400,block_0113,PDDPoS,node_0126,20.45,17.32,37.76,voter pd share
401,block_0113,PDDPoS,node_0088,5760.18,169.99,5930.17,voter pd share
402,block_0113,PDDPoS,node_0349,5027.1,174.98,5202.08,voter pd share
403,block_0113,PDDPoS,node_0252,1062.03,45.75,1107.78,voter pd share
404,block_0113,PDDPoS,node_0494,8011.24,348.96,8360.2,self 20% + leftover
405,block_0114,PDDPoS,node_0246,9971.25,336.83,10308.08,voter pd share
406,block_0114,PDDPoS,node_0447,9509.75,438.17,9947.92,self 20% + leftover
407,block_0115,PDDPoS,node_0357,7126.86,123.16,7250.03,voter pd share
408,block_0115,PDDPoS,node_0215,8973.09,313.23,9286.32,voter pd share
409,block_0115,PDDPoS,node_0461,6186.04,337.61,6523.65,self 20% + leftover
410,block_0116,PDDPoS,node_0436,4546.94,92.46,4639.39,voter pd share
411,block_0116,PDDPoS,node_0381,5022.93,135.58,5158.51,voter pd share
412,block_0116,PDDPoS,node_0416,9813.14,513.96,10327.1,self 20% + leftover
413,block_0117,PDDPoS,node_0045,1694.37,43.45,1737.82,voter pd share
414,block_0117,PDDPoS,node_0322,9598.74,278.19,9876.93,voter pd share
415,block_0117,PDDPoS,node_0089,447.04,6.9,453.95,voter pd share
416,block_0117,PDDPoS,node_0272,8371.85,355.45,8727.31,self 20% + leftover
417,block_0118,PDDPoS,node_0316,7969.56,177.65,8147.2,voter pd share
418,block_0118,PDDPoS,node_0143,2006.59,56.02,2062.61,voter pd share
419,block_0118,PDDPoS,node_0303,8892.85,432.34,9325.19,self 20% + leftover
420,block_0119,PDDPoS,node_0055,5976.0,163.19,6139.19,voter pd share
421,block_0119,PDDPoS,node_0208,5791.43,218.78,6010.21,voter pd share
422,block_0119,PDDPoS,node_0164,2898.15,109.07,3007.22,voter pd share
423,block_0119,PDDPoS,node_0188,4131.42,285.96,4417.38,self 20% + leftover
424,block_0120,PDDPoS,node_0018,6353.35,131.88,6485.23,voter pd share
425,block_0120,PDDPoS,node_0096,4385.98,114.18,4500.16,voter pd share
426,block_0120,PDDPoS,node_0232,7252.67,315.94,7568.61,self 20% + leftover
427,block_0121,PDDPoS,node_0265,6722.03,114.71,6836.74,voter pd share
428,block_0121,PDDPoS,node_0177,8376.63,132.51,8509.13,voter pd share
429,block_0121,PDDPoS,node_0287,9661.03,203.37,9864.4,voter pd share
430,block_0121,PDDPoS,node_0240,5681.31,272.42,5953.73,self 20% + leftover
431,block_0122,PDDPoS,node_0231,9638.66,108.38,9747.03,voter pd share
432,block_0122,PDDPoS,node_0362,763.99,11.42,775.41,voter pd share
433,block_0122,PDDPoS,node_0457,10592.12,219.19,10811.31,voter pd share
434,block_0122,PDDPoS,node_0239,9909.23,322.02,10231.24,self 20% + leftover
435,block_0123,PDDPoS,node_0418,74.4,2.68,77.09,voter pd share
436,block_0123,PDDPoS,node_0405,8958.11,172.74,9130.85,voter pd share
437,block_0123,PDDPoS,node_0238,9541.53,180.87,9722.41,voter pd share
438,block_0123,PDDPoS,node_0097,10290.95,418.71,10709.66,self 20% + leftover
439,block_0124,PDDPoS,node_0098,9958.98,113.26,10072.24,voter pd share
440,block_0124,PDDPoS,node_0111,9877.06,203.22,10080.28,voter pd share
441,block_0124,PDDPoS,node_0374,7804.96,253.52,8058.48,self 20% + leftover
442,block_0125,PDDPoS,node_0167,6276.49,75.21,6351.7,voter pd share
443,block_0125,PDDPoS,node_0456,6168.42,88.17,6256.59,voter pd share
444,block_0125,PDDPoS,node_0401,6303.16,122.72,6425.88,voter pd share
445,block_0125,PDDPoS,node_0115,7012.93,248.9,7261.83,self 20% + leftover
446,block_0126,PDDPoS,node_0452,929.51,15.66,945.18,voter pd share
447,block_0126,PDDPoS,node_0218,6704.3,126.7,6831.0,voter pd share
448,block_0126,PDDPoS,node_0375,9156.03,226.83,9382.86,voter pd share
449,block_0126,PDDPoS,node_0067,9363.16,293.8,9656.97,self 20% + leftover
450,block_0127,PDDPoS,node_0187,10282.59,166.08,10448.67,voter pd share
451,block_0127,PDDPoS,node_0439,8143.54,173.82,8317.36,voter pd share
452,block_0127,PDDPoS,node_0211,9472.87,298.1,9770.98,self 20% + leftover
453,block_0128,PDDPoS,node_0301,538.18,19.26,557.44,voter pd share
454,block_0128,PDDPoS,node_0203,8836.35,134.02,8970.37,voter pd share
455,block_0128,PDDPoS,node_0149,7300.95,125.23,7426.18,voter pd share
456,block_0128,PDDPoS,node_0192,10622.51,308.5,10931.02,self 20% + leftover
457,block_0129,PDDPoS,node_0146,3097.84,48.31,3146.15,voter pd share
458,block_0129,PDDPoS,node_0106,9168.33,191.84,9360.18,voter pd share
459,block_0129,PDDPoS,node_0119,5722.49,195.03,5917.52,voter pd share
460,block_0129,PDDPoS,node_0148,7341.33,341.82,7683.15,self 20% + leftover
461,block_0130,PDDPoS,node_0428,8113.41,153.86,8267.27,voter pd share
462,block_0130,PDDPoS,node_0163,2758.08,50.97,2809.05,voter pd share
463,block_0130,PDDPoS,node_0140,9376.94,224.75,9601.69,voter pd share
464,block_0130,PDDPoS,node_0441,6709.57,232.43,6942.0,self 20% + leftover
465,block_0131,PDDPoS,node_0180,5053.0,66.54,5119.53,voter pd share
466,block_0131,PDDPoS,node_0147,8752.39,200.7,8953.09,voter pd share
467,block_0131,PDDPoS,node_0116,5358.99,114.29,5473.28,voter pd share
468,block_0131,PDDPoS,node_0442,9517.62,320.48,9838.1,self 20% + leftover
469,block_0132,PDDPoS,node_0030,11256.32,175.25,11431.56,voter pd share
470,block_0132,PDDPoS,node_0014,7248.72,119.41,7368.13,voter pd share
471,block_0132,PDDPoS,node_0255,7292.99,177.69,7470.67,voter pd share
472,block_0132,PDDPoS,node_0361,2748.98,161.66,2910.63,self 20% + leftover
473,block_0133,PDDPoS,node_0472,11307.69,200.93,11508.62,voter pd share
474,block_0133,PDDPoS,node_0354,6428.42,140.12,6568.54,voter pd share
475,block_0133,PDDPoS,node_0248,8162.89,432.95,8595.84,self 20% + leftover
476,block_0134,PDDPoS,node_0356,7770.79,142.28,7913.07,voter pd share
477,block_0134,PDDPoS,node_0165,7452.37,207.68,7660.04,voter pd share
478,block_0134,PDDPoS,node_0371,10451.84,341.04,10792.88,self 20% + leftover
479,block_0135,PDDPoS,node_0422,9356.3,215.43,9571.73,voter pd share
480,block_0135,PDDPoS,node_0168,9970.33,258.37,10228.7,voter pd share
481,block_0135,PDDPoS,node_0205,5901.37,298.2,6199.57,self 20% + leftover
482,block_0136,PDDPoS,node_0122,4822.0,75.69,4897.69,voter pd share
483,block_0136,PDDPoS,node_0043,9080.24,161.67,9241.91,voter pd share
484,block_0136,PDDPoS,node_0080,9519.69,164.34,9684.03,voter pd share
485,block_0136,PDDPoS,node_0071,1701.06,136.31,1837.37,self 20% + leftover
486,block_0137,PDDPoS,node_0197,6518.06,124.74,6642.79,voter pd share
487,block_0137,PDDPoS,node_0189,10771.79,246.43,11018.23,voter pd share
488,block_0137,PDDPoS,node_0315,7814.15,404.83,8218.98,self 20% + leftover
489,block_0138,PDDPoS,node_0280,9044.96,193.66,9238.62,voter pd share
490,block_0138,PDDPoS,node_0307,7893.64,170.31,8063.95,voter pd share
491,block_0138,PDDPoS,node_0009,7740.4,247.03,7987.43,self 20% + leftover
492,block_0139,PDDPoS,node_0331,1597.3,18.74,1616.04,voter pd share
493,block_0139,PDDPoS,node_0023,8695.51,233.74,8929.24,voter pd share
494,block_0139,PDDPoS,node_0229,8685.36,277.85,8963.21,voter pd share
495,block_0139,PDDPoS,node_0039,3512.83,207.67,3720.5,self 20% + leftover
496,block_0140,PDDPoS,node_0462,3419.76,35.46,3455.22,voter pd share
497,block_0140,PDDPoS,node_0449,7422.13,168.87,7591.0,voter pd share
498,block_0140,PDDPoS,node_0358,8744.61,217.37,8961.98,voter pd share
499,block_0140,PDDPoS,node_0326,3203.49,222.31,3425.8,self 20% + leftover
500,block_0141,PDDPoS,node_0193,7335.98,95.09,7431.07,voter pd share
501,block_0141,PDDPoS,node_0398,2987.61,62.99,3050.6,voter pd share
502,block_0141,PDDPoS,node_0290,8782.87,216.27,8999.14,voter pd share
503,block_0141,PDDPoS,node_0346,4128.43,114.0,4242.43,voter pd share
504,block_0141,PDDPoS,node_0498,2748.11,179.65,2927.76,self 20% + leftover
505,block_0142,PDDPoS,node_0350,1138.41,36.0,1174.41,voter pd share
506,block_0142,PDDPoS,node_0250,7063.2,163.83,7227.03,voter pd share
507,block_0142,PDDPoS,node_0129,6655.19,189.49,6844.68,voter pd share
508,block_0142,PDDPoS,node_0321,2257.82,56.53,2314.34,voter pd share
509,block_0142,PDDPoS,node_0133,5080.38,266.15,5346.54,self 20% + leftover
510,block_0143,PDDPoS,node_0032,8039.33,118.06,8157.39,voter pd share
511,block_0143,PDDPoS,node_0137,6261.31,126.95,6388.26,voter pd share
512,block_0143,PDDPoS,node_0156,7022.36,307.99,7330.35,self 20% + leftover
513,block_0144,PDDPoS,node_0339,6386.76,107.2,6493.97,voter pd share
514,block_0144,PDDPoS,node_0413,8986.54,175.14,9161.69,voter pd share
515,block_0144,PDDPoS,node_0426,8706.69,297.66,9004.35,self 20% + leftover
516,block_0145,PDDPoS,node_0339,6439.97,143.8,6583.76,voter pd share
517,block_0145,PDDPoS,node_0413,9234.69,234.93,9469.62,voter pd share
518,block_0145,PDDPoS,node_0426,9008.35,399.27,9407.62,self 20% + leftover
519,block_0146,PDDPoS,node_0254,6924.06,151.81,7075.87,voter pd share
520,block_0146,PDDPoS,node_0220,6223.95,186.67,6410.62,voter pd share
521,block_0146,PDDPoS,node_0100,9296.99,436.52,9733.51,self 20% + leftover
522,block_0147,PDDPoS,node_0261,5869.38,123.2,5992.58,voter pd share
523,block_0147,PDDPoS,node_0158,8120.23,219.27,8339.5,voter pd share
524,block_0147,PDDPoS,node_0333,9042.39,368.53,9410.93,self 20% + leftover
525,block_0148,PDDPoS,node_0486,7984.35,226.53,8210.88,voter pd share
526,block_0148,PDDPoS,node_0389,6467.46,284.15,6751.61,voter pd share
527,block_0148,PDDPoS,node_0051,4814.19,266.32,5080.51,self 20% + leftover
528,block_0149,PDDPoS,node_0338,2777.02,44.89,2821.91,voter pd share
529,block_0149,PDDPoS,node_0373,8003.88,233.58,8237.46,voter pd share
530,block_0149,PDDPoS,node_0138,10551.1,388.53,10939.63,self 20% + leftover
531,block_0150,PDDPoS,node_0311,9359.84,264.2,9624.04,voter pd share
532,block_0150,PDDPoS,node_0343,10501.34,322.01,10823.35,voter pd share
533,block_0150,PDDPoS,node_0412,1586.82,190.79,1777.61,self 20% + leftover
534,block_0151,PDDPoS,node_0410,9556.62,232.27,9788.9,voter pd share
535,block_0151,PDDPoS,node_0432,6883.0,202.03,7085.03,voter pd share
536,block_0151,PDDPoS,node_0241,5717.38,268.7,5986.08,self 20% + leftover
537,block_0152,PDDPoS,node_0421,6956.47,191.38,7147.85,voter pd share
538,block_0152,PDDPoS,node_0174,2316.35,60.97,2377.31,voter pd share
539,block_0152,PDDPoS,node_0420,5409.64,189.27,5598.92,voter pd share
540,block_0152,PDDPoS,node_0464,2513.01,76.42,2589.43,voter pd share
541,block_0152,PDDPoS,node_0468,3790.53,231.96,4022.49,self 20% + leftover
542,block_0153,PDDPoS,node_0443,4202.0,102.68,4304.68,voter pd share
543,block_0153,PDDPoS,node_0414,4260.0,209.42,4469.42,voter pd share
544,block_0153,PDDPoS,node_0230,6724.0,464.9,7188.9,self 20% + leftover
545,block_0154,PDDPoS,node_0246,9837.08,272.51,10109.59,voter pd share
546,block_0154,PDDPoS,node_0447,9828.92,354.49,10183.41,self 20% + leftover
547,block_0155,PDDPoS,node_0357,7458.03,94.84,7552.86,voter pd share
548,block_0155,PDDPoS,node_0215,9049.32,241.19,9290.52,voter pd share
549,block_0155,PDDPoS,node_0461,6521.65,259.97,6781.62,self 20% + leftover
550,block_0156,PDDPoS,node_0436,4555.39,93.95,4649.34,voter pd share
551,block_0156,PDDPoS,node_0381,5132.51,137.77,5270.28,voter pd share
552,block_0156,PDDPoS,node_0416,10464.1,522.28,10986.38,self 20% + leftover
553,block_0157,PDDPoS,node_0045,1465.82,48.98,1514.8,voter pd share
554,block_0157,PDDPoS,node_0322,9945.93,313.58,10259.5,voter pd share
555,block_0157,PDDPoS,node_0089,388.95,7.78,396.73,voter pd share
556,block_0157,PDDPoS,node_0272,8902.31,400.66,9302.97,self 20% + leftover
557,block_0158,PDDPoS,node_0316,8431.2,166.71,8597.91,voter pd share
558,block_0158,PDDPoS,node_0143,2062.61,52.57,2115.18,voter pd share
559,block_0158,PDDPoS,node_0303,9235.19,405.72,9640.91,self 20% + leftover
560,block_0159,PDDPoS,node_0055,5640.19,148.07,5788.26,voter pd share
561,block_0159,PDDPoS,node_0208,5617.21,198.5,5815.71,voter pd share
562,block_0159,PDDPoS,node_0164,2923.22,98.96,3022.18,voter pd share
563,block_0159,PDDPoS,node_0188,4607.38,259.47,4866.85,self 20% + leftover
564,block_0160,PDDPoS,node_0018,6326.23,177.4,6503.63,voter pd share
565,block_0160,PDDPoS,node_0096,3965.16,153.6,4118.76,voter pd share
566,block_0160,PDDPoS,node_0232,7854.61,425.0,8279.61,self 20% + leftover
567,block_0161,PDDPoS,node_0265,6819.74,115.98,6935.71,voter pd share
568,block_0161,PDDPoS,node_0177,8411.13,133.97,8545.1,voter pd share
569,block_0161,PDDPoS,node_0287,9774.4,205.62,9980.02,voter pd share
570,block_0161,PDDPoS,node_0240,5445.73,275.44,5721.16,self 20% + leftover
571,block_0162,PDDPoS,node_0231,10335.03,127.4,10462.43,voter pd share
572,block_0162,PDDPoS,node_0362,439.41,13.42,452.84,voter pd share
573,block_0162,PDDPoS,node_0457,11043.31,257.65,11300.96,voter pd share
574,block_0162,PDDPoS,node_0239,10183.24,378.53,10561.77,self 20% + leftover
575,block_0163,PDDPoS,node_0418,166.09,2.3,168.39,voter pd share
576,block_0163,PDDPoS,node_0405,9011.85,147.99,9159.84,voter pd share
577,block_0163,PDDPoS,node_0238,9355.41,154.97,9510.38,voter pd share
578,block_0163,PDDPoS,node_0097,9947.66,358.74,10306.4,self 20% + leftover
579,block_0164,PDDPoS,node_0098,10138.24,154.19,10292.43,voter pd share
580,block_0164,PDDPoS,node_0111,10144.28,276.66,10420.95,voter pd share
581,block_0164,PDDPoS,node_0374,7856.48,345.15,8201.63,self 20% + leftover
582,block_0165,PDDPoS,node_0167,6125.7,91.23,6216.93,voter pd share
583,block_0165,PDDPoS,node_0456,6584.59,106.96,6691.55,voter pd share
584,block_0165,PDDPoS,node_0401,6530.88,148.87,6679.75,voter pd share
585,block_0165,PDDPoS,node_0115,7456.83,301.94,7758.77,self 20% + leftover
586,block_0166,PDDPoS,node_0452,1305.18,18.36,1323.53,voter pd share
587,block_0166,PDDPoS,node_0218,7185.0,148.48,7333.48,voter pd share
588,block_0166,PDDPoS,node_0375,8984.86,265.84,9250.69,voter pd share
589,block_0166,PDDPoS,node_0067,10166.97,344.32,10511.29,self 20% + leftover
590,block_0167,PDDPoS,node_0187,10529.67,177.27,10706.94,voter pd share
591,block_0167,PDDPoS,node_0439,7767.36,185.54,7952.89,voter pd share
592,block_0167,PDDPoS,node_0211,9929.98,318.19,10248.17,self 20% + leftover
593,block_0168,PDDPoS,node_0301,212.44,23.26,235.7,voter pd share
594,block_0168,PDDPoS,node_0203,8816.37,161.87,8978.24,voter pd share
595,block_0168,PDDPoS,node_0149,7189.18,151.25,7340.43,voter pd share
596,block_0168,PDDPoS,node_0192,10852.02,372.62,11224.63,self 20% + leftover
597,block_0169,PDDPoS,node_0146,3114.15,48.37,3162.53,voter pd share
598,block_0169,PDDPoS,node_0106,9493.18,192.09,9685.27,voter pd share
599,block_0169,PDDPoS,node_0119,5680.52,195.28,5875.8,voter pd share
600,block_0169,PDDPoS,node_0148,7450.15,342.26,7792.41,self 20% + leftover
601,block_0170,PDDPoS,node_0428,7744.27,126.2,7870.47,voter pd share
602,block_0170,PDDPoS,node_0163,2507.05,41.81,2548.86,voter pd share
603,block_0170,PDDPoS,node_0140,9610.69,184.35,9795.03,voter pd share
604,block_0170,PDDPoS,node_0441,6841.0,190.64,7031.64,self 20% + leftover
605,block_0171,PDDPoS,node_0180,5010.53,57.34,5067.88,voter pd share
606,block_0171,PDDPoS,node_0147,9058.09,172.97,9231.05,voter pd share
607,block_0171,PDDPoS,node_0116,5044.28,98.5,5142.77,voter pd share
608,block_0171,PDDPoS,node_0442,10113.1,276.19,10389.29,self 20% + leftover
609,block_0172,PDDPoS,node_0030,11055.56,209.8,11265.36,voter pd share
610,block_0172,PDDPoS,node_0014,7935.13,142.95,8078.08,voter pd share
611,block_0172,PDDPoS,node_0255,7471.67,212.72,7684.39,voter pd share
612,block_0172,PDDPoS,node_0361,2796.63,193.53,2990.16,self 20% + leftover
613,block_0173,PDDPoS,node_0472,11515.62,170.04,11685.66,voter pd share
614,block_0173,PDDPoS,node_0354,6690.54,118.58,6809.12,voter pd share
615,block_0173,PDDPoS,node_0248,9091.84,366.38,9458.22,self 20% + leftover
616,block_0174,PDDPoS,node_0356,7500.07,151.34,7651.42,voter pd share
617,block_0174,PDDPoS,node_0165,7678.04,220.9,7898.94,voter pd share
618,block_0174,PDDPoS,node_0371,10966.88,362.76,11329.64,self 20% + leftover
619,block_0175,PDDPoS,node_0422,9312.73,216.83,9529.56,voter pd share
620,block_0175,PDDPoS,node_0168,10349.7,260.04,10609.75,voter pd share
621,block_0175,PDDPoS,node_0205,6244.57,300.13,6544.7,self 20% + leftover
622,block_0176,PDDPoS,node_0122,4425.69,90.04,4515.73,voter pd share
623,block_0176,PDDPoS,node_0043,8871.91,192.32,9064.22,voter pd share
624,block_0176,PDDPoS,node_0080,9649.03,195.5,9844.53,voter pd share
625,block_0176,PDDPoS,node_0071,1962.37,162.15,2124.52,self 20% + leftover
626,block_0177,PDDPoS,node_0197,5785.79,101.75,5887.54,voter pd share
627,block_0177,PDDPoS,node_0189,10835.23,201.02,11036.25,voter pd share
628,block_0177,PDDPoS,node_0315,7927.98,330.23,8258.21,self 20% + leftover
629,block_0178,PDDPoS,node_0280,9099.62,173.06,9272.68,voter pd share
630,block_0178,PDDPoS,node_0307,8320.95,152.19,8473.14,voter pd share
631,block_0178,PDDPoS,node_0009,7965.43,220.75,8186.18,self 20% + leftover
632,block_0179,PDDPoS,node_0462,3217.22,42.67,3259.89,voter pd share
633,block_0179,PDDPoS,node_0449,7345.0,203.22,7548.22,voter pd share
634,block_0179,PDDPoS,node_0358,9078.98,261.59,9340.57,voter pd share
635,block_0179,PDDPoS,node_0326,3593.8,267.53,3861.32,self 20% + leftover
636,block_0180,PDDPoS,node_0462,3266.89,33.2,3300.09,voter pd share
637,block_0180,PDDPoS,node_0449,7548.22,158.12,7706.33,voter pd share
638,block_0180,PDDPoS,node_0358,9285.57,203.53,9489.1,voter pd share
639,block_0180,PDDPoS,node_0326,3861.32,208.15,4069.48,self 20% + leftover
640,block_0181,PDDPoS,node_0444,9426.0,351.36,9777.36,voter pd share
641,block_0181,PDDPoS,node_0334,8212.0,425.64,8637.64,self 20% + leftover
642,block_0182,PDDPoS,node_0350,1255.41,32.21,1287.62,voter pd share
643,block_0182,PDDPoS,node_0250,7104.03,146.57,7250.6,voter pd share
644,block_0182,PDDPoS,node_0129,7116.68,169.53,7286.2,voter pd share
645,block_0182,PDDPoS,node_0321,2769.34,50.57,2819.92,voter pd share
646,block_0182,PDDPoS,node_0133,5165.54,238.12,5403.66,self 20% + leftover
647,block_0183,PDDPoS,node_0032,8329.39,119.34,8448.73,voter pd share
648,block_0183,PDDPoS,node_0137,6375.26,128.33,6503.59,voter pd share
649,block_0183,PDDPoS,node_0156,7244.35,311.33,7555.68,self 20% + leftover
650,block_0184,PDDPoS,node_0085,5916.0,155.88,6071.88,voter pd share
651,block_0184,PDDPoS,node_0074,2028.0,93.52,2121.52,voter pd share
652,block_0184,PDDPoS,node_0034,6796.0,275.61,7071.61,self 20% + leftover
653,block_0185,PDDPoS,node_0339,6465.76,122.73,6588.49,voter pd share
654,block_0185,PDDPoS,node_0413,9018.62,200.51,9219.12,voter pd share
655,block_0185,PDDPoS,node_0426,9229.62,340.76,9570.38,self 20% + leftover
656,block_0186,PDDPoS,node_0254,7464.87,151.81,7616.68,voter pd share
657,block_0186,PDDPoS,node_0220,6163.62,186.67,6350.29,voter pd share
658,block_0186,PDDPoS,node_0100,9556.51,436.52,9993.04,self 20% + leftover
659,block_0187,PDDPoS,node_0261,5553.58,134.46,5688.04,voter pd share
660,block_0187,PDDPoS,node_0158,8269.5,239.32,8508.81,voter pd share
661,block_0187,PDDPoS,node_0333,9446.93,402.22,9849.15,self 20% + leftover
662,block_0188,PDDPoS,node_0486,8113.88,158.31,8272.18,voter pd share
663,block_0188,PDDPoS,node_0389,6753.61,198.58,6952.18,voter pd share
664,block_0188,PDDPoS,node_0051,4856.51,186.12,5042.63,self 20% + leftover
665,block_0189,PDDPoS,node_0338,2950.91,40.71,2991.62,voter pd share
666,block_0189,PDDPoS,node_0373,7720.46,211.87,7932.33,voter pd share
667,block_0189,PDDPoS,node_0138,10900.63,352.42,11253.04,self 20% + leftover
668,block_0190,PDDPoS,node_0311,10144.04,263.18,10407.23,voter pd share
669,block_0190,PDDPoS,node_0343,10525.35,320.77,10846.11,voter pd share
670,block_0190,PDDPoS,node_0412,1906.61,190.05,2096.66,self 20% + leftover
671,block_0191,PDDPoS,node_0410,9665.9,200.88,9866.78,voter pd share
672,block_0191,PDDPoS,node_0432,6655.03,174.73,6829.75,voter pd share
673,block_0191,PDDPoS,node_0241,6042.08,232.39,6274.47,self 20% + leftover
674,block_0192,PDDPoS,node_0421,7255.85,180.92,7436.77,voter pd share
675,block_0192,PDDPoS,node_0174,2271.31,57.63,2328.95,voter pd share
676,block_0192,PDDPoS,node_0420,5204.92,178.93,5383.84,voter pd share
677,block_0192,PDDPoS,node_0464,2410.43,72.24,2482.67,voter pd share
678,block_0192,PDDPoS,node_0468,4304.49,219.28,4523.77,self 20% + leftover
679,block_0193,PDDPoS,node_0443,3733.68,102.28,3835.96,voter pd share
680,block_0193,PDDPoS,node_0414,4620.42,208.61,4829.03,voter pd share
681,block_0193,PDDPoS,node_0230,7209.9,463.11,7673.01,self 20% + leftover
682,block_0194,PDDPoS,node_0246,10336.59,287.29,10623.87,voter pd share
683,block_0194,PDDPoS,node_0447,9937.41,373.71,10311.13,self 20% + leftover
684,block_0195,PDDPoS,node_0084,9101.0,229.15,9330.15,voter pd share
685,block_0195,PDDPoS,node_0465,6179.0,468.85,6647.85,self 20% + leftover
686,block_0196,PDDPoS,node_0436,4408.34,83.49,4491.83,voter pd share
687,block_0196,PDDPoS,node_0381,5492.28,122.42,5614.7,voter pd share
688,block_0196,PDDPoS,node_0416,10953.38,464.09,11417.47,self 20% + leftover
689,block_0197,PDDPoS,node_0045,950.8,35.58,986.37,voter pd share
690,block_0197,PDDPoS,node_0322,10191.5,227.76,10419.26,voter pd share
691,block_0197,PDDPoS,node_0089,223.73,5.65,229.38,voter pd share
692,block_0197,PDDPoS,node_0272,9112.97,291.01,9403.98,self 20% + leftover
693,block_0198,PDDPoS,node_0316,8735.91,206.99,8942.9,voter pd share
694,block_0198,PDDPoS,node_0143,1934.18,65.27,1999.45,voter pd share
695,block_0198,PDDPoS,node_0303,9767.91,503.74,10271.65,self 20% + leftover
696,block_0199,PDDPoS,node_0055,5489.26,112.15,5601.41,voter pd share
697,block_0199,PDDPoS,node_0208,5528.71,150.36,5679.07,voter pd share
698,block_0199,PDDPoS,node_0164,2876.18,74.96,2951.14,voter pd share
699,block_0199,PDDPoS,node_0188,4575.85,196.53,4772.38,self 20% + leftover
700,block_0200,PDDPoS,node_0018,6553.63,132.35,6685.98,voter pd share
701,block_0200,PDDPoS,node_0096,4688.76,114.59,4803.35,voter pd share
702,block_0200,PDDPoS,node_0232,8142.61,317.06,8459.67,self 20% + leftover
703,block_0201,PDDPoS,node_0265,6770.71,104.55,6875.27,voter pd share
704,block_0201,PDDPoS,node_0177,8435.1,120.78,8555.88,voter pd share
705,block_0201,PDDPoS,node_0287,10217.02,185.36,10402.38,voter pd share
706,block_0201,PDDPoS,node_0240,5643.16,248.31,5891.47,self 20% + leftover
707,block_0202,PDDPoS,node_0231,10557.43,126.58,10684.01,voter pd share
708,block_0202,PDDPoS,node_0362,341.84,13.34,355.17,voter pd share
709,block_0202,PDDPoS,node_0457,11217.96,255.99,11473.96,voter pd share
710,block_0202,PDDPoS,node_0239,10212.77,376.09,10588.86,self 20% + leftover
711,block_0203,PDDPoS,node_0418,39.39,2.68,42.07,voter pd share
712,block_0203,PDDPoS,node_0405,8953.84,172.51,9126.35,voter pd share
713,block_0203,PDDPoS,node_0238,9324.38,180.64,9505.02,voter pd share
714,block_0203,PDDPoS,node_0097,9711.4,418.17,10129.56,self 20% + leftover
715,block_0204,PDDPoS,node_0098,10045.43,111.87,10157.29,voter pd share
716,block_0204,PDDPoS,node_0111,10124.95,200.72,10325.67,voter pd share
717,block_0204,PDDPoS,node_0374,8311.63,250.41,8562.04,self 20% + leftover
718,block_0205,PDDPoS,node_0167,6453.93,87.44,6541.37,voter pd share
719,block_0205,PDDPoS,node_0456,6214.55,102.51,6317.05,voter pd share
720,block_0205,PDDPoS,node_0401,6530.75,142.68,6673.42,voter pd share
721,block_0205,PDDPoS,node_0115,7657.77,289.38,7947.15,self 20% + leftover
722,block_0206,PDDPoS,node_0452,871.53,13.3,884.84,voter pd share
723,block_0206,PDDPoS,node_0218,7500.48,107.59,7608.07,voter pd share
724,block_0206,PDDPoS,node_0375,9395.69,192.62,9588.31,voter pd share
725,block_0206,PDDPoS,node_0067,10212.29,249.49,10461.78,self 20% + leftover
726,block_0207,PDDPoS,node_0187,10537.94,186.64,10724.58,voter pd share
727,block_0207,PDDPoS,node_0439,7830.89,195.34,8026.24,voter pd share
728,block_0207,PDDPoS,node_0211,10118.17,335.01,10453.18,self 20% + leftover
729,block_0208,PDDPoS,node_0301,354.7,17.58,372.28,voter pd share
730,block_0208,PDDPoS,node_0203,9384.24,122.37,9506.61,voter pd share
731,block_0208,PDDPoS,node_0149,7494.43,114.35,7608.78,voter pd share
732,block_0208,PDDPoS,node_0192,11123.63,281.7,11405.33,self 20% + leftover
733,block_0209,PDDPoS,node_0146,3389.53,39.98,3429.51,voter pd share
734,block_0209,PDDPoS,node_0106,9584.27,158.76,9743.02,voter pd share
735,block_0209,PDDPoS,node_0119,5639.8,161.4,5801.2,voter pd share
736,block_0209,PDDPoS,node_0148,7393.41,282.87,7676.27,self 20% + leftover
737,block_0210,PDDPoS,node_0428,7726.47,145.26,7871.73,voter pd share
738,block_0210,PDDPoS,node_0163,2630.86,48.12,2678.98,voter pd share
739,block_0210,PDDPoS,node_0140,9800.03,212.18,10012.22,voter pd share
740,block_0210,PDDPoS,node_0441,7532.64,219.43,7752.07,self 20% + leftover
741,block_0211,PDDPoS,node_0180,5140.88,67.01,5207.89,voter pd share
742,block_0211,PDDPoS,node_0147,9316.05,202.13,9518.18,voter pd share
743,block_0211,PDDPoS,node_0116,5257.77,115.1,5372.88,voter pd share
744,block_0211,PDDPoS,node_0442,10553.29,322.76,10876.05,self 20% + leftover
745,block_0212,PDDPoS,node_0030,11098.36,186.03,11284.39,voter pd share
746,block_0212,PDDPoS,node_0014,8129.08,126.76,8255.84,voter pd share
747,block_0212,PDDPoS,node_0255,7521.39,188.62,7710.01,voter pd share
748,block_0212,PDDPoS,node_0361,2486.16,171.6,2657.76,self 20% + leftover
749,block_0213,PDDPoS,node_0472,11888.66,201.45,12090.11,voter pd share
750,block_0213,PDDPoS,node_0354,6934.12,140.48,7074.6,voter pd share
751,block_0213,PDDPoS,node_0248,9362.22,434.07,9796.29,self 20% + leftover
752,block_0214,PDDPoS,node_0356,7392.42,159.58,7552.0,voter pd share
753,block_0214,PDDPoS,node_0165,7562.94,232.92,7795.86,voter pd share
754,block_0214,PDDPoS,node_0371,11615.64,382.5,11998.14,self 20% + leftover
755,block_0215,PDDPoS,node_0422,8980.56,157.95,9138.5,voter pd share
756,block_0215,PDDPoS,node_0168,10769.75,189.43,10959.17,voter pd share
757,block_0215,PDDPoS,node_0205,6560.7,218.63,6779.32,self 20% + leftover
758,block_0216,PDDPoS,node_0122,4433.73,75.27,4509.0,voter pd share
759,block_0216,PDDPoS,node_0043,8986.22,160.76,9146.99,voter pd share
760,block_0216,PDDPoS,node_0080,10033.53,163.42,10196.95,voter pd share
761,block_0216,PDDPoS,node_0071,1923.52,135.55,2059.06,self 20% + leftover
762,block_0217,PDDPoS,node_0197,5419.54,95.0,5514.54,voter pd share
763,block_0217,PDDPoS,node_0189,10914.25,187.68,11101.93,voter pd share
764,block_0217,PDDPoS,node_0315,8186.21,308.32,8494.53,self 20% + leftover
765,block_0218,PDDPoS,node_0280,8736.68,246.59,8983.27,voter pd share
766,block_0218,PDDPoS,node_0307,8556.14,216.86,8773.0,voter pd share
767,block_0218,PDDPoS,node_0009,7931.18,314.55,8245.73,self 20% + leftover
768,block_0219,PDDPoS,node_0121,5913.0,175.77,6088.77,voter pd share
769,block_0219,PDDPoS,node_0153,191.0,48.54,239.54,voter pd share
770,block_0219,PDDPoS,node_0270,9281.0,553.69,9834.69,self 20% + leftover
771,block_0220,PDDPoS,node_0462,3169.09,42.83,3211.93,voter pd share
772,block_0220,PDDPoS,node_0449,7353.33,204.0,7557.34,voter pd share
773,block_0220,PDDPoS,node_0358,9496.1,262.6,9758.7,voter pd share
774,block_0220,PDDPoS,node_0326,3925.48,268.56,4194.04,self 20% + leftover
775,block_0221,PDDPoS,node_0444,9497.36,350.9,9848.26,voter pd share
776,block_0221,PDDPoS,node_0334,8470.64,425.1,8895.74,self 20% + leftover
777,block_0222,PDDPoS,node_0350,1579.62,33.12,1612.74,voter pd share
778,block_0222,PDDPoS,node_0250,7507.6,150.72,7658.32,voter pd share
779,block_0222,PDDPoS,node_0129,7214.2,174.32,7388.52,voter pd share
780,block_0222,PDDPoS,node_0321,2663.92,52.0,2715.92,voter pd share
781,block_0222,PDDPoS,node_0133,5259.66,244.85,5504.5,self 20% + leftover
782,block_0223,PDDPoS,node_0032,8696.73,162.04,8858.78,voter pd share
783,block_0223,PDDPoS,node_0137,6360.59,174.24,6534.83,voter pd share
784,block_0223,PDDPoS,node_0156,7425.68,422.71,7848.39,self 20% + leftover
785,block_0224,PDDPoS,node_0085,5878.88,168.64,6047.52,voter pd share
786,block_0224,PDDPoS,node_0074,2152.52,101.18,2253.69,voter pd share
787,block_0224,PDDPoS,node_0034,6941.61,298.18,7239.79,self 20% + leftover
788,block_0225,PDDPoS,node_0339,6440.49,99.25,6539.75,voter pd share
789,block_0225,PDDPoS,node_0413,9424.12,162.16,9586.28,voter pd share
790,block_0225,PDDPoS,node_0426,9244.38,275.59,9519.97,self 20% + leftover
791,block_0226,PDDPoS,node_0254,7621.68,111.85,7733.53,voter pd share
792,block_0226,PDDPoS,node_0220,5683.29,137.53,5820.82,voter pd share
793,block_0226,PDDPoS,node_0100,9492.04,321.62,9813.66,self 20% + leftover
794,block_0227,PDDPoS,node_0261,5202.04,101.36,5303.4,voter pd share
795,block_0227,PDDPoS,node_0158,8159.81,180.41,8340.23,voter pd share
796,block_0227,PDDPoS,node_0333,9736.15,303.22,10039.37,self 20% + leftover
797,block_0228,PDDPoS,node_0486,8085.18,226.53,8311.71,voter pd share
798,block_0228,PDDPoS,node_0389,6802.18,284.15,7086.34,voter pd share
799,block_0228,PDDPoS,node_0051,4496.63,266.32,4762.95,self 20% + leftover
800,block_0229,PDDPoS,node_0338,2583.62,52.29,2635.91,voter pd share
801,block_0229,PDDPoS,node_0373,7658.33,272.11,7930.44,voter pd share
802,block_0229,PDDPoS,node_0138,11107.04,452.61,11559.65,self 20% + leftover
803,block_0230,PDDPoS,node_0311,10428.23,199.94,10628.16,voter pd share
804,block_0230,PDDPoS,node_0343,10427.11,243.68,10670.79,voter pd share
805,block_0230,PDDPoS,node_0412,1892.66,144.38,2037.04,self 20% + leftover
806,block_0231,PDDPoS,node_0410,9932.78,202.87,10135.64,voter pd share
807,block_0231,PDDPoS,node_0432,7223.75,176.45,7400.21,voter pd share
808,block_0231,PDDPoS,node_0241,6224.47,234.68,6459.15,self 20% + leftover
809,block_0232,PDDPoS,node_0421,7609.77,174.03,7783.8,voter pd share
810,block_0232,PDDPoS,node_0174,2419.95,55.44,2475.39,voter pd share
811,block_0232,PDDPoS,node_0420,5581.84,172.11,5753.95,voter pd share
812,block_0232,PDDPoS,node_0464,2294.67,69.49,2364.15,voter pd share
813,block_0232,PDDPoS,node_0468,4317.77,210.93,4528.71,self 20% + leftover
814,block_0233,PDDPoS,node_0443,4261.96,86.03,4347.98,voter pd share
815,block_0233,PDDPoS,node_0414,5011.03,175.46,5186.49,voter pd share
816,block_0233,PDDPoS,node_0230,7535.01,389.51,7924.53,self 20% + leftover
817,block_0234,PDDPoS,node_0246,11187.87,302.93,11490.8,voter pd share
818,block_0234,PDDPoS,node_0447,10356.13,394.07,10750.2,self 20% + leftover
819,block_0235,PDDPoS,node_0084,9403.15,254.1,9657.25,voter pd share
820,block_0235,PDDPoS,node_0465,7236.85,519.9,7756.75,self 20% + leftover
821,block_0236,PDDPoS,node_0436,4912.83,86.6,4999.43,voter pd share
822,block_0236,PDDPoS,node_0381,5838.7,126.99,5965.69,voter pd share
823,block_0236,PDDPoS,node_0416,11269.47,481.41,11750.88,self 20% + leftover
824,block_0237,PDDPoS,node_0045,888.37,37.74,926.11,voter pd share
825,block_0237,PDDPoS,node_0322,9964.26,241.59,10205.85,voter pd share
826,block_0237,PDDPoS,node_0089,15.38,6.0,21.38,voter pd share
827,block_0237,PDDPoS,node_0272,9167.98,308.68,9476.66,self 20% + leftover
828,block_0238,PDDPoS,node_0316,8971.9,207.25,9179.15,voter pd share
829,block_0238,PDDPoS,node_0143,2625.45,65.35,2690.8,voter pd share
830,block_0238,PDDPoS,node_0303,10563.65,504.39,11068.05,self 20% + leftover
831,block_0239,PDDPoS,node_0055,5282.41,161.72,5444.13,voter pd share
832,block_0239,PDDPoS,node_0208,5538.07,216.81,5754.88,voter pd share
833,block_0239,PDDPoS,node_0164,2351.14,108.09,2459.23,voter pd share
834,block_0239,PDDPoS,node_0188,4754.38,283.39,5037.76,self 20% + leftover
835,block_0240,PDDPoS,node_0018,6490.98,182.56,6673.54,voter pd share
836,block_0240,PDDPoS,node_0096,5022.35,158.07,5180.42,voter pd share
837,block_0240,PDDPoS,node_0232,8154.67,437.37,8592.04,self 20% + leftover
838,block_0241,PDDPoS,node_0265,7184.27,97.25,7281.52,voter pd share
839,block_0241,PDDPoS,node_0177,8475.88,112.35,8588.23,voter pd share
840,block_0241,PDDPoS,node_0287,10281.38,172.43,10453.81,voter pd share
841,block_0241,PDDPoS,node_0240,5766.47,230.97,5997.44,self 20% + leftover
842,block_0242,PDDPoS,node_0175,5142.0,269.78,5411.78,voter pd share
843,block_0242,PDDPoS,node_0044,9946.0,508.22,10454.22,self 20% + leftover
844,block_0243,PDDPoS,node_0418,326.07,2.4,328.47,voter pd share
845,block_0243,PDDPoS,node_0405,9088.35,154.46,9242.81,voter pd share
846,block_0243,PDDPoS,node_0238,10438.02,161.74,10599.75,voter pd share
847,block_0243,PDDPoS,node_0097,9895.56,374.4,10269.97,self 20% + leftover
848,block_0244,PDDPoS,node_0098,9914.29,151.8,10066.1,voter pd share
849,block_0244,PDDPoS,node_0111,10464.67,272.38,10737.05,voter pd share
850,block_0244,PDDPoS,node_0374,8363.04,339.81,8702.85,self 20% + leftover
851,block_0245,PDDPoS,node_0167,6595.37,108.81,6704.18,voter pd share
852,block_0245,PDDPoS,node_0456,7029.05,127.56,7156.61,voter pd share
853,block_0245,PDDPoS,node_0401,6695.42,177.54,6872.96,voter pd share
854,block_0245,PDDPoS,node_0115,8134.15,360.09,8494.25,self 20% + leftover
855,block_0246,PDDPoS,node_0452,357.84,13.11,370.95,voter pd share
856,block_0246,PDDPoS,node_0218,7680.07,106.06,7786.13,voter pd share
857,block_0246,PDDPoS,node_0375,9718.31,189.88,9908.2,voter pd share
858,block_0246,PDDPoS,node_0067,10153.78,245.94,10399.72,self 20% + leftover
859,block_0247,PDDPoS,node_0187,10414.58,163.21,10577.79,voter pd share
860,block_0247,PDDPoS,node_0439,7774.24,170.82,7945.06,voter pd share
861,block_0247,PDDPoS,node_0211,11067.18,292.96,11360.15,self 20% + leftover
862,block_0248,PDDPoS,node_0301,339.28,25.45,364.73,voter pd share
863,block_0248,PDDPoS,node_0203,9697.61,177.17,9874.77,voter pd share
864,block_0248,PDDPoS,node_0149,8010.78,165.55,8176.33,voter pd share
865,block_0248,PDDPoS,node_0192,11401.33,407.83,11809.16,self 20% + leftover
866,block_0249,PDDPoS,node_0146,3332.51,37.68,3370.19,voter pd share
867,block_0249,PDDPoS,node_0106,9609.02,149.62,9758.65,voter pd share
868,block_0249,PDDPoS,node_0119,5806.2,152.11,5958.3,voter pd share
869,block_0249,PDDPoS,node_0148,7293.27,266.59,7559.86,self 20% + leftover
870,block_0250,PDDPoS,node_0428,7341.73,180.59,7522.32,voter pd share
871,block_0250,PDDPoS,node_0163,2740.98,59.82,2800.8,voter pd share
872,block_0250,PDDPoS,node_0140,9902.22,263.79,10166.0,voter pd share
873,block_0250,PDDPoS,node_0441,8397.07,272.8,8669.88,self 20% + leftover
874,block_0251,PDDPoS,node_0180,5015.89,70.61,5086.5,voter pd share
875,block_0251,PDDPoS,node_0147,9735.18,212.99,9948.17,voter pd share
876,block_0251,PDDPoS,node_0116,5050.88,121.29,5172.17,voter pd share
877,block_0251,PDDPoS,node_0442,10754.05,340.11,11094.16,self 20% + leftover
878,block_0252,PDDPoS,node_0030,11329.39,214.77,11544.16,voter pd share
879,block_0252,PDDPoS,node_0014,8085.84,146.34,8232.18,voter pd share
880,block_0252,PDDPoS,node_0255,7545.01,217.76,7762.77,voter pd share
881,block_0252,PDDPoS,node_0361,3023.76,198.12,3221.88,self 20% + leftover
882,block_0253,PDDPoS,node_0472,12077.11,168.74,12245.85,voter pd share
883,block_0253,PDDPoS,node_0354,6844.6,117.67,6962.27,voter pd share
884,block_0253,PDDPoS,node_0248,9761.29,363.59,10124.87,self 20% + leftover
885,block_0254,PDDPoS,node_0356,7241.0,133.22,7374.22,voter pd share
886,block_0254,PDDPoS,node_0165,8105.86,194.45,8300.31,voter pd share
887,block_0254,PDDPoS,node_0371,11907.14,319.32,12226.46,self 20% + leftover
888,block_0255,PDDPoS,node_0318,9369.0,305.72,9674.72,voter pd share
889,block_0255,PDDPoS,node_0351,5240.0,313.28,5553.28,self 20% + leftover
890,block_0256,PDDPoS,node_0318,9760.72,371.4,10132.12,voter pd share
891,block_0256,PDDPoS,node_0351,5588.28,380.6,5968.88,self 20% + leftover
892,block_0257,PDDPoS,node_0197,5227.54,105.93,5333.47,voter pd share
893,block_0257,PDDPoS,node_0189,10639.93,209.28,10849.21,voter pd share
894,block_0257,PDDPoS,node_0315,8464.53,343.79,8808.32,self 20% + leftover
895,block_0258,PDDPoS,node_0280,8826.27,245.96,9072.22,voter pd share
896,block_0258,PDDPoS,node_0307,8383.0,216.3,8599.3,voter pd share
897,block_0258,PDDPoS,node_0009,8088.73,313.74,8402.48,self 20% + leftover
898,block_0259,PDDPoS,node_0121,5906.77,174.41,6081.18,voter pd share
899,block_0259,PDDPoS,node_0153,706.54,48.17,754.71,voter pd share
900,block_0259,PDDPoS,node_0270,10071.69,549.42,10621.11,self 20% + leftover
901,block_0260,PDDPoS,node_0462,3446.93,42.83,3489.76,voter pd share
902,block_0260,PDDPoS,node_0449,7554.34,204.0,7758.34,voter pd share
903,block_0260,PDDPoS,node_0358,9731.7,262.6,9994.3,voter pd share
904,block_0260,PDDPoS,node_0326,4521.04,268.56,4789.6,self 20% + leftover
905,block_0261,PDDPoS,node_0444,9963.26,351.81,10315.07,voter pd share
906,block_0261,PDDPoS,node_0334,8561.74,426.19,8987.93,self 20% + leftover
907,block_0262,PDDPoS,node_0350,1419.74,36.81,1456.55,voter pd share
908,block_0262,PDDPoS,node_0250,7820.32,167.51,7987.83,voter pd share
909,block_0262,PDDPoS,node_0129,7268.52,193.74,7462.27,voter pd share
910,block_0262,PDDPoS,node_0321,2231.92,57.8,2289.72,voter pd share
911,block_0262,PDDPoS,node_0133,5241.5,272.14,5513.64,self 20% + leftover
912,block_0263,PDDPoS,node_0032,8589.78,166.1,8755.88,voter pd share
913,block_0263,PDDPoS,node_0137,5950.83,178.6,6129.44,voter pd share
914,block_0263,PDDPoS,node_0156,7709.39,433.3,8142.69,self 20% + leftover
915,block_0264,PDDPoS,node_0085,5793.52,189.72,5983.25,voter pd share
916,block_0264,PDDPoS,node_0074,2817.69,113.82,2931.51,voter pd share
917,block_0264,PDDPoS,node_0034,7084.79,335.45,7420.24,self 20% + leftover
918,block_0265,PDDPoS,node_0339,6668.75,143.8,6812.55,voter pd share
919,block_0265,PDDPoS,node_0413,9273.28,234.93,9508.21,voter pd share
920,block_0265,PDDPoS,node_0426,9793.97,399.27,10193.24,self 20% + leftover
921,block_0266,PDDPoS,node_0254,7789.53,127.13,7916.65,voter pd share
922,block_0266,PDDPoS,node_0220,5498.82,156.32,5655.14,voter pd share
923,block_0266,PDDPoS,node_0100,9874.66,365.55,10240.21,self 20% + leftover
924,block_0267,PDDPoS,node_0261,5069.4,131.17,5200.57,voter pd share
925,block_0267,PDDPoS,node_0158,8321.23,233.46,8554.68,voter pd share
926,block_0267,PDDPoS,node_0333,10285.37,392.38,10677.75,self 20% + leftover
927,block_0268,PDDPoS,node_0486,8182.71,226.53,8409.24,voter pd share
928,block_0268,PDDPoS,node_0389,7198.34,284.15,7482.49,voter pd share
929,block_0268,PDDPoS,node_0051,4776.95,266.32,5043.27,self 20% + leftover
930,block_0269,PDDPoS,node_0338,2556.91,41.25,2598.16,voter pd share
931,block_0269,PDDPoS,node_0373,7805.44,214.67,8020.11,voter pd share
932,block_0269,PDDPoS,node_0138,11270.65,357.08,11627.73,self 20% + leftover
933,block_0270,PDDPoS,node_0311,10729.16,237.68,10966.84,voter pd share
934,block_0270,PDDPoS,node_0343,10849.79,289.68,11139.48,voter pd share
935,block_0270,PDDPoS,node_0412,2169.04,171.64,2340.68,self 20% + leftover
936,block_0271,PDDPoS,node_0410,10504.64,210.8,10715.44,voter pd share
937,block_0271,PDDPoS,node_0432,6949.21,183.35,7132.55,voter pd share
938,block_0271,PDDPoS,node_0241,6327.15,243.86,6571.01,self 20% + leftover
939,block_0272,PDDPoS,node_0421,7354.8,175.82,7530.62,voter pd share
940,block_0272,PDDPoS,node_0174,2827.39,56.01,2883.39,voter pd share
941,block_0272,PDDPoS,node_0420,5276.95,173.88,5450.83,voter pd share
942,block_0272,PDDPoS,node_0464,2217.15,70.2,2287.35,voter pd share
943,block_0272,PDDPoS,node_0468,4297.71,213.1,4510.8,self 20% + leftover
944,block_0273,PDDPoS,node_0443,4780.98,99.77,4880.76,voter pd share
945,block_0273,PDDPoS,node_0414,5155.49,203.49,5358.98,voter pd share
946,block_0273,PDDPoS,node_0230,8022.53,451.74,8474.27,self 20% + leftover
947,block_0274,PDDPoS,node_0246,11451.8,255.12,11706.93,voter pd share
948,block_0274,PDDPoS,node_0447,10707.2,331.88,11039.07,self 20% + leftover
949,block_0275,PDDPoS,node_0084,9059.25,223.24,9282.5,voter pd share
950,block_0275,PDDPoS,node_0465,7050.75,456.76,7507.5,self 20% + leftover
951,block_0276,PDDPoS,node_0436,5316.43,66.41,5382.85,voter pd share
952,block_0276,PDDPoS,node_0381,5530.69,97.39,5628.08,voter pd share
953,block_0276,PDDPoS,node_0416,12152.88,369.19,12522.07,self 20% + leftover
954,block_0277,PDDPoS,node_0045,861.11,49.36,910.47,voter pd share
955,block_0277,PDDPoS,node_0322,9803.85,316.02,10119.87,voter pd share
956,block_0277,PDDPoS,node_0089,119.38,7.84,127.22,voter pd share
957,block_0277,PDDPoS,node_0272,9360.66,403.78,9764.44,self 20% + leftover
958,block_0278,PDDPoS,node_0316,9307.15,207.52,9514.67,voter pd share
959,block_0278,PDDPoS,node_0143,2267.8,65.44,2333.24,voter pd share
960,block_0278,PDDPoS,node_0303,11238.05,505.04,11743.09,self 20% + leftover
961,block_0279,PDDPoS,node_0055,5509.13,132.32,5641.45,voter pd share
962,block_0279,PDDPoS,node_0208,5966.88,177.39,6144.26,voter pd share
963,block_0279,PDDPoS,node_0164,2224.23,88.43,2312.67,voter pd share
964,block_0279,PDDPoS,node_0188,4896.76,231.86,5128.63,self 20% + leftover
965,block_0280,PDDPoS,node_0018,6291.54,182.09,6473.63,voter pd share
966,block_0280,PDDPoS,node_0096,5278.42,157.66,5436.09,voter pd share
967,block_0280,PDDPoS,node_0232,8814.04,436.24,9250.28,self 20% + leftover
968,block_0281,PDDPoS,node_0265,7318.52,123.11,7441.64,voter pd share
969,block_0281,PDDPoS,node_0177,8331.23,142.22,8473.45,voter pd share
970,block_0281,PDDPoS,node_0287,10255.81,218.27,10474.08,voter pd share
971,block_0281,PDDPoS,node_0240,5772.44,292.39,6064.83,self 20% + leftover
972,block_0282,PDDPoS,node_0175,5471.78,184.48,5656.25,voter pd share
973,block_0282,PDDPoS,node_0044,10254.22,347.52,10601.75,self 20% + leftover
974,block_0283,PDDPoS,node_0418,199.47,1.85,201.32,voter pd share
975,block_0283,PDDPoS,node_0405,9274.81,119.24,9394.06,voter pd share
976,block_0283,PDDPoS,node_0238,10662.75,124.86,10787.62,voter pd share
977,block_0283,PDDPoS,node_0097,10343.97,289.04,10633.01,self 20% + leftover
978,block_0284,PDDPoS,node_0098,10450.1,112.46,10562.56,voter pd share
979,block_0284,PDDPoS,node_0111,10895.05,201.79,11096.85,voter pd share
980,block_0284,PDDPoS,node_0374,8927.85,251.75,9179.6,self 20% + leftover
981,block_0285,PDDPoS,node_0167,6281.18,109.37,6390.55,voter pd share
982,block_0285,PDDPoS,node_0456,6859.61,128.22,6987.83,voter pd share
983,block_0285,PDDPoS,node_0401,6991.96,178.46,7170.42,voter pd share
984,block_0285,PDDPoS,node_0115,8809.25,361.96,9171.2,self 20% + leftover
985,block_0286,PDDPoS,node_0452,586.95,18.1,605.05,voter pd share
986,block_0286,PDDPoS,node_0218,7920.13,146.38,8066.51,voter pd share
987,block_0286,PDDPoS,node_0375,9981.2,262.07,10243.27,voter pd share
988,block_0286,PDDPoS,node_0067,10602.72,339.45,10942.17,self 20% + leftover
989,block_0287,PDDPoS,node_0187,10601.79,165.82,10767.61,voter pd share
990,block_0287,PDDPoS,node_0439,7256.06,173.55,7429.61,voter pd share
991,block_0287,PDDPoS,node_0211,11565.15,297.63,11862.78,self 20% + leftover
992,block_0288,PDDPoS,node_0301,197.73,21.26,218.99,voter pd share
993,block_0288,PDDPoS,node_0203,9864.77,147.94,10012.72,voter pd share
994,block_0288,PDDPoS,node_0149,7902.33,138.24,8040.57,voter pd share
995,block_0288,PDDPoS,node_0192,12344.16,340.56,12684.72,self 20% + leftover
996,block_0289,PDDPoS,node_0146,2735.19,36.37,2771.56,voter pd share
997,block_0289,PDDPoS,node_0106,10271.65,144.44,10416.08,voter pd share
998,block_0289,PDDPoS,node_0119,6578.3,146.84,6725.14,voter pd share
999,block_0289,PDDPoS,node_0148,6574.86,257.35,6832.21,self 20% + leftover
1000,block_0290,PDDPoS,node_0428,7633.32,180.82,7814.14,voter pd share
1001,block_0290,PDDPoS,node_0163,2755.8,59.9,2815.7,voter pd share
1002,block_0290,PDDPoS,node_0140,10111.0,264.13,10375.13,voter pd share
1003,block_0290,PDDPoS,node_0441,8846.88,273.15,9120.03,self 20% + leftover
1004,block_0291,PDDPoS,node_0180,5032.5,73.65,5106.15,voter pd share
1005,block_0291,PDDPoS,node_0147,9967.17,222.14,10189.31,voter pd share
1006,block_0291,PDDPoS,node_0116,4779.17,126.5,4905.67,voter pd share
1007,block_0291,PDDPoS,node_0442,10933.16,354.71,11287.87,self 20% + leftover
1008,block_0292,PDDPoS,node_0030,11401.16,162.53,11563.7,voter pd share
1009,block_0292,PDDPoS,node_0014,8684.18,110.75,8794.93,voter pd share
1010,block_0292,PDDPoS,node_0255,8021.77,164.79,8186.56,voter pd share
1011,block_0292,PDDPoS,node_0361,3287.88,149.93,3437.81,self 20% + leftover
1012,block_0293,PDDPoS,node_0472,11821.85,156.28,11978.13,voter pd share
1013,block_0293,PDDPoS,node_0354,6577.27,108.98,6686.26,voter pd share
1014,block_0293,PDDPoS,node_0248,10013.87,336.74,10350.61,self 20% + leftover
1015,block_0294,PDDPoS,node_0356,7554.22,149.08,7703.3,voter pd share
1016,block_0294,PDDPoS,node_0165,7622.31,217.59,7839.91,voter pd share
1017,block_0294,PDDPoS,node_0371,12264.46,357.33,12621.79,self 20% + leftover
1018,block_0295,PDDPoS,node_0090,183.0,22.47,205.47,voter pd share
1019,block_0295,PDDPoS,node_0247,4163.0,135.95,4298.95,voter pd share
1020,block_0295,PDDPoS,node_0024,601.0,35.56,636.56,voter pd share
1021,block_0295,PDDPoS,node_0253,8197.0,398.02,8595.02,self 20% + leftover
1022,block_0296,PDDPoS,node_0318,10270.12,301.77,10571.89,voter pd share
1023,block_0296,PDDPoS,node_0351,5782.88,309.23,6092.11,self 20% + leftover
1024,block_0297,PDDPoS,node_0280,8886.22,173.69,9059.92,voter pd share
1025,block_0297,PDDPoS,node_0307,8641.3,152.75,8794.05,voter pd share
1026,block_0297,PDDPoS,node_0009,8503.48,221.56,8725.04,self 20% + leftover
1027,block_0298,PDDPoS,node_0280,8983.92,214.58,9198.49,voter pd share
1028,block_0298,PDDPoS,node_0307,8743.05,188.71,8931.75,voter pd share
1029,block_0298,PDDPoS,node_0009,8725.04,273.72,8998.75,self 20% + leftover
1030,block_0299,PDDPoS,node_0262,8082.0,246.45,8328.45,voter pd share
1031,block_0299,PDDPoS,node_0221,5395.0,217.45,5612.45,voter pd share
1032,block_0299,PDDPoS,node_0077,2632.0,277.09,2909.09,self 20% + leftover
1033,block_0300,PDDPoS,node_0462,3255.76,31.6,3287.36,voter pd share
1034,block_0300,PDDPoS,node_0449,7748.34,150.51,7898.85,voter pd share
1035,block_0300,PDDPoS,node_0358,10465.3,193.74,10659.04,voter pd share
1036,block_0300,PDDPoS,node_0326,4002.6,198.14,4200.74,self 20% + leftover
1037,block_0301,PDDPoS,node_0444,10515.07,351.81,10866.87,voter pd share
1038,block_0301,PDDPoS,node_0334,9522.93,426.19,9949.13,self 20% + leftover
1039,block_0302,PDDPoS,node_0350,1694.55,28.77,1723.32,voter pd share
1040,block_0302,PDDPoS,node_0250,8290.83,130.93,8421.76,voter pd share
1041,block_0302,PDDPoS,node_0129,8010.27,151.43,8161.7,voter pd share
1042,block_0302,PDDPoS,node_0321,1779.72,45.17,1824.89,voter pd share
1043,block_0302,PDDPoS,node_0133,5846.64,212.7,6059.34,self 20% + leftover
1044,block_0303,PDDPoS,node_0032,8212.88,127.24,8340.12,voter pd share
1045,block_0303,PDDPoS,node_0137,5752.44,136.82,5889.26,voter pd share
1046,block_0303,PDDPoS,node_0156,7961.69,331.93,8293.62,self 20% + leftover
1047,block_0304,PDDPoS,node_0085,5487.25,165.97,5653.22,voter pd share
1048,block_0304,PDDPoS,node_0074,2850.51,99.57,2950.09,voter pd share
1049,block_0304,PDDPoS,node_0034,7581.24,293.46,7874.7,self 20% + leftover
1050,block_0305,PDDPoS,node_0339,6516.55,123.28,6639.83,voter pd share
1051,block_0305,PDDPoS,node_0413,9216.21,201.41,9417.63,voter pd share
1052,block_0305,PDDPoS,node_0426,9646.24,342.3,9988.54,self 20% + leftover
1053,block_0306,PDDPoS,node_0254,8462.65,117.33,8579.99,voter pd share
1054,block_0306,PDDPoS,node_0220,5327.14,144.28,5471.41,voter pd share
1055,block_0306,PDDPoS,node_0100,10582.21,337.39,10919.6,self 20% + leftover
1056,block_0307,PDDPoS,node_0261,5298.57,134.29,5432.86,voter pd share
1057,block_0307,PDDPoS,node_0158,8398.68,239.01,8637.69,voter pd share
1058,block_0307,PDDPoS,node_0333,10426.75,401.71,10828.45,self 20% + leftover
1059,block_0308,PDDPoS,node_0486,8326.24,170.55,8496.79,voter pd share
1060,block_0308,PDDPoS,node_0389,7533.49,213.94,7747.42,voter pd share
1061,block_0308,PDDPoS,node_0051,4860.27,200.51,5060.79,self 20% + leftover
1062,block_0309,PDDPoS,node_0338,2670.16,50.47,2720.63,voter pd share
1063,block_0309,PDDPoS,node_0373,8450.11,262.65,8712.76,voter pd share
1064,block_0309,PDDPoS,node_0138,11586.73,436.88,12023.6,self 20% + leftover
1065,block_0310,PDDPoS,node_0311,10845.84,206.74,11052.58,voter pd share
1066,block_0310,PDDPoS,node_0343,11079.48,251.97,11331.45,voter pd share
1067,block_0310,PDDPoS,node_0412,2248.68,149.29,2397.97,self 20% + leftover
1068,block_0311,PDDPoS,node_0410,10813.44,189.65,11003.09,voter pd share
1069,block_0311,PDDPoS,node_0432,7385.55,164.96,7550.51,voter pd share
1070,block_0311,PDDPoS,node_0241,6770.01,219.39,6989.4,self 20% + leftover
1071,block_0312,PDDPoS,node_0421,7941.62,198.27,8139.89,voter pd share
1072,block_0312,PDDPoS,node_0174,2966.39,63.16,3029.55,voter pd share
1073,block_0312,PDDPoS,node_0420,5733.83,196.09,5929.92,voter pd share
1074,block_0312,PDDPoS,node_0464,1758.35,79.17,1837.52,voter pd share
1075,block_0312,PDDPoS,node_0468,4745.8,240.31,4986.12,self 20% + leftover
1076,block_0313,PDDPoS,node_0443,5036.76,82.59,5119.35,voter pd share
1077,block_0313,PDDPoS,node_0414,5675.98,168.45,5844.43,voter pd share
1078,block_0313,PDDPoS,node_0230,8009.27,373.96,8383.23,self 20% + leftover
1079,block_0314,PDDPoS,node_0246,11713.93,303.37,12017.29,voter pd share
1080,block_0314,PDDPoS,node_0447,10688.07,394.63,11082.71,self 20% + leftover
1081,block_0315,PDDPoS,node_0084,9094.5,233.75,9328.24,voter pd share
1082,block_0315,PDDPoS,node_0465,7134.5,478.25,7612.76,self 20% + leftover
1083,block_0316,PDDPoS,node_0436,5848.85,92.08,5940.93,voter pd share
1084,block_0316,PDDPoS,node_0381,5968.08,135.03,6103.11,voter pd share
1085,block_0316,PDDPoS,node_0416,12450.07,511.89,12961.96,self 20% + leftover
1086,block_0317,PDDPoS,node_0045,995.47,35.7,1031.17,voter pd share
1087,block_0317,PDDPoS,node_0322,9889.87,228.57,10118.44,voter pd share
1088,block_0317,PDDPoS,node_0089,372.22,5.67,377.9,voter pd share
1089,block_0317,PDDPoS,node_0272,10098.44,292.05,10390.49,self 20% + leftover
1090,block_0318,PDDPoS,node_0316,9259.67,207.25,9466.93,voter pd share
1091,block_0318,PDDPoS,node_0143,2065.24,65.35,2130.59,voter pd share
1092,block_0318,PDDPoS,node_0303,11681.09,504.39,12185.48,self 20% + leftover
1093,block_0319,PDDPoS,node_0055,4847.45,149.96,4997.41,voter pd share
1094,block_0319,PDDPoS,node_0208,6049.26,201.04,6250.3,voter pd share
1095,block_0319,PDDPoS,node_0164,2268.67,100.23,2368.89,voter pd share
1096,block_0319,PDDPoS,node_0188,4847.63,262.78,5110.4,self 20% + leftover
1097,block_0320,PDDPoS,node_0018,6075.63,149.24,6224.87,voter pd share
1098,block_0320,PDDPoS,node_0096,4987.09,129.22,5116.31,voter pd share
1099,block_0320,PDDPoS,node_0232,9228.28,357.54,9585.82,self 20% + leftover
1100,block_0321,PDDPoS,node_0265,7337.64,123.43,7461.07,voter pd share
1101,block_0321,PDDPoS,node_0177,8374.45,142.59,8517.03,voter pd share
1102,block_0321,PDDPoS,node_0287,10174.08,218.84,10392.92,voter pd share
1103,block_0321,PDDPoS,node_0240,6089.83,293.14,6382.98,self 20% + leftover
1104,block_0322,PDDPoS,node_0175,5865.25,225.74,6090.99,voter pd share
1105,block_0322,PDDPoS,node_0044,10844.75,425.26,11270.01,self 20% + leftover
1106,block_0323,PDDPoS,node_0418,228.32,2.69,231.01,voter pd share
1107,block_0323,PDDPoS,node_0405,9132.06,173.18,9305.24,voter pd share
1108,block_0323,PDDPoS,node_0238,10629.62,181.34,10810.96,voter pd share
1109,block_0323,PDDPoS,node_0097,10586.01,419.79,11005.8,self 20% + leftover
1110,block_0324,PDDPoS,node_0098,10111.56,123.79,10235.35,voter pd share
1111,block_0324,PDDPoS,node_0111,11115.85,222.11,11337.96,voter pd share
1112,block_0324,PDDPoS,node_0374,9639.6,277.1,9916.69,self 20% + leftover
1113,block_0325,PDDPoS,node_0214,6821.0,334.11,7155.11,voter pd share
1114,block_0325,PDDPoS,node_0049,8332.0,439.89,8771.89,self 20% + leftover
1115,block_0326,PDDPoS,node_0187,10935.61,139.53,11075.14,voter pd share
1116,block_0326,PDDPoS,node_0439,7440.61,146.03,7586.64,voter pd share
1117,block_0326,PDDPoS,node_0211,11537.78,250.44,11788.22,self 20% + leftover
1118,block_0327,PDDPoS,node_0187,11073.14,198.88,11272.01,voter pd share
1119,block_0327,PDDPoS,node_0439,7568.64,208.15,7776.79,voter pd share
1120,block_0327,PDDPoS,node_0211,11757.22,356.97,12114.2,self 20% + leftover
1121,block_0328,PDDPoS,node_0301,531.99,18.47,550.46,voter pd share
1122,block_0328,PDDPoS,node_0203,10257.72,128.54,10386.25,voter pd share
1123,block_0328,PDDPoS,node_0149,8016.57,120.11,8136.68,voter pd share
1124,block_0328,PDDPoS,node_0192,12604.72,295.89,12900.61,self 20% + leftover
1125,block_0329,PDDPoS,node_0146,3326.56,48.37,3374.93,voter pd share
1126,block_0329,PDDPoS,node_0106,10328.08,192.09,10520.17,voter pd share
1127,block_0329,PDDPoS,node_0119,6526.14,195.28,6721.42,voter pd share
1128,block_0329,PDDPoS,node_0148,7198.21,342.26,7540.47,self 20% + leftover
1129,block_0330,PDDPoS,node_0428,7842.14,180.12,8022.26,voter pd share
1130,block_0330,PDDPoS,node_0163,2339.7,59.67,2399.37,voter pd share
1131,block_0330,PDDPoS,node_0140,10109.13,263.11,10372.24,voter pd share
1132,block_0330,PDDPoS,node_0441,9104.03,272.1,9376.13,self 20% + leftover
1133,block_0331,PDDPoS,node_0180,4644.15,56.02,4700.17,voter pd share
1134,block_0331,PDDPoS,node_0147,9820.31,168.96,9989.27,voter pd share
1135,block_0331,PDDPoS,node_0116,4891.67,96.22,4987.89,voter pd share
1136,block_0331,PDDPoS,node_0442,11098.87,269.8,11368.67,self 20% + leftover
1137,block_0332,PDDPoS,node_0030,11707.7,165.57,11873.27,voter pd share
1138,block_0332,PDDPoS,node_0014,9116.93,112.82,9229.75,voter pd share
1139,block_0332,PDDPoS,node_0255,8139.56,167.88,8307.44,voter pd share
1140,block_0332,PDDPoS,node_0361,3410.81,152.73,3563.54,self 20% + leftover
1141,block_0333,PDDPoS,node_0472,11818.13,156.28,11974.41,voter pd share
1142,block_0333,PDDPoS,node_0354,6919.26,108.98,7028.24,voter pd share
1143,block_0333,PDDPoS,node_0248,10179.61,336.74,10516.35,self 20% + leftover
1144,block_0334,PDDPoS,node_0356,7619.3,159.58,7778.88,voter pd share
1145,block_0334,PDDPoS,node_0165,8054.91,232.92,8287.83,voter pd share
1146,block_0334,PDDPoS,node_0371,12383.79,382.5,12766.29,self 20% + leftover
1147,block_0335,PDDPoS,node_0090,240.47,29.53,270.0,voter pd share
1148,block_0335,PDDPoS,node_0247,3827.95,178.66,4006.61,voter pd share
1149,block_0335,PDDPoS,node_0024,607.56,46.73,654.29,voter pd share
1150,block_0335,PDDPoS,node_0253,8730.02,523.08,9253.1,self 20% + leftover
1151,block_0336,PDDPoS,node_0318,10323.89,277.07,10600.96,voter pd share
1152,block_0336,PDDPoS,node_0351,5830.11,283.93,6114.04,self 20% + leftover
1153,block_0337,PDDPoS,node_0454,7635.0,323.8,7958.8,voter pd share
1154,block_0337,PDDPoS,node_0295,8000.0,391.2,8391.2,self 20% + leftover
1155,block_0338,PDDPoS,node_0280,9568.49,186.37,9754.86,voter pd share
1156,block_0338,PDDPoS,node_0307,9039.75,163.9,9203.65,voter pd share
1157,block_0338,PDDPoS,node_0009,9234.75,237.73,9472.49,self 20% + leftover
1158,block_0339,PDDPoS,node_0262,8686.45,205.88,8892.33,voter pd share
1159,block_0339,PDDPoS,node_0221,5350.45,181.65,5532.1,voter pd share
1160,block_0339,PDDPoS,node_0077,3070.09,231.47,3301.56,self 20% + leftover
1161,block_0340,PDDPoS,node_0462,2937.36,41.57,2978.93,voter pd share
1162,block_0340,PDDPoS,node_0449,7558.85,197.97,7756.82,voter pd share
1163,block_0340,PDDPoS,node_0358,10628.04,254.84,10882.88,voter pd share
1164,block_0340,PDDPoS,node_0326,4269.74,260.62,4530.36,self 20% + leftover
1165,block_0341,PDDPoS,node_0444,10915.87,286.69,11202.57,voter pd share
1166,block_0341,PDDPoS,node_0334,9894.13,347.31,10241.43,self 20% + leftover
1167,block_0342,PDDPoS,node_0350,2218.32,29.33,2247.64,voter pd share
1168,block_0342,PDDPoS,node_0250,8435.76,133.46,8569.22,voter pd share
1169,block_0342,PDDPoS,node_0129,8501.7,154.36,8656.05,voter pd share
1170,block_0342,PDDPoS,node_0321,2197.89,46.05,2243.94,voter pd share
1171,block_0342,PDDPoS,node_0133,6103.34,216.81,6320.15,self 20% + leftover
1172,block_0343,PDDPoS,node_0032,8084.12,146.88,8231.0,voter pd share
1173,block_0343,PDDPoS,node_0137,6197.26,157.94,6355.2,voter pd share
1174,block_0343,PDDPoS,node_0156,8293.62,383.17,8676.79,self 20% + leftover
1175,block_0344,PDDPoS,node_0085,5834.22,179.04,6013.25,voter pd share
1176,block_0344,PDDPoS,node_0074,3298.09,107.41,3405.5,voter pd share
1177,block_0344,PDDPoS,node_0034,7992.7,316.55,8309.25,self 20% + leftover
1178,block_0345,PDDPoS,node_0339,6968.83,124.95,7093.77,voter pd share
1179,block_0345,PDDPoS,node_0413,9695.63,204.13,9899.76,voter pd share
1180,block_0345,PDDPoS,node_0426,10020.54,346.92,10367.47,self 20% + leftover
1181,block_0346,PDDPoS,node_0254,8817.99,130.07,8948.05,voter pd share
1182,block_0346,PDDPoS,node_0220,5818.41,159.93,5978.34,voter pd share
1183,block_0346,PDDPoS,node_0100,10800.6,374.0,11174.6,self 20% + leftover
1184,block_0347,PDDPoS,node_0261,5605.86,91.83,5697.69,voter pd share
1185,block_0347,PDDPoS,node_0158,9072.69,163.45,9236.14,voter pd share
1186,block_0347,PDDPoS,node_0333,11017.45,274.71,11292.17,self 20% + leftover
1187,block_0348,PDDPoS,node_0486,8307.79,154.81,8462.6,voter pd share
1188,block_0348,PDDPoS,node_0389,7958.42,194.19,8152.61,voter pd share
1189,block_0348,PDDPoS,node_0051,4987.79,182.0,5169.79,self 20% + leftover
1190,block_0349,PDDPoS,node_0338,2481.63,38.36,2519.99,voter pd share
1191,block_0349,PDDPoS,node_0373,8547.76,199.61,8747.38,voter pd share
1192,block_0349,PDDPoS,node_0138,11916.6,332.03,12248.63,self 20% + leftover
1193,block_0350,PDDPoS,node_0311,10898.58,179.54,11078.12,voter pd share
1194,block_0350,PDDPoS,node_0343,10874.45,218.82,11093.26,voter pd share
1195,block_0350,PDDPoS,node_0412,2541.97,129.65,2671.62,self 20% + leftover
1196,block_0351,PDDPoS,node_0500,5302.0,302.49,5604.49,voter pd share
1197,block_0351,PDDPoS,node_0484,9509.0,424.51,9933.51,self 20% + leftover
1198,block_0352,PDDPoS,node_0421,8177.89,150.81,8328.7,voter pd share
1199,block_0352,PDDPoS,node_0174,3298.55,48.04,3346.59,voter pd share
1200,block_0352,PDDPoS,node_0420,5580.92,149.15,5730.06,voter pd share
1201,block_0352,PDDPoS,node_0464,1599.52,60.22,1659.74,voter pd share
1202,block_0352,PDDPoS,node_0468,5094.12,182.79,5276.9,self 20% + leftover
1203,block_0353,PDDPoS,node_0443,5172.35,93.16,5265.51,voter pd share
1204,block_0353,PDDPoS,node_0414,5584.43,190.01,5774.44,voter pd share
1205,block_0353,PDDPoS,node_0230,8261.23,421.82,8683.05,self 20% + leftover
1206,block_0354,PDDPoS,node_0246,12064.29,336.83,12401.12,voter pd share
1207,block_0354,PDDPoS,node_0447,10602.71,438.17,11040.88,self 20% + leftover
1208,block_0355,PDDPoS,node_0084,9120.24,220.62,9340.86,voter pd share
1209,block_0355,PDDPoS,node_0465,7908.76,451.38,8360.14,self 20% + leftover
1210,block_0356,PDDPoS,node_0436,5889.93,78.38,5968.3,voter pd share
1211,block_0356,PDDPoS,node_0381,6121.11,114.93,6236.05,voter pd share
1212,block_0356,PDDPoS,node_0416,12401.96,435.69,12837.65,self 20% + leftover
1213,block_0357,PDDPoS,node_0045,1499.17,35.77,1534.94,voter pd share
1214,block_0357,PDDPoS,node_0322,9653.44,228.98,9882.42,voter pd share
1215,block_0357,PDDPoS,node_0089,107.9,5.68,113.58,voter pd share
1216,block_0357,PDDPoS,node_0272,10023.49,292.57,10316.07,self 20% + leftover
1217,block_0358,PDDPoS,node_0316,9713.93,165.91,9879.84,voter pd share
1218,block_0358,PDDPoS,node_0143,2080.59,52.32,2132.91,voter pd share
1219,block_0358,PDDPoS,node_0303,12360.48,403.77,12764.26,self 20% + leftover
1220,block_0359,PDDPoS,node_0055,5138.41,120.56,5258.96,voter pd share
1221,block_0359,PDDPoS,node_0208,6650.3,161.62,6811.92,voter pd share
1222,block_0359,PDDPoS,node_0164,1955.89,80.57,2036.46,voter pd share
1223,block_0359,PDDPoS,node_0188,5204.4,211.25,5415.66,self 20% + leftover
1224,block_0360,PDDPoS,node_0018,6174.87,182.09,6356.96,voter pd share
1225,block_0360,PDDPoS,node_0096,4728.31,157.66,4885.97,voter pd share
1226,block_0360,PDDPoS,node_0232,9361.82,436.24,9798.07,self 20% + leftover
1227,block_0361,PDDPoS,node_0265,7462.07,122.16,7584.23,voter pd share
1228,block_0361,PDDPoS,node_0177,8470.03,141.12,8611.15,voter pd share
1229,block_0361,PDDPoS,node_0287,10183.92,216.59,10400.51,voter pd share
1230,block_0361,PDDPoS,node_0240,6277.98,290.13,6568.11,self 20% + leftover
1231,block_0362,PDDPoS,node_0175,5741.99,234.06,5976.05,voter pd share
1232,block_0362,PDDPoS,node_0044,11297.01,440.94,11737.95,self 20% + leftover
1233,block_0363,PDDPoS,node_0418,212.01,2.65,214.66,voter pd share
1234,block_0363,PDDPoS,node_0405,9448.24,170.51,9618.74,voter pd share
1235,block_0363,PDDPoS,node_0238,10682.96,178.54,10861.5,voter pd share
1236,block_0363,PDDPoS,node_0097,11212.8,413.3,11626.1,self 20% + leftover
1237,block_0364,PDDPoS,node_0098,10059.35,118.62,10177.97,voter pd share
1238,block_0364,PDDPoS,node_0111,11363.96,212.84,11576.8,voter pd share
1239,block_0364,PDDPoS,node_0374,9798.69,265.53,10064.23,self 20% + leftover
1240,block_0365,PDDPoS,node_0214,6868.11,309.5,7177.61,voter pd share
1241,block_0365,PDDPoS,node_0049,8811.89,407.5,9219.39,self 20% + leftover
1242,block_0366,PDDPoS,node_0478,2649.0,110.0,2759.0,voter pd share
1243,block_0366,PDDPoS,node_0152,2988.0,125.73,3113.73,voter pd share
1244,block_0366,PDDPoS,node_0157,7450.0,511.26,7961.26,self 20% + leftover
1245,block_0367,PDDPoS,node_0187,11024.01,176.49,11200.5,voter pd share
1246,block_0367,PDDPoS,node_0439,7864.79,184.72,8049.51,voter pd share
1247,block_0367,PDDPoS,node_0211,11898.2,316.79,12214.99,self 20% + leftover
1248,block_0368,PDDPoS,node_0301,823.46,20.27,843.73,voter pd share
1249,block_0368,PDDPoS,node_0203,10827.25,141.09,10968.34,voter pd share
1250,block_0368,PDDPoS,node_0149,8008.68,131.84,8140.52,voter pd share
1251,block_0368,PDDPoS,node_0192,13329.61,324.79,13654.4,self 20% + leftover
1252,block_0369,PDDPoS,node_0146,3566.93,48.13,3615.06,voter pd share
1253,block_0369,PDDPoS,node_0106,10614.17,191.1,10805.28,voter pd share
1254,block_0369,PDDPoS,node_0119,6650.42,194.28,6844.7,voter pd share
1255,block_0369,PDDPoS,node_0148,6867.47,340.5,7207.97,self 20% + leftover
1256,block_0370,PDDPoS,node_0428,7731.26,179.66,7910.92,voter pd share
1257,block_0370,PDDPoS,node_0163,2309.37,59.52,2368.89,voter pd share
1258,block_0370,PDDPoS,node_0140,10537.24,262.43,10799.67,voter pd share
1259,block_0370,PDDPoS,node_0441,9207.13,271.4,9478.52,self 20% + leftover
1260,block_0371,PDDPoS,node_0180,5041.17,73.46,5114.62,voter pd share
1261,block_0371,PDDPoS,node_0147,9842.27,221.57,10063.84,voter pd share
1262,block_0371,PDDPoS,node_0116,5032.89,126.17,5159.06,voter pd share
1263,block_0371,PDDPoS,node_0442,11330.67,353.8,11684.48,self 20% + leftover
1264,block_0372,PDDPoS,node_0030,11928.27,185.47,12113.74,voter pd share
1265,block_0372,PDDPoS,node_0014,9194.75,126.38,9321.13,voter pd share
1266,block_0372,PDDPoS,node_0255,8471.44,188.05,8659.49,voter pd share
1267,block_0372,PDDPoS,node_0361,3130.54,171.09,3301.63,self 20% + leftover
1268,block_0373,PDDPoS,node_0472,11952.41,187.17,12139.59,voter pd share
1269,block_0373,PDDPoS,node_0354,7132.24,130.53,7262.76,voter pd share
1270,block_0373,PDDPoS,node_0248,10578.35,403.3,10981.65,self 20% + leftover
1271,block_0374,PDDPoS,node_0356,7993.88,140.43,8134.31,voter pd share
1272,block_0374,PDDPoS,node_0165,8193.83,204.97,8398.8,voter pd share
1273,block_0374,PDDPoS,node_0371,12532.29,336.6,12868.89,self 20% + leftover
1274,block_0375,PDDPoS,node_0090,133.0,29.49,162.5,voter pd share
1275,block_0375,PDDPoS,node_0247,4054.61,178.43,4233.04,voter pd share
1276,block_0375,PDDPoS,node_0024,774.29,46.67,820.96,voter pd share
1277,block_0375,PDDPoS,node_0253,8817.1,522.4,9339.5,self 20% + leftover
1278,block_0376,PDDPoS,node_0318,10525.96,382.76,10908.72,voter pd share
1279,block_0376,PDDPoS,node_0351,5996.04,392.24,6388.28,self 20% + leftover
1280,block_0377,PDDPoS,node_0454,7929.8,303.42,8233.23,voter pd share
1281,block_0377,PDDPoS,node_0295,7986.2,366.58,8352.77,self 20% + leftover
1282,block_0378,PDDPoS,node_0280,10409.86,245.32,10655.19,voter pd share
1283,block_0378,PDDPoS,node_0307,8701.65,215.74,8917.39,voter pd share
1284,block_0378,PDDPoS,node_0009,9355.49,312.93,9668.42,self 20% + leftover
1285,block_0379,PDDPoS,node_0070,139.0,21.69,160.69,voter pd share
1286,block_0379,PDDPoS,node_0453,184.0,25.36,209.36,voter pd share
1287,block_0379,PDDPoS,node_0162,4812.0,250.05,5062.05,voter pd share
1288,block_0379,PDDPoS,node_0480,9750.0,439.9,10189.9,self 20% + leftover
1289,block_0380,PDDPoS,node_0462,3238.93,32.26,3271.2,voter pd share
1290,block_0380,PDDPoS,node_0449,8008.82,153.66,8162.48,voter pd share
1291,block_0380,PDDPoS,node_0358,10636.88,197.79,10834.67,voter pd share
1292,block_0380,PDDPoS,node_0326,4684.36,202.28,4886.65,self 20% + leftover
1293,block_0381,PDDPoS,node_0444,10870.57,291.67,11162.23,voter pd share
1294,block_0381,PDDPoS,node_0334,10236.43,353.33,10589.77,self 20% + leftover
1295,block_0382,PDDPoS,node_0350,1875.64,38.48,1914.12,voter pd share
1296,block_0382,PDDPoS,node_0250,9091.22,175.11,9266.32,voter pd share
1297,block_0382,PDDPoS,node_0129,8991.05,202.53,9193.58,voter pd share
1298,block_0382,PDDPoS,node_0321,2317.94,60.42,2378.36,voter pd share
1299,block_0382,PDDPoS,node_0133,6512.15,284.47,6796.62,self 20% + leftover
1300,block_0383,PDDPoS,node_0032,8343.0,165.25,8508.25,voter pd share
1301,block_0383,PDDPoS,node_0137,6766.2,177.69,6943.89,voter pd share
1302,block_0383,PDDPoS,node_0156,8643.79,431.07,9074.86,self 20% + leftover
1303,block_0384,PDDPoS,node_0085,6039.25,171.32,6210.57,voter pd share
1304,block_0384,PDDPoS,node_0074,3343.5,102.78,3446.28,voter pd share
1305,block_0384,PDDPoS,node_0034,8666.25,302.91,8969.16,self 20% + leftover
1306,block_0385,PDDPoS,node_0339,7271.77,136.22,7408.0,voter pd share
1307,block_0385,PDDPoS,node_0413,10345.76,222.55,10568.31,voter pd share
1308,block_0385,PDDPoS,node_0426,10194.47,378.23,10572.7,self 20% + leftover
1309,block_0386,PDDPoS,node_0254,9192.05,151.42,9343.47,voter pd share
1310,block_0386,PDDPoS,node_0220,5806.34,186.19,5992.53,voter pd share
1311,block_0386,PDDPoS,node_0100,10810.6,435.4,11246.0,self 20% + leftover
1312,block_0387,PDDPoS,node_0261,5429.69,127.18,5556.87,voter pd share
1313,block_0387,PDDPoS,node_0158,9083.14,226.36,9309.5,voter pd share
1314,block_0387,PDDPoS,node_0333,11213.17,380.45,11593.62,self 20% + leftover
1315,block_0388,PDDPoS,node_0486,8665.6,162.1,8827.69,voter pd share
1316,block_0388,PDDPoS,node_0389,8139.61,203.33,8342.94,voter pd share
1317,block_0388,PDDPoS,node_0051,4654.79,190.57,4845.36,self 20% + leftover
1318,block_0389,PDDPoS,node_0338,2070.99,36.07,2107.06,voter pd share
1319,block_0389,PDDPoS,node_0373,9139.38,187.71,9327.08,voter pd share
1320,block_0389,PDDPoS,node_0138,12205.63,312.22,12517.85,self 20% + leftover
1321,block_0390,PDDPoS,node_0311,11469.12,224.76,11693.88,voter pd share
1322,block_0390,PDDPoS,node_0343,11073.26,273.94,11347.2,voter pd share
1323,block_0390,PDDPoS,node_0412,2488.62,162.31,2650.92,self 20% + leftover
1324,block_0391,PDDPoS,node_0500,5833.49,287.93,6121.42,voter pd share
1325,block_0391,PDDPoS,node_0484,10003.51,404.07,10407.58,self 20% + leftover
1326,block_0392,PDDPoS,node_0421,8783.7,198.53,8982.23,voter pd share
1327,block_0392,PDDPoS,node_0174,3462.59,63.24,3525.84,voter pd share
1328,block_0392,PDDPoS,node_0420,5908.06,196.34,6104.4,voter pd share
1329,block_0392,PDDPoS,node_0464,1597.74,79.27,1677.01,voter pd share
1330,block_0392,PDDPoS,node_0468,5175.9,240.62,5416.53,self 20% + leftover
1331,block_0393,PDDPoS,node_0443,5400.51,102.68,5503.19,voter pd share
1332,block_0393,PDDPoS,node_0414,5871.44,209.42,6080.86,voter pd share
1333,block_0393,PDDPoS,node_0230,8440.05,464.9,8904.96,self 20% + leftover
1334,block_0394,PDDPoS,node_0084,9296.86,248.52,9545.38,voter pd share
1335,block_0394,PDDPoS,node_0465,8872.14,508.48,9380.62,self 20% + leftover
1336,block_0395,PDDPoS,node_0084,9523.38,255.09,9778.47,voter pd share
1337,block_0395,PDDPoS,node_0465,9319.62,521.91,9841.53,self 20% + leftover
1338,block_0396,PDDPoS,node_0436,6086.3,69.9,6156.21,voter pd share
1339,block_0396,PDDPoS,node_0381,5660.05,102.51,5762.55,voter pd share
1340,block_0396,PDDPoS,node_0416,12825.65,388.59,13214.24,self 20% + leftover
1341,block_0397,PDDPoS,node_0045,1318.94,49.36,1368.3,voter pd share
1342,block_0397,PDDPoS,node_0322,9822.42,316.02,10138.43,voter pd share
1343,block_0397,PDDPoS,node_0089,251.58,7.84,259.42,voter pd share
1344,block_0397,PDDPoS,node_0272,10421.07,403.78,10824.85,self 20% + leftover
1345,block_0398,PDDPoS,node_0316,9947.84,146.7,10094.54,voter pd share
1346,block_0398,PDDPoS,node_0143,2087.91,46.26,2134.17,voter pd share
1347,block_0398,PDDPoS,node_0303,12641.26,357.04,12998.29,self 20% + leftover
1348,block_0399,PDDPoS,node_0055,4694.96,141.77,4836.73,voter pd share
1349,block_0399,PDDPoS,node_0208,6271.92,190.06,6461.97,voter pd share
1350,block_0399,PDDPoS,node_0164,1998.46,94.75,2093.22,voter pd share
1351,block_0399,PDDPoS,node_0188,5539.66,248.42,5788.08,self 20% + leftover
1352,block_0400,PDDPoS,node_0018,6223.96,124.37,6348.33,voter pd share
1353,block_0400,PDDPoS,node_0096,4704.97,107.68,4812.65,voter pd share
1354,block_0400,PDDPoS,node_0232,10194.07,297.95,10492.02,self 20% + leftover
1355,block_0401,PDDPoS,node_0402,2895.0,37.78,2932.78,voter pd share
1356,block_0401,PDDPoS,node_0458,364.0,5.3,369.3,voter pd share
1357,block_0401,PDDPoS,node_0476,8304.0,156.05,8460.05,voter pd share
1358,block_0401,PDDPoS,node_0082,1851.0,37.15,1888.15,voter pd share
1359,block_0401,PDDPoS,node_0028,5960.0,130.29,6090.29,voter pd share
1360,block_0401,PDDPoS,node_0318,10533.72,237.42,10771.14,voter pd share
1361,block_0401,PDDPoS,node_0340,914.0,171.01,1085.01,self 20% + leftover
1362,block_0402,PDDPoS,node_0170,6604.0,101.5,6705.5,voter pd share
1363,block_0402,PDDPoS,node_0106,10898.28,220.87,11119.14,voter pd share
1364,block_0402,PDDPoS,node_0416,13302.24,390.63,13692.87,self 20% + leftover
1365,block_0403,PDDPoS,node_0287,10366.51,139.22,10505.73,voter pd share
1366,block_0403,PDDPoS,node_0494,6850.18,94.91,6945.1,voter pd share
1367,block_0403,PDDPoS,node_0280,10590.19,207.3,10797.48,voter pd share
1368,block_0403,PDDPoS,node_0019,2038.0,161.57,2199.57,self 20% + leftover
1369,block_0404,PDDPoS,node_0140,10771.67,120.14,10891.81,voter pd share
1370,block_0404,PDDPoS,node_0085,6440.57,89.02,6529.59,voter pd share
1371,block_0404,PDDPoS,node_0405,9475.74,227.64,9703.38,voter pd share
1372,block_0404,PDDPoS,node_0335,2499.0,171.21,2670.21,self 20% + leftover
1373,block_0405,PDDPoS,node_0211,12272.99,168.09,12441.08,voter pd share
1374,block_0405,PDDPoS,node_0064,616.0,11.01,627.01,voter pd share
1375,block_0405,PDDPoS,node_0377,8522.0,154.05,8676.05,voter pd share
1376,block_0405,PDDPoS,node_0488,7180.0,245.85,7425.85,self 20% + leftover
1377,block_0406,PDDPoS,node_0426,10485.7,168.83,10654.53,voter pd share
1378,block_0406,PDDPoS,node_0472,12147.59,197.27,12344.86,voter pd share
1379,block_0406,PDDPoS,node_0489,5554.0,195.9,5749.9,self 20% + leftover
1380,block_0407,PDDPoS,node_0049,9390.39,94.35,9484.74,voter pd share
1381,block_0407,PDDPoS,node_0199,445.0,4.06,449.06,voter pd share
1382,block_0407,PDDPoS,node_0350,2010.12,36.14,2046.26,voter pd share
1383,block_0407,PDDPoS,node_0454,8195.23,146.35,8341.58,voter pd share
1384,block_0407,PDDPoS,node_0439,7838.51,244.1,8082.6,self 20% + leftover
1385,block_0408,PDDPoS,node_0470,8850.0,112.81,8962.81,voter pd share
1386,block_0408,PDDPoS,node_0111,11827.8,202.03,12029.84,voter pd share
1387,block_0408,PDDPoS,node_0456,6809.83,267.16,7076.99,self 20% + leftover
1388,block_0409,PDDPoS,node_0188,5697.08,94.93,5792.01,voter pd share
1389,block_0409,PDDPoS,node_0407,834.0,19.54,853.54,voter pd share
1390,block_0409,PDDPoS,node_0260,5094.0,105.42,5199.42,voter pd share
1391,block_0409,PDDPoS,node_0455,4332.0,92.81,4424.81,voter pd share
1392,block_0409,PDDPoS,node_0351,6166.28,133.26,6299.54,voter pd share
1393,block_0409,PDDPoS,node_0122,4429.0,206.04,4635.03,self 20% + leftover
1394,block_0410,PDDPoS,node_0163,2553.89,59.67,2613.56,voter pd share
1395,block_0410,PDDPoS,node_0466,5441.0,121.16,5562.16,voter pd share
1396,block_0410,PDDPoS,node_0238,11109.5,262.42,11371.92,voter pd share
1397,block_0410,PDDPoS,node_0487,6747.0,156.97,6903.97,voter pd share
1398,block_0410,PDDPoS,node_0242,652.0,166.77,818.77,self 20% + leftover
1399,block_0411,PDDPoS,node_0029,3488.0,61.0,3549.0,voter pd share
1400,block_0411,PDDPoS,node_0360,2093.0,43.07,2136.07,voter pd share
1401,block_0411,PDDPoS,node_0410,11410.09,240.13,11650.21,voter pd share
1402,block_0411,PDDPoS,node_0080,9701.95,369.8,10071.76,self 20% + leftover
1403,block_0412,PDDPoS,node_0339,7581.0,136.22,7717.22,voter pd share
1404,block_0412,PDDPoS,node_0465,9781.53,203.49,9985.02,voter pd share
1405,block_0412,PDDPoS,node_0014,9153.13,381.29,9534.42,self 20% + leftover
1406,block_0413,PDDPoS,node_0162,5352.05,67.93,5419.97,voter pd share
1407,block_0413,PDDPoS,node_0459,3982.0,75.47,4057.47,voter pd share
1408,block_0413,PDDPoS,node_0218,7792.51,205.9,7998.41,voter pd share
1409,block_0413,PDDPoS,node_0254,9202.47,310.7,9513.18,self 20% + leftover
1410,block_0414,PDDPoS,node_0099,985.0,16.12,1001.12,voter pd share
1411,block_0414,PDDPoS,node_0030,12332.74,239.56,12572.31,voter pd share
1412,block_0414,PDDPoS,node_0033,168.0,0.63,168.63,voter pd share
1413,block_0414,PDDPoS,node_0241,5591.46,121.56,5713.02,voter pd share
1414,block_0414,PDDPoS,node_0282,6223.0,257.12,6480.12,self 20% + leftover
1415,block_0415,PDDPoS,node_0009,9776.42,117.55,9893.97,voter pd share
1416,block_0415,PDDPoS,node_0121,4761.18,146.97,4908.15,voter pd share
1417,block_0415,PDDPoS,node_0067,10412.17,372.48,10784.65,self 20% + leftover
1418,block_0416,PDDPoS,node_0500,6088.42,122.27,6210.68,voter pd share
1419,block_0416,PDDPoS,node_0105,2894.0,66.08,2960.08,voter pd share
1420,block_0416,PDDPoS,node_0157,8188.26,188.77,8377.03,voter pd share
1421,block_0416,PDDPoS,node_0213,8249.0,289.88,8538.88,self 20% + leftover
1422,block_0417,PDDPoS,node_0376,7876.0,162.94,8038.94,voter pd share
1423,block_0417,PDDPoS,node_0169,3912.0,100.9,4012.9,voter pd share
1424,block_0417,PDDPoS,node_0138,12613.85,507.16,13121.01,self 20% + leftover
1425,block_0418,PDDPoS,node_0192,13207.4,254.69,13462.09,voter pd share
1426,block_0418,PDDPoS,node_0248,10748.65,454.31,11202.96,self 20% + leftover
1427,block_0419,PDDPoS,node_0203,10593.34,219.7,10813.05,voter pd share
1428,block_0419,PDDPoS,node_0020,5042.0,111.93,5153.93,voter pd share
1429,block_0419,PDDPoS,node_0150,3089.0,105.55,3194.55,voter pd share
1430,block_0419,PDDPoS,node_0461,4968.46,280.82,5249.27,self 20% + leftover
1431,block_0420,PDDPoS,node_0191,8453.0,128.32,8581.32,voter pd share
1432,block_0420,PDDPoS,node_0395,2089.0,61.44,2150.44,voter pd share
1433,block_0420,PDDPoS,node_0185,4684.0,142.64,4826.64,voter pd share
1434,block_0420,PDDPoS,node_0440,8053.0,318.6,8371.6,self 20% + leftover
1435,block_0421,PDDPoS,node_0460,5828.2,121.89,5950.09,voter pd share
1436,block_0421,PDDPoS,node_0329,5044.0,141.47,5185.47,voter pd share
1437,block_0421,PDDPoS,node_0314,2438.0,83.39,2521.39,voter pd share
1438,block_0421,PDDPoS,node_0484,10201.58,427.25,10628.84,self 20% + leftover
1439,block_0422,PDDPoS,node_0421,8587.23,205.08,8792.31,voter pd share
1440,block_0422,PDDPoS,node_0268,4879.0,120.84,4999.84,voter pd share
1441,block_0422,PDDPoS,node_0375,9717.27,448.09,10165.35,self 20% + leftover
1442,block_0423,PDDPoS,node_0172,8364.0,122.54,8486.54,voter pd share
1443,block_0423,PDDPoS,node_0125,3552.0,68.46,3620.46,voter pd share
1444,block_0423,PDDPoS,node_0444,11309.23,367.0,11676.23,self 20% + leftover
1445,block_0424,PDDPoS,node_0366,4798.0,74.64,4872.64,voter pd share
1446,block_0424,PDDPoS,node_0094,10339.0,182.66,10521.66,voter pd share
1447,block_0424,PDDPoS,node_0295,8097.77,284.7,8382.47,self 20% + leftover
1448,block_0425,PDDPoS,node_0357,6652.86,111.52,6764.38,voter pd share
1449,block_0425,PDDPoS,node_0272,10737.85,278.91,11016.76,voter pd share
1450,block_0425,PDDPoS,node_0179,5350.0,237.57,5587.57,self 20% + leftover
1451,block_0426,PDDPoS,node_0357,6764.38,113.47,6877.86,voter pd share
1452,block_0426,PDDPoS,node_0272,10990.76,283.8,11274.56,voter pd share
1453,block_0426,PDDPoS,node_0179,5651.57,241.73,5893.3,self 20% + leftover
1454,block_0427,PDDPoS,node_0126,255.76,5.9,261.67,voter pd share
1455,block_0427,PDDPoS,node_0001,1794.0,27.13,1821.13,voter pd share
1456,block_0427,PDDPoS,node_0097,11005.1,265.48,11270.58,voter pd share
1457,block_0427,PDDPoS,node_0330,8472.0,248.48,8720.48,self 20% + leftover
1458,block_0428,PDDPoS,node_0056,10227.0,203.41,10430.41,voter pd share
1459,block_0428,PDDPoS,node_0371,12237.89,353.59,12591.48,self 20% + leftover
1460,block_0429,PDDPoS,node_0147,9832.84,259.71,10092.55,voter pd share
1461,block_0429,PDDPoS,node_0096,5000.65,167.08,5167.73,voter pd share
1462,block_0429,PDDPoS,node_0428,7083.92,345.21,7429.13,self 20% + leftover
1463,block_0430,PDDPoS,node_0382,1154.0,24.72,1178.72,voter pd share
1464,block_0430,PDDPoS,node_0197,5391.47,97.31,5488.78,voter pd share
1465,block_0430,PDDPoS,node_0070,427.69,7.23,434.92,voter pd share
1466,block_0430,PDDPoS,node_0079,3404.0,80.88,3484.88,voter pd share
1467,block_0430,PDDPoS,node_0343,11538.2,365.87,11904.07,self 20% + leftover
1468,block_0431,PDDPoS,node_0382,1178.72,33.34,1212.06,voter pd share
1469,block_0431,PDDPoS,node_0197,5474.78,131.26,5606.04,voter pd share
1470,block_0431,PDDPoS,node_0070,504.92,9.76,514.68,voter pd share
1471,block_0431,PDDPoS,node_0079,3457.88,109.1,3566.98,voter pd share
1472,block_0431,PDDPoS,node_0343,11868.07,493.54,12361.6,self 20% + leftover
1473,block_0432,PDDPoS,node_0378,2147.0,31.6,2178.6,voter pd share
1474,block_0432,PDDPoS,node_0387,7340.0,123.63,7463.63,voter pd share
1475,block_0432,PDDPoS,node_0168,12072.17,431.77,12503.94,self 20% + leftover
1476,block_0433,PDDPoS,node_0255,8977.49,158.57,9136.06,voter pd share
1477,block_0433,PDDPoS,node_0076,3253.0,68.15,3321.15,voter pd share
1478,block_0433,PDDPoS,node_0270,8618.0,305.28,8923.28,self 20% + leftover
1479,block_0434,PDDPoS,node_0399,3876.0,51.86,3927.86,voter pd share
1480,block_0434,PDDPoS,node_0115,8061.08,266.3,8327.38,voter pd share
1481,block_0434,PDDPoS,node_0084,9563.47,359.84,9923.31,self 20% + leftover
1482,block_0435,PDDPoS,node_0209,3967.0,81.15,4048.15,voter pd share
1483,block_0435,PDDPoS,node_0445,7144.0,169.92,7313.92,voter pd share
1484,block_0435,PDDPoS,node_0047,1262.0,37.53,1299.53,voter pd share
1485,block_0435,PDDPoS,node_0307,8427.39,442.4,8869.8,self 20% + leftover
1486,block_0436,PDDPoS,node_0413,10307.31,235.46,10542.77,voter pd share
1487,block_0436,PDDPoS,node_0249,4319.0,115.53,4434.53,voter pd share
1488,block_0436,PDDPoS,node_0430,2346.0,67.14,2413.14,voter pd share
1489,block_0436,PDDPoS,node_0309,3836.0,234.87,4070.87,self 20% + leftover
1490,block_0437,PDDPoS,node_0175,6329.05,162.22,6491.28,voter pd share
1491,block_0437,PDDPoS,node_0346,3057.43,103.72,3161.15,voter pd share
1492,block_0437,PDDPoS,node_0451,175.0,12.95,187.95,voter pd share
1493,block_0437,PDDPoS,node_0333,11614.62,495.11,12109.73,self 20% + leftover
1494,block_0438,PDDPoS,node_0447,11204.88,298.7,11503.58,voter pd share
1495,block_0438,PDDPoS,node_0365,9062.0,478.3,9540.3,self 20% + leftover
1496,block_0439,PDDPoS,node_0475,3446.0,58.66,3504.66,voter pd share
1497,block_0439,PDDPoS,node_0232,10796.02,373.73,11169.75,voter pd share
1498,block_0439,PDDPoS,node_0401,6459.42,321.6,6781.03,self 20% + leftover
1499,block_0440,PDDPoS,node_0283,2610.0,29.32,2639.32,voter pd share
1500,block_0440,PDDPoS,node_0373,9078.08,285.78,9363.86,voter pd share
1501,block_0440,PDDPoS,node_0171,8299.0,292.9,8591.9,self 20% + leftover
1502,block_0441,PDDPoS,node_0402,3060.78,37.73,3098.5,voter pd share
1503,block_0441,PDDPoS,node_0458,831.3,5.3,836.6,voter pd share
1504,block_0441,PDDPoS,node_0476,8353.05,155.85,8508.9,voter pd share
1505,block_0441,PDDPoS,node_0082,1945.15,37.1,1982.26,voter pd share
1506,block_0441,PDDPoS,node_0028,6131.29,130.12,6261.41,voter pd share
1507,block_0441,PDDPoS,node_0318,10558.14,237.11,10795.25,voter pd share
1508,block_0441,PDDPoS,node_0340,1170.01,170.79,1340.81,self 20% + leftover
1509,block_0442,PDDPoS,node_0170,7402.5,91.39,7493.89,voter pd share
1510,block_0442,PDDPoS,node_0106,10934.14,198.87,11133.02,voter pd share
1511,block_0442,PDDPoS,node_0416,13923.87,351.73,14275.6,self 20% + leftover
1512,block_0443,PDDPoS,node_0287,10344.73,178.7,10523.44,voter pd share
1513,block_0443,PDDPoS,node_0494,6935.1,121.83,7056.92,voter pd share
1514,block_0443,PDDPoS,node_0280,10164.48,266.08,10430.56,voter pd share
1515,block_0443,PDDPoS,node_0019,1910.57,207.39,2117.96,self 20% + leftover
1516,block_0444,PDDPoS,node_0140,10621.81,148.59,10770.4,voter pd share
1517,block_0444,PDDPoS,node_0085,6336.59,110.1,6446.69,voter pd share
1518,block_0444,PDDPoS,node_0405,9408.38,281.55,9689.93,voter pd share
1519,block_0444,PDDPoS,node_0335,2041.21,211.76,2252.96,self 20% + leftover
1520,block_0445,PDDPoS,node_0211,12564.08,163.45,12727.53,voter pd share
1521,block_0445,PDDPoS,node_0064,478.01,10.7,488.71,voter pd share
1522,block_0445,PDDPoS,node_0377,8496.05,149.79,8645.84,voter pd share
1523,block_0445,PDDPoS,node_0488,6932.85,239.06,7171.91,self 20% + leftover
1524,block_0446,PDDPoS,node_0426,10638.53,169.43,10807.95,voter pd share
1525,block_0446,PDDPoS,node_0472,12502.86,197.97,12700.83,voter pd share
1526,block_0446,PDDPoS,node_0489,5338.9,196.6,5535.5,self 20% + leftover
1527,block_0447,PDDPoS,node_0049,9350.74,96.69,9447.43,voter pd share
1528,block_0447,PDDPoS,node_0199,258.06,4.16,262.21,voter pd share
1529,block_0447,PDDPoS,node_0350,2070.26,37.03,2107.29,voter pd share
1530,block_0447,PDDPoS,node_0454,8648.58,149.98,8798.56,voter pd share
1531,block_0447,PDDPoS,node_0439,8537.6,250.14,8787.74,self 20% + leftover
1532,block_0448,PDDPoS,node_0470,9123.81,113.0,9236.81,voter pd share
1533,block_0448,PDDPoS,node_0111,12045.84,202.38,12248.21,voter pd share
1534,block_0448,PDDPoS,node_0456,7473.99,267.62,7741.61,self 20% + leftover
1535,block_0449,PDDPoS,node_0188,5442.01,78.04,5520.05,voter pd share
1536,block_0449,PDDPoS,node_0407,911.54,16.07,927.61,voter pd share
1537,block_0449,PDDPoS,node_0260,5749.42,86.66,5836.08,voter pd share
1538,block_0449,PDDPoS,node_0455,4736.81,76.3,4813.11,voter pd share
1539,block_0449,PDDPoS,node_0351,6326.54,109.55,6436.09,voter pd share
1540,block_0449,PDDPoS,node_0122,4706.03,169.38,4875.41,self 20% + leftover
1541,block_0450,PDDPoS,node_0163,2328.56,41.39,2369.95,voter pd share
1542,block_0450,PDDPoS,node_0466,5502.16,84.04,5586.2,voter pd share
1543,block_0450,PDDPoS,node_0238,12233.92,182.02,12415.94,voter pd share
1544,block_0450,PDDPoS,node_0487,6509.97,108.88,6618.85,voter pd share
1545,block_0450,PDDPoS,node_0242,383.77,115.68,499.45,self 20% + leftover
1546,block_0451,PDDPoS,node_0029,3548.0,50.24,3598.24,voter pd share
1547,block_0451,PDDPoS,node_0360,1901.07,35.47,1936.54,voter pd share
1548,block_0451,PDDPoS,node_0410,11384.21,197.75,11581.97,voter pd share
1549,block_0451,PDDPoS,node_0080,10063.76,304.55,10368.3,self 20% + leftover
1550,block_0452,PDDPoS,node_0007,3508.0,62.59,3570.59,voter pd share
1551,block_0452,PDDPoS,node_0474,4925.0,145.41,5070.41,voter pd share
1552,block_0452,PDDPoS,node_0112,1782.0,60.71,1842.71,voter pd share
1553,block_0452,PDDPoS,node_0310,3206.0,121.67,3327.67,voter pd share
1554,block_0452,PDDPoS,node_0137,7078.89,383.62,7462.51,self 20% + leftover
1555,block_0453,PDDPoS,node_0162,5536.97,63.19,5600.16,voter pd share
1556,block_0453,PDDPoS,node_0459,4056.47,70.21,4126.69,voter pd share
1557,block_0453,PDDPoS,node_0218,8051.41,191.55,8242.96,voter pd share
1558,block_0453,PDDPoS,node_0254,9196.18,289.05,9485.22,self 20% + leftover
1559,block_0454,PDDPoS,node_0099,979.12,19.68,998.8,voter pd share
1560,block_0454,PDDPoS,node_0030,12463.31,292.38,12755.69,voter pd share
1561,block_0454,PDDPoS,node_0033,60.63,0.77,61.4,voter pd share
1562,block_0454,PDDPoS,node_0241,5653.02,148.36,5801.39,voter pd share
1563,block_0454,PDDPoS,node_0282,6069.12,313.81,6382.93,self 20% + leftover
1564,block_0455,PDDPoS,node_0009,9684.97,142.09,9827.05,voter pd share
1565,block_0455,PDDPoS,node_0121,5174.15,177.66,5351.82,voter pd share
1566,block_0455,PDDPoS,node_0067,10400.65,450.25,10850.9,self 20% + leftover
1567,block_0456,PDDPoS,node_0500,5988.68,142.06,6130.75,voter pd share
1568,block_0456,PDDPoS,node_0105,3377.08,76.78,3453.87,voter pd share
1569,block_0456,PDDPoS,node_0157,8809.03,219.33,9028.36,voter pd share
1570,block_0456,PDDPoS,node_0213,8232.88,336.82,8569.71,self 20% + leftover
1571,block_0457,PDDPoS,node_0376,8363.94,153.01,8516.96,voter pd share
1572,block_0457,PDDPoS,node_0169,3580.9,94.75,3675.65,voter pd share
1573,block_0457,PDDPoS,node_0138,13264.01,476.24,13740.25,self 20% + leftover
1574,block_0458,PDDPoS,node_0192,13425.09,209.79,13634.88,voter pd share
1575,block_0458,PDDPoS,node_0248,10996.96,374.21,11371.18,self 20% + leftover
1576,block_0459,PDDPoS,node_0203,10465.05,236.23,10701.27,voter pd share
1577,block_0459,PDDPoS,node_0020,5587.93,120.35,5708.28,voter pd share
1578,block_0459,PDDPoS,node_0150,3921.55,113.49,4035.04,voter pd share
1579,block_0459,PDDPoS,node_0461,5806.27,301.94,6108.21,self 20% + leftover
1580,block_0460,PDDPoS,node_0191,8730.32,152.57,8882.89,voter pd share
1581,block_0460,PDDPoS,node_0395,2117.44,73.05,2190.48,voter pd share
1582,block_0460,PDDPoS,node_0185,4518.64,169.59,4688.23,voter pd share
1583,block_0460,PDDPoS,node_0440,8015.6,378.79,8394.39,self 20% + leftover
1584,block_0461,PDDPoS,node_0460,5818.09,96.69,5914.78,voter pd share
1585,block_0461,PDDPoS,node_0329,5644.47,112.22,5756.69,voter pd share
1586,block_0461,PDDPoS,node_0314,2460.39,66.15,2526.54,voter pd share
1587,block_0461,PDDPoS,node_0484,10527.84,338.93,10866.77,self 20% + leftover
1588,block_0462,PDDPoS,node_0421,8550.31,205.08,8755.38,voter pd share
1589,block_0462,PDDPoS,node_0268,5268.84,120.84,5389.67,voter pd share
1590,block_0462,PDDPoS,node_0375,10582.35,448.09,11030.44,self 20% + leftover
1591,block_0463,PDDPoS,node_0172,8632.54,128.03,8760.57,voter pd share
1592,block_0463,PDDPoS,node_0125,3426.46,71.52,3497.98,voter pd share
1593,block_0463,PDDPoS,node_0444,11320.23,383.45,11703.68,self 20% + leftover
1594,block_0464,PDDPoS,node_0366,5151.64,98.47,5250.11,voter pd share
1595,block_0464,PDDPoS,node_0094,10013.66,240.96,10254.62,voter pd share
1596,block_0464,PDDPoS,node_0295,8035.47,375.57,8411.04,self 20% + leftover
1597,block_0465,PDDPoS,node_0158,8659.5,176.01,8835.52,voter pd share
1598,block_0465,PDDPoS,node_0152,2386.73,68.98,2455.72,voter pd share
1599,block_0465,PDDPoS,node_0086,2364.0,70.31,2434.31,voter pd share
1600,block_0465,PDDPoS,node_0245,1541.0,42.82,1583.82,voter pd share
1601,block_0465,PDDPoS,node_0092,2942.0,177.86,3119.86,self 20% + leftover
1602,block_0466,PDDPoS,node_0357,6691.86,99.27,6791.12,voter pd share
1603,block_0466,PDDPoS,node_0272,11236.56,248.27,11484.83,voter pd share
1604,block_0466,PDDPoS,node_0179,6039.3,211.47,6250.76,self 20% + leftover
1605,block_0467,PDDPoS,node_0126,373.67,7.93,381.6,voter pd share
1606,block_0467,PDDPoS,node_0001,2098.13,36.46,2134.59,voter pd share
1607,block_0467,PDDPoS,node_0097,11267.58,356.73,11624.31,voter pd share
1608,block_0467,PDDPoS,node_0330,8558.48,333.89,8892.37,self 20% + leftover
1609,block_0468,PDDPoS,node_0056,10234.41,232.26,10466.67,voter pd share
1610,block_0468,PDDPoS,node_0371,12430.48,403.74,12834.22,self 20% + leftover
1611,block_0469,PDDPoS,node_0147,10305.55,193.77,10499.32,voter pd share
1612,block_0469,PDDPoS,node_0096,5035.73,124.66,5160.39,voter pd share
1613,block_0469,PDDPoS,node_0428,7234.13,257.57,7491.7,self 20% + leftover
1614,block_0470,PDDPoS,node_0380,6450.0,108.3,6558.3,voter pd share
1615,block_0470,PDDPoS,node_0358,10908.67,401.03,11309.7,voter pd share
1616,block_0470,PDDPoS,node_0299,1181.0,168.67,1349.67,self 20% + leftover
1617,block_0471,PDDPoS,node_0382,1143.06,29.48,1172.54,voter pd share
1618,block_0471,PDDPoS,node_0197,5690.04,116.06,5806.1,voter pd share
1619,block_0471,PDDPoS,node_0070,577.68,8.63,586.3,voter pd share
1620,block_0471,PDDPoS,node_0079,3779.98,96.46,3876.44,voter pd share
1621,block_0471,PDDPoS,node_0343,12760.6,436.37,13196.98,self 20% + leftover
1622,block_0472,PDDPoS,node_0378,2408.6,41.56,2450.17,voter pd share
1623,block_0472,PDDPoS,node_0387,7501.63,162.59,7664.22,voter pd share
1624,block_0472,PDDPoS,node_0168,12170.94,567.85,12738.79,self 20% + leftover
1625,block_0473,PDDPoS,node_0255,9182.06,214.01,9396.07,voter pd share
1626,block_0473,PDDPoS,node_0076,3256.15,91.97,3348.12,voter pd share
1627,block_0473,PDDPoS,node_0270,8704.28,412.02,9116.3,self 20% + leftover
1628,block_0474,PDDPoS,node_0399,4036.86,42.22,4079.08,voter pd share
1629,block_0474,PDDPoS,node_0115,8105.38,216.81,8322.19,voter pd share
1630,block_0474,PDDPoS,node_0084,9986.31,292.97,10279.28,self 20% + leftover
1631,block_0475,PDDPoS,node_0209,3844.15,71.04,3915.19,voter pd share
1632,block_0475,PDDPoS,node_0445,7673.92,148.77,7822.69,voter pd share
1633,block_0475,PDDPoS,node_0047,1266.53,32.86,1299.39,voter pd share
1634,block_0475,PDDPoS,node_0307,8866.8,387.33,9254.13,self 20% + leftover
1635,block_0476,PDDPoS,node_0413,10642.77,197.96,10840.74,voter pd share
1636,block_0476,PDDPoS,node_0249,4497.53,97.13,4594.66,voter pd share
1637,block_0476,PDDPoS,node_0430,2708.14,56.44,2764.58,voter pd share
1638,block_0476,PDDPoS,node_0309,4424.87,197.46,4622.33,self 20% + leftover
1639,block_0477,PDDPoS,node_0175,6368.28,162.85,6531.13,voter pd share
1640,block_0477,PDDPoS,node_0346,3374.15,104.12,3478.27,voter pd share
1641,block_0477,PDDPoS,node_0451,113.95,13.0,126.96,voter pd share
1642,block_0477,PDDPoS,node_0333,11495.73,497.03,11992.75,self 20% + leftover
1643,block_0478,PDDPoS,node_0447,11908.58,236.81,12145.39,voter pd share
1644,block_0478,PDDPoS,node_0365,9823.3,379.19,10202.49,self 20% + leftover
1645,block_0479,PDDPoS,node_0475,3447.66,60.38,3508.04,voter pd share
1646,block_0479,PDDPoS,node_0232,10981.75,384.64,11366.39,voter pd share
1647,block_0479,PDDPoS,node_0401,6647.03,330.99,6978.01,self 20% + leftover
1648,block_0480,PDDPoS,node_0283,2706.32,29.03,2735.35,voter pd share
1649,block_0480,PDDPoS,node_0373,9357.86,282.96,9640.82,voter pd share
1650,block_0480,PDDPoS,node_0171,8110.9,290.01,8400.92,self 20% + leftover
1651,block_0481,PDDPoS,node_0402,3191.5,35.92,3227.43,voter pd share
1652,block_0481,PDDPoS,node_0458,1282.6,5.04,1287.64,voter pd share
1653,block_0481,PDDPoS,node_0476,8279.9,148.4,8428.29,voter pd share
1654,block_0481,PDDPoS,node_0082,2028.26,35.33,2063.59,voter pd share
1655,block_0481,PDDPoS,node_0028,6285.41,123.9,6409.31,voter pd share
1656,block_0481,PDDPoS,node_0318,10730.25,225.78,10956.02,voter pd share
1657,block_0481,PDDPoS,node_0340,1021.81,162.63,1184.44,self 20% + leftover
1658,block_0482,PDDPoS,node_0170,7401.89,76.73,7478.63,voter pd share
1659,block_0482,PDDPoS,node_0106,10813.02,166.97,10979.98,voter pd share
1660,block_0482,PDDPoS,node_0416,14180.6,295.3,14475.91,self 20% + leftover
1661,block_0483,PDDPoS,node_0287,10620.44,160.46,10780.9,voter pd share
1662,block_0483,PDDPoS,node_0494,6494.92,109.39,6604.31,voter pd share
1663,block_0483,PDDPoS,node_0280,10318.56,238.92,10557.49,voter pd share
1664,block_0483,PDDPoS,node_0019,2124.96,186.22,2311.18,self 20% + leftover
1665,block_0484,PDDPoS,node_0140,11065.4,126.46,11191.86,voter pd share
1666,block_0484,PDDPoS,node_0085,6154.69,93.7,6248.39,voter pd share
1667,block_0484,PDDPoS,node_0405,9701.93,239.62,9941.55,voter pd share
1668,block_0484,PDDPoS,node_0335,2548.96,180.22,2729.18,self 20% + leftover
1669,block_0485,PDDPoS,node_0211,12277.53,213.96,12491.49,voter pd share
1670,block_0485,PDDPoS,node_0064,757.71,14.01,771.72,voter pd share
1671,block_0485,PDDPoS,node_0377,8006.84,196.09,8202.92,voter pd share
1672,block_0485,PDDPoS,node_0488,6754.91,312.94,7067.86,self 20% + leftover
1673,block_0486,PDDPoS,node_0426,10920.95,233.42,11154.37,voter pd share
1674,block_0486,PDDPoS,node_0472,12779.83,272.74,13052.57,voter pd share
1675,block_0486,PDDPoS,node_0489,5948.5,270.85,6219.35,self 20% + leftover
1676,block_0487,PDDPoS,node_0049,9655.43,107.11,9762.55,voter pd share
1677,block_0487,PDDPoS,node_0199,76.21,4.6,80.82,voter pd share
1678,block_0487,PDDPoS,node_0350,1732.29,41.03,1773.32,voter pd share
1679,block_0487,PDDPoS,node_0454,8452.56,166.15,8618.71,voter pd share
1680,block_0487,PDDPoS,node_0439,9003.74,277.11,9280.85,self 20% + leftover
1681,block_0488,PDDPoS,node_0470,9048.81,146.54,9195.35,voter pd share
1682,block_0488,PDDPoS,node_0111,12423.21,262.43,12685.65,voter pd share
1683,block_0488,PDDPoS,node_0456,7599.61,347.03,7946.64,self 20% + leftover
1684,block_0489,PDDPoS,node_0188,5635.05,87.65,5722.7,voter pd share
1685,block_0489,PDDPoS,node_0407,990.61,18.04,1008.65,voter pd share
1686,block_0489,PDDPoS,node_0260,5905.08,97.34,6002.42,voter pd share
1687,block_0489,PDDPoS,node_0455,4535.11,85.69,4620.8,voter pd share
1688,block_0489,PDDPoS,node_0351,6906.09,123.04,7029.13,voter pd share
1689,block_0489,PDDPoS,node_0122,4958.41,190.24,5148.65,self 20% + leftover
1690,block_0490,PDDPoS,node_0163,2524.95,46.68,2571.63,voter pd share
1691,block_0490,PDDPoS,node_0466,5166.2,94.78,5260.98,voter pd share
1692,block_0490,PDDPoS,node_0238,12576.94,205.29,12782.23,voter pd share
1693,block_0490,PDDPoS,node_0487,6776.85,122.79,6899.64,voter pd share
1694,block_0490,PDDPoS,node_0242,873.45,130.46,1003.91,self 20% + leftover
1695,block_0491,PDDPoS,node_0029,3932.24,46.9,3979.14,voter pd share
1696,block_0491,PDDPoS,node_0360,1697.54,33.12,1730.65,voter pd share
1697,block_0491,PDDPoS,node_0410,11511.97,184.63,11696.6,voter pd share
1698,block_0491,PDDPoS,node_0080,10116.3,284.35,10400.65,self 20% + leftover
1699,block_0492,PDDPoS,node_0007,3399.59,59.28,3458.87,voter pd share
1700,block_0492,PDDPoS,node_0474,5094.41,137.71,5232.12,voter pd share
1701,block_0492,PDDPoS,node_0112,1936.71,57.49,1994.2,voter pd share
1702,block_0492,PDDPoS,node_0310,3190.67,115.22,3305.89,voter pd share
1703,block_0492,PDDPoS,node_0137,7610.51,363.3,7973.82,self 20% + leftover
1704,block_0493,PDDPoS,node_0162,5764.16,57.63,5821.8,voter pd share
1705,block_0493,PDDPoS,node_0459,3937.69,64.04,4001.72,voter pd share
1706,block_0493,PDDPoS,node_0218,8163.96,174.7,8338.67,voter pd share
1707,block_0493,PDDPoS,node_0254,9618.22,263.63,9881.85,self 20% + leftover
1708,block_0494,PDDPoS,node_0099,749.8,13.66,763.45,voter pd share
1709,block_0494,PDDPoS,node_0030,13298.69,202.97,13501.66,voter pd share
1710,block_0494,PDDPoS,node_0033,520.4,0.53,520.94,voter pd share
1711,block_0494,PDDPoS,node_0241,6076.39,102.99,6179.38,voter pd share
1712,block_0494,PDDPoS,node_0282,5975.93,217.84,6193.78,self 20% + leftover
1713,block_0495,PDDPoS,node_0009,9924.05,123.27,10047.32,voter pd share
1714,block_0495,PDDPoS,node_0121,5242.82,154.13,5396.94,voter pd share
1715,block_0495,PDDPoS,node_0067,10355.9,390.61,10746.51,self 20% + leftover
1716,block_0496,PDDPoS,node_0500,6288.75,111.63,6400.38,voter pd share
1717,block_0496,PDDPoS,node_0105,3507.87,60.34,3568.2,voter pd share
1718,block_0496,PDDPoS,node_0157,9119.36,172.35,9291.71,voter pd share
1719,block_0496,PDDPoS,node_0213,8735.71,264.68,9000.38,self 20% + leftover
1720,block_0497,PDDPoS,node_0376,8850.96,124.69,8975.65,voter pd share
1721,block_0497,PDDPoS,node_0169,3376.65,77.21,3453.86,voter pd share
1722,block_0497,PDDPoS,node_0138,13895.25,388.1,14283.35,self 20% + leftover
1723,block_0498,PDDPoS,node_0192,13655.88,222.0,13877.88,voter pd share
1724,block_0498,PDDPoS,node_0248,11668.18,396.0,12064.18,self 20% + leftover
1725,block_0499,PDDPoS,node_0203,10191.27,194.0,10385.27,voter pd share
1726,block_0499,PDDPoS,node_0020,5911.28,98.84,6010.12,voter pd share
1727,block_0499,PDDPoS,node_0150,3730.04,93.2,3823.24,voter pd share
1728,block_0499,PDDPoS,node_0461,6242.21,247.96,6490.17,self 20% + leftover
1729,block_0500,PDDPoS,node_0191,8906.89,145.28,9052.17,voter pd share
1730,block_0500,PDDPoS,node_0395,2303.48,69.55,2373.04,voter pd share
1731,block_0500,PDDPoS,node_0185,5042.23,161.49,5203.72,voter pd share
1732,block_0500,PDDPoS,node_0440,8769.39,360.68,9130.07,self 20% + leftover
1733,block_0501,PDDPoS,node_0460,6376.78,122.2,6498.99,voter pd share
1734,block_0501,PDDPoS,node_0329,5614.69,141.83,5756.52,voter pd share
1735,block_0501,PDDPoS,node_0314,2382.54,83.6,2466.15,voter pd share
1736,block_0501,PDDPoS,node_0484,10990.77,428.36,11419.13,self 20% + leftover
1737,block_0502,PDDPoS,node_0421,8540.38,188.65,8729.03,voter pd share
1738,block_0502,PDDPoS,node_0268,5005.67,111.16,5116.83,voter pd share
1739,block_0502,PDDPoS,node_0375,10377.44,412.19,10789.63,self 20% + leftover
1740,block_0503,PDDPoS,node_0172,8882.57,169.1,9051.67,voter pd share
1741,block_0503,PDDPoS,node_0125,3386.98,94.47,3481.45,voter pd share
1742,block_0503,PDDPoS,node_0444,11658.68,506.44,12165.12,self 20% + leftover
1743,block_0504,PDDPoS,node_0366,5263.11,88.0,5351.12,voter pd share
1744,block_0504,PDDPoS,node_0094,10062.62,215.35,10277.97,voter pd share
1745,block_0504,PDDPoS,node_0295,7969.04,335.65,8304.69,self 20% + leftover
1746,block_0505,PDDPoS,node_0158,9112.52,228.55,9341.07,voter pd share
1747,block_0505,PDDPoS,node_0152,1961.72,89.58,2051.3,voter pd share
1748,block_0505,PDDPoS,node_0086,2102.31,91.3,2193.62,voter pd share
1749,block_0505,PDDPoS,node_0245,1409.82,55.61,1465.43,voter pd share
1750,block_0505,PDDPoS,node_0092,3057.86,230.96,3288.82,self 20% + leftover
1751,block_0506,PDDPoS,node_0357,6771.12,104.77,6875.89,voter pd share
1752,block_0506,PDDPoS,node_0272,11754.83,262.04,12016.86,voter pd share
1753,block_0506,PDDPoS,node_0179,5959.76,223.19,6182.95,self 20% + leftover
1754,block_0507,PDDPoS,node_0126,864.6,7.36,871.96,voter pd share
1755,block_0507,PDDPoS,node_0001,1825.59,33.83,1859.41,voter pd share
1756,block_0507,PDDPoS,node_0097,11408.31,331.0,11739.31,voter pd share
1757,block_0507,PDDPoS,node_0330,8997.37,309.81,9307.18,self 20% + leftover
1758,block_0508,PDDPoS,node_0056,10425.67,281.93,10707.6,voter pd share
1759,block_0508,PDDPoS,node_0371,12531.22,490.07,13021.29,self 20% + leftover
1760,block_0509,PDDPoS,node_0147,10530.32,260.38,10790.7,voter pd share
1761,block_0509,PDDPoS,node_0096,4982.39,167.51,5149.9,voter pd share
1762,block_0509,PDDPoS,node_0428,7070.7,346.11,7416.8,self 20% + leftover
1763,block_0510,PDDPoS,node_0380,6721.3,109.42,6830.72,voter pd share
1764,block_0510,PDDPoS,node_0358,11680.7,405.17,12085.87,voter pd share
1765,block_0510,PDDPoS,node_0299,1249.67,170.41,1420.09,self 20% + leftover
1766,block_0511,PDDPoS,node_0382,682.54,23.04,705.58,voter pd share
1767,block_0511,PDDPoS,node_0197,5957.1,90.72,6047.82,voter pd share
1768,block_0511,PDDPoS,node_0070,947.3,6.74,954.05,voter pd share
1769,block_0511,PDDPoS,node_0079,3394.44,75.4,3469.84,voter pd share
1770,block_0511,PDDPoS,node_0343,13016.98,341.09,13358.07,self 20% + leftover
1771,block_0512,PDDPoS,node_0378,2533.17,38.22,2571.39,voter pd share
1772,block_0512,PDDPoS,node_0387,7581.22,149.53,7730.75,voter pd share
1773,block_0512,PDDPoS,node_0168,12691.79,522.24,13214.03,self 20% + leftover
1774,block_0513,PDDPoS,node_0255,9046.07,231.59,9277.66,voter pd share
1775,block_0513,PDDPoS,node_0076,3869.12,99.53,3968.65,voter pd share
1776,block_0513,PDDPoS,node_0270,8898.3,445.88,9344.18,self 20% + leftover
1777,block_0514,PDDPoS,node_0209,3868.19,75.37,3943.56,voter pd share
1778,block_0514,PDDPoS,node_0445,8221.69,157.84,8379.53,voter pd share
1779,block_0514,PDDPoS,node_0047,822.39,34.86,857.25,voter pd share
1780,block_0514,PDDPoS,node_0307,9046.13,410.93,9457.06,self 20% + leftover
1781,block_0515,PDDPoS,node_0209,3895.56,79.26,3974.82,voter pd share
1782,block_0515,PDDPoS,node_0445,8357.53,165.97,8523.5,voter pd share
1783,block_0515,PDDPoS,node_0047,861.25,36.66,897.9,voter pd share
1784,block_0515,PDDPoS,node_0307,9491.06,432.11,9923.17,self 20% + leftover
1785,block_0516,PDDPoS,node_0413,10910.74,214.19,11124.93,voter pd share
1786,block_0516,PDDPoS,node_0249,4356.66,105.09,4461.75,voter pd share
1787,block_0516,PDDPoS,node_0430,3122.58,61.07,3183.65,voter pd share
1788,block_0516,PDDPoS,node_0309,4851.33,213.65,5064.98,self 20% + leftover
1789,block_0517,PDDPoS,node_0175,6165.13,121.56,6286.69,voter pd share
1790,block_0517,PDDPoS,node_0346,3856.27,77.72,3933.99,voter pd share
1791,block_0517,PDDPoS,node_0451,274.96,9.71,284.66,voter pd share
1792,block_0517,PDDPoS,node_0333,12233.75,371.01,12604.76,self 20% + leftover
1793,block_0518,PDDPoS,node_0447,12454.39,270.26,12724.65,voter pd share
1794,block_0518,PDDPoS,node_0365,9983.49,432.74,10416.23,self 20% + leftover
1795,block_0519,PDDPoS,node_0475,3862.04,48.47,3910.51,voter pd share
1796,block_0519,PDDPoS,node_0232,11052.39,308.8,11361.18,voter pd share
1797,block_0519,PDDPoS,node_0401,7543.01,265.73,7808.74,self 20% + leftover
1798,block_0520,PDDPoS,node_0283,2389.35,33.76,2423.1,voter pd share
1799,block_0520,PDDPoS,node_0373,9534.82,329.02,9863.84,voter pd share
1800,block_0520,PDDPoS,node_0171,8543.92,337.22,8881.14,self 20% + leftover
1801,block_0521,PDDPoS,node_0402,3240.43,26.66,3267.09,voter pd share
1802,block_0521,PDDPoS,node_0458,1049.64,3.74,1053.39,voter pd share
1803,block_0521,PDDPoS,node_0476,8030.29,110.14,8140.44,voter pd share
1804,block_0521,PDDPoS,node_0082,1891.59,26.22,1917.81,voter pd share
1805,block_0521,PDDPoS,node_0028,6721.31,91.96,6813.27,voter pd share
1806,block_0521,PDDPoS,node_0318,11590.02,167.57,11757.59,voter pd share
1807,block_0521,PDDPoS,node_0340,1569.44,120.7,1690.14,self 20% + leftover
1808,block_0522,PDDPoS,node_0170,7413.63,82.0,7495.62,voter pd share
1809,block_0522,PDDPoS,node_0106,11343.98,178.43,11522.41,voter pd share
1810,block_0522,PDDPoS,node_0416,14578.91,315.57,14894.48,self 20% + leftover
1811,block_0523,PDDPoS,node_0287,10620.9,124.45,10745.35,voter pd share
1812,block_0523,PDDPoS,node_0494,6611.31,84.84,6696.15,voter pd share
1813,block_0523,PDDPoS,node_0280,10550.49,185.29,10735.78,voter pd share
1814,block_0523,PDDPoS,node_0019,2115.18,144.42,2259.6,self 20% + leftover
1815,block_0524,PDDPoS,node_0140,11096.86,113.22,11210.08,voter pd share
1816,block_0524,PDDPoS,node_0085,6456.39,83.89,6540.29,voter pd share
1817,block_0524,PDDPoS,node_0405,9986.55,214.53,10201.08,voter pd share
1818,block_0524,PDDPoS,node_0335,2189.18,161.35,2350.53,self 20% + leftover
1819,block_0525,PDDPoS,node_0211,12593.49,224.7,12818.19,voter pd share
1820,block_0525,PDDPoS,node_0064,468.72,14.71,483.44,voter pd share
1821,block_0525,PDDPoS,node_0377,8298.92,205.93,8504.85,voter pd share
1822,block_0525,PDDPoS,node_0488,7075.86,328.65,7404.51,self 20% + leftover
1823,block_0526,PDDPoS,node_0426,11346.37,232.51,11578.88,voter pd share
1824,block_0526,PDDPoS,node_0472,12958.57,271.69,13230.25,voter pd share
1825,block_0526,PDDPoS,node_0489,6108.35,269.8,6378.15,self 20% + leftover
1826,block_0527,PDDPoS,node_0049,9498.55,139.28,9637.83,voter pd share
1827,block_0527,PDDPoS,node_0199,68.82,5.99,74.8,voter pd share
1828,block_0527,PDDPoS,node_0350,1667.32,53.35,1720.67,voter pd share
1829,block_0527,PDDPoS,node_0454,8333.71,216.05,8549.75,voter pd share
1830,block_0527,PDDPoS,node_0439,9135.85,360.33,9496.18,self 20% + leftover
1831,block_0528,PDDPoS,node_0470,8764.35,101.96,8866.31,voter pd share
1832,block_0528,PDDPoS,node_0111,12802.65,182.59,12985.24,voter pd share
1833,block_0528,PDDPoS,node_0456,8109.64,241.45,8351.09,self 20% + leftover
1834,block_0529,PDDPoS,node_0188,5748.7,92.02,5840.72,voter pd share
1835,block_0529,PDDPoS,node_0407,628.65,18.94,647.6,voter pd share
1836,block_0529,PDDPoS,node_0260,6127.42,102.19,6229.61,voter pd share
1837,block_0529,PDDPoS,node_0455,4320.8,89.96,4410.76,voter pd share
1838,block_0529,PDDPoS,node_0351,6942.13,129.17,7071.31,voter pd share
1839,block_0529,PDDPoS,node_0122,5075.65,199.72,5275.37,self 20% + leftover
1840,block_0530,PDDPoS,node_0163,3018.63,52.67,3071.3,voter pd share
1841,block_0530,PDDPoS,node_0466,5270.98,106.94,5377.93,voter pd share
1842,block_0530,PDDPoS,node_0238,13012.23,231.63,13243.86,voter pd share
1843,block_0530,PDDPoS,node_0487,7013.64,138.55,7152.19,voter pd share
1844,block_0530,PDDPoS,node_0242,956.91,147.2,1104.11,self 20% + leftover
1845,block_0531,PDDPoS,node_0029,3920.14,66.3,3986.44,voter pd share
1846,block_0531,PDDPoS,node_0360,2203.65,46.81,2250.46,voter pd share
1847,block_0531,PDDPoS,node_0410,11328.6,260.98,11589.58,voter pd share
1848,block_0531,PDDPoS,node_0080,9937.65,401.92,10339.56,self 20% + leftover
1849,block_0532,PDDPoS,node_0007,3190.87,57.74,3248.61,voter pd share
1850,block_0532,PDDPoS,node_0474,5269.12,134.14,5403.26,voter pd share
1851,block_0532,PDDPoS,node_0112,2036.2,56.0,2092.2,voter pd share
1852,block_0532,PDDPoS,node_0310,3394.89,112.23,3507.12,voter pd share
1853,block_0532,PDDPoS,node_0137,8047.82,353.89,8401.71,self 20% + leftover
1854,block_0533,PDDPoS,node_0162,5978.8,76.16,6054.96,voter pd share
1855,block_0533,PDDPoS,node_0459,4209.72,84.62,4294.34,voter pd share
1856,block_0533,PDDPoS,node_0218,8279.67,230.86,8510.52,voter pd share
1857,block_0533,PDDPoS,node_0254,10512.85,348.36,10861.21,self 20% + leftover
1858,block_0534,PDDPoS,node_0099,231.45,19.65,251.1,voter pd share
1859,block_0534,PDDPoS,node_0030,13888.66,292.0,14180.66,voter pd share
1860,block_0534,PDDPoS,node_0033,703.94,0.77,704.71,voter pd share
1861,block_0534,PDDPoS,node_0241,6000.38,148.17,6148.55,voter pd share
1862,block_0534,PDDPoS,node_0282,6772.78,313.4,7086.18,self 20% + leftover
1863,block_0535,PDDPoS,node_0500,6147.38,109.43,6256.81,voter pd share
1864,block_0535,PDDPoS,node_0105,3691.2,59.15,3750.35,voter pd share
1865,block_0535,PDDPoS,node_0157,9185.71,168.96,9354.67,voter pd share
1866,block_0535,PDDPoS,node_0213,8861.38,259.46,9120.85,self 20% + leftover
1867,block_0536,PDDPoS,node_0500,6289.81,142.06,6431.88,voter pd share
1868,block_0536,PDDPoS,node_0105,3749.35,76.78,3826.14,voter pd share
1869,block_0536,PDDPoS,node_0157,9370.67,219.33,9590.0,voter pd share
1870,block_0536,PDDPoS,node_0213,9066.85,336.82,9403.67,self 20% + leftover
1871,block_0537,PDDPoS,node_0376,9247.65,116.66,9364.31,voter pd share
1872,block_0537,PDDPoS,node_0169,3423.86,72.24,3496.1,voter pd share
1873,block_0537,PDDPoS,node_0138,13843.35,363.1,14206.45,self 20% + leftover
1874,block_0538,PDDPoS,node_0192,13790.88,223.44,14014.32,voter pd share
1875,block_0538,PDDPoS,node_0248,11960.18,398.56,12358.74,self 20% + leftover
1876,block_0539,PDDPoS,node_0203,10558.27,203.79,10762.06,voter pd share
1877,block_0539,PDDPoS,node_0020,6305.12,103.83,6408.95,voter pd share
1878,block_0539,PDDPoS,node_0150,3825.24,97.91,3923.15,voter pd share
1879,block_0539,PDDPoS,node_0461,6285.17,260.48,6545.65,self 20% + leftover
1880,block_0540,PDDPoS,node_0191,9256.17,148.43,9404.6,voter pd share
1881,block_0540,PDDPoS,node_0395,2025.04,71.06,2096.1,voter pd share
1882,block_0540,PDDPoS,node_0185,5392.72,164.99,5557.71,voter pd share
1883,block_0540,PDDPoS,node_0440,8696.07,368.51,9064.59,self 20% + leftover
1884,block_0541,PDDPoS,node_0460,6582.99,110.55,6693.54,voter pd share
1885,block_0541,PDDPoS,node_0329,5480.52,128.31,5608.83,voter pd share
1886,block_0541,PDDPoS,node_0314,2283.15,75.63,2358.78,voter pd share
1887,block_0541,PDDPoS,node_0484,11459.13,387.51,11846.64,self 20% + leftover
1888,block_0542,PDDPoS,node_0421,8600.03,205.08,8805.11,voter pd share
1889,block_0542,PDDPoS,node_0268,5446.83,120.84,5567.67,voter pd share
1890,block_0542,PDDPoS,node_0375,11246.63,448.09,11694.72,self 20% + leftover
1891,block_0543,PDDPoS,node_0172,9072.67,123.42,9196.09,voter pd share
1892,block_0543,PDDPoS,node_0125,3602.45,68.95,3671.39,voter pd share
1893,block_0543,PDDPoS,node_0444,12776.12,369.63,13145.75,self 20% + leftover
1894,block_0544,PDDPoS,node_0366,5553.12,106.73,5659.85,voter pd share
1895,block_0544,PDDPoS,node_0094,10391.97,261.18,10653.15,voter pd share
1896,block_0544,PDDPoS,node_0295,8358.69,407.09,8765.77,self 20% + leftover
1897,block_0545,PDDPoS,node_0158,9410.07,237.75,9647.82,voter pd share
1898,block_0545,PDDPoS,node_0152,1948.3,93.18,2041.48,voter pd share
1899,block_0545,PDDPoS,node_0086,2122.62,94.98,2217.59,voter pd share
1900,block_0545,PDDPoS,node_0245,1234.43,57.85,1292.28,voter pd share
1901,block_0545,PDDPoS,node_0092,3499.82,240.25,3740.07,self 20% + leftover
1902,block_0546,PDDPoS,node_0357,6491.89,100.86,6592.76,voter pd share
1903,block_0546,PDDPoS,node_0272,11911.86,252.27,12164.13,voter pd share
1904,block_0546,PDDPoS,node_0179,6072.95,214.87,6287.82,self 20% + leftover
1905,block_0547,PDDPoS,node_0126,637.96,6.84,644.81,voter pd share
1906,block_0547,PDDPoS,node_0001,1627.41,31.45,1658.86,voter pd share
1907,block_0547,PDDPoS,node_0097,11837.31,307.71,12145.01,voter pd share
1908,block_0547,PDDPoS,node_0330,9370.18,288.0,9658.18,self 20% + leftover
1909,block_0548,PDDPoS,node_0056,10755.6,281.93,11037.53,voter pd share
1910,block_0548,PDDPoS,node_0371,13102.29,490.07,13592.36,self 20% + leftover
1911,block_0549,PDDPoS,node_0147,10342.7,223.71,10566.42,voter pd share
1912,block_0549,PDDPoS,node_0096,4930.9,143.92,5074.82,voter pd share
1913,block_0549,PDDPoS,node_0428,6750.8,297.37,7048.17,self 20% + leftover
1914,block_0550,PDDPoS,node_0380,6686.72,98.88,6785.6,voter pd share
1915,block_0550,PDDPoS,node_0358,12123.87,366.13,12490.0,voter pd share
1916,block_0550,PDDPoS,node_0299,1419.09,153.99,1573.08,self 20% + leftover
1917,block_0551,PDDPoS,node_0382,438.58,31.67,470.25,voter pd share
1918,block_0551,PDDPoS,node_0197,5722.82,124.67,5847.49,voter pd share
1919,block_0551,PDDPoS,node_0070,984.05,9.27,993.32,voter pd share
1920,block_0551,PDDPoS,node_0079,3137.84,103.62,3241.46,voter pd share
1921,block_0551,PDDPoS,node_0343,13010.07,468.77,13478.84,self 20% + leftover
1922,block_0552,PDDPoS,node_0378,2503.39,31.76,2535.15,voter pd share
1923,block_0552,PDDPoS,node_0387,7333.75,124.26,7458.01,voter pd share
1924,block_0552,PDDPoS,node_0168,12909.03,433.98,13343.01,self 20% + leftover
1925,block_0553,PDDPoS,node_0342,4937.0,77.27,5014.27,voter pd share
1926,block_0553,PDDPoS,node_0496,1079.0,8.98,1087.98,voter pd share
1927,block_0553,PDDPoS,node_0154,6636.0,241.04,6877.04,voter pd share
1928,block_0553,PDDPoS,node_0388,6844.0,323.71,7167.71,self 20% + leftover
1929,block_0554,PDDPoS,node_0342,4957.27,66.35,5023.62,voter pd share
1930,block_0554,PDDPoS,node_0496,1046.98,7.71,1054.69,voter pd share
1931,block_0554,PDDPoS,node_0154,6917.04,206.97,7124.01,voter pd share
1932,block_0554,PDDPoS,node_0388,7248.71,277.97,7526.68,self 20% + leftover
1933,block_0555,PDDPoS,node_0209,4247.82,82.03,4329.85,voter pd share
1934,block_0555,PDDPoS,node_0445,8827.5,171.78,8999.28,voter pd share
1935,block_0555,PDDPoS,node_0047,574.9,37.94,612.84,voter pd share
1936,block_0555,PDDPoS,node_0307,9511.17,447.24,9958.42,self 20% + leftover
1937,block_0556,PDDPoS,node_0413,11034.93,242.32,11277.24,voter pd share
1938,block_0556,PDDPoS,node_0249,4240.75,118.89,4359.65,voter pd share
1939,block_0556,PDDPoS,node_0430,3590.65,69.09,3659.74,voter pd share
1940,block_0556,PDDPoS,node_0309,4663.98,241.7,4905.68,self 20% + leftover
1941,block_0557,PDDPoS,node_0175,6023.69,162.64,6186.34,voter pd share
1942,block_0557,PDDPoS,node_0346,3923.99,103.98,4027.97,voter pd share
1943,block_0557,PDDPoS,node_0451,360.66,12.99,373.65,voter pd share
1944,block_0557,PDDPoS,node_0333,12424.76,496.39,12921.15,self 20% + leftover
1945,block_0558,PDDPoS,node_0447,12728.65,281.02,13009.67,voter pd share
1946,block_0558,PDDPoS,node_0365,10286.23,449.98,10736.21,self 20% + leftover
1947,block_0559,PDDPoS,node_0475,3656.51,60.45,3716.97,voter pd share
1948,block_0559,PDDPoS,node_0232,11256.18,385.13,11641.32,voter pd share
1949,block_0559,PDDPoS,node_0401,7507.74,331.41,7839.16,self 20% + leftover
1950,block_0560,PDDPoS,node_0283,2214.1,35.97,2250.08,voter pd share
1951,block_0560,PDDPoS,node_0373,9345.84,350.64,9696.48,voter pd share
1952,block_0560,PDDPoS,node_0171,8827.14,359.38,9186.53,self 20% + leftover
1953,block_0561,PDDPoS,node_0402,2987.09,33.92,3021.01,voter pd share
1954,block_0561,PDDPoS,node_0458,1218.39,4.76,1223.15,voter pd share
1955,block_0561,PDDPoS,node_0476,8178.44,140.14,8318.58,voter pd share
1956,block_0561,PDDPoS,node_0082,1479.81,33.37,1513.18,voter pd share
1957,block_0561,PDDPoS,node_0028,6935.27,117.01,7052.27,voter pd share
1958,block_0561,PDDPoS,node_0318,12058.59,213.22,12271.81,voter pd share
1959,block_0561,PDDPoS,node_0340,1409.14,153.58,1562.72,self 20% + leftover
1960,block_0562,PDDPoS,node_0170,7342.62,101.07,7443.7,voter pd share
1961,block_0562,PDDPoS,node_0106,11745.41,219.94,11965.35,voter pd share
1962,block_0562,PDDPoS,node_0416,14593.48,388.99,14982.47,self 20% + leftover
1963,block_0563,PDDPoS,node_0287,10648.35,169.93,10818.28,voter pd share
1964,block_0563,PDDPoS,node_0494,5993.15,115.85,6109.0,voter pd share
1965,block_0563,PDDPoS,node_0280,10853.78,253.02,11106.8,voter pd share
1966,block_0563,PDDPoS,node_0019,2103.6,197.21,2300.8,self 20% + leftover
1967,block_0564,PDDPoS,node_0140,11164.08,110.65,11274.73,voter pd share
1968,block_0564,PDDPoS,node_0085,6623.29,81.99,6705.28,voter pd share
1969,block_0564,PDDPoS,node_0405,10262.08,209.67,10471.75,voter pd share
1970,block_0564,PDDPoS,node_0335,2715.53,157.69,2873.22,self 20% + leftover
1971,block_0565,PDDPoS,node_0426,11473.88,177.84,11651.73,voter pd share
1972,block_0565,PDDPoS,node_0472,12854.25,207.8,13062.05,voter pd share
1973,block_0565,PDDPoS,node_0489,6357.15,206.36,6563.51,self 20% + leftover
1974,block_0566,PDDPoS,node_0426,11656.73,173.63,11830.36,voter pd share
1975,block_0566,PDDPoS,node_0472,13115.05,202.89,13317.94,voter pd share
1976,block_0566,PDDPoS,node_0489,6578.51,201.48,6779.99,self 20% + leftover
1977,block_0567,PDDPoS,node_0049,9881.83,138.57,10020.4,voter pd share
1978,block_0567,PDDPoS,node_0199,232.8,5.96,238.76,voter pd share
1979,block_0567,PDDPoS,node_0350,1606.67,53.07,1659.75,voter pd share
1980,block_0567,PDDPoS,node_0454,8282.75,214.93,8497.68,voter pd share
1981,block_0567,PDDPoS,node_0439,9299.18,358.47,9657.65,self 20% + leftover
1982,block_0568,PDDPoS,node_0470,8478.31,133.55,8611.86,voter pd share
1983,block_0568,PDDPoS,node_0111,12771.24,239.17,13010.41,voter pd share
1984,block_0568,PDDPoS,node_0456,7883.09,316.28,8199.36,self 20% + leftover
1985,block_0569,PDDPoS,node_0188,6447.72,97.26,6544.98,voter pd share
1986,block_0569,PDDPoS,node_0407,766.6,20.02,786.62,voter pd share
1987,block_0569,PDDPoS,node_0260,6123.61,108.01,6231.61,voter pd share
1988,block_0569,PDDPoS,node_0455,4502.76,95.09,4597.84,voter pd share
1989,block_0569,PDDPoS,node_0351,6827.31,136.53,6963.84,voter pd share
1990,block_0569,PDDPoS,node_0122,5485.37,211.09,5696.46,self 20% + leftover
1991,block_0570,PDDPoS,node_0163,3010.3,60.45,3070.75,voter pd share
1992,block_0570,PDDPoS,node_0466,5389.93,122.74,5512.67,voter pd share
1993,block_0570,PDDPoS,node_0238,13301.86,265.85,13567.71,voter pd share
1994,block_0570,PDDPoS,node_0487,6706.19,159.02,6865.21,voter pd share
1995,block_0570,PDDPoS,node_0242,944.11,168.95,1113.06,self 20% + leftover
1996,block_0571,PDDPoS,node_0029,4201.44,49.81,4251.25,voter pd share
1997,block_0571,PDDPoS,node_0360,1849.46,35.17,1884.62,voter pd share
1998,block_0571,PDDPoS,node_0410,11260.58,196.07,11456.64,voter pd share
1999,block_0571,PDDPoS,node_0080,10474.56,301.96,10776.52,self 20% + leftover
2000,block_0572,PDDPoS,node_0007,3054.61,54.34,3108.95,voter pd share
2001,block_0572,PDDPoS,node_0474,5606.26,126.25,5732.51,voter pd share
2002,block_0572,PDDPoS,node_0112,1834.2,52.71,1886.9,voter pd share
2003,block_0572,PDDPoS,node_0310,3442.12,105.63,3547.75,voter pd share
2004,block_0572,PDDPoS,node_0137,8560.71,333.07,8893.77,self 20% + leftover
2005,block_0573,PDDPoS,node_0162,5614.96,77.81,5692.76,voter pd share
2006,block_0573,PDDPoS,node_0459,4385.34,86.45,4471.79,voter pd share
2007,block_0573,PDDPoS,node_0218,8150.52,235.85,8386.37,voter pd share
2008,block_0573,PDDPoS,node_0254,10786.21,355.9,11142.11,self 20% + leftover
2009,block_0574,PDDPoS,node_0099,302.1,13.71,315.81,voter pd share
2010,block_0574,PDDPoS,node_0030,14073.66,203.72,14277.38,voter pd share
2011,block_0574,PDDPoS,node_0033,432.71,0.54,433.24,voter pd share
2012,block_0574,PDDPoS,node_0241,6637.55,103.38,6740.93,voter pd share
2013,block_0574,PDDPoS,node_0282,7275.18,218.65,7493.84,self 20% + leftover
2014,block_0575,PDDPoS,node_0146,3347.06,86.62,3433.68,voter pd share
2015,block_0575,PDDPoS,node_0257,7355.0,156.52,7511.52,voter pd share
2016,block_0575,PDDPoS,node_0065,547.0,9.54,556.54,voter pd share
2017,block_0575,PDDPoS,node_0032,8722.25,388.32,9110.57,self 20% + leftover
2018,block_0576,PDDPoS,node_0500,6638.88,142.25,6781.12,voter pd share
2019,block_0576,PDDPoS,node_0105,3652.14,76.88,3729.02,voter pd share
2020,block_0576,PDDPoS,node_0157,9373.0,219.61,9592.62,voter pd share
2021,block_0576,PDDPoS,node_0213,9427.67,337.26,9764.93,self 20% + leftover
2022,block_0577,PDDPoS,node_0376,9509.31,118.35,9627.66,voter pd share
2023,block_0577,PDDPoS,node_0169,3172.1,73.29,3245.39,voter pd share
2024,block_0577,PDDPoS,node_0138,14163.45,368.36,14531.81,self 20% + leftover
2025,block_0578,PDDPoS,node_0192,13961.32,221.28,14182.6,voter pd share
2026,block_0578,PDDPoS,node_0248,12488.74,394.72,12883.46,self 20% + leftover
2027,block_0579,PDDPoS,node_0203,10716.06,235.31,10951.37,voter pd share
2028,block_0579,PDDPoS,node_0020,5752.95,119.88,5872.83,voter pd share
2029,block_0579,PDDPoS,node_0150,4211.15,113.05,4324.19,voter pd share
2030,block_0579,PDDPoS,node_0461,6355.65,300.76,6656.41,self 20% + leftover
2031,block_0580,PDDPoS,node_0191,9396.6,114.13,9510.73,voter pd share
2032,block_0580,PDDPoS,node_0395,2106.1,54.64,2160.74,voter pd share
2033,block_0580,PDDPoS,node_0185,5499.71,126.87,5626.58,voter pd share
2034,block_0580,PDDPoS,node_0440,9260.59,283.36,9543.95,self 20% + leftover
2035,block_0581,PDDPoS,node_0460,6831.54,122.36,6953.9,voter pd share
2036,block_0581,PDDPoS,node_0329,5765.83,142.02,5907.85,voter pd share
2037,block_0581,PDDPoS,node_0314,2475.78,83.71,2559.49,voter pd share
2038,block_0581,PDDPoS,node_0484,11489.64,428.91,11918.55,self 20% + leftover
2039,block_0582,PDDPoS,node_0421,8628.11,173.02,8801.13,voter pd share
2040,block_0582,PDDPoS,node_0268,5767.67,101.95,5869.62,voter pd share
2041,block_0582,PDDPoS,node_0375,11298.72,378.04,11676.75,self 20% + leftover
2042,block_0583,PDDPoS,node_0172,8773.09,143.84,8916.93,voter pd share
2043,block_0583,PDDPoS,node_0125,3771.39,80.36,3851.75,voter pd share
2044,block_0583,PDDPoS,node_0444,13184.75,430.8,13615.55,self 20% + leftover
2045,block_0584,PDDPoS,node_0366,5730.85,106.18,5837.03,voter pd share
2046,block_0584,PDDPoS,node_0094,10514.15,259.83,10773.98,voter pd share
2047,block_0584,PDDPoS,node_0295,8948.77,404.98,9353.76,self 20% + leftover
2048,block_0585,PDDPoS,node_0158,9426.82,246.94,9673.76,voter pd share
2049,block_0585,PDDPoS,node_0152,2022.48,96.78,2119.26,voter pd share
2050,block_0585,PDDPoS,node_0086,1849.59,98.65,1948.24,voter pd share
2051,block_0585,PDDPoS,node_0245,1343.28,60.08,1403.36,voter pd share
2052,block_0585,PDDPoS,node_0092,3925.07,249.54,4174.61,self 20% + leftover
2053,block_0586,PDDPoS,node_0316,10095.54,281.88,10377.42,voter pd share
2054,block_0586,PDDPoS,node_0262,7186.33,492.12,7678.45,self 20% + leftover
2055,block_0587,PDDPoS,node_0126,652.81,8.37,661.17,voter pd share
2056,block_0587,PDDPoS,node_0001,1814.86,38.44,1853.3,voter pd share
2057,block_0587,PDDPoS,node_0097,11839.01,376.14,12215.15,voter pd share
2058,block_0587,PDDPoS,node_0330,10187.18,352.06,10539.24,self 20% + leftover
2059,block_0588,PDDPoS,node_0056,10931.53,283.39,11214.92,voter pd share
2060,block_0588,PDDPoS,node_0371,13299.36,492.61,13791.97,self 20% + leftover
2061,block_0589,PDDPoS,node_0147,10238.42,251.97,10490.39,voter pd share
2062,block_0589,PDDPoS,node_0096,4291.82,162.1,4453.92,voter pd share
2063,block_0589,PDDPoS,node_0428,6824.17,334.93,7159.09,self 20% + leftover
2064,block_0590,PDDPoS,node_0380,6715.6,99.04,6814.64,voter pd share
2065,block_0590,PDDPoS,node_0358,12553.0,366.72,12919.72,voter pd share
2066,block_0590,PDDPoS,node_0299,1761.08,154.24,1915.32,self 20% + leftover
2067,block_0591,PDDPoS,node_0382,587.25,32.61,619.87,voter pd share
2068,block_0591,PDDPoS,node_0197,5900.49,128.39,6028.88,voter pd share
2069,block_0591,PDDPoS,node_0070,1189.32,9.54,1198.86,voter pd share
2070,block_0591,PDDPoS,node_0079,3480.46,106.71,3587.17,voter pd share
2071,block_0591,PDDPoS,node_0343,13554.84,482.74,14037.58,self 20% + leftover
2072,block_0592,PDDPoS,node_0378,2547.15,41.62,2588.77,voter pd share
2073,block_0592,PDDPoS,node_0387,7390.01,162.8,7552.81,voter pd share
2074,block_0592,PDDPoS,node_0168,12894.01,568.58,13462.59,self 20% + leftover
2075,block_0593,PDDPoS,node_0291,1986.0,46.24,2032.24,voter pd share
2076,block_0593,PDDPoS,node_0479,6389.0,207.97,6596.97,voter pd share
2077,block_0593,PDDPoS,node_0391,4939.0,178.49,5117.49,voter pd share
2078,block_0593,PDDPoS,node_0347,4218.0,276.29,4494.29,self 20% + leftover
2079,block_0594,PDDPoS,node_0304,4001.0,96.72,4097.72,voter pd share
2080,block_0594,PDDPoS,node_0315,8287.32,335.85,8623.17,voter pd share
2081,block_0594,PDDPoS,node_0217,6263.0,308.43,6571.43,self 20% + leftover
2082,block_0595,PDDPoS,node_0209,3726.85,68.6,3795.45,voter pd share
2083,block_0595,PDDPoS,node_0445,8658.28,143.66,8801.94,voter pd share
2084,block_0595,PDDPoS,node_0047,434.84,31.73,466.57,voter pd share
2085,block_0595,PDDPoS,node_0307,9611.42,374.02,9985.43,self 20% + leftover
2086,block_0596,PDDPoS,node_0413,10896.24,202.65,11098.89,voter pd share
2087,block_0596,PDDPoS,node_0249,4312.65,99.43,4412.08,voter pd share
2088,block_0596,PDDPoS,node_0430,3397.74,57.78,3455.52,voter pd share
2089,block_0596,PDDPoS,node_0309,4691.68,202.14,4893.82,self 20% + leftover
2090,block_0597,PDDPoS,node_0175,6294.34,125.96,6420.3,voter pd share
2091,block_0597,PDDPoS,node_0346,4401.97,80.53,4482.5,voter pd share
2092,block_0597,PDDPoS,node_0451,670.65,10.06,680.71,voter pd share
2093,block_0597,PDDPoS,node_0333,12940.15,384.44,13324.59,self 20% + leftover
2094,block_0598,PDDPoS,node_0447,12662.67,216.44,12879.1,voter pd share
2095,block_0598,PDDPoS,node_0365,10472.21,346.56,10818.77,self 20% + leftover
2096,block_0599,PDDPoS,node_0475,4009.97,51.43,4061.4,voter pd share
2097,block_0599,PDDPoS,node_0232,11641.32,327.63,11968.95,voter pd share
2098,block_0599,PDDPoS,node_0401,7817.16,281.94,8099.09,self 20% + leftover
2099,block_0600,PDDPoS,node_0283,1736.08,37.23,1773.3,voter pd share
2100,block_0600,PDDPoS,node_0373,9055.48,362.86,9418.34,voter pd share
2101,block_0600,PDDPoS,node_0171,9201.53,371.91,9573.44,self 20% + leftover
2102,block_0601,PDDPoS,node_0402,2836.01,34.66,2870.67,voter pd share
2103,block_0601,PDDPoS,node_0458,1293.15,4.87,1298.02,voter pd share
2104,block_0601,PDDPoS,node_0476,7902.58,143.16,8045.74,voter pd share
2105,block_0601,PDDPoS,node_0082,1469.18,34.08,1503.26,voter pd share
2106,block_0601,PDDPoS,node_0028,7108.27,119.53,7227.8,voter pd share
2107,block_0601,PDDPoS,node_0318,12533.81,217.81,12751.62,voter pd share
2108,block_0601,PDDPoS,node_0340,1103.72,156.89,1260.61,self 20% + leftover
2109,block_0602,PDDPoS,node_0170,7112.7,110.33,7223.03,voter pd share
2110,block_0602,PDDPoS,node_0106,12118.35,240.07,12358.42,voter pd share
2111,block_0602,PDDPoS,node_0416,14940.47,424.6,15365.07,self 20% + leftover
2112,block_0603,PDDPoS,node_0287,10939.28,132.3,11071.57,voter pd share
2113,block_0603,PDDPoS,node_0494,6497.0,90.19,6587.19,voter pd share
2114,block_0603,PDDPoS,node_0280,11020.8,196.98,11217.78,voter pd share
2115,block_0603,PDDPoS,node_0019,2097.8,153.53,2251.34,self 20% + leftover
2116,block_0604,PDDPoS,node_0140,10634.73,141.28,10776.01,voter pd share
2117,block_0604,PDDPoS,node_0085,6678.28,104.68,6782.96,voter pd share
2118,block_0604,PDDPoS,node_0405,10352.75,267.7,10620.45,voter pd share
2119,block_0604,PDDPoS,node_0335,2827.22,201.34,3028.56,self 20% + leftover
2120,block_0605,PDDPoS,node_0379,4619.0,149.42,4768.42,voter pd share
2121,block_0605,PDDPoS,node_0432,6952.51,203.97,7156.48,voter pd share
2122,block_0605,PDDPoS,node_0087,3380.0,200.62,3580.62,self 20% + leftover
2123,block_0606,PDDPoS,node_0426,11479.36,226.21,11705.57,voter pd share
2124,block_0606,PDDPoS,node_0472,13103.94,264.31,13368.25,voter pd share
2125,block_0606,PDDPoS,node_0489,6313.99,262.48,6576.47,self 20% + leftover
2126,block_0607,PDDPoS,node_0049,10427.4,113.23,10540.62,voter pd share
2127,block_0607,PDDPoS,node_0199,559.76,4.87,564.63,voter pd share
2128,block_0607,PDDPoS,node_0350,1381.75,43.37,1425.11,voter pd share
2129,block_0607,PDDPoS,node_0454,8087.68,175.62,8263.31,voter pd share
2130,block_0607,PDDPoS,node_0439,9590.65,292.92,9883.57,self 20% + leftover
2131,block_0608,PDDPoS,node_0470,8538.86,139.37,8678.22,voter pd share
2132,block_0608,PDDPoS,node_0111,13391.41,249.59,13641.0,voter pd share
2133,block_0608,PDDPoS,node_0456,8339.36,330.05,8669.41,self 20% + leftover
2134,block_0609,PDDPoS,node_0188,6089.98,113.28,6203.26,voter pd share
2135,block_0609,PDDPoS,node_0407,397.62,23.32,420.94,voter pd share
2136,block_0609,PDDPoS,node_0260,6501.61,125.79,6627.41,voter pd share
2137,block_0609,PDDPoS,node_0455,4121.84,110.74,4232.59,voter pd share
2138,block_0609,PDDPoS,node_0351,6151.84,159.01,6310.85,voter pd share
2139,block_0609,PDDPoS,node_0122,5239.46,245.85,5485.31,self 20% + leftover
2140,block_0610,PDDPoS,node_0163,2737.75,60.29,2798.04,voter pd share
2141,block_0610,PDDPoS,node_0466,5812.67,122.43,5935.09,voter pd share
2142,block_0610,PDDPoS,node_0238,13479.71,265.16,13744.87,voter pd share
2143,block_0610,PDDPoS,node_0487,6984.21,158.61,7142.81,voter pd share
2144,block_0610,PDDPoS,node_0242,1287.06,168.51,1455.57,self 20% + leftover
2145,block_0611,PDDPoS,node_0029,4152.25,66.3,4218.55,voter pd share
2146,block_0611,PDDPoS,node_0360,1445.62,46.81,1492.43,voter pd share
2147,block_0611,PDDPoS,node_0410,11328.64,260.98,11589.62,voter pd share
2148,block_0611,PDDPoS,node_0080,10865.52,401.92,11267.44,self 20% + leftover
2149,block_0612,PDDPoS,node_0007,3234.95,46.42,3281.37,voter pd share
2150,block_0612,PDDPoS,node_0474,5884.51,107.84,5992.35,voter pd share
2151,block_0612,PDDPoS,node_0112,1888.9,45.02,1933.92,voter pd share
2152,block_0612,PDDPoS,node_0310,3823.75,90.23,3913.98,voter pd share
2153,block_0612,PDDPoS,node_0137,8481.77,284.5,8766.27,self 20% + leftover
2154,block_0613,PDDPoS,node_0483,5402.0,172.41,5574.41,voter pd share
2155,block_0613,PDDPoS,node_0311,12109.88,472.59,12582.47,self 20% + leftover
2156,block_0614,PDDPoS,node_0099,599.81,19.75,619.56,voter pd share
2157,block_0614,PDDPoS,node_0030,14089.38,293.51,14382.9,voter pd share
2158,block_0614,PDDPoS,node_0033,508.24,0.77,509.02,voter pd share
2159,block_0614,PDDPoS,node_0241,7190.93,148.94,7339.87,voter pd share
2160,block_0614,PDDPoS,node_0282,7841.84,315.02,8156.86,self 20% + leftover
2161,block_0615,PDDPoS,node_0146,3066.68,99.06,3165.74,voter pd share
2162,block_0615,PDDPoS,node_0257,7982.52,178.99,8161.51,voter pd share
2163,block_0615,PDDPoS,node_0065,299.54,10.9,310.44,voter pd share
2164,block_0615,PDDPoS,node_0032,8944.57,444.05,9388.62,self 20% + leftover
2165,block_0616,PDDPoS,node_0500,6671.12,120.8,6791.92,voter pd share
2166,block_0616,PDDPoS,node_0105,3979.02,65.29,4044.31,voter pd share
2167,block_0616,PDDPoS,node_0157,9533.62,186.5,9720.12,voter pd share
2168,block_0616,PDDPoS,node_0213,10237.93,286.41,10524.33,self 20% + leftover
2169,block_0617,PDDPoS,node_0376,9524.66,135.26,9659.92,voter pd share
2170,block_0617,PDDPoS,node_0169,3148.39,83.76,3232.14,voter pd share
2171,block_0617,PDDPoS,node_0138,14394.81,420.99,14815.79,self 20% + leftover
2172,block_0618,PDDPoS,node_0192,14007.6,239.96,14247.56,voter pd share
2173,block_0618,PDDPoS,node_0248,12525.46,428.04,12953.49,self 20% + leftover
2174,block_0619,PDDPoS,node_0203,10721.37,237.45,10958.82,voter pd share
2175,block_0619,PDDPoS,node_0020,5891.83,120.97,6012.8,voter pd share
2176,block_0619,PDDPoS,node_0150,4303.19,114.08,4417.27,voter pd share
2177,block_0619,PDDPoS,node_0461,6168.41,303.5,6471.91,self 20% + leftover
2178,block_0620,PDDPoS,node_0191,9774.73,127.14,9901.87,voter pd share
2179,block_0620,PDDPoS,node_0395,2069.74,60.87,2130.61,voter pd share
2180,block_0620,PDDPoS,node_0185,6088.58,141.33,6229.91,voter pd share
2181,block_0620,PDDPoS,node_0440,9407.95,315.66,9723.61,self 20% + leftover
2182,block_0621,PDDPoS,node_0460,6919.9,85.98,7005.88,voter pd share
2183,block_0621,PDDPoS,node_0329,5885.85,99.79,5985.64,voter pd share
2184,block_0621,PDDPoS,node_0314,2955.49,58.83,3014.32,voter pd share
2185,block_0621,PDDPoS,node_0484,11871.55,301.4,12172.94,self 20% + leftover
2186,block_0622,PDDPoS,node_0421,9009.13,205.61,9214.73,voter pd share
2187,block_0622,PDDPoS,node_0268,5773.62,121.15,5894.77,voter pd share
2188,block_0622,PDDPoS,node_0375,11132.75,449.24,11581.99,self 20% + leftover
2189,block_0623,PDDPoS,node_0172,8919.93,117.93,9037.86,voter pd share
2190,block_0623,PDDPoS,node_0125,3472.75,65.88,3538.63,voter pd share
2191,block_0623,PDDPoS,node_0444,13647.55,353.19,14000.74,self 20% + leftover
2192,block_0624,PDDPoS,node_0366,5704.03,89.93,5793.96,voter pd share
2193,block_0624,PDDPoS,node_0094,10064.98,220.07,10285.05,voter pd share
2194,block_0624,PDDPoS,node_0295,8957.76,343.0,9300.76,self 20% + leftover
2195,block_0625,PDDPoS,node_0158,9498.76,197.36,9696.12,voter pd share
2196,block_0625,PDDPoS,node_0152,2028.26,77.35,2105.61,voter pd share
2197,block_0625,PDDPoS,node_0086,1892.24,78.84,1971.09,voter pd share
2198,block_0625,PDDPoS,node_0245,853.36,48.02,901.38,voter pd share
2199,block_0625,PDDPoS,node_0092,3884.61,199.43,4084.04,self 20% + leftover
2200,block_0626,PDDPoS,node_0316,10044.42,257.48,10301.9,voter pd share
2201,block_0626,PDDPoS,node_0262,7590.45,449.52,8039.97,self 20% + leftover
2202,block_0627,PDDPoS,node_0126,681.17,6.95,688.13,voter pd share
2203,block_0627,PDDPoS,node_0001,1793.3,31.94,1825.24,voter pd share
2204,block_0627,PDDPoS,node_0097,12157.15,312.56,12469.71,voter pd share
2205,block_0627,PDDPoS,node_0330,10529.24,292.55,10821.79,self 20% + leftover
2206,block_0628,PDDPoS,node_0056,11857.92,262.94,12120.86,voter pd share
2207,block_0628,PDDPoS,node_0371,14051.97,457.06,14509.03,self 20% + leftover
2208,block_0629,PDDPoS,node_0147,10449.39,260.72,10710.11,voter pd share
2209,block_0629,PDDPoS,node_0096,4564.92,167.73,4732.65,voter pd share
2210,block_0629,PDDPoS,node_0428,6727.09,346.55,7073.65,self 20% + leftover
2211,block_0630,PDDPoS,node_0380,6501.64,123.48,6625.11,voter pd share
2212,block_0630,PDDPoS,node_0358,13142.72,457.22,13599.93,voter pd share
2213,block_0630,PDDPoS,node_0299,1429.32,192.31,1621.63,self 20% + leftover
2214,block_0631,PDDPoS,node_0382,400.87,32.48,433.35,voter pd share
2215,block_0631,PDDPoS,node_0197,5975.88,127.88,6103.77,voter pd share
2216,block_0631,PDDPoS,node_0070,1240.86,9.51,1250.36,voter pd share
2217,block_0631,PDDPoS,node_0079,3350.17,106.29,3456.46,voter pd share
2218,block_0631,PDDPoS,node_0343,13891.58,480.83,14372.41,self 20% + leftover
2219,block_0632,PDDPoS,node_0378,2333.77,41.56,2375.33,voter pd share
2220,block_0632,PDDPoS,node_0387,7978.81,162.59,8141.4,voter pd share
2221,block_0632,PDDPoS,node_0168,13090.59,567.85,13658.44,self 20% + leftover
2222,block_0633,PDDPoS,node_0291,1682.24,34.96,1717.19,voter pd share
2223,block_0633,PDDPoS,node_0479,6489.97,157.23,6647.2,voter pd share
2224,block_0633,PDDPoS,node_0391,5363.49,134.94,5498.44,voter pd share
2225,block_0633,PDDPoS,node_0347,3984.29,208.88,4193.17,self 20% + leftover
2226,block_0634,PDDPoS,node_0304,3678.72,92.41,3771.14,voter pd share
2227,block_0634,PDDPoS,node_0315,8391.17,320.89,8712.06,voter pd share
2228,block_0634,PDDPoS,node_0217,6277.43,294.69,6572.12,self 20% + leftover
2229,block_0635,PDDPoS,node_0209,4060.45,58.5,4118.95,voter pd share
2230,block_0635,PDDPoS,node_0445,9240.94,122.5,9363.44,voter pd share
2231,block_0635,PDDPoS,node_0047,514.57,27.06,541.63,voter pd share
2232,block_0635,PDDPoS,node_0307,9598.43,318.94,9917.38,self 20% + leftover
2233,block_0636,PDDPoS,node_0413,10756.89,263.23,11020.12,voter pd share
2234,block_0636,PDDPoS,node_0249,4370.08,129.15,4499.23,voter pd share
2235,block_0636,PDDPoS,node_0430,2923.52,75.05,2998.57,voter pd share
2236,block_0636,PDDPoS,node_0309,4788.82,262.56,5051.38,self 20% + leftover
2237,block_0637,PDDPoS,node_0175,6494.3,140.64,6634.94,voter pd share
2238,block_0637,PDDPoS,node_0346,4192.5,89.91,4282.42,voter pd share
2239,block_0637,PDDPoS,node_0451,256.71,11.23,267.94,voter pd share
2240,block_0637,PDDPoS,node_0333,13230.59,429.22,13659.81,self 20% + leftover
2241,block_0638,PDDPoS,node_0447,12868.1,264.87,13132.98,voter pd share
2242,block_0638,PDDPoS,node_0365,10677.77,424.13,11101.9,self 20% + leftover
2243,block_0639,PDDPoS,node_0475,3507.4,47.93,3555.32,voter pd share
2244,block_0639,PDDPoS,node_0232,11360.95,305.33,11666.28,voter pd share
2245,block_0639,PDDPoS,node_0401,8297.09,262.74,8559.83,self 20% + leftover
2246,block_0640,PDDPoS,node_0283,2037.3,37.23,2074.53,voter pd share
2247,block_0640,PDDPoS,node_0373,9162.34,362.86,9525.21,voter pd share
2248,block_0640,PDDPoS,node_0171,9991.44,371.91,10363.35,self 20% + leftover
2249,block_0641,PDDPoS,node_0402,2809.67,31.49,2841.16,voter pd share
2250,block_0641,PDDPoS,node_0458,1392.02,4.42,1396.44,voter pd share
2251,block_0641,PDDPoS,node_0476,7640.74,130.07,7770.81,voter pd share
2252,block_0641,PDDPoS,node_0082,1567.26,30.97,1598.23,voter pd share
2253,block_0641,PDDPoS,node_0028,6839.8,108.6,6948.41,voter pd share
2254,block_0641,PDDPoS,node_0318,12268.62,197.9,12466.52,voter pd share
2255,block_0641,PDDPoS,node_0340,1274.61,142.55,1417.16,self 20% + leftover
2256,block_0642,PDDPoS,node_0170,6968.03,99.94,7067.96,voter pd share
2257,block_0642,PDDPoS,node_0106,12164.42,217.46,12381.88,voter pd share
2258,block_0642,PDDPoS,node_0416,15514.07,384.61,15898.67,self 20% + leftover
2259,block_0643,PDDPoS,node_0287,10700.57,161.62,10862.19,voter pd share
2260,block_0643,PDDPoS,node_0494,6716.19,110.18,6826.37,voter pd share
2261,block_0643,PDDPoS,node_0280,11201.78,240.64,11442.42,voter pd share
2262,block_0643,PDDPoS,node_0019,2477.34,187.56,2664.9,self 20% + leftover
2263,block_0644,PDDPoS,node_0140,10828.01,138.12,10966.13,voter pd share
2264,block_0644,PDDPoS,node_0085,6977.96,102.34,7080.31,voter pd share
2265,block_0644,PDDPoS,node_0405,10520.45,261.71,10782.16,voter pd share
2266,block_0644,PDDPoS,node_0335,2946.56,196.83,3143.39,self 20% + leftover
2267,block_0645,PDDPoS,node_0379,4857.42,208.48,5065.89,voter pd share
2268,block_0645,PDDPoS,node_0432,7237.48,284.6,7522.08,voter pd share
2269,block_0645,PDDPoS,node_0087,3426.62,279.92,3706.54,self 20% + leftover
2270,block_0646,PDDPoS,node_0426,11168.57,167.63,11336.19,voter pd share
2271,block_0646,PDDPoS,node_0472,13481.25,195.87,13677.12,voter pd share
2272,block_0646,PDDPoS,node_0489,6259.47,194.51,6453.97,self 20% + leftover
2273,block_0647,PDDPoS,node_0049,10545.62,102.8,10648.42,voter pd share
2274,block_0647,PDDPoS,node_0199,340.63,4.42,345.05,voter pd share
2275,block_0647,PDDPoS,node_0350,728.11,39.38,767.49,voter pd share
2276,block_0647,PDDPoS,node_0454,7977.31,159.46,8136.76,voter pd share
2277,block_0647,PDDPoS,node_0439,9736.57,265.95,10002.52,self 20% + leftover
2278,block_0648,PDDPoS,node_0470,8192.22,113.39,8305.61,voter pd share
2279,block_0648,PDDPoS,node_0111,13509.0,203.07,13712.07,voter pd share
2280,block_0648,PDDPoS,node_0456,8747.41,268.54,9015.95,self 20% + leftover
2281,block_0649,PDDPoS,node_0188,6344.26,100.03,6444.29,voter pd share
2282,block_0649,PDDPoS,node_0407,643.94,20.59,664.53,voter pd share
2283,block_0649,PDDPoS,node_0260,7116.41,111.08,7227.49,voter pd share
2284,block_0649,PDDPoS,node_0455,4199.59,97.79,4297.38,voter pd share
2285,block_0649,PDDPoS,node_0351,6861.85,140.41,7002.26,voter pd share
2286,block_0649,PDDPoS,node_0122,5420.31,217.1,5637.41,self 20% + leftover
2287,block_0650,PDDPoS,node_0163,2538.04,57.18,2595.22,voter pd share
2288,block_0650,PDDPoS,node_0466,5743.09,116.11,5859.2,voter pd share
2289,block_0650,PDDPoS,node_0238,14354.87,251.48,14606.35,voter pd share
2290,block_0650,PDDPoS,node_0487,7061.81,150.42,7212.23,voter pd share
2291,block_0650,PDDPoS,node_0242,1328.57,159.81,1488.39,self 20% + leftover
2292,block_0651,PDDPoS,node_0029,4409.55,46.22,4455.77,voter pd share
2293,block_0651,PDDPoS,node_0360,1576.43,32.63,1609.06,voter pd share
2294,block_0651,PDDPoS,node_0410,11940.62,181.94,12122.57,voter pd share
2295,block_0651,PDDPoS,node_0080,11115.44,280.2,11395.64,self 20% + leftover
2296,block_0652,PDDPoS,node_0007,3647.37,43.99,3691.36,voter pd share
2297,block_0652,PDDPoS,node_0474,6098.35,102.2,6200.55,voter pd share
2298,block_0652,PDDPoS,node_0112,1374.92,42.67,1417.59,voter pd share
2299,block_0652,PDDPoS,node_0310,3772.98,85.51,3858.49,voter pd share
2300,block_0652,PDDPoS,node_0137,8524.27,269.63,8793.9,self 20% + leftover
2301,block_0653,PDDPoS,node_0483,5695.41,197.8,5893.21,voter pd share
2302,block_0653,PDDPoS,node_0311,12783.47,542.2,13325.66,self 20% + leftover
2303,block_0654,PDDPoS,node_0099,1081.56,16.53,1098.09,voter pd share
2304,block_0654,PDDPoS,node_0030,14327.9,245.6,14573.5,voter pd share
2305,block_0654,PDDPoS,node_0033,561.02,0.65,561.66,voter pd share
2306,block_0654,PDDPoS,node_0241,7489.87,124.63,7614.49,voter pd share
2307,block_0654,PDDPoS,node_0282,8193.86,263.6,8457.46,self 20% + leftover
2308,block_0655,PDDPoS,node_0146,2680.74,72.16,2752.9,voter pd share
2309,block_0655,PDDPoS,node_0257,8423.51,130.39,8553.9,voter pd share
2310,block_0655,PDDPoS,node_0065,531.44,7.94,539.38,voter pd share
2311,block_0655,PDDPoS,node_0032,9243.62,323.5,9567.12,self 20% + leftover
2312,block_0656,PDDPoS,node_0376,9643.92,144.98,9788.9,voter pd share
2313,block_0656,PDDPoS,node_0169,3223.14,89.78,3312.92,voter pd share
2314,block_0656,PDDPoS,node_0138,15075.79,451.24,15527.04,self 20% + leftover
2315,block_0657,PDDPoS,node_0376,9788.9,163.79,9952.69,voter pd share
2316,block_0657,PDDPoS,node_0169,3384.92,101.42,3486.34,voter pd share
2317,block_0657,PDDPoS,node_0138,15545.04,509.79,16054.82,self 20% + leftover
2318,block_0658,PDDPoS,node_0192,14639.56,270.5,14910.06,voter pd share
2319,block_0658,PDDPoS,node_0248,12480.49,482.5,12963.0,self 20% + leftover
2320,block_0659,PDDPoS,node_0203,10689.82,168.3,10858.11,voter pd share
2321,block_0659,PDDPoS,node_0020,6035.8,85.74,6121.54,voter pd share
2322,block_0659,PDDPoS,node_0150,4150.27,80.85,4231.13,voter pd share
2323,block_0659,PDDPoS,node_0461,6551.91,215.11,6767.02,self 20% + leftover
2324,block_0660,PDDPoS,node_0191,10018.87,152.96,10171.84,voter pd share
2325,block_0660,PDDPoS,node_0395,1983.61,73.23,2056.85,voter pd share
2326,block_0660,PDDPoS,node_0185,6179.91,170.03,6349.94,voter pd share
2327,block_0660,PDDPoS,node_0440,9927.61,379.77,10307.38,self 20% + leftover
2328,block_0661,PDDPoS,node_0460,7189.88,88.82,7278.7,voter pd share
2329,block_0661,PDDPoS,node_0329,6035.64,103.08,6138.72,voter pd share
2330,block_0661,PDDPoS,node_0314,3050.32,60.76,3111.08,voter pd share
2331,block_0661,PDDPoS,node_0484,12372.94,311.33,12684.28,self 20% + leftover
2332,block_0662,PDDPoS,node_0421,9141.73,164.01,9305.74,voter pd share
2333,block_0662,PDDPoS,node_0268,6320.77,96.64,6417.41,voter pd share
2334,block_0662,PDDPoS,node_0375,11929.99,358.35,12288.35,self 20% + leftover
2335,block_0663,PDDPoS,node_0172,9403.86,139.45,9543.31,voter pd share
2336,block_0663,PDDPoS,node_0125,3348.63,77.9,3426.53,voter pd share
2337,block_0663,PDDPoS,node_0444,14327.74,417.65,14745.39,self 20% + leftover
2338,block_0664,PDDPoS,node_0366,5955.96,72.58,6028.54,voter pd share
2339,block_0664,PDDPoS,node_0094,10106.05,177.6,10283.65,voter pd share
2340,block_0664,PDDPoS,node_0295,9331.76,276.82,9608.58,self 20% + leftover
2341,block_0665,PDDPoS,node_0158,9489.12,202.61,9691.73,voter pd share
2342,block_0665,PDDPoS,node_0152,2220.61,79.41,2300.02,voter pd share
2343,block_0665,PDDPoS,node_0086,1714.09,80.94,1795.03,voter pd share
2344,block_0665,PDDPoS,node_0245,1034.38,49.3,1083.67,voter pd share
2345,block_0665,PDDPoS,node_0092,4225.04,204.74,4429.79,self 20% + leftover
2346,block_0666,PDDPoS,node_0316,10535.9,244.01,10779.91,voter pd share
2347,block_0666,PDDPoS,node_0262,8406.97,425.99,8832.97,self 20% + leftover
2348,block_0667,PDDPoS,node_0126,394.13,5.73,399.86,voter pd share
2349,block_0667,PDDPoS,node_0001,1828.24,26.34,1854.58,voter pd share
2350,block_0667,PDDPoS,node_0097,12614.71,257.72,12872.43,voter pd share
2351,block_0667,PDDPoS,node_0330,10568.79,241.22,10810.0,self 20% + leftover
2352,block_0668,PDDPoS,node_0056,12246.86,199.39,12446.25,voter pd share
2353,block_0668,PDDPoS,node_0371,13903.03,346.61,14249.64,self 20% + leftover
2354,block_0669,PDDPoS,node_0147,10889.11,233.47,11122.58,voter pd share
2355,block_0669,PDDPoS,node_0096,4192.65,150.2,4342.85,voter pd share
2356,block_0669,PDDPoS,node_0428,6887.65,310.33,7197.98,self 20% + leftover
2357,block_0670,PDDPoS,node_0380,6559.11,120.28,6679.4,voter pd share
2358,block_0670,PDDPoS,node_0358,13442.93,445.39,13888.32,voter pd share
2359,block_0670,PDDPoS,node_0299,1962.63,187.33,2149.96,self 20% + leftover
2360,block_0671,PDDPoS,node_0382,202.35,23.99,226.34,voter pd share
2361,block_0671,PDDPoS,node_0197,5375.77,94.44,5470.2,voter pd share
2362,block_0671,PDDPoS,node_0070,1248.36,7.02,1255.38,voter pd share
2363,block_0671,PDDPoS,node_0079,3457.46,78.49,3535.95,voter pd share
2364,block_0671,PDDPoS,node_0343,14377.41,355.07,14732.48,self 20% + leftover
2365,block_0672,PDDPoS,node_0378,2205.33,35.26,2240.6,voter pd share
2366,block_0672,PDDPoS,node_0387,8230.4,137.95,8368.35,voter pd share
2367,block_0672,PDDPoS,node_0168,13241.44,481.79,13723.23,self 20% + leftover
2368,block_0673,PDDPoS,node_0291,2079.19,50.28,2129.48,voter pd share
2369,block_0673,PDDPoS,node_0479,6482.2,226.16,6708.36,voter pd share
2370,block_0673,PDDPoS,node_0391,5606.44,194.1,5800.54,voter pd share
2371,block_0673,PDDPoS,node_0347,4116.17,300.45,4416.62,self 20% + leftover
2372,block_0674,PDDPoS,node_0304,3571.14,82.62,3653.76,voter pd share
2373,block_0674,PDDPoS,node_0315,8369.06,286.9,8655.96,voter pd share
2374,block_0674,PDDPoS,node_0217,6336.12,263.47,6599.6,self 20% + leftover
2375,block_0675,PDDPoS,node_0209,4384.95,73.37,4458.33,voter pd share
2376,block_0675,PDDPoS,node_0445,8937.44,153.65,9091.09,voter pd share
2377,block_0675,PDDPoS,node_0047,542.63,33.94,576.56,voter pd share
2378,block_0675,PDDPoS,node_0307,9773.38,400.04,10173.41,self 20% + leftover
2379,block_0676,PDDPoS,node_0413,10650.12,193.28,10843.4,voter pd share
2380,block_0676,PDDPoS,node_0249,4252.23,94.83,4347.06,voter pd share
2381,block_0676,PDDPoS,node_0430,2904.57,55.11,2959.68,voter pd share
2382,block_0676,PDDPoS,node_0309,4908.38,192.79,5101.17,self 20% + leftover
2383,block_0677,PDDPoS,node_0175,6682.94,149.02,6831.96,voter pd share
2384,block_0677,PDDPoS,node_0346,4117.42,95.27,4212.69,voter pd share
2385,block_0677,PDDPoS,node_0451,38.94,11.9,50.84,voter pd share
2386,block_0677,PDDPoS,node_0333,14075.81,454.81,14530.62,self 20% + leftover
2387,block_0678,PDDPoS,node_0475,3518.32,45.13,3563.45,voter pd share
2388,block_0678,PDDPoS,node_0232,12068.28,287.49,12355.77,voter pd share
2389,block_0678,PDDPoS,node_0401,8418.83,247.39,8666.22,self 20% + leftover
2390,block_0679,PDDPoS,node_0475,3586.45,41.63,3628.08,voter pd share
2391,block_0679,PDDPoS,node_0232,12355.77,265.18,12620.95,voter pd share
2392,block_0679,PDDPoS,node_0401,8708.22,228.19,8936.42,self 20% + leftover
2393,block_0680,PDDPoS,node_0283,2410.53,32.79,2443.32,voter pd share
2394,block_0680,PDDPoS,node_0373,9547.21,319.62,9866.83,voter pd share
2395,block_0680,PDDPoS,node_0171,9810.35,327.59,10137.94,self 20% + leftover
2396,block_0681,PDDPoS,node_0402,3004.16,26.42,3030.57,voter pd share
2397,block_0681,PDDPoS,node_0458,1145.44,3.71,1149.14,voter pd share
2398,block_0681,PDDPoS,node_0476,8198.81,109.13,8307.95,voter pd share
2399,block_0681,PDDPoS,node_0082,1645.23,25.98,1671.21,voter pd share
2400,block_0681,PDDPoS,node_0028,7372.41,91.12,7463.52,voter pd share
2401,block_0681,PDDPoS,node_0318,12481.52,166.04,12647.56,voter pd share
2402,block_0681,PDDPoS,node_0340,1720.16,119.6,1839.76,self 20% + leftover
2403,block_0682,PDDPoS,node_0170,6322.96,84.28,6407.24,voter pd share
2404,block_0682,PDDPoS,node_0106,12126.88,183.38,12310.27,voter pd share
2405,block_0682,PDDPoS,node_0416,15988.67,324.34,16313.01,self 20% + leftover
2406,block_0683,PDDPoS,node_0287,11148.19,143.61,11291.8,voter pd share
2407,block_0683,PDDPoS,node_0494,6852.37,97.9,6950.27,voter pd share
2408,block_0683,PDDPoS,node_0280,11783.42,213.83,11997.25,voter pd share
2409,block_0683,PDDPoS,node_0019,2559.9,166.66,2726.56,self 20% + leftover
2410,block_0684,PDDPoS,node_0140,10283.13,152.54,10435.67,voter pd share
2411,block_0684,PDDPoS,node_0085,6975.31,113.03,7088.34,voter pd share
2412,block_0684,PDDPoS,node_0405,10862.16,289.04,11151.2,voter pd share
2413,block_0684,PDDPoS,node_0335,3288.39,217.39,3505.77,self 20% + leftover
2414,block_0685,PDDPoS,node_0379,4889.89,209.02,5098.91,voter pd share
2415,block_0685,PDDPoS,node_0432,7355.08,285.34,7640.41,voter pd share
2416,block_0685,PDDPoS,node_0087,4087.54,280.64,4368.18,self 20% + leftover
2417,block_0686,PDDPoS,node_0426,11582.19,171.83,11754.02,voter pd share
2418,block_0686,PDDPoS,node_0472,13424.12,200.78,13624.9,voter pd share
2419,block_0686,PDDPoS,node_0489,6576.97,199.39,6776.36,self 20% + leftover
2420,block_0687,PDDPoS,node_0049,10712.42,135.51,10847.93,voter pd share
2421,block_0687,PDDPoS,node_0199,681.05,5.83,686.87,voter pd share
2422,block_0687,PDDPoS,node_0350,1113.49,51.9,1165.39,voter pd share
2423,block_0687,PDDPoS,node_0454,8121.76,210.19,8331.96,voter pd share
2424,block_0687,PDDPoS,node_0439,10322.52,350.57,10673.09,self 20% + leftover
2425,block_0688,PDDPoS,node_0470,8241.61,110.87,8352.49,voter pd share
2426,block_0688,PDDPoS,node_0111,13676.07,198.56,13874.63,voter pd share
2427,block_0688,PDDPoS,node_0456,9076.95,262.57,9339.52,self 20% + leftover
2428,block_0689,PDDPoS,node_0188,6555.29,92.89,6648.18,voter pd share
2429,block_0689,PDDPoS,node_0407,472.53,19.12,491.65,voter pd share
2430,block_0689,PDDPoS,node_0260,7209.49,103.16,7312.64,voter pd share
2431,block_0689,PDDPoS,node_0455,4122.38,90.82,4213.19,voter pd share
2432,block_0689,PDDPoS,node_0351,6956.26,130.4,7086.66,voter pd share
2433,block_0689,PDDPoS,node_0122,5590.41,201.61,5792.02,self 20% + leftover
2434,block_0690,PDDPoS,node_0163,2664.22,54.54,2718.76,voter pd share
2435,block_0690,PDDPoS,node_0466,5983.2,110.74,6093.94,voter pd share
2436,block_0690,PDDPoS,node_0238,14440.35,239.84,14680.19,voter pd share
2437,block_0690,PDDPoS,node_0487,7239.23,143.46,7382.7,voter pd share
2438,block_0690,PDDPoS,node_0242,1301.39,152.42,1453.81,self 20% + leftover
2439,block_0691,PDDPoS,node_0029,4489.77,57.5,4547.27,voter pd share
2440,block_0691,PDDPoS,node_0360,900.06,40.59,940.66,voter pd share
2441,block_0691,PDDPoS,node_0410,12242.57,226.34,12468.9,voter pd share
2442,block_0691,PDDPoS,node_0080,11516.64,348.57,11865.21,self 20% + leftover
2443,block_0692,PDDPoS,node_0007,3836.36,48.6,3884.96,voter pd share
2444,block_0692,PDDPoS,node_0474,6296.55,112.91,6409.46,voter pd share
2445,block_0692,PDDPoS,node_0112,1234.59,47.14,1281.72,voter pd share
2446,block_0692,PDDPoS,node_0310,3855.49,94.47,3949.96,voter pd share
2447,block_0692,PDDPoS,node_0137,8664.9,297.88,8962.78,self 20% + leftover
2448,block_0693,PDDPoS,node_0483,5334.21,203.68,5537.9,voter pd share
2449,block_0693,PDDPoS,node_0311,13045.66,558.32,13603.98,self 20% + leftover
2450,block_0694,PDDPoS,node_0099,645.09,19.6,664.69,voter pd share
2451,block_0694,PDDPoS,node_0030,14697.5,291.25,14988.75,voter pd share
2452,block_0694,PDDPoS,node_0033,826.66,0.77,827.43,voter pd share
2453,block_0694,PDDPoS,node_0241,7281.49,147.79,7429.28,voter pd share
2454,block_0694,PDDPoS,node_0282,8402.46,312.6,8715.06,self 20% + leftover
2455,block_0695,PDDPoS,node_0146,2238.9,104.33,2343.23,voter pd share
2456,block_0695,PDDPoS,node_0257,8861.9,188.51,9050.41,voter pd share
2457,block_0695,PDDPoS,node_0065,403.38,11.48,414.87,voter pd share
2458,block_0695,PDDPoS,node_0032,10140.12,467.68,10607.8,self 20% + leftover
2459,block_0696,PDDPoS,node_0265,7967.23,217.85,8185.09,voter pd share
2460,block_0696,PDDPoS,node_0374,9424.23,326.61,9750.83,voter pd share
2461,block_0696,PDDPoS,node_0404,461.0,140.54,601.54,self 20% + leftover
2462,block_0697,PDDPoS,node_0376,9749.69,163.58,9913.27,voter pd share
2463,block_0697,PDDPoS,node_0169,3652.34,101.29,3753.64,voter pd share
2464,block_0697,PDDPoS,node_0138,15947.82,509.13,16456.95,self 20% + leftover
2465,block_0698,PDDPoS,node_0192,14670.06,253.97,14924.03,voter pd share
2466,block_0698,PDDPoS,node_0248,13365.0,453.03,13818.03,self 20% + leftover
2467,block_0699,PDDPoS,node_0203,10346.11,235.31,10581.42,voter pd share
2468,block_0699,PDDPoS,node_0020,6317.54,119.88,6437.43,voter pd share
2469,block_0699,PDDPoS,node_0150,4076.13,113.05,4189.17,voter pd share
2470,block_0699,PDDPoS,node_0461,6784.02,300.76,7084.78,self 20% + leftover
2471,block_0700,PDDPoS,node_0191,10108.84,151.78,10260.62,voter pd share
2472,block_0700,PDDPoS,node_0395,2195.85,72.67,2268.52,voter pd share
2473,block_0700,PDDPoS,node_0185,6267.94,168.72,6436.65,voter pd share
2474,block_0700,PDDPoS,node_0440,10698.38,376.83,11075.21,self 20% + leftover
2475,block_0701,PDDPoS,node_0460,7209.7,110.71,7320.41,voter pd share
2476,block_0701,PDDPoS,node_0329,6137.72,128.49,6266.21,voter pd share
2477,block_0701,PDDPoS,node_0314,2663.08,75.74,2738.82,voter pd share
2478,block_0701,PDDPoS,node_0484,12042.28,388.06,12430.34,self 20% + leftover
2479,block_0702,PDDPoS,node_0421,8788.74,204.81,8993.56,voter pd share
2480,block_0702,PDDPoS,node_0268,6846.41,120.68,6967.09,voter pd share
2481,block_0702,PDDPoS,node_0375,11860.35,447.51,12307.85,self 20% + leftover
2482,block_0703,PDDPoS,node_0172,9739.31,120.34,9859.65,voter pd share
2483,block_0703,PDDPoS,node_0125,3337.53,67.23,3404.76,voter pd share
2484,block_0703,PDDPoS,node_0444,14966.39,360.43,15326.82,self 20% + leftover
2485,block_0704,PDDPoS,node_0366,5706.54,106.46,5813.0,voter pd share
2486,block_0704,PDDPoS,node_0094,10434.65,260.51,10695.16,voter pd share
2487,block_0704,PDDPoS,node_0295,9313.58,406.04,9719.62,self 20% + leftover
2488,block_0705,PDDPoS,node_0158,9519.73,192.1,9711.83,voter pd share
2489,block_0705,PDDPoS,node_0152,2077.02,75.29,2152.31,voter pd share
2490,block_0705,PDDPoS,node_0086,1745.03,76.74,1821.77,voter pd share
2491,block_0705,PDDPoS,node_0245,1575.67,46.74,1622.41,voter pd share
2492,block_0705,PDDPoS,node_0092,3782.79,194.12,3976.91,self 20% + leftover
2493,block_0706,PDDPoS,node_0316,11063.91,282.97,11346.88,voter pd share
2494,block_0706,PDDPoS,node_0262,8320.97,494.03,8814.99,self 20% + leftover
2495,block_0707,PDDPoS,node_0126,574.86,8.23,583.08,voter pd share
2496,block_0707,PDDPoS,node_0001,1521.58,37.79,1559.37,voter pd share
2497,block_0707,PDDPoS,node_0097,13119.43,369.83,13489.26,voter pd share
2498,block_0707,PDDPoS,node_0330,10448.0,346.15,10794.15,self 20% + leftover
2499,block_0708,PDDPoS,node_0056,12085.25,221.67,12306.92,voter pd share
2500,block_0708,PDDPoS,node_0371,14101.64,385.33,14486.97,self 20% + leftover
2501,block_0709,PDDPoS,node_0147,10651.58,211.27,10862.84,voter pd share
2502,block_0709,PDDPoS,node_0096,4199.85,135.91,4335.76,voter pd share
2503,block_0709,PDDPoS,node_0428,7043.98,280.82,7324.8,self 20% + leftover
2504,block_0710,PDDPoS,node_0380,6326.4,87.06,6413.45,voter pd share
2505,block_0710,PDDPoS,node_0358,13443.32,322.36,13765.68,voter pd share
2506,block_0710,PDDPoS,node_0299,1994.96,135.58,2130.54,self 20% + leftover
2507,block_0711,PDDPoS,node_0382,252.34,29.35,281.69,voter pd share
2508,block_0711,PDDPoS,node_0197,5469.2,115.55,5584.75,voter pd share
2509,block_0711,PDDPoS,node_0070,987.38,8.59,995.97,voter pd share
2510,block_0711,PDDPoS,node_0079,3589.95,96.04,3685.99,voter pd share
2511,block_0711,PDDPoS,node_0343,15285.48,434.47,15719.95,self 20% + leftover
2512,block_0712,PDDPoS,node_0378,1996.6,41.78,2038.37,voter pd share
2513,block_0712,PDDPoS,node_0387,8007.35,163.43,8170.78,voter pd share
2514,block_0712,PDDPoS,node_0168,13399.23,570.79,13970.02,self 20% + leftover
2515,block_0713,PDDPoS,node_0291,2210.48,44.48,2254.96,voter pd share
2516,block_0713,PDDPoS,node_0479,6517.36,200.05,6717.41,voter pd share
2517,block_0713,PDDPoS,node_0391,5429.54,171.7,5601.24,voter pd share
2518,block_0713,PDDPoS,node_0347,5259.62,265.77,5525.39,self 20% + leftover
2519,block_0714,PDDPoS,node_0304,3892.76,86.41,3979.17,voter pd share
2520,block_0714,PDDPoS,node_0315,8250.96,300.04,8551.01,voter pd share
2521,block_0714,PDDPoS,node_0217,6654.6,275.55,6930.14,self 20% + leftover
2522,block_0715,PDDPoS,node_0209,4193.33,69.05,4262.37,voter pd share
2523,block_0715,PDDPoS,node_0445,9028.09,144.59,9172.67,voter pd share
2524,block_0715,PDDPoS,node_0047,276.56,31.93,308.49,voter pd share
2525,block_0715,PDDPoS,node_0307,9895.41,376.44,10271.85,self 20% + leftover
2526,block_0716,PDDPoS,node_0413,10758.4,280.18,11038.58,voter pd share
2527,block_0716,PDDPoS,node_0249,3930.06,137.47,4067.53,voter pd share
2528,block_0716,PDDPoS,node_0430,2843.68,79.88,2923.56,voter pd share
2529,block_0716,PDDPoS,node_0309,4936.17,279.47,5215.64,self 20% + leftover
2530,block_0717,PDDPoS,node_0175,6864.96,163.06,7028.02,voter pd share
2531,block_0717,PDDPoS,node_0346,4721.69,104.25,4825.95,voter pd share
2532,block_0717,PDDPoS,node_0451,112.84,13.02,125.86,voter pd share
2533,block_0717,PDDPoS,node_0333,15012.62,497.66,15510.28,self 20% + leftover
2534,block_0718,PDDPoS,node_0089,328.42,1.29,329.72,voter pd share
2535,block_0718,PDDPoS,node_0367,4642.0,65.5,4707.5,voter pd share
2536,block_0718,PDDPoS,node_0184,798.0,7.51,805.51,voter pd share
2537,block_0718,PDDPoS,node_0128,7699.0,263.47,7962.47,voter pd share
2538,block_0718,PDDPoS,node_0443,4601.19,257.22,4858.4,self 20% + leftover
2539,block_0719,PDDPoS,node_0475,4203.08,60.38,4263.45,voter pd share
2540,block_0719,PDDPoS,node_0232,12228.95,384.64,12613.58,voter pd share
2541,block_0719,PDDPoS,node_0401,8611.42,330.99,8942.4,self 20% + leftover
2542,block_0720,PDDPoS,node_0283,2166.32,28.02,2194.34,voter pd share
2543,block_0720,PDDPoS,node_0373,10098.83,273.09,10371.91,voter pd share
2544,block_0720,PDDPoS,node_0171,9895.94,279.9,10175.83,self 20% + leftover
2545,block_0721,PDDPoS,node_0402,2850.57,37.82,2888.4,voter pd share
2546,block_0721,PDDPoS,node_0458,577.14,5.31,582.45,voter pd share
2547,block_0721,PDDPoS,node_0476,9033.95,156.25,9190.2,voter pd share
2548,block_0721,PDDPoS,node_0082,1223.21,37.2,1260.41,voter pd share
2549,block_0721,PDDPoS,node_0028,7805.52,130.46,7935.98,voter pd share
2550,block_0721,PDDPoS,node_0318,12349.56,237.72,12587.28,voter pd share
2551,block_0721,PDDPoS,node_0340,1604.76,171.23,1776.0,self 20% + leftover
2552,block_0722,PDDPoS,node_0170,6263.24,110.33,6373.56,voter pd share
2553,block_0722,PDDPoS,node_0106,11968.27,240.07,12208.34,voter pd share
2554,block_0722,PDDPoS,node_0416,16141.01,424.6,16565.61,self 20% + leftover
2555,block_0723,PDDPoS,node_0287,11393.8,171.32,11565.12,voter pd share
2556,block_0723,PDDPoS,node_0494,6737.27,116.79,6854.06,voter pd share
2557,block_0723,PDDPoS,node_0280,11836.25,255.08,12091.33,voter pd share
2558,block_0723,PDDPoS,node_0019,2660.56,198.81,2859.37,self 20% + leftover
2559,block_0724,PDDPoS,node_0140,10160.67,153.33,10314.01,voter pd share
2560,block_0724,PDDPoS,node_0085,7168.34,113.62,7281.95,voter pd share
2561,block_0724,PDDPoS,node_0405,10842.2,290.54,11132.73,voter pd share
2562,block_0724,PDDPoS,node_0335,3647.77,218.51,3866.29,self 20% + leftover
2563,block_0725,PDDPoS,node_0379,4884.91,190.41,5075.32,voter pd share
2564,block_0725,PDDPoS,node_0432,7331.41,259.93,7591.35,voter pd share
2565,block_0725,PDDPoS,node_0087,4397.18,255.66,4652.84,self 20% + leftover
2566,block_0726,PDDPoS,node_0426,11538.02,220.8,11758.82,voter pd share
2567,block_0726,PDDPoS,node_0472,13499.9,258.0,13757.89,voter pd share
2568,block_0726,PDDPoS,node_0489,7140.36,256.21,7396.57,self 20% + leftover
2569,block_0727,PDDPoS,node_0049,11005.93,121.67,11127.61,voter pd share
2570,block_0727,PDDPoS,node_0199,781.87,5.23,787.1,voter pd share
2571,block_0727,PDDPoS,node_0350,1251.39,46.6,1298.0,voter pd share
2572,block_0727,PDDPoS,node_0454,8766.96,188.73,8955.68,voter pd share
2573,block_0727,PDDPoS,node_0439,10097.09,314.77,10411.85,self 20% + leftover
2574,block_0728,PDDPoS,node_0470,7890.49,107.77,7998.26,voter pd share
2575,block_0728,PDDPoS,node_0111,13831.63,193.01,14024.64,voter pd share
2576,block_0728,PDDPoS,node_0456,9271.52,255.22,9526.74,self 20% + leftover
2577,block_0729,PDDPoS,node_0188,6395.18,112.55,6507.73,voter pd share
2578,block_0729,PDDPoS,node_0407,469.65,23.17,492.82,voter pd share
2579,block_0729,PDDPoS,node_0260,7361.64,124.98,7486.63,voter pd share
2580,block_0729,PDDPoS,node_0455,4642.19,110.03,4752.23,voter pd share
2581,block_0729,PDDPoS,node_0351,7088.66,157.99,7246.65,voter pd share
2582,block_0729,PDDPoS,node_0122,5622.02,244.27,5866.3,self 20% + leftover
2583,block_0730,PDDPoS,node_0163,2926.76,59.44,2986.2,voter pd share
2584,block_0730,PDDPoS,node_0466,6185.94,120.69,6306.62,voter pd share
2585,block_0730,PDDPoS,node_0238,14725.19,261.4,14986.59,voter pd share
2586,block_0730,PDDPoS,node_0487,7146.7,156.36,7303.05,voter pd share
2587,block_0730,PDDPoS,node_0242,898.81,166.12,1064.93,self 20% + leftover
2588,block_0731,PDDPoS,node_0029,4176.27,66.3,4242.57,voter pd share
2589,block_0731,PDDPoS,node_0360,1051.66,46.81,1098.47,voter pd share
2590,block_0731,PDDPoS,node_0410,12348.9,260.98,12609.88,voter pd share
2591,block_0731,PDDPoS,node_0080,12141.21,401.92,12543.12,self 20% + leftover
2592,block_0732,PDDPoS,node_0007,4364.96,44.48,4409.44,voter pd share
2593,block_0732,PDDPoS,node_0474,6203.46,103.33,6306.79,voter pd share
2594,block_0732,PDDPoS,node_0112,1215.72,43.14,1258.86,voter pd share
2595,block_0732,PDDPoS,node_0310,3975.96,86.45,4062.41,voter pd share
2596,block_0732,PDDPoS,node_0137,9562.78,272.6,9835.38,self 20% + leftover
2597,block_0733,PDDPoS,node_0483,6104.9,192.46,6297.36,voter pd share
2598,block_0733,PDDPoS,node_0311,13591.98,527.54,14119.52,self 20% + leftover
2599,block_0734,PDDPoS,node_0099,451.69,13.81,465.5,voter pd share
2600,block_0734,PDDPoS,node_0030,15217.75,205.23,15422.98,voter pd share
2601,block_0734,PDDPoS,node_0033,1308.43,0.54,1308.97,voter pd share
2602,block_0734,PDDPoS,node_0241,7079.28,104.14,7183.42,voter pd share
2603,block_0734,PDDPoS,node_0282,8222.06,220.27,8442.33,self 20% + leftover
2604,block_0735,PDDPoS,node_0146,2496.23,91.08,2587.31,voter pd share
2605,block_0735,PDDPoS,node_0257,8988.41,164.58,9152.99,voter pd share
2606,block_0735,PDDPoS,node_0065,377.87,10.03,387.89,voter pd share
2607,block_0735,PDDPoS,node_0032,10455.8,408.31,10864.12,self 20% + leftover
2608,block_0736,PDDPoS,node_0265,8157.09,167.29,8324.37,voter pd share
2609,block_0736,PDDPoS,node_0374,9359.83,250.8,9610.63,voter pd share
2610,block_0736,PDDPoS,node_0404,342.54,107.92,450.46,self 20% + leftover
2611,block_0737,PDDPoS,node_0376,9812.27,155.12,9967.39,voter pd share
2612,block_0737,PDDPoS,node_0169,3879.64,96.06,3975.69,voter pd share
2613,block_0737,PDDPoS,node_0138,16345.95,482.82,16828.77,self 20% + leftover
2614,block_0738,PDDPoS,node_0192,14799.03,214.46,15013.48,voter pd share
2615,block_0738,PDDPoS,node_0248,13718.03,382.54,14100.57,self 20% + leftover
2616,block_0739,PDDPoS,node_0203,10823.42,219.4,11042.82,voter pd share
2617,block_0739,PDDPoS,node_0020,6265.43,111.78,6377.2,voter pd share
2618,block_0739,PDDPoS,node_0150,4588.17,105.4,4693.58,voter pd share
2619,block_0739,PDDPoS,node_0461,6786.78,280.42,7067.21,self 20% + leftover
2620,block_0740,PDDPoS,node_0191,10019.62,152.57,10172.19,voter pd share
2621,block_0740,PDDPoS,node_0395,1944.52,73.05,2017.56,voter pd share
2622,block_0740,PDDPoS,node_0185,6498.65,169.59,6668.25,voter pd share
2623,block_0740,PDDPoS,node_0440,10935.21,378.79,11314.01,self 20% + leftover
2624,block_0741,PDDPoS,node_0372,3603.0,112.46,3715.46,voter pd share
2625,block_0741,PDDPoS,node_0023,8030.24,335.04,8365.29,voter pd share
2626,block_0741,PDDPoS,node_0398,4068.6,284.5,4353.1,self 20% + leftover
2627,block_0742,PDDPoS,node_0142,6591.0,192.58,6783.58,voter pd share
2628,block_0742,PDDPoS,node_0239,6500.97,569.42,7070.39,self 20% + leftover
2629,block_0743,PDDPoS,node_0142,6863.58,195.61,7059.19,voter pd share
2630,block_0743,PDDPoS,node_0239,7071.39,578.39,7649.78,self 20% + leftover
2631,block_0744,PDDPoS,node_0366,6113.0,92.69,6205.68,voter pd share
2632,block_0744,PDDPoS,node_0094,10715.16,226.81,10941.97,voter pd share
2633,block_0744,PDDPoS,node_0295,9691.62,353.51,10045.12,self 20% + leftover
2634,block_0745,PDDPoS,node_0158,9508.83,210.16,9719.0,voter pd share
2635,block_0745,PDDPoS,node_0152,1880.31,82.37,1962.68,voter pd share
2636,block_0745,PDDPoS,node_0086,2031.77,83.96,2115.73,voter pd share
2637,block_0745,PDDPoS,node_0245,1429.41,51.13,1480.55,voter pd share
2638,block_0745,PDDPoS,node_0092,3712.91,212.37,3925.29,self 20% + leftover
2639,block_0746,PDDPoS,node_0316,10710.88,235.99,10946.87,voter pd share
2640,block_0746,PDDPoS,node_0262,9086.99,412.01,9499.0,self 20% + leftover
2641,block_0747,PDDPoS,node_0126,574.08,8.38,582.46,voter pd share
2642,block_0747,PDDPoS,node_0001,1549.37,38.49,1587.86,voter pd share
2643,block_0747,PDDPoS,node_0097,13701.26,376.62,14077.88,voter pd share
2644,block_0747,PDDPoS,node_0330,10756.15,352.51,11108.66,self 20% + leftover
2645,block_0748,PDDPoS,node_0056,11842.92,254.17,12097.1,voter pd share
2646,block_0748,PDDPoS,node_0371,14506.97,441.83,14948.79,self 20% + leftover
2647,block_0749,PDDPoS,node_0147,11039.84,242.89,11282.73,voter pd share
2648,block_0749,PDDPoS,node_0096,4528.76,156.26,4685.02,voter pd share
2649,block_0749,PDDPoS,node_0428,6905.8,322.85,7228.65,self 20% + leftover
2650,block_0750,PDDPoS,node_0380,6510.45,119.96,6630.42,voter pd share
2651,block_0750,PDDPoS,node_0358,13286.68,444.2,13730.88,voter pd share
2652,block_0750,PDDPoS,node_0299,2181.54,186.83,2368.38,self 20% + leftover
2653,block_0751,PDDPoS,node_0382,106.69,33.3,139.99,voter pd share
2654,block_0751,PDDPoS,node_0197,6359.75,131.09,6490.85,voter pd share
2655,block_0751,PDDPoS,node_0070,1544.97,9.74,1554.72,voter pd share
2656,block_0751,PDDPoS,node_0079,4221.99,108.96,4330.95,voter pd share
2657,block_0751,PDDPoS,node_0343,15506.95,492.9,15999.85,self 20% + leftover
2658,block_0752,PDDPoS,node_0378,1814.37,33.81,1848.18,voter pd share
2659,block_0752,PDDPoS,node_0387,8433.78,132.26,8566.04,voter pd share
2660,block_0752,PDDPoS,node_0168,13951.02,461.93,14412.95,self 20% + leftover
2661,block_0753,PDDPoS,node_0291,2189.96,39.98,2229.93,voter pd share
2662,block_0753,PDDPoS,node_0479,6686.41,179.81,6866.23,voter pd share
2663,block_0753,PDDPoS,node_0391,5296.24,154.33,5450.56,voter pd share
2664,block_0753,PDDPoS,node_0347,5598.39,238.88,5837.28,self 20% + leftover
2665,block_0754,PDDPoS,node_0304,4072.17,76.49,4148.66,voter pd share
2666,block_0754,PDDPoS,node_0315,8251.01,265.6,8516.61,voter pd share
2667,block_0754,PDDPoS,node_0217,6664.14,243.91,6908.05,self 20% + leftover
2668,block_0755,PDDPoS,node_0209,4290.37,86.14,4376.51,voter pd share
2669,block_0755,PDDPoS,node_0445,9276.67,180.38,9457.06,voter pd share
2670,block_0755,PDDPoS,node_0047,158.49,39.84,198.33,voter pd share
2671,block_0755,PDDPoS,node_0307,10325.85,469.64,10795.49,self 20% + leftover
2672,block_0756,PDDPoS,node_0413,10948.58,258.9,11207.48,voter pd share
2673,block_0756,PDDPoS,node_0249,3509.53,127.03,3636.56,voter pd share
2674,block_0756,PDDPoS,node_0430,2425.56,73.82,2499.38,voter pd share
2675,block_0756,PDDPoS,node_0309,5095.64,258.25,5353.89,self 20% + leftover
2676,block_0757,PDDPoS,node_0175,7385.02,160.97,7545.99,voter pd share
2677,block_0757,PDDPoS,node_0346,4084.95,102.91,4187.86,voter pd share
2678,block_0757,PDDPoS,node_0451,184.86,12.85,197.71,voter pd share
2679,block_0757,PDDPoS,node_0333,14983.28,491.27,15474.55,self 20% + leftover
2680,block_0758,PDDPoS,node_0089,18.72,1.29,20.01,voter pd share
2681,block_0758,PDDPoS,node_0367,4980.5,65.28,5045.78,voter pd share
2682,block_0758,PDDPoS,node_0184,1169.51,7.49,1177.0,voter pd share
2683,block_0758,PDDPoS,node_0128,7936.47,262.59,8199.06,voter pd share
2684,block_0758,PDDPoS,node_0443,4568.4,256.35,4824.76,self 20% + leftover
2685,block_0759,PDDPoS,node_0475,4918.45,60.45,4978.91,voter pd share
2686,block_0759,PDDPoS,node_0232,12748.58,385.13,13133.72,voter pd share
2687,block_0759,PDDPoS,node_0401,9467.4,331.41,9798.82,self 20% + leftover
2688,block_0760,PDDPoS,node_0283,1906.34,37.32,1943.66,voter pd share
2689,block_0760,PDDPoS,node_0373,9994.91,363.8,10358.72,voter pd share
2690,block_0760,PDDPoS,node_0171,10482.83,372.87,10855.71,self 20% + leftover
2691,block_0761,PDDPoS,node_0402,2948.4,37.68,2986.08,voter pd share
2692,block_0761,PDDPoS,node_0458,423.45,5.29,428.74,voter pd share
2693,block_0761,PDDPoS,node_0476,9078.2,155.65,9233.85,voter pd share
2694,block_0761,PDDPoS,node_0082,1458.41,37.06,1495.47,voter pd share
2695,block_0761,PDDPoS,node_0028,7819.98,129.95,7949.93,voter pd share
2696,block_0761,PDDPoS,node_0318,12647.28,236.8,12884.08,voter pd share
2697,block_0761,PDDPoS,node_0340,1893.0,170.57,2063.57,self 20% + leftover
2698,block_0762,PDDPoS,node_0187,9688.5,371.15,10059.66,voter pd share
2699,block_0762,PDDPoS,node_0182,106.0,21.12,127.12,voter pd share
2700,block_0762,PDDPoS,node_0039,5452.5,168.95,5621.45,voter pd share
2701,block_0762,PDDPoS,node_0066,451.0,164.78,615.78,self 20% + leftover
2702,block_0763,PDDPoS,node_0420,4951.4,135.49,5086.89,voter pd share
2703,block_0763,PDDPoS,node_0480,8888.9,494.51,9383.41,self 20% + leftover
2704,block_0764,PDDPoS,node_0140,10330.01,152.35,10482.35,voter pd share
2705,block_0764,PDDPoS,node_0085,6833.95,112.88,6946.84,voter pd share
2706,block_0764,PDDPoS,node_0405,11503.73,288.67,11792.4,voter pd share
2707,block_0764,PDDPoS,node_0335,4178.29,217.11,4395.39,self 20% + leftover
2708,block_0765,PDDPoS,node_0379,5196.32,197.96,5394.29,voter pd share
2709,block_0765,PDDPoS,node_0432,7817.35,270.24,8087.59,voter pd share
2710,block_0765,PDDPoS,node_0087,4828.84,265.8,5094.64,self 20% + leftover
2711,block_0766,PDDPoS,node_0426,11563.82,209.68,11773.51,voter pd share
2712,block_0766,PDDPoS,node_0472,13858.89,245.01,14103.9,voter pd share
2713,block_0766,PDDPoS,node_0489,6936.57,243.31,7179.87,self 20% + leftover
2714,block_0767,PDDPoS,node_0049,11220.61,109.63,11330.24,voter pd share
2715,block_0767,PDDPoS,node_0199,828.1,4.71,832.82,voter pd share
2716,block_0767,PDDPoS,node_0350,948.0,41.99,989.99,voter pd share
2717,block_0767,PDDPoS,node_0454,8581.68,170.05,8751.73,voter pd share
2718,block_0767,PDDPoS,node_0439,10084.85,283.62,10368.47,self 20% + leftover
2719,block_0768,PDDPoS,node_0470,8274.26,102.73,8376.99,voter pd share
2720,block_0768,PDDPoS,node_0111,14239.64,183.98,14423.62,voter pd share
2721,block_0768,PDDPoS,node_0456,9270.74,243.29,9514.03,self 20% + leftover
2722,block_0769,PDDPoS,node_0188,7027.73,111.97,7139.69,voter pd share
2723,block_0769,PDDPoS,node_0407,1004.82,23.05,1027.87,voter pd share
2724,block_0769,PDDPoS,node_0260,7063.63,124.34,7187.97,voter pd share
2725,block_0769,PDDPoS,node_0455,4624.23,109.46,4733.69,voter pd share
2726,block_0769,PDDPoS,node_0351,7156.65,157.17,7313.83,voter pd share
2727,block_0769,PDDPoS,node_0122,5604.3,243.01,5847.31,self 20% + leftover
2728,block_0770,PDDPoS,node_0163,2877.2,48.7,2925.9,voter pd share
2729,block_0770,PDDPoS,node_0466,6275.62,98.89,6374.51,voter pd share
2730,block_0770,PDDPoS,node_0238,14410.59,214.18,14624.77,voter pd share
2731,block_0770,PDDPoS,node_0487,6517.05,128.11,6645.17,voter pd share
2732,block_0770,PDDPoS,node_0242,1029.93,136.11,1166.04,self 20% + leftover
2733,block_0771,PDDPoS,node_0029,4269.57,61.51,4331.09,voter pd share
2734,block_0771,PDDPoS,node_0360,1398.47,43.43,1441.9,voter pd share
2735,block_0771,PDDPoS,node_0410,12323.88,242.14,12566.02,voter pd share
2736,block_0771,PDDPoS,node_0080,12399.12,372.91,12772.04,self 20% + leftover
2737,block_0772,PDDPoS,node_0007,4395.44,45.69,4441.13,voter pd share
2738,block_0772,PDDPoS,node_0474,5865.79,106.15,5971.94,voter pd share
2739,block_0772,PDDPoS,node_0112,1106.86,44.31,1151.18,voter pd share
2740,block_0772,PDDPoS,node_0310,4178.41,88.81,4267.23,voter pd share
2741,block_0772,PDDPoS,node_0137,9808.38,280.04,10088.42,self 20% + leftover
2742,block_0773,PDDPoS,node_0483,6360.36,147.28,6507.64,voter pd share
2743,block_0773,PDDPoS,node_0311,13111.52,403.72,13515.24,self 20% + leftover
2744,block_0774,PDDPoS,node_0099,378.5,19.6,398.1,voter pd share
2745,block_0774,PDDPoS,node_0030,15472.98,291.25,15764.23,voter pd share
2746,block_0774,PDDPoS,node_0033,1257.97,0.77,1258.74,voter pd share
2747,block_0774,PDDPoS,node_0241,7126.42,147.79,7274.21,voter pd share
2748,block_0774,PDDPoS,node_0282,8184.33,312.6,8496.93,self 20% + leftover
2749,block_0775,PDDPoS,node_0146,2376.31,103.38,2479.69,voter pd share
2750,block_0775,PDDPoS,node_0257,9251.99,186.8,9438.79,voter pd share
2751,block_0775,PDDPoS,node_0065,73.89,11.38,85.27,voter pd share
2752,block_0775,PDDPoS,node_0032,10684.12,463.44,11147.56,self 20% + leftover
2753,block_0776,PDDPoS,node_0265,8431.37,176.19,8607.56,voter pd share
2754,block_0776,PDDPoS,node_0374,9245.63,264.15,9509.78,voter pd share
2755,block_0776,PDDPoS,node_0404,434.46,113.66,548.12,self 20% + leftover
2756,block_0777,PDDPoS,node_0376,10030.39,112.86,10143.25,voter pd share
2757,block_0777,PDDPoS,node_0169,4275.69,69.88,4345.58,voter pd share
2758,block_0777,PDDPoS,node_0138,17270.77,351.26,17622.03,self 20% + leftover
2759,block_0778,PDDPoS,node_0192,14973.48,230.98,15204.47,voter pd share
2760,block_0778,PDDPoS,node_0248,13850.57,412.02,14262.59,self 20% + leftover
2761,block_0779,PDDPoS,node_0203,11022.82,229.19,11252.0,voter pd share
2762,block_0779,PDDPoS,node_0020,6483.2,116.76,6599.97,voter pd share
2763,block_0779,PDDPoS,node_0150,4301.58,110.11,4411.68,voter pd share
2764,block_0779,PDDPoS,node_0461,7049.21,292.94,7342.15,self 20% + leftover
2765,block_0780,PDDPoS,node_0191,10270.19,120.24,10390.43,voter pd share
2766,block_0780,PDDPoS,node_0395,1936.56,57.57,1994.13,voter pd share
2767,block_0780,PDDPoS,node_0185,6213.25,133.66,6346.9,voter pd share
2768,block_0780,PDDPoS,node_0440,10948.01,298.53,11246.54,self 20% + leftover
2769,block_0781,PDDPoS,node_0372,3644.46,88.65,3733.1,voter pd share
2770,block_0781,PDDPoS,node_0023,8776.29,264.1,9040.39,voter pd share
2771,block_0781,PDDPoS,node_0398,4936.1,224.26,5160.36,self 20% + leftover
2772,block_0782,PDDPoS,node_0212,1348.64,49.68,1398.33,voter pd share
2773,block_0782,PDDPoS,node_0320,1740.0,68.42,1808.42,voter pd share
2774,block_0782,PDDPoS,node_0235,5450.54,280.26,5730.79,voter pd share
2775,block_0782,PDDPoS,node_0050,6237.0,297.64,6534.64,self 20% + leftover
2776,block_0783,PDDPoS,node_0142,7164.19,167.06,7331.25,voter pd share
2777,block_0783,PDDPoS,node_0239,7507.78,493.94,8001.72,self 20% + leftover
2778,block_0784,PDDPoS,node_0366,6198.68,79.19,6277.87,voter pd share
2779,block_0784,PDDPoS,node_0094,10937.97,193.78,11131.75,voter pd share
2780,block_0784,PDDPoS,node_0295,10159.12,302.03,10461.16,self 20% + leftover
2781,block_0785,PDDPoS,node_0316,10815.87,223.61,11039.48,voter pd share
2782,block_0785,PDDPoS,node_0262,9678.0,390.39,10068.39,self 20% + leftover
2783,block_0786,PDDPoS,node_0316,11091.48,215.6,11307.08,voter pd share
2784,block_0786,PDDPoS,node_0262,10041.39,376.4,10417.79,self 20% + leftover
2785,block_0787,PDDPoS,node_0126,762.46,8.34,770.8,voter pd share
2786,block_0787,PDDPoS,node_0001,2002.86,38.34,2041.2,voter pd share
2787,block_0787,PDDPoS,node_0097,13557.88,375.17,13933.05,voter pd share
2788,block_0787,PDDPoS,node_0330,10947.66,351.15,11298.81,self 20% + leftover
2789,block_0788,PDDPoS,node_0056,11986.1,281.93,12268.03,voter pd share
2790,block_0788,PDDPoS,node_0371,15057.79,490.07,15547.86,self 20% + leftover
2791,block_0789,PDDPoS,node_0147,10792.73,185.36,10978.1,voter pd share
2792,block_0789,PDDPoS,node_0096,4645.02,119.25,4764.27,voter pd share
2793,block_0789,PDDPoS,node_0428,7078.65,246.39,7325.04,self 20% + leftover
2794,block_0790,PDDPoS,node_0380,6541.42,97.6,6639.02,voter pd share
2795,block_0790,PDDPoS,node_0358,13569.88,361.4,13931.28,voter pd share
2796,block_0790,PDDPoS,node_0299,2325.38,152.0,2477.38,self 20% + leftover
2797,block_0791,PDDPoS,node_0382,159.99,27.29,187.28,voter pd share
2798,block_0791,PDDPoS,node_0197,6456.85,107.44,6564.29,voter pd share
2799,block_0791,PDDPoS,node_0070,1281.72,7.99,1289.7,voter pd share
2800,block_0791,PDDPoS,node_0079,4106.95,89.3,4196.25,voter pd share
2801,block_0791,PDDPoS,node_0343,16203.85,403.98,16607.83,self 20% + leftover
2802,block_0792,PDDPoS,node_0378,1526.18,41.4,1567.58,voter pd share
2803,block_0792,PDDPoS,node_0387,8682.04,161.96,8844.0,voter pd share
2804,block_0792,PDDPoS,node_0168,14526.95,565.64,15092.59,self 20% + leftover
2805,block_0793,PDDPoS,node_0291,2098.93,44.74,2143.67,voter pd share
2806,block_0793,PDDPoS,node_0479,6428.23,201.23,6629.46,voter pd share
2807,block_0793,PDDPoS,node_0391,5499.56,172.7,5672.27,voter pd share
2808,block_0793,PDDPoS,node_0347,5410.28,267.33,5677.61,self 20% + leftover
2809,block_0794,PDDPoS,node_0304,4301.66,100.9,4402.56,voter pd share
2810,block_0794,PDDPoS,node_0315,8504.61,350.35,8854.96,voter pd share
2811,block_0794,PDDPoS,node_0217,6880.05,321.75,7201.8,self 20% + leftover
2812,block_0795,PDDPoS,node_0209,4883.51,75.93,4959.44,voter pd share
2813,block_0795,PDDPoS,node_0445,9179.06,159.0,9338.06,voter pd share
2814,block_0795,PDDPoS,node_0047,278.33,35.12,313.45,voter pd share
2815,block_0795,PDDPoS,node_0307,10631.49,413.96,11045.45,self 20% + leftover
2816,block_0796,PDDPoS,node_0413,11089.48,203.01,11292.49,voter pd share
2817,block_0796,PDDPoS,node_0249,3799.56,99.61,3899.17,voter pd share
2818,block_0796,PDDPoS,node_0430,2201.38,57.88,2259.27,voter pd share
2819,block_0796,PDDPoS,node_0309,4679.89,202.5,4882.38,self 20% + leftover
2820,block_0797,PDDPoS,node_0175,7553.99,117.37,7671.36,voter pd share
2821,block_0797,PDDPoS,node_0346,4423.86,75.04,4498.9,voter pd share
2822,block_0797,PDDPoS,node_0451,268.71,9.37,278.08,voter pd share
2823,block_0797,PDDPoS,node_0333,15690.55,358.22,16048.77,self 20% + leftover
2824,block_0798,PDDPoS,node_0089,487.01,1.21,488.22,voter pd share
2825,block_0798,PDDPoS,node_0367,5295.78,61.32,5357.1,voter pd share
2826,block_0798,PDDPoS,node_0184,1598.0,7.03,1605.03,voter pd share
2827,block_0798,PDDPoS,node_0128,7992.06,246.65,8238.71,voter pd share
2828,block_0798,PDDPoS,node_0443,4905.76,240.79,5146.55,self 20% + leftover
2829,block_0799,PDDPoS,node_0475,5359.91,54.62,5414.53,voter pd share
2830,block_0799,PDDPoS,node_0232,12646.72,347.96,12994.67,voter pd share
2831,block_0799,PDDPoS,node_0401,9688.82,299.42,9988.24,self 20% + leftover
2832,block_0800,PDDPoS,node_0283,1906.66,34.67,1941.33,voter pd share
2833,block_0800,PDDPoS,node_0373,10342.72,337.95,10680.67,voter pd share
2834,block_0800,PDDPoS,node_0171,10710.71,346.38,11057.08,self 20% + leftover
2835,block_0801,PDDPoS,node_0250,8258.32,141.5,8399.82,voter pd share
2836,block_0801,PDDPoS,node_0168,15109.59,274.76,15384.35,voter pd share
2837,block_0801,PDDPoS,node_0387,8855.0,315.74,9170.74,self 20% + leftover
2838,block_0802,PDDPoS,node_0295,10365.16,118.29,10483.44,voter pd share
2839,block_0802,PDDPoS,node_0113,2507.0,28.8,2535.8,voter pd share
2840,block_0802,PDDPoS,node_0212,1277.33,14.8,1292.13,voter pd share
2841,block_0802,PDDPoS,node_0315,8770.96,112.09,8883.05,voter pd share
2842,block_0802,PDDPoS,node_0494,7255.06,265.01,7520.07,self 20% + leftover
2843,block_0803,PDDPoS,node_0319,2663.0,47.44,2710.44,voter pd share
2844,block_0803,PDDPoS,node_0361,3099.63,56.02,3155.65,voter pd share
2845,block_0803,PDDPoS,node_0183,8301.0,178.28,8479.28,voter pd share
2846,block_0803,PDDPoS,node_0238,14886.77,459.26,15346.03,self 20% + leftover
2847,block_0804,PDDPoS,node_0362,310.17,4.3,314.47,voter pd share
2848,block_0804,PDDPoS,node_0288,1773.0,19.67,1792.67,voter pd share
2849,block_0804,PDDPoS,node_0146,2260.69,37.3,2297.99,voter pd share
2850,block_0804,PDDPoS,node_0254,8564.9,201.71,8766.61,voter pd share
2851,block_0804,PDDPoS,node_0030,15786.23,395.02,16181.25,self 20% + leftover
2852,block_0805,PDDPoS,node_0177,9056.15,151.4,9207.55,voter pd share
2853,block_0805,PDDPoS,node_0365,11655.9,276.93,11932.82,voter pd share
2854,block_0805,PDDPoS,node_0356,7326.31,289.67,7615.98,self 20% + leftover
2855,block_0806,PDDPoS,node_0251,2747.0,35.58,2782.58,voter pd share
2856,block_0806,PDDPoS,node_0249,3951.17,67.25,4018.42,voter pd share
2857,block_0806,PDDPoS,node_0189,7936.21,156.75,8092.96,voter pd share
2858,block_0806,PDDPoS,node_0246,12585.12,410.43,12995.55,self 20% + leftover
2859,block_0807,PDDPoS,node_0210,3085.0,44.81,3129.81,voter pd share
2860,block_0807,PDDPoS,node_0424,5647.7,99.97,5747.68,voter pd share
2861,block_0807,PDDPoS,node_0193,6243.07,113.45,6356.53,voter pd share
2862,block_0807,PDDPoS,node_0447,12234.98,340.76,12575.74,self 20% + leftover
2863,block_0808,PDDPoS,node_0018,5824.33,120.37,5944.7,voter pd share
2864,block_0808,PDDPoS,node_0119,7447.7,156.44,7604.14,voter pd share
2865,block_0808,PDDPoS,node_0015,5517.0,120.4,5637.4,voter pd share
2866,block_0808,PDDPoS,node_0384,7769.0,356.79,8125.79,self 20% + leftover
2867,block_0809,PDDPoS,node_0163,2815.9,35.49,2851.38,voter pd share
2868,block_0809,PDDPoS,node_0470,8727.99,123.08,8851.07,voter pd share
2869,block_0809,PDDPoS,node_0039,5607.45,87.41,5694.86,voter pd share
2870,block_0809,PDDPoS,node_0269,6076.0,135.57,6211.57,voter pd share
2871,block_0809,PDDPoS,node_0031,3657.0,177.45,3834.45,self 20% + leftover
2872,block_0810,PDDPoS,node_0150,4020.68,50.14,4070.82,voter pd share
2873,block_0810,PDDPoS,node_0128,8125.71,180.13,8305.84,voter pd share
2874,block_0810,PDDPoS,node_0358,14166.28,372.73,14539.01,self 20% + leftover
2875,block_0811,PDDPoS,node_0178,6531.0,105.84,6636.84,voter pd share
2876,block_0811,PDDPoS,node_0169,4569.58,87.45,4657.02,voter pd share
2877,block_0811,PDDPoS,node_0410,12768.02,290.36,13058.38,voter pd share
2878,block_0811,PDDPoS,node_0072,1962.0,164.36,2126.36,self 20% + leftover
2879,block_0812,PDDPoS,node_0388,6660.01,112.01,6772.02,voter pd share
2880,block_0812,PDDPoS,node_0488,8119.51,154.36,8273.87,voter pd share
2881,block_0812,PDDPoS,node_0032,10953.56,500.63,11454.19,self 20% + leftover
2882,block_0813,PDDPoS,node_0479,6620.46,82.9,6703.36,voter pd share
2883,block_0813,PDDPoS,node_0454,8429.73,192.22,8621.95,voter pd share
2884,block_0813,PDDPoS,node_0262,10430.79,304.88,10735.67,self 20% + leftover
2885,block_0814,PDDPoS,node_0497,1440.0,33.15,1473.15,voter pd share
2886,block_0814,PDDPoS,node_0213,10987.33,260.75,11248.08,voter pd share
2887,block_0814,PDDPoS,node_0003,10666.0,281.42,10947.42,voter pd share
2888,block_0814,PDDPoS,node_0462,2439.2,198.68,2637.88,self 20% + leftover
2889,block_0815,PDDPoS,node_0304,3850.56,40.08,3890.64,voter pd share
2890,block_0815,PDDPoS,node_0171,11163.08,231.21,11394.29,voter pd share
2891,block_0815,PDDPoS,node_0376,10009.25,235.96,10245.21,voter pd share
2892,block_0815,PDDPoS,node_0393,240.0,130.75,370.75,self 20% + leftover
2893,block_0816,PDDPoS,node_0442,12424.48,308.44,12732.92,voter pd share
2894,block_0816,PDDPoS,node_0232,12705.67,366.56,13072.23,self 20% + leftover
2895,block_0817,PDDPoS,node_0026,2287.0,29.19,2316.19,voter pd share
2896,block_0817,PDDPoS,node_0053,5959.0,85.26,6044.26,voter pd share
2897,block_0817,PDDPoS,node_0403,5446.0,127.07,5573.07,voter pd share
2898,block_0817,PDDPoS,node_0330,11350.81,353.48,11704.3,self 20% + leftover
2899,block_0818,PDDPoS,node_0426,11368.51,199.91,11568.42,voter pd share
2900,block_0818,PDDPoS,node_0324,4824.0,140.18,4964.18,voter pd share
2901,block_0818,PDDPoS,node_0334,8771.77,435.91,9207.67,self 20% + leftover
2902,block_0819,PDDPoS,node_0088,5725.17,107.77,5832.94,voter pd share
2903,block_0819,PDDPoS,node_0116,3912.06,100.0,4012.06,voter pd share
2904,block_0819,PDDPoS,node_0339,6741.22,195.15,6936.37,voter pd share
2905,block_0819,PDDPoS,node_0476,8212.85,364.08,8576.93,self 20% + leftover
2906,block_0820,PDDPoS,node_0235,5771.79,75.77,5847.57,voter pd share
2907,block_0820,PDDPoS,node_0149,7811.52,189.07,8000.59,voter pd share
2908,block_0820,PDDPoS,node_0465,11147.02,395.16,11542.18,self 20% + leftover
2909,block_0821,PDDPoS,node_0079,3647.25,53.41,3700.66,voter pd share
2910,block_0821,PDDPoS,node_0336,2404.0,51.31,2455.31,voter pd share
2911,block_0821,PDDPoS,node_0133,7325.62,254.0,7579.62,voter pd share
2912,block_0821,PDDPoS,node_0439,10321.47,417.28,10738.75,self 20% + leftover
2913,block_0822,PDDPoS,node_0266,4982.0,66.46,5048.46,voter pd share
2914,block_0822,PDDPoS,node_0054,1077.0,17.09,1094.09,voter pd share
2915,block_0822,PDDPoS,node_0285,4067.0,122.93,4189.93,voter pd share
2916,block_0822,PDDPoS,node_0472,13989.9,402.52,14392.42,self 20% + leftover
2917,block_0823,PDDPoS,node_0049,11402.24,204.93,11607.17,voter pd share
2918,block_0823,PDDPoS,node_0255,7670.66,148.99,7819.65,voter pd share
2919,block_0823,PDDPoS,node_0475,5177.53,297.08,5474.6,self 20% + leftover
2920,block_0824,PDDPoS,node_0379,5838.29,78.55,5916.83,voter pd share
2921,block_0824,PDDPoS,node_0064,234.44,5.18,239.62,voter pd share
2922,block_0824,PDDPoS,node_0377,7872.85,175.23,8048.09,voter pd share
2923,block_0824,PDDPoS,node_0220,4688.53,116.96,4805.49,voter pd share
2924,block_0824,PDDPoS,node_0123,6405.0,289.08,6694.08,self 20% + leftover
2925,block_0825,PDDPoS,node_0404,419.12,2.92,422.03,voter pd share
2926,block_0825,PDDPoS,node_0098,9282.97,167.54,9450.5,voter pd share
2927,block_0825,PDDPoS,node_0441,8861.52,254.93,9116.45,voter pd share
2928,block_0825,PDDPoS,node_0139,6121.0,318.62,6439.62,self 20% + leftover
2929,block_0826,PDDPoS,node_0135,4661.0,92.67,4753.67,voter pd share
2930,block_0826,PDDPoS,node_0405,11522.4,252.6,11774.99,voter pd share
2931,block_0826,PDDPoS,node_0175,7569.36,243.73,7813.09,self 20% + leftover
2932,block_0827,PDDPoS,node_0458,500.74,5.29,506.03,voter pd share
2933,block_0827,PDDPoS,node_0228,4264.0,76.9,4340.9,voter pd share
2934,block_0827,PDDPoS,node_0100,10259.0,213.14,10472.14,voter pd share
2935,block_0827,PDDPoS,node_0325,9124.0,310.52,9434.52,voter pd share
2936,block_0827,PDDPoS,node_0423,796.0,169.15,965.15,self 20% + leftover
2937,block_0828,PDDPoS,node_0458,442.03,5.09,447.12,voter pd share
2938,block_0828,PDDPoS,node_0228,4330.9,74.02,4404.92,voter pd share
2939,block_0828,PDDPoS,node_0100,10430.14,205.17,10635.31,voter pd share
2940,block_0828,PDDPoS,node_0325,9464.52,298.9,9763.43,voter pd share
2941,block_0828,PDDPoS,node_0423,920.15,162.82,1082.97,self 20% + leftover
2942,block_0829,PDDPoS,node_0157,9976.12,176.86,10152.98,voter pd share
2943,block_0829,PDDPoS,node_0120,173.0,2.27,175.27,voter pd share
2944,block_0829,PDDPoS,node_0084,9367.28,289.12,9656.4,voter pd share
2945,block_0829,PDDPoS,node_0425,4328.0,301.76,4629.76,self 20% + leftover
2946,block_0830,PDDPoS,node_0343,16428.83,317.52,16746.35,voter pd share
2947,block_0830,PDDPoS,node_0154,7244.01,282.48,7526.49,self 20% + leftover
2948,block_0831,PDDPoS,node_0062,2764.0,63.09,2827.09,voter pd share
2949,block_0831,PDDPoS,node_0186,3420.0,76.35,3496.35,voter pd share
2950,block_0831,PDDPoS,node_0466,6502.51,206.77,6709.29,voter pd share
2951,block_0831,PDDPoS,node_0484,11598.31,386.78,11985.09,self 20% + leftover
2952,block_0832,PDDPoS,node_0173,4763.0,77.18,4840.18,voter pd share
2953,block_0832,PDDPoS,node_0110,4309.0,112.18,4421.18,voter pd share
2954,block_0832,PDDPoS,node_0204,4609.0,142.98,4751.98,voter pd share
2955,block_0832,PDDPoS,node_0322,10409.43,444.66,10854.1,self 20% + leftover
2956,block_0833,PDDPoS,node_0060,8535.0,134.45,8669.45,voter pd share
2957,block_0833,PDDPoS,node_0058,4520.0,158.3,4678.3,voter pd share
2958,block_0833,PDDPoS,node_0044,11000.95,482.25,11483.2,self 20% + leftover
2959,block_0834,PDDPoS,node_0060,8583.45,134.45,8717.9,voter pd share
2960,block_0834,PDDPoS,node_0058,4704.3,158.3,4862.59,voter pd share
2961,block_0834,PDDPoS,node_0044,11441.2,482.25,11923.45,self 20% + leftover
2962,block_0835,PDDPoS,node_0270,10392.18,198.61,10590.79,voter pd share
2963,block_0835,PDDPoS,node_0491,4137.0,152.12,4289.12,voter pd share
2964,block_0835,PDDPoS,node_0282,8448.93,427.27,8876.2,self 20% + leftover
2965,block_0836,PDDPoS,node_0348,1234.0,16.63,1250.63,voter pd share
2966,block_0836,PDDPoS,node_0289,4468.0,84.17,4552.17,voter pd share
2967,block_0836,PDDPoS,node_0352,8643.0,177.22,8820.22,voter pd share
2968,block_0836,PDDPoS,node_0092,3665.29,80.97,3746.26,voter pd share
2969,block_0836,PDDPoS,node_0208,5388.97,268.01,5656.98,self 20% + leftover
2970,block_0837,PDDPoS,node_0294,9132.0,178.93,9310.93,voter pd share
2971,block_0837,PDDPoS,node_0383,4199.0,175.83,4374.83,voter pd share
2972,block_0837,PDDPoS,node_0036,8534.0,421.24,8955.24,self 20% + leftover
2973,block_0838,PDDPoS,node_0230,9372.96,254.0,9626.96,voter pd share
2974,block_0838,PDDPoS,node_0474,5410.94,177.87,5588.81,voter pd share
2975,block_0838,PDDPoS,node_0274,6677.0,322.13,6999.13,self 20% + leftover
2976,block_0839,PDDPoS,node_0303,12714.29,320.0,13034.29,voter pd share
2977,block_0839,PDDPoS,node_0019,2980.43,79.84,3060.28,voter pd share
2978,block_0839,PDDPoS,node_0463,5022.0,169.67,5191.67,voter pd share
2979,block_0839,PDDPoS,node_0195,297.0,195.49,492.49,self 20% + leftover
2980,block_0840,PDDPoS,node_0397,4146.0,117.71,4263.71,voter pd share
2981,block_0840,PDDPoS,node_0138,17743.03,503.29,18246.32,self 20% + leftover
2982,block_0841,PDDPoS,node_0250,8649.82,129.51,8779.33,voter pd share
2983,block_0841,PDDPoS,node_0168,15599.35,251.49,15850.84,voter pd share
2984,block_0841,PDDPoS,node_0387,9170.74,288.99,9459.73,self 20% + leftover
2985,block_0842,PDDPoS,node_0295,10194.44,165.03,10359.48,voter pd share
2986,block_0842,PDDPoS,node_0113,2541.8,40.18,2581.99,voter pd share
2987,block_0842,PDDPoS,node_0212,1621.13,20.65,1641.78,voter pd share
2988,block_0842,PDDPoS,node_0315,8298.05,156.39,8454.45,voter pd share
2989,block_0842,PDDPoS,node_0494,7855.07,369.74,8224.82,self 20% + leftover
2990,block_0843,PDDPoS,node_0319,2453.44,37.13,2490.58,voter pd share
2991,block_0843,PDDPoS,node_0361,2604.65,43.85,2648.5,voter pd share
2992,block_0843,PDDPoS,node_0183,8560.28,139.54,8699.82,voter pd share
2993,block_0843,PDDPoS,node_0238,15682.03,359.48,16041.51,self 20% + leftover
2994,block_0844,PDDPoS,node_0362,744.47,3.53,748.0,voter pd share
2995,block_0844,PDDPoS,node_0288,2297.67,16.14,2313.82,voter pd share
2996,block_0844,PDDPoS,node_0146,2375.99,30.61,2406.6,voter pd share
2997,block_0844,PDDPoS,node_0254,8420.61,165.54,8586.15,voter pd share
2998,block_0844,PDDPoS,node_0030,15853.25,324.18,16177.42,self 20% + leftover
2999,block_0845,PDDPoS,node_0177,9094.55,157.73,9252.28,voter pd share
3000,block_0845,PDDPoS,node_0365,11906.82,288.5,12195.32,voter pd share
3001,block_0845,PDDPoS,node_0356,7750.98,301.77,8052.76,self 20% + leftover
3002,block_0846,PDDPoS,node_0251,2527.58,36.96,2564.53,voter pd share
3003,block_0846,PDDPoS,node_0249,3940.42,69.86,4010.28,voter pd share
3004,block_0846,PDDPoS,node_0189,7718.96,162.83,7881.79,voter pd share
3005,block_0846,PDDPoS,node_0246,13020.55,426.35,13446.9,self 20% + leftover
3006,block_0847,PDDPoS,node_0210,2940.81,56.48,2997.3,voter pd share
3007,block_0847,PDDPoS,node_0424,5960.68,126.01,6086.69,voter pd share
3008,block_0847,PDDPoS,node_0193,6185.53,143.0,6328.53,voter pd share
3009,block_0847,PDDPoS,node_0447,12353.74,429.5,12783.24,self 20% + leftover
3010,block_0848,PDDPoS,node_0018,6087.7,124.2,6211.9,voter pd share
3011,block_0848,PDDPoS,node_0119,7726.14,161.42,7887.56,voter pd share
3012,block_0848,PDDPoS,node_0015,5325.4,124.23,5449.64,voter pd share
3013,block_0848,PDDPoS,node_0384,7913.79,368.14,8281.93,self 20% + leftover
3014,block_0849,PDDPoS,node_0163,2640.38,49.32,2689.71,voter pd share
3015,block_0849,PDDPoS,node_0470,8390.07,171.08,8561.16,voter pd share
3016,block_0849,PDDPoS,node_0039,5504.86,121.5,5626.36,voter pd share
3017,block_0849,PDDPoS,node_0269,6171.57,188.44,6360.01,voter pd share
3018,block_0849,PDDPoS,node_0031,3301.45,246.65,3548.1,self 20% + leftover
3019,block_0850,PDDPoS,node_0150,3897.82,55.04,3952.87,voter pd share
3020,block_0850,PDDPoS,node_0128,7414.84,197.75,7612.59,voter pd share
3021,block_0850,PDDPoS,node_0358,14443.01,409.2,14852.22,self 20% + leftover
3022,block_0851,PDDPoS,node_0284,2706.0,41.14,2747.14,voter pd share
3023,block_0851,PDDPoS,node_0006,6454.0,165.72,6619.72,voter pd share
3024,block_0851,PDDPoS,node_0188,6616.69,194.8,6811.5,voter pd share
3025,block_0851,PDDPoS,node_0121,5599.94,248.34,5848.28,self 20% + leftover
3026,block_0852,PDDPoS,node_0388,7074.02,95.07,7169.09,voter pd share
3027,block_0852,PDDPoS,node_0488,8022.87,131.01,8153.89,voter pd share
3028,block_0852,PDDPoS,node_0032,11362.19,424.92,11787.1,self 20% + leftover
3029,block_0853,PDDPoS,node_0479,6798.36,80.62,6878.97,voter pd share
3030,block_0853,PDDPoS,node_0454,8645.95,186.91,8832.86,voter pd share
3031,block_0853,PDDPoS,node_0262,10643.67,296.47,10940.14,self 20% + leftover
3032,block_0854,PDDPoS,node_0497,1355.15,31.35,1386.5,voter pd share
3033,block_0854,PDDPoS,node_0213,11004.08,246.6,11250.68,voter pd share
3034,block_0854,PDDPoS,node_0003,11035.42,266.15,11301.57,voter pd share
3035,block_0854,PDDPoS,node_0462,3227.88,187.9,3415.78,self 20% + leftover
3036,block_0855,PDDPoS,node_0304,3427.64,48.12,3475.75,voter pd share
3037,block_0855,PDDPoS,node_0171,11155.29,277.6,11432.89,voter pd share
3038,block_0855,PDDPoS,node_0376,10549.21,283.3,10832.51,voter pd share
3039,block_0855,PDDPoS,node_0393,682.75,156.98,839.74,self 20% + leftover
3040,block_0856,PDDPoS,node_0442,12845.92,301.59,13147.5,voter pd share
3041,block_0856,PDDPoS,node_0232,13113.23,358.41,13471.65,self 20% + leftover
3042,block_0857,PDDPoS,node_0026,3328.19,34.53,3362.72,voter pd share
3043,block_0857,PDDPoS,node_0053,5832.26,100.88,5933.13,voter pd share
3044,block_0857,PDDPoS,node_0403,5886.07,150.35,6036.43,voter pd share
3045,block_0857,PDDPoS,node_0330,11270.3,418.24,11688.53,self 20% + leftover
3046,block_0858,PDDPoS,node_0426,11402.42,152.0,11554.42,voter pd share
3047,block_0858,PDDPoS,node_0324,4666.18,106.58,4772.76,voter pd share
3048,block_0858,PDDPoS,node_0334,9373.67,331.42,9705.1,self 20% + leftover
3049,block_0859,PDDPoS,node_0088,5870.94,88.94,5959.88,voter pd share
3050,block_0859,PDDPoS,node_0116,3972.06,82.53,4054.59,voter pd share
3051,block_0859,PDDPoS,node_0339,6870.37,161.05,7031.42,voter pd share
3052,block_0859,PDDPoS,node_0476,8716.93,300.48,9017.41,self 20% + leftover
3053,block_0860,PDDPoS,node_0235,5990.57,85.19,6075.75,voter pd share
3054,block_0860,PDDPoS,node_0149,8480.59,212.56,8693.14,voter pd share
3055,block_0860,PDDPoS,node_0465,11287.18,444.26,11731.43,self 20% + leftover
3056,block_0861,PDDPoS,node_0079,3468.66,51.69,3520.35,voter pd share
3057,block_0861,PDDPoS,node_0336,2152.31,49.66,2201.98,voter pd share
3058,block_0861,PDDPoS,node_0133,7512.62,245.82,7758.44,voter pd share
3059,block_0861,PDDPoS,node_0439,10636.75,403.84,11040.58,self 20% + leftover
3060,block_0862,PDDPoS,node_0480,9915.41,281.75,10197.16,voter pd share
3061,block_0862,PDDPoS,node_0446,4177.0,124.29,4301.29,voter pd share
3062,block_0862,PDDPoS,node_0107,8922.0,364.96,9286.96,self 20% + leftover
3063,block_0863,PDDPoS,node_0049,11580.17,218.47,11798.64,voter pd share
3064,block_0863,PDDPoS,node_0255,7734.65,158.83,7893.48,voter pd share
3065,block_0863,PDDPoS,node_0475,5382.6,316.7,5699.3,self 20% + leftover
3066,block_0864,PDDPoS,node_0379,6250.83,68.15,6318.99,voter pd share
3067,block_0864,PDDPoS,node_0064,132.62,4.5,137.12,voter pd share
3068,block_0864,PDDPoS,node_0377,7666.09,152.04,7818.13,voter pd share
3069,block_0864,PDDPoS,node_0220,4373.49,101.48,4474.96,voter pd share
3070,block_0864,PDDPoS,node_0123,6617.08,250.83,6867.91,self 20% + leftover
3071,block_0865,PDDPoS,node_0404,680.03,3.04,683.07,voter pd share
3072,block_0865,PDDPoS,node_0098,9025.5,174.52,9200.02,voter pd share
3073,block_0865,PDDPoS,node_0441,9236.45,265.55,9502.0,voter pd share
3074,block_0865,PDDPoS,node_0139,6030.62,331.9,6362.52,self 20% + leftover
3075,block_0866,PDDPoS,node_0135,4683.67,118.32,4801.99,voter pd share
3076,block_0866,PDDPoS,node_0405,12013.99,322.5,12336.49,voter pd share
3077,block_0866,PDDPoS,node_0175,8437.09,311.18,8748.27,self 20% + leftover
3078,block_0867,PDDPoS,node_0458,193.12,4.46,197.59,voter pd share
3079,block_0867,PDDPoS,node_0228,4484.92,64.89,4549.81,voter pd share
3080,block_0867,PDDPoS,node_0100,10095.31,179.86,10275.17,voter pd share
3081,block_0867,PDDPoS,node_0325,9541.43,262.04,9803.47,voter pd share
3082,block_0867,PDDPoS,node_0423,1076.97,142.74,1219.71,self 20% + leftover
3083,block_0868,PDDPoS,node_0458,197.59,4.31,201.9,voter pd share
3084,block_0868,PDDPoS,node_0228,4509.81,62.71,4572.52,voter pd share
3085,block_0868,PDDPoS,node_0100,10317.17,173.81,10490.98,voter pd share
3086,block_0868,PDDPoS,node_0325,9821.47,253.23,10074.7,voter pd share
3087,block_0868,PDDPoS,node_0423,1219.71,137.94,1357.65,self 20% + leftover
3088,block_0869,PDDPoS,node_0157,10041.98,165.6,10207.58,voter pd share
3089,block_0869,PDDPoS,node_0120,344.27,2.12,346.39,voter pd share
3090,block_0869,PDDPoS,node_0084,9450.4,270.72,9721.12,voter pd share
3091,block_0869,PDDPoS,node_0425,4622.76,282.55,4905.31,self 20% + leftover
3092,block_0870,PDDPoS,node_0343,16863.35,356.15,17219.5,voter pd share
3093,block_0870,PDDPoS,node_0154,7131.49,316.85,7448.33,self 20% + leftover
3094,block_0871,PDDPoS,node_0062,2006.09,63.95,2070.04,voter pd share
3095,block_0871,PDDPoS,node_0186,3505.35,77.39,3582.75,voter pd share
3096,block_0871,PDDPoS,node_0466,6331.29,209.6,6540.88,voter pd share
3097,block_0871,PDDPoS,node_0484,11960.09,392.06,12352.15,self 20% + leftover
3098,block_0872,PDDPoS,node_0173,5308.18,60.59,5368.78,voter pd share
3099,block_0872,PDDPoS,node_0110,4397.18,88.07,4485.24,voter pd share
3100,block_0872,PDDPoS,node_0204,4450.98,112.25,4563.23,voter pd share
3101,block_0872,PDDPoS,node_0322,10384.1,349.09,10733.19,self 20% + leftover
3102,block_0873,PDDPoS,node_0023,9366.39,171.85,9538.24,voter pd share
3103,block_0873,PDDPoS,node_0481,3234.0,101.41,3335.41,voter pd share
3104,block_0873,PDDPoS,node_0486,8643.69,319.74,8963.43,self 20% + leftover
3105,block_0874,PDDPoS,node_0060,8894.9,130.29,9025.18,voter pd share
3106,block_0874,PDDPoS,node_0058,4578.59,153.39,4731.99,voter pd share
3107,block_0874,PDDPoS,node_0044,11573.45,467.32,12040.77,self 20% + leftover
3108,block_0875,PDDPoS,node_0413,10970.49,177.83,11148.32,voter pd share
3109,block_0875,PDDPoS,node_0357,6250.76,156.91,6407.67,voter pd share
3110,block_0875,PDDPoS,node_0259,3772.0,187.26,3959.26,self 20% + leftover
3111,block_0876,PDDPoS,node_0348,1506.63,18.99,1525.63,voter pd share
3112,block_0876,PDDPoS,node_0289,4418.17,96.12,4514.28,voter pd share
3113,block_0876,PDDPoS,node_0352,8691.22,202.38,8893.6,voter pd share
3114,block_0876,PDDPoS,node_0092,3831.26,92.46,3923.72,voter pd share
3115,block_0876,PDDPoS,node_0208,5884.98,306.05,6191.03,self 20% + leftover
3116,block_0877,PDDPoS,node_0294,9567.93,144.35,9712.28,voter pd share
3117,block_0877,PDDPoS,node_0383,4344.83,141.84,4486.67,voter pd share
3118,block_0877,PDDPoS,node_0036,8606.24,339.81,8946.05,self 20% + leftover
3119,block_0878,PDDPoS,node_0230,9889.96,258.38,10148.34,voter pd share
3120,block_0878,PDDPoS,node_0474,5588.81,180.94,5769.75,voter pd share
3121,block_0878,PDDPoS,node_0274,6929.13,327.68,7256.81,self 20% + leftover
3122,block_0879,PDDPoS,node_0303,13189.29,245.54,13434.83,voter pd share
3123,block_0879,PDDPoS,node_0019,2965.28,61.27,3026.54,voter pd share
3124,block_0879,PDDPoS,node_0463,5396.67,130.19,5526.86,voter pd share
3125,block_0879,PDDPoS,node_0195,665.49,150.01,815.5,self 20% + leftover
3126,block_0880,PDDPoS,node_0397,4085.71,146.7,4232.41,voter pd share
3127,block_0880,PDDPoS,node_0138,18486.32,627.3,19113.62,self 20% + leftover
3128,block_0881,PDDPoS,node_0250,8420.33,149.42,8569.76,voter pd share
3129,block_0881,PDDPoS,node_0168,16099.84,290.15,16390.0,voter pd share
3130,block_0881,PDDPoS,node_0387,10203.73,333.42,10537.15,self 20% + leftover
3131,block_0882,PDDPoS,node_0295,10241.48,168.76,10410.24,voter pd share
3132,block_0882,PDDPoS,node_0113,2097.99,41.09,2139.08,voter pd share
3133,block_0882,PDDPoS,node_0212,1388.78,21.12,1409.89,voter pd share
3134,block_0882,PDDPoS,node_0315,8323.45,159.93,8483.37,voter pd share
3135,block_0882,PDDPoS,node_0494,8499.82,378.1,8877.92,self 20% + leftover
3136,block_0883,PDDPoS,node_0319,2279.58,47.06,2326.63,voter pd share
3137,block_0883,PDDPoS,node_0361,2154.5,55.56,2210.06,voter pd share
3138,block_0883,PDDPoS,node_0183,8701.82,176.83,8878.66,voter pd share
3139,block_0883,PDDPoS,node_0238,16147.51,455.54,16603.05,self 20% + leftover
3140,block_0884,PDDPoS,node_0362,951.0,4.97,955.97,voter pd share
3141,block_0884,PDDPoS,node_0288,1872.82,22.75,1895.57,voter pd share
3142,block_0884,PDDPoS,node_0146,2518.6,43.14,2561.74,voter pd share
3143,block_0884,PDDPoS,node_0254,8729.15,233.29,8962.43,voter pd share
3144,block_0884,PDDPoS,node_0030,16449.42,456.85,16906.27,self 20% + leftover
3145,block_0885,PDDPoS,node_0177,9544.28,163.42,9707.71,voter pd share
3146,block_0885,PDDPoS,node_0365,12288.32,298.91,12587.23,voter pd share
3147,block_0885,PDDPoS,node_0356,7899.76,312.67,8212.42,self 20% + leftover
3148,block_0886,PDDPoS,node_0251,2490.53,31.86,2522.39,voter pd share
3149,block_0886,PDDPoS,node_0249,4414.28,60.22,4474.5,voter pd share
3150,block_0886,PDDPoS,node_0189,8181.79,140.37,8322.16,voter pd share
3151,block_0886,PDDPoS,node_0246,12565.9,367.55,12933.45,self 20% + leftover
3152,block_0887,PDDPoS,node_0210,2915.3,43.24,2958.54,voter pd share
3153,block_0887,PDDPoS,node_0424,5490.69,96.47,5587.16,voter pd share
3154,block_0887,PDDPoS,node_0193,6140.53,109.48,6250.0,voter pd share
3155,block_0887,PDDPoS,node_0447,12546.24,328.81,12875.05,self 20% + leftover
3156,block_0888,PDDPoS,node_0018,5727.9,109.68,5837.58,voter pd share
3157,block_0888,PDDPoS,node_0119,7705.56,142.54,7848.1,voter pd share
3158,block_0888,PDDPoS,node_0015,5296.64,109.7,5406.34,voter pd share
3159,block_0888,PDDPoS,node_0384,8377.93,325.08,8703.01,self 20% + leftover
3160,block_0889,PDDPoS,node_0163,2965.71,43.17,3008.87,voter pd share
3161,block_0889,PDDPoS,node_0470,8629.16,149.73,8778.88,voter pd share
3162,block_0889,PDDPoS,node_0039,5629.36,106.33,5735.7,voter pd share
3163,block_0889,PDDPoS,node_0269,6191.01,164.92,6355.93,voter pd share
3164,block_0889,PDDPoS,node_0031,3707.1,215.86,3922.95,self 20% + leftover
3165,block_0890,PDDPoS,node_0150,3832.87,48.31,3881.18,voter pd share
3166,block_0890,PDDPoS,node_0128,7868.59,173.55,8042.14,voter pd share
3167,block_0890,PDDPoS,node_0358,14576.22,359.14,14935.35,self 20% + leftover
3168,block_0891,PDDPoS,node_0284,2214.14,47.09,2261.23,voter pd share
3169,block_0891,PDDPoS,node_0006,6187.72,189.68,6377.4,voter pd share
3170,block_0891,PDDPoS,node_0188,7289.5,222.98,7512.47,voter pd share
3171,block_0891,PDDPoS,node_0121,5704.28,284.25,5988.53,self 20% + leftover
3172,block_0892,PDDPoS,node_0388,7135.09,108.94,7244.04,voter pd share
3173,block_0892,PDDPoS,node_0488,7994.89,150.13,8145.02,voter pd share
3174,block_0892,PDDPoS,node_0032,11233.1,486.92,11720.03,self 20% + leftover
3175,block_0893,PDDPoS,node_0479,6954.97,106.34,7061.32,voter pd share
3176,block_0893,PDDPoS,node_0454,8431.86,246.57,8678.42,voter pd share
3177,block_0893,PDDPoS,node_0262,10888.14,391.09,11279.23,self 20% + leftover
3178,block_0894,PDDPoS,node_0497,1453.5,32.85,1486.34,voter pd share
3179,block_0894,PDDPoS,node_0213,11277.68,258.39,11536.07,voter pd share
3180,block_0894,PDDPoS,node_0003,11366.57,278.88,11645.45,voter pd share
3181,block_0894,PDDPoS,node_0462,2987.78,196.89,3184.67,self 20% + leftover
3182,block_0895,PDDPoS,node_0304,3763.75,46.74,3810.49,voter pd share
3183,block_0895,PDDPoS,node_0171,11671.89,269.62,11941.52,voter pd share
3184,block_0895,PDDPoS,node_0376,11269.51,275.16,11544.67,voter pd share
3185,block_0895,PDDPoS,node_0393,1157.74,152.48,1310.21,self 20% + leftover
3186,block_0896,PDDPoS,node_0442,12969.5,348.65,13318.15,voter pd share
3187,block_0896,PDDPoS,node_0232,12979.65,414.35,13393.99,self 20% + leftover
3188,block_0897,PDDPoS,node_0026,2669.72,27.81,2697.54,voter pd share
3189,block_0897,PDDPoS,node_0053,6256.13,81.24,6337.38,voter pd share
3190,block_0897,PDDPoS,node_0403,6625.43,121.09,6746.52,voter pd share
3191,block_0897,PDDPoS,node_0330,11795.53,336.85,12132.38,self 20% + leftover
3192,block_0898,PDDPoS,node_0426,11539.42,199.91,11739.33,voter pd share
3193,block_0898,PDDPoS,node_0324,5018.76,140.18,5158.94,voter pd share
3194,block_0898,PDDPoS,node_0334,9914.1,435.91,10350.0,self 20% + leftover
3195,block_0899,PDDPoS,node_0088,5198.88,109.17,5308.05,voter pd share
3196,block_0899,PDDPoS,node_0116,3496.59,101.3,3597.9,voter pd share
3197,block_0899,PDDPoS,node_0339,7095.42,197.69,7293.11,voter pd share
3198,block_0899,PDDPoS,node_0476,8675.41,368.83,9044.24,self 20% + leftover
3199,block_0900,PDDPoS,node_0235,6429.75,82.78,6512.53,voter pd share
3200,block_0900,PDDPoS,node_0149,8221.14,206.54,8427.69,voter pd share
3201,block_0900,PDDPoS,node_0465,10905.43,431.68,11337.12,self 20% + leftover
3202,block_0901,PDDPoS,node_0079,3469.35,53.2,3522.55,voter pd share
3203,block_0901,PDDPoS,node_0336,1653.98,51.12,1705.09,voter pd share
3204,block_0901,PDDPoS,node_0133,7364.44,253.02,7617.46,voter pd share
3205,block_0901,PDDPoS,node_0439,11457.58,415.67,11873.25,self 20% + leftover
3206,block_0902,PDDPoS,node_0480,9959.16,228.03,10187.19,voter pd share
3207,block_0902,PDDPoS,node_0446,4386.29,100.6,4486.89,voter pd share
3208,block_0902,PDDPoS,node_0107,8920.96,295.38,9216.34,self 20% + leftover
3209,block_0001,DPoS,node_0041,4934.0,44.22,4978.22,voter pd share
3210,block_0001,DPoS,node_0107,9620.0,85.89,9705.89,voter pd share
3211,block_0001,DPoS,node_0140,9474.0,85.52,9559.52,voter pd share
3212,block_0001,DPoS,node_0163,2353.0,20.75,2373.75,voter pd share
3213,block_0001,DPoS,node_0365,9638.0,86.46,9724.46,voter pd share
3214,block_0001,DPoS,node_0428,7588.0,67.94,7655.94,voter pd share
3215,block_0001,DPoS,node_0441,5246.0,156.22,5402.22,self 20% + leftover
3216,block_0002,DPoS,node_0231,9483.0,114.38,9597.38,voter pd share
3217,block_0002,DPoS,node_0362,935.0,10.62,945.62,voter pd share
3218,block_0002,DPoS,node_0457,9824.0,119.1,9943.1,voter pd share
3219,block_0002,DPoS,node_0470,8494.0,101.22,8595.22,voter pd share
3220,block_0002,DPoS,node_0490,3952.0,47.32,3999.32,voter pd share
3221,block_0002,DPoS,node_0239,8544.0,228.37,8772.37,self 20% + leftover
3222,block_0003,DPoS,node_0028,7566.0,96.55,7662.55,voter pd share
3223,block_0003,DPoS,node_0168,9609.0,120.98,9729.98,voter pd share
3224,block_0003,DPoS,node_0292,6760.0,86.51,6846.51,voter pd share
3225,block_0003,DPoS,node_0422,8819.0,111.96,8930.96,voter pd share
3226,block_0003,DPoS,node_0205,5295.0,189.01,5484.01,self 20% + leftover
3227,block_0004,DPoS,node_0054,2068.0,24.62,2092.62,voter pd share
3228,block_0004,DPoS,node_0079,5063.0,62.87,5125.87,voter pd share
3229,block_0004,DPoS,node_0117,6418.0,76.55,6494.55,voter pd share
3230,block_0004,DPoS,node_0158,7834.0,94.85,7928.85,voter pd share
3231,block_0004,DPoS,node_0261,4542.0,55.83,4597.83,voter pd share
3232,block_0004,DPoS,node_0333,8905.0,213.29,9118.29,self 20% + leftover
3233,block_0005,DPoS,node_0167,6333.0,114.87,6447.87,voter pd share
3234,block_0005,DPoS,node_0213,7991.0,143.85,8134.85,voter pd share
3235,block_0005,DPoS,node_0401,7089.0,126.46,7215.46,voter pd share
3236,block_0005,DPoS,node_0456,6398.0,114.26,6512.26,voter pd share
3237,block_0005,DPoS,node_0115,6949.0,276.57,7225.57,self 20% + leftover
3238,block_0006,DPoS,node_0064,889.0,15.5,904.5,voter pd share
3239,block_0006,DPoS,node_0238,9196.0,152.11,9348.11,voter pd share
3240,block_0006,DPoS,node_0309,4970.0,80.35,5050.35,voter pd share
3241,block_0006,DPoS,node_0405,9236.0,154.34,9390.34,voter pd share
3242,block_0006,DPoS,node_0418,223.0,2.9,225.9,voter pd share
3243,block_0006,DPoS,node_0097,9206.0,289.8,9495.8,self 20% + leftover
3244,block_0007,DPoS,node_0114,6699.0,116.13,6815.13,voter pd share
3245,block_0007,DPoS,node_0149,6424.0,108.21,6532.21,voter pd share
3246,block_0007,DPoS,node_0203,8928.0,151.32,9079.32,voter pd share
3247,block_0007,DPoS,node_0301,1387.0,23.29,1410.29,voter pd share
3248,block_0007,DPoS,node_0192,9533.0,302.04,9835.04,self 20% + leftover
3249,block_0008,DPoS,node_0043,8968.0,188.74,9156.74,voter pd share
3250,block_0008,DPoS,node_0080,8176.0,176.02,8352.02,voter pd share
3251,block_0008,DPoS,node_0122,4605.0,98.18,4703.18,voter pd share
3252,block_0008,DPoS,node_0299,2579.0,54.77,2633.77,voter pd share
3253,block_0008,DPoS,node_0320,3166.0,70.36,3236.36,voter pd share
3254,block_0008,DPoS,node_0071,1529.0,188.91,1717.91,self 20% + leftover
3255,block_0009,DPoS,node_0032,8370.0,178.85,8548.85,voter pd share
3256,block_0009,DPoS,node_0137,6212.0,133.34,6345.34,voter pd share
3257,block_0009,DPoS,node_0274,7343.0,153.93,7496.93,voter pd share
3258,block_0009,DPoS,node_0156,7520.0,310.89,7830.89,self 20% + leftover
3259,block_0010,DPoS,node_0177,7567.0,163.44,7730.44,voter pd share
3260,block_0010,DPoS,node_0265,6617.0,145.84,6762.84,voter pd share
3261,block_0010,DPoS,node_0287,9730.0,207.49,9937.49,voter pd share
3262,block_0010,DPoS,node_0240,5143.0,261.23,5404.23,self 20% + leftover
3263,block_0011,DPoS,node_0098,9838.0,194.8,10032.8,voter pd share
3264,block_0011,DPoS,node_0111,9310.0,180.41,9490.41,voter pd share
3265,block_0011,DPoS,node_0374,7865.0,285.79,8150.79,self 20% + leftover
3266,block_0012,DPoS,node_0218,7600.0,182.6,7782.6,voter pd share
3267,block_0012,DPoS,node_0375,8649.0,197.93,8846.93,voter pd share
3268,block_0012,DPoS,node_0452,1277.0,33.49,1310.49,voter pd share
3269,block_0012,DPoS,node_0067,9110.0,361.98,9471.98,self 20% + leftover
3270,block_0013,DPoS,node_0101,1818.0,37.12,1855.12,voter pd share
3271,block_0013,DPoS,node_0116,4670.0,105.06,4775.06,voter pd share
3272,block_0013,DPoS,node_0147,7881.0,186.17,8067.17,voter pd share
3273,block_0013,DPoS,node_0180,4890.0,109.51,4999.51,voter pd share
3274,block_0013,DPoS,node_0442,7656.0,339.14,7995.14,self 20% + leftover
3275,block_0014,DPoS,node_0187,9239.0,166.88,9405.88,voter pd share
3276,block_0014,DPoS,node_0439,7381.0,137.44,7518.44,voter pd share
3277,block_0014,DPoS,node_0211,9289.0,281.68,9570.68,self 20% + leftover
3278,block_0015,DPoS,node_0082,2784.0,76.07,2860.07,voter pd share
3279,block_0015,DPoS,node_0193,6604.0,160.98,6764.98,voter pd share
3280,block_0015,DPoS,node_0290,7831.0,184.63,8015.63,voter pd share
3281,block_0015,DPoS,node_0346,3681.0,90.37,3771.37,voter pd share
3282,block_0015,DPoS,node_0398,2595.0,63.55,2658.55,voter pd share
3283,block_0015,DPoS,node_0498,1821.0,201.4,2022.4,self 20% + leftover
3284,block_0016,DPoS,node_0014,6223.0,156.99,6379.99,voter pd share
3285,block_0016,DPoS,node_0030,9705.0,241.78,9946.78,voter pd share
3286,block_0016,DPoS,node_0184,785.0,17.81,802.81,voter pd share
3287,block_0016,DPoS,node_0255,6346.0,166.86,6512.86,voter pd share
3288,block_0016,DPoS,node_0361,1607.0,194.55,1801.55,self 20% + leftover
3289,block_0017,DPoS,node_0106,8832.0,225.82,9057.82,voter pd share
3290,block_0017,DPoS,node_0119,5728.0,145.17,5873.17,voter pd share
3291,block_0017,DPoS,node_0146,2439.0,61.91,2500.91,voter pd share
3292,block_0017,DPoS,node_0148,7340.0,344.11,7684.11,self 20% + leftover
3293,block_0018,DPoS,node_0023,9280.0,185.89,9465.89,voter pd share
3294,block_0018,DPoS,node_0091,2393.0,44.98,2437.98,voter pd share
3295,block_0018,DPoS,node_0229,8867.0,184.7,9051.7,voter pd share
3296,block_0018,DPoS,node_0331,1123.0,30.92,1153.92,voter pd share
3297,block_0018,DPoS,node_0039,2810.0,178.51,2988.51,self 20% + leftover
3298,block_0019,DPoS,node_0354,6608.0,174.26,6782.26,voter pd share
3299,block_0019,DPoS,node_0472,10072.0,254.43,10326.43,voter pd share
3300,block_0019,DPoS,node_0248,7486.0,349.31,7835.31,self 20% + leftover
3301,block_0020,DPoS,node_0165,6836.0,149.92,6985.92,voter pd share
3302,block_0020,DPoS,node_0356,7517.0,160.15,7677.15,voter pd share
3303,block_0020,DPoS,node_0371,9655.0,342.93,9997.93,self 20% + leftover
3304,block_0021,DPoS,node_0182,278.0,9.64,287.64,voter pd share
3305,block_0021,DPoS,node_0189,10159.0,262.09,10421.09,voter pd share
3306,block_0021,DPoS,node_0197,5618.0,150.75,5768.75,voter pd share
3307,block_0021,DPoS,node_0315,7274.0,354.52,7628.52,self 20% + leftover
3308,block_0022,DPoS,node_0113,2551.0,49.83,2600.83,voter pd share
3309,block_0022,DPoS,node_0325,9873.0,183.45,10056.45,voter pd share
3310,block_0022,DPoS,node_0488,7438.0,136.71,7574.71,voter pd share
3311,block_0022,DPoS,node_0026,3493.0,173.01,3666.01,self 20% + leftover
3312,block_0023,DPoS,node_0129,6535.0,148.11,6683.11,voter pd share
3313,block_0023,DPoS,node_0250,7044.0,163.34,7207.34,voter pd share
3314,block_0023,DPoS,node_0321,2123.0,41.84,2164.84,voter pd share
3315,block_0023,DPoS,node_0350,1359.0,38.23,1397.23,voter pd share
3316,block_0023,DPoS,node_0429,1516.0,34.76,1550.76,voter pd share
3317,block_0023,DPoS,node_0133,4976.0,257.71,5233.71,self 20% + leftover
3318,block_0024,DPoS,node_0037,1513.0,51.01,1564.01,voter pd share
3319,block_0024,DPoS,node_0235,7892.0,214.71,8106.71,voter pd share
3320,block_0024,DPoS,node_0281,8301.0,210.71,8511.71,voter pd share
3321,block_0024,DPoS,node_0460,5781.0,301.57,6082.57,self 20% + leftover
3322,block_0025,DPoS,node_0280,8318.0,188.45,8506.45,voter pd share
3323,block_0025,DPoS,node_0307,7078.0,164.45,7242.45,voter pd share
3324,block_0025,DPoS,node_0009,7135.0,284.1,7419.1,self 20% + leftover
3325,block_0026,DPoS,node_0358,9254.0,247.97,9501.97,voter pd share
3326,block_0026,DPoS,node_0449,7525.0,205.06,7730.06,voter pd share
3327,block_0026,DPoS,node_0462,2172.0,59.77,2231.77,voter pd share
3328,block_0026,DPoS,node_0326,3642.0,260.2,3902.2,self 20% + leftover
3329,block_0027,DPoS,node_0339,6471.0,188.57,6659.57,voter pd share
3330,block_0027,DPoS,node_0413,7798.0,230.13,8028.13,voter pd share
3331,block_0027,DPoS,node_0426,7233.0,352.31,7585.31,self 20% + leftover
3332,block_0028,DPoS,node_0338,2438.0,64.86,2502.86,voter pd share
3333,block_0028,DPoS,node_0373,8379.0,238.66,8617.66,voter pd share
3334,block_0028,DPoS,node_0138,9203.0,398.47,9601.47,self 20% + leftover
3335,block_0029,DPoS,node_0338,2588.86,71.88,2660.75,voter pd share
3336,block_0029,DPoS,node_0373,8607.66,264.5,8872.17,voter pd share
3337,block_0029,DPoS,node_0138,9595.47,441.61,10037.09,self 20% + leftover
3338,block_0030,DPoS,node_0311,9097.0,243.51,9340.51,voter pd share
3339,block_0030,DPoS,node_0343,9448.0,251.48,9699.48,voter pd share
3340,block_0030,DPoS,node_0412,1534.0,169.01,1703.01,self 20% + leftover
3341,block_0031,DPoS,node_0410,9243.0,247.76,9490.76,voter pd share
3342,block_0031,DPoS,node_0432,5791.0,148.73,5939.73,voter pd share
3343,block_0031,DPoS,node_0241,5032.0,266.51,5298.51,self 20% + leftover
3344,block_0032,DPoS,node_0174,2350.0,52.56,2402.56,voter pd share
3345,block_0032,DPoS,node_0420,5347.0,133.18,5480.18,voter pd share
3346,block_0032,DPoS,node_0421,7164.0,174.42,7338.42,voter pd share
3347,block_0032,DPoS,node_0464,1983.0,52.61,2035.61,voter pd share
3348,block_0032,DPoS,node_0468,3255.0,201.23,3456.23,self 20% + leftover
3349,block_0033,DPoS,node_0088,4828.0,156.77,4984.77,voter pd share
3350,block_0033,DPoS,node_0126,739.0,21.35,760.35,voter pd share
3351,block_0033,DPoS,node_0252,787.0,38.49,825.49,voter pd share
3352,block_0033,DPoS,node_0349,4973.0,159.02,5132.02,voter pd share
3353,block_0033,DPoS,node_0494,7738.0,401.38,8139.38,self 20% + leftover
3354,block_0034,DPoS,node_0246,9941.0,241.95,10182.95,voter pd share
3355,block_0034,DPoS,node_0447,9155.0,363.05,9518.05,self 20% + leftover
3356,block_0035,DPoS,node_0215,7673.0,174.95,7847.95,voter pd share
3357,block_0035,DPoS,node_0357,6073.0,141.82,6214.82,voter pd share
3358,block_0035,DPoS,node_0461,5715.0,250.23,5965.23,self 20% + leftover
3359,block_0036,DPoS,node_0381,5044.0,171.67,5215.67,voter pd share
3360,block_0036,DPoS,node_0436,4496.0,126.36,4622.36,voter pd share
3361,block_0036,DPoS,node_0416,9559.0,467.96,10026.96,self 20% + leftover
3362,block_0037,DPoS,node_0045,2095.0,48.98,2143.98,voter pd share
3363,block_0037,DPoS,node_0089,220.0,5.26,225.26,voter pd share
3364,block_0037,DPoS,node_0322,9457.0,246.38,9703.38,voter pd share
3365,block_0037,DPoS,node_0272,7109.0,312.38,7421.38,self 20% + leftover
3366,block_0038,DPoS,node_0143,2031.0,47.52,2078.52,voter pd share
3367,block_0038,DPoS,node_0316,7931.0,253.34,8184.34,voter pd share
3368,block_0038,DPoS,node_0303,8458.0,443.15,8901.15,self 20% + leftover
3369,block_0039,DPoS,node_0055,6002.0,188.55,6190.55,voter pd share
3370,block_0039,DPoS,node_0164,2621.0,86.13,2707.13,voter pd share
3371,block_0039,DPoS,node_0208,5433.0,187.61,5620.61,voter pd share
3372,block_0039,DPoS,node_0188,3471.0,294.71,3765.71,self 20% + leftover
3373,block_0040,DPoS,node_0018,6139.0,217.66,6356.66,voter pd share
3374,block_0040,DPoS,node_0096,4410.0,151.98,4561.98,voter pd share
3375,block_0040,DPoS,node_0232,6727.0,407.36,7134.36,self 20% + leftover
3376,block_0041,DPoS,node_0041,5008.22,62.57,5070.79,voter pd share
3377,block_0041,DPoS,node_0107,9562.89,121.53,9684.42,voter pd share
3378,block_0041,DPoS,node_0140,9525.52,121.01,9646.54,voter pd share
3379,block_0041,DPoS,node_0163,2140.75,29.35,2170.1,voter pd share
3380,block_0041,DPoS,node_0365,9862.46,122.35,9984.81,voter pd share
3381,block_0041,DPoS,node_0428,7861.94,96.13,7958.07,voter pd share
3382,block_0041,DPoS,node_0441,5374.22,221.05,5595.26,self 20% + leftover
3383,block_0042,DPoS,node_0231,9914.38,103.14,10017.52,voter pd share
3384,block_0042,DPoS,node_0362,914.62,9.58,924.2,voter pd share
3385,block_0042,DPoS,node_0457,10041.1,107.4,10148.49,voter pd share
3386,block_0042,DPoS,node_0470,8827.22,91.27,8918.49,voter pd share
3387,block_0042,DPoS,node_0490,3707.32,42.67,3750.0,voter pd share
3388,block_0042,DPoS,node_0239,8619.37,205.94,8825.3,self 20% + leftover
3389,block_0043,DPoS,node_0028,7416.55,85.22,7501.76,voter pd share
3390,block_0043,DPoS,node_0168,9807.98,106.78,9914.76,voter pd share
3391,block_0043,DPoS,node_0292,7457.51,76.35,7533.86,voter pd share
3392,block_0043,DPoS,node_0422,8316.96,98.82,8415.78,voter pd share
3393,block_0043,DPoS,node_0205,5236.01,166.82,5402.83,self 20% + leftover
3394,block_0044,DPoS,node_0054,2235.62,36.24,2271.86,voter pd share
3395,block_0044,DPoS,node_0079,4412.87,92.51,4505.38,voter pd share
3396,block_0044,DPoS,node_0117,6395.55,112.65,6508.19,voter pd share
3397,block_0044,DPoS,node_0158,8011.85,139.57,8151.42,voter pd share
3398,block_0044,DPoS,node_0261,5009.83,82.15,5091.98,voter pd share
3399,block_0044,DPoS,node_0333,8989.29,313.88,9303.17,self 20% + leftover
3400,block_0045,DPoS,node_0167,6155.87,115.16,6271.03,voter pd share
3401,block_0045,DPoS,node_0213,8267.85,144.22,8412.08,voter pd share
3402,block_0045,DPoS,node_0401,6761.46,126.78,6888.24,voter pd share
3403,block_0045,DPoS,node_0456,6246.26,114.55,6360.81,voter pd share
3404,block_0045,DPoS,node_0115,7016.57,277.28,7293.85,self 20% + leftover
3405,block_0046,DPoS,node_0064,1183.5,12.0,1195.51,voter pd share
3406,block_0046,DPoS,node_0238,9263.11,117.75,9380.86,voter pd share
3407,block_0046,DPoS,node_0309,4885.35,62.2,4947.55,voter pd share
3408,block_0046,DPoS,node_0405,9223.34,119.48,9342.82,voter pd share
3409,block_0046,DPoS,node_0418,197.9,2.24,200.14,voter pd share
3410,block_0046,DPoS,node_0097,9530.8,224.34,9755.14,self 20% + leftover
3411,block_0047,DPoS,node_0114,6900.13,117.62,7017.76,voter pd share
3412,block_0047,DPoS,node_0149,6819.21,109.6,6928.82,voter pd share
3413,block_0047,DPoS,node_0203,8548.32,153.27,8701.59,voter pd share
3414,block_0047,DPoS,node_0301,988.29,23.59,1011.89,voter pd share
3415,block_0047,DPoS,node_0192,9677.04,305.91,9982.95,self 20% + leftover
3416,block_0048,DPoS,node_0043,8900.74,176.11,9076.86,voter pd share
3417,block_0048,DPoS,node_0080,8405.02,164.24,8569.26,voter pd share
3418,block_0048,DPoS,node_0122,4069.18,91.61,4160.8,voter pd share
3419,block_0048,DPoS,node_0299,2454.77,51.11,2505.88,voter pd share
3420,block_0048,DPoS,node_0320,2939.36,65.65,3005.02,voter pd share
3421,block_0048,DPoS,node_0071,1849.91,176.27,2026.18,self 20% + leftover
3422,block_0049,DPoS,node_0032,8489.85,156.06,8645.91,voter pd share
3423,block_0049,DPoS,node_0137,6326.34,116.35,6442.68,voter pd share
3424,block_0049,DPoS,node_0274,7604.93,134.32,7739.25,voter pd share
3425,block_0049,DPoS,node_0156,7470.89,271.27,7742.16,self 20% + leftover
3426,block_0050,DPoS,node_0177,8181.44,137.81,8319.25,voter pd share
3427,block_0050,DPoS,node_0265,6917.84,122.97,7040.81,voter pd share
3428,block_0050,DPoS,node_0287,10006.49,174.95,10181.44,voter pd share
3429,block_0050,DPoS,node_0240,5148.23,220.27,5368.5,self 20% + leftover
3430,block_0051,DPoS,node_0098,10206.8,229.28,10436.09,voter pd share
3431,block_0051,DPoS,node_0111,9572.41,212.34,9784.75,voter pd share
3432,block_0051,DPoS,node_0374,8256.79,336.38,8593.16,self 20% + leftover
3433,block_0052,DPoS,node_0218,7030.6,164.95,7195.56,voter pd share
3434,block_0052,DPoS,node_0375,8852.93,178.8,9031.73,voter pd share
3435,block_0052,DPoS,node_0452,811.49,30.25,841.74,voter pd share
3436,block_0052,DPoS,node_0067,9342.98,326.99,9669.97,self 20% + leftover
3437,block_0053,DPoS,node_0101,1999.12,31.63,2030.75,voter pd share
3438,block_0053,DPoS,node_0116,4798.06,89.51,4887.57,voter pd share
3439,block_0053,DPoS,node_0147,8274.17,158.61,8432.78,voter pd share
3440,block_0053,DPoS,node_0180,4948.51,93.3,5041.8,voter pd share
3441,block_0053,DPoS,node_0442,8571.14,288.95,8860.09,self 20% + leftover
3442,block_0054,DPoS,node_0187,9391.88,195.93,9587.81,voter pd share
3443,block_0054,DPoS,node_0439,7494.44,161.36,7655.8,voter pd share
3444,block_0054,DPoS,node_0211,9314.68,330.71,9645.38,self 20% + leftover
3445,block_0055,DPoS,node_0082,2793.07,67.16,2860.22,voter pd share
3446,block_0055,DPoS,node_0193,6836.98,142.13,6979.11,voter pd share
3447,block_0055,DPoS,node_0290,8188.63,163.01,8351.64,voter pd share
3448,block_0055,DPoS,node_0346,3917.37,79.79,3997.16,voter pd share
3449,block_0055,DPoS,node_0398,2900.55,56.11,2956.66,voter pd share
3450,block_0055,DPoS,node_0498,1906.4,177.81,2084.21,self 20% + leftover
3451,block_0056,DPoS,node_0014,6932.99,124.71,7057.7,voter pd share
3452,block_0056,DPoS,node_0030,10383.78,192.06,10575.84,voter pd share
3453,block_0056,DPoS,node_0184,908.81,14.14,922.95,voter pd share
3454,block_0056,DPoS,node_0255,7036.86,132.55,7169.41,voter pd share
3455,block_0056,DPoS,node_0361,2021.55,154.54,2176.1,self 20% + leftover
3456,block_0057,DPoS,node_0106,8964.82,166.53,9131.35,voter pd share
3457,block_0057,DPoS,node_0119,5469.17,107.05,5576.22,voter pd share
3458,block_0057,DPoS,node_0146,2656.91,45.65,2702.56,voter pd share
3459,block_0057,DPoS,node_0148,7477.11,253.76,7730.87,self 20% + leftover
3460,block_0058,DPoS,node_0023,9060.89,219.8,9280.7,voter pd share
3461,block_0058,DPoS,node_0091,2127.98,53.18,2181.16,voter pd share
3462,block_0058,DPoS,node_0229,8727.7,218.39,8946.09,voter pd share
3463,block_0058,DPoS,node_0331,1584.92,36.56,1621.48,voter pd share
3464,block_0058,DPoS,node_0039,3160.51,211.07,3371.58,self 20% + leftover
3465,block_0059,DPoS,node_0354,7029.26,174.26,7203.52,voter pd share
3466,block_0059,DPoS,node_0472,10287.43,254.43,10541.86,voter pd share
3467,block_0059,DPoS,node_0248,7594.31,349.31,7943.63,self 20% + leftover
3468,block_0060,DPoS,node_0165,6765.92,139.36,6905.29,voter pd share
3469,block_0060,DPoS,node_0356,7530.15,148.87,7679.02,voter pd share
3470,block_0060,DPoS,node_0371,9889.93,318.77,10208.7,self 20% + leftover
3471,block_0061,DPoS,node_0182,616.64,8.98,625.63,voter pd share
3472,block_0061,DPoS,node_0189,10523.09,244.21,10767.31,voter pd share
3473,block_0061,DPoS,node_0197,6228.75,140.47,6369.22,voter pd share
3474,block_0061,DPoS,node_0315,7434.52,330.33,7764.85,self 20% + leftover
3475,block_0062,DPoS,node_0113,2913.83,52.03,2965.85,voter pd share
3476,block_0062,DPoS,node_0325,10256.45,191.56,10448.01,voter pd share
3477,block_0062,DPoS,node_0488,7648.71,142.75,7791.46,voter pd share
3478,block_0062,DPoS,node_0026,3939.01,180.66,4119.68,self 20% + leftover
3479,block_0063,DPoS,node_0129,6748.11,168.03,6916.14,voter pd share
3480,block_0063,DPoS,node_0250,6969.34,185.31,7154.65,voter pd share
3481,block_0063,DPoS,node_0321,2047.84,47.47,2095.31,voter pd share
3482,block_0063,DPoS,node_0350,1274.23,43.37,1317.61,voter pd share
3483,block_0063,DPoS,node_0429,2028.76,39.44,2068.2,voter pd share
3484,block_0063,DPoS,node_0133,5354.71,292.38,5647.09,self 20% + leftover
3485,block_0064,DPoS,node_0280,8233.45,229.87,8463.31,voter pd share
3486,block_0064,DPoS,node_0307,6951.45,200.59,7152.05,voter pd share
3487,block_0064,DPoS,node_0009,6967.1,346.54,7313.64,self 20% + leftover
3488,block_0065,DPoS,node_0280,8488.31,230.16,8718.48,voter pd share
3489,block_0065,DPoS,node_0307,7170.05,200.85,7370.9,voter pd share
3490,block_0065,DPoS,node_0009,7367.64,346.99,7714.62,self 20% + leftover
3491,block_0066,DPoS,node_0358,8906.97,249.57,9156.54,voter pd share
3492,block_0066,DPoS,node_0449,7114.06,206.39,7320.46,voter pd share
3493,block_0066,DPoS,node_0462,2792.77,60.15,2852.92,voter pd share
3494,block_0066,DPoS,node_0326,3165.2,261.88,3427.08,self 20% + leftover
3495,block_0067,DPoS,node_0339,6069.57,129.38,6198.95,voter pd share
3496,block_0067,DPoS,node_0413,8326.13,157.89,8484.02,voter pd share
3497,block_0067,DPoS,node_0426,7163.31,241.73,7405.03,self 20% + leftover
3498,block_0068,DPoS,node_0389,6510.0,170.48,6680.48,voter pd share
3499,block_0068,DPoS,node_0486,7879.0,191.95,8070.95,voter pd share
3500,block_0068,DPoS,node_0051,3997.0,204.57,4201.57,self 20% + leftover
3501,block_0069,DPoS,node_0338,2491.75,71.88,2563.63,voter pd share
3502,block_0069,DPoS,node_0373,8504.17,264.5,8768.67,voter pd share
3503,block_0069,DPoS,node_0138,9874.09,441.61,10315.7,self 20% + leftover
3504,block_0070,DPoS,node_0311,9039.51,284.95,9324.47,voter pd share
3505,block_0070,DPoS,node_0343,9450.48,294.28,9744.76,voter pd share
3506,block_0070,DPoS,node_0412,1484.01,197.77,1681.77,self 20% + leftover
3507,block_0071,DPoS,node_0410,9010.76,265.33,9276.09,voter pd share
3508,block_0071,DPoS,node_0432,5723.73,159.27,5883.0,voter pd share
3509,block_0071,DPoS,node_0241,5039.51,285.4,5324.92,self 20% + leftover
3510,block_0072,DPoS,node_0174,2070.56,61.38,2131.94,voter pd share
3511,block_0072,DPoS,node_0420,5285.18,155.52,5440.7,voter pd share
3512,block_0072,DPoS,node_0421,6759.42,203.68,6963.1,voter pd share
3513,block_0072,DPoS,node_0464,1946.61,61.43,2008.04,voter pd share
3514,block_0072,DPoS,node_0468,3571.23,234.99,3806.23,self 20% + leftover
3515,block_0073,DPoS,node_0088,5164.77,147.09,5311.86,voter pd share
3516,block_0073,DPoS,node_0126,519.35,20.03,539.37,voter pd share
3517,block_0073,DPoS,node_0252,852.49,36.11,888.6,voter pd share
3518,block_0073,DPoS,node_0349,4841.02,149.19,4990.21,voter pd share
3519,block_0073,DPoS,node_0494,7906.38,376.58,8282.95,self 20% + leftover
3520,block_0074,DPoS,node_0246,9383.95,227.55,9611.5,voter pd share
3521,block_0074,DPoS,node_0447,9340.05,341.45,9681.5,self 20% + leftover
3522,block_0075,DPoS,node_0215,7744.95,226.18,7971.13,voter pd share
3523,block_0075,DPoS,node_0357,6690.82,183.34,6874.16,voter pd share
3524,block_0075,DPoS,node_0461,5950.23,323.48,6273.71,self 20% + leftover
3525,block_0076,DPoS,node_0381,5245.67,148.37,5394.04,voter pd share
3526,block_0076,DPoS,node_0436,4605.36,109.21,4714.57,voter pd share
3527,block_0076,DPoS,node_0416,9767.96,404.43,10172.39,self 20% + leftover
3528,block_0077,DPoS,node_0045,2042.98,62.16,2105.14,voter pd share
3529,block_0077,DPoS,node_0089,533.26,6.67,539.93,voter pd share
3530,block_0077,DPoS,node_0322,9857.38,312.7,10170.09,voter pd share
3531,block_0077,DPoS,node_0272,7827.38,396.46,8223.84,self 20% + leftover
3532,block_0078,DPoS,node_0143,2107.52,35.7,2143.22,voter pd share
3533,block_0078,DPoS,node_0316,7899.34,190.34,8089.68,voter pd share
3534,block_0078,DPoS,node_0303,8663.15,332.96,8996.1,self 20% + leftover
3535,block_0079,DPoS,node_0055,6190.55,154.18,6344.73,voter pd share
3536,block_0079,DPoS,node_0164,2526.13,70.43,2596.56,voter pd share
3537,block_0079,DPoS,node_0208,5867.61,153.41,6021.01,voter pd share
3538,block_0079,DPoS,node_0188,3909.71,240.99,4150.7,self 20% + leftover
3539,block_0080,DPoS,node_0018,6194.66,168.36,6363.02,voter pd share
3540,block_0080,DPoS,node_0096,4405.98,117.56,4523.54,voter pd share
3541,block_0080,DPoS,node_0232,7171.36,315.08,7486.44,self 20% + leftover
3542,block_0081,DPoS,node_0041,4797.79,59.34,4857.13,voter pd share
3543,block_0081,DPoS,node_0107,9396.42,115.25,9511.68,voter pd share
3544,block_0081,DPoS,node_0140,9280.54,114.76,9395.3,voter pd share
3545,block_0081,DPoS,node_0163,2361.1,27.84,2388.94,voter pd share
3546,block_0081,DPoS,node_0365,10069.81,116.02,10185.83,voter pd share
3547,block_0081,DPoS,node_0428,7135.07,91.16,7226.24,voter pd share
3548,block_0081,DPoS,node_0441,5995.26,209.62,6204.89,self 20% + leftover
3549,block_0082,DPoS,node_0231,9763.52,123.59,9887.11,voter pd share
3550,block_0082,DPoS,node_0362,1059.2,11.48,1070.68,voter pd share
3551,block_0082,DPoS,node_0457,10057.49,128.68,10186.18,voter pd share
3552,block_0082,DPoS,node_0470,8881.49,109.37,8990.85,voter pd share
3553,block_0082,DPoS,node_0490,3607.0,51.13,3658.13,voter pd share
3554,block_0082,DPoS,node_0239,9124.3,246.75,9371.06,self 20% + leftover
3555,block_0083,DPoS,node_0028,7155.76,113.3,7269.07,voter pd share
3556,block_0083,DPoS,node_0168,9371.76,141.98,9513.74,voter pd share
3557,block_0083,DPoS,node_0292,7510.86,101.52,7612.38,voter pd share
3558,block_0083,DPoS,node_0422,8565.78,131.39,8697.17,voter pd share
3559,block_0083,DPoS,node_0205,5576.83,221.81,5798.64,self 20% + leftover
3560,block_0084,DPoS,node_0054,2420.86,25.74,2446.6,voter pd share
3561,block_0084,DPoS,node_0079,4114.38,65.72,4180.11,voter pd share
3562,block_0084,DPoS,node_0117,6844.19,80.03,6924.22,voter pd share
3563,block_0084,DPoS,node_0158,8129.42,99.16,8228.58,voter pd share
3564,block_0084,DPoS,node_0261,5237.98,58.36,5296.34,voter pd share
3565,block_0084,DPoS,node_0333,9297.17,222.99,9520.15,self 20% + leftover
3566,block_0085,DPoS,node_0167,5964.03,81.12,6045.14,voter pd share
3567,block_0085,DPoS,node_0213,8172.08,101.59,8273.67,voter pd share
3568,block_0085,DPoS,node_0401,6580.24,89.3,6669.54,voter pd share
3569,block_0085,DPoS,node_0456,5785.81,80.69,5866.5,voter pd share
3570,block_0085,DPoS,node_0115,6801.85,195.31,6997.15,self 20% + leftover
3571,block_0086,DPoS,node_0064,1182.51,17.36,1199.86,voter pd share
3572,block_0086,DPoS,node_0238,9302.86,170.27,9473.13,voter pd share
3573,block_0086,DPoS,node_0309,4914.55,89.94,5004.49,voter pd share
3574,block_0086,DPoS,node_0405,8779.82,172.77,8952.59,voter pd share
3575,block_0086,DPoS,node_0418,312.14,3.24,315.38,voter pd share
3576,block_0086,DPoS,node_0097,10090.14,324.41,10414.55,self 20% + leftover
3577,block_0087,DPoS,node_0114,7169.76,93.11,7262.86,voter pd share
3578,block_0087,DPoS,node_0149,7265.82,86.76,7352.57,voter pd share
3579,block_0087,DPoS,node_0203,8587.59,121.32,8708.91,voter pd share
3580,block_0087,DPoS,node_0301,575.89,18.68,594.56,voter pd share
3581,block_0087,DPoS,node_0192,9877.95,242.15,10120.09,self 20% + leftover
3582,block_0088,DPoS,node_0043,8814.86,177.08,8991.94,voter pd share
3583,block_0088,DPoS,node_0080,8873.26,165.15,9038.41,voter pd share
3584,block_0088,DPoS,node_0122,4139.8,92.12,4231.92,voter pd share
3585,block_0088,DPoS,node_0299,2500.88,51.39,2552.27,voter pd share
3586,block_0088,DPoS,node_0320,2856.02,66.02,2922.03,voter pd share
3587,block_0088,DPoS,node_0071,2114.18,177.24,2291.43,self 20% + leftover
3588,block_0089,DPoS,node_0032,8259.91,179.08,8438.98,voter pd share
3589,block_0089,DPoS,node_0137,6331.68,133.51,6465.19,voter pd share
3590,block_0089,DPoS,node_0274,7786.25,154.13,7940.38,voter pd share
3591,block_0089,DPoS,node_0156,6961.16,311.29,7272.44,self 20% + leftover
3592,block_0090,DPoS,node_0177,8406.25,162.81,8569.06,voter pd share
3593,block_0090,DPoS,node_0265,6917.81,145.28,7063.08,voter pd share
3594,block_0090,DPoS,node_0287,9438.44,206.69,9645.13,voter pd share
3595,block_0090,DPoS,node_0240,5424.5,260.23,5684.73,self 20% + leftover
3596,block_0091,DPoS,node_0098,10224.09,225.75,10449.84,voter pd share
3597,block_0091,DPoS,node_0111,9827.75,209.06,10036.81,voter pd share
3598,block_0091,DPoS,node_0374,8126.16,331.19,8457.35,self 20% + leftover
3599,block_0092,DPoS,node_0218,6936.56,183.07,7119.63,voter pd share
3600,block_0092,DPoS,node_0375,9040.73,198.44,9239.17,voter pd share
3601,block_0092,DPoS,node_0452,745.74,33.57,779.31,voter pd share
3602,block_0092,DPoS,node_0067,9311.97,362.91,9674.88,self 20% + leftover
3603,block_0093,DPoS,node_0101,2300.75,32.96,2333.71,voter pd share
3604,block_0093,DPoS,node_0116,5229.57,93.3,5322.87,voter pd share
3605,block_0093,DPoS,node_0147,8403.78,165.32,8569.11,voter pd share
3606,block_0093,DPoS,node_0180,5439.8,97.24,5537.05,voter pd share
3607,block_0093,DPoS,node_0442,8819.09,301.17,9120.27,self 20% + leftover
3608,block_0094,DPoS,node_0187,10032.81,195.65,10228.46,voter pd share
3609,block_0094,DPoS,node_0439,7564.8,161.13,7725.93,voter pd share
3610,block_0094,DPoS,node_0211,9654.38,330.22,9984.61,self 20% + leftover
3611,block_0095,DPoS,node_0082,2833.22,75.09,2908.31,voter pd share
3612,block_0095,DPoS,node_0193,7229.11,158.91,7388.02,voter pd share
3613,block_0095,DPoS,node_0290,8314.64,182.26,8496.89,voter pd share
3614,block_0095,DPoS,node_0346,3573.16,89.21,3662.37,voter pd share
3615,block_0095,DPoS,node_0398,2489.66,62.73,2552.39,voter pd share
3616,block_0095,DPoS,node_0498,2266.21,198.81,2465.01,self 20% + leftover
3617,block_0096,DPoS,node_0014,6983.7,142.87,7126.57,voter pd share
3618,block_0096,DPoS,node_0030,10928.84,220.03,11148.87,voter pd share
3619,block_0096,DPoS,node_0184,712.95,16.2,729.16,voter pd share
3620,block_0096,DPoS,node_0255,7071.41,151.85,7223.26,voter pd share
3621,block_0096,DPoS,node_0361,2315.1,177.05,2492.14,self 20% + leftover
3622,block_0097,DPoS,node_0106,8952.35,226.11,9178.45,voter pd share
3623,block_0097,DPoS,node_0119,5522.22,145.35,5667.58,voter pd share
3624,block_0097,DPoS,node_0146,2444.56,61.99,2506.55,voter pd share
3625,block_0097,DPoS,node_0148,7403.87,344.55,7748.42,self 20% + leftover
3626,block_0098,DPoS,node_0023,9055.7,188.27,9243.97,voter pd share
3627,block_0098,DPoS,node_0091,2029.16,45.56,2074.72,voter pd share
3628,block_0098,DPoS,node_0229,8152.09,187.06,8339.15,voter pd share
3629,block_0098,DPoS,node_0331,1487.48,31.31,1518.79,voter pd share
3630,block_0098,DPoS,node_0039,3283.58,180.79,3464.37,self 20% + leftover
3631,block_0099,DPoS,node_0354,6727.52,156.79,6884.3,voter pd share
3632,block_0099,DPoS,node_0472,11115.86,228.92,11344.78,voter pd share
3633,block_0099,DPoS,node_0248,7974.63,314.29,8288.92,self 20% + leftover
3634,block_0100,DPoS,node_0165,6837.29,126.73,6964.02,voter pd share
3635,block_0100,DPoS,node_0356,7605.02,135.38,7740.39,voter pd share
3636,block_0100,DPoS,node_0371,10074.7,289.89,10364.58,self 20% + leftover
3637,block_0101,DPoS,node_0182,473.63,9.62,483.24,voter pd share
3638,block_0101,DPoS,node_0189,10686.31,261.42,10947.72,voter pd share
3639,block_0101,DPoS,node_0197,6418.22,150.36,6568.58,voter pd share
3640,block_0101,DPoS,node_0315,7541.85,353.6,7895.46,self 20% + leftover
3641,block_0102,DPoS,node_0113,2524.85,71.3,2596.15,voter pd share
3642,block_0102,DPoS,node_0325,10813.01,262.51,11075.51,voter pd share
3643,block_0102,DPoS,node_0488,7696.46,195.62,7892.09,voter pd share
3644,block_0102,DPoS,node_0026,4966.68,247.57,5214.25,self 20% + leftover
3645,block_0103,DPoS,node_0129,6795.14,141.61,6936.76,voter pd share
3646,block_0103,DPoS,node_0250,7330.65,156.17,7486.82,voter pd share
3647,block_0103,DPoS,node_0321,2007.31,40.01,2047.32,voter pd share
3648,block_0103,DPoS,node_0350,1232.61,36.56,1269.16,voter pd share
3649,block_0103,DPoS,node_0429,1608.2,33.24,1641.44,voter pd share
3650,block_0103,DPoS,node_0133,5554.09,246.41,5800.5,self 20% + leftover
3651,block_0104,DPoS,node_0048,8429.0,240.55,8669.55,voter pd share
3652,block_0104,DPoS,node_0212,1168.0,39.8,1207.8,voter pd share
3653,block_0104,DPoS,node_0424,6578.0,316.65,6894.65,self 20% + leftover
3654,block_0105,DPoS,node_0280,8669.48,229.87,8899.34,voter pd share
3655,block_0105,DPoS,node_0307,8076.9,200.59,8277.49,voter pd share
3656,block_0105,DPoS,node_0009,7640.62,346.54,7987.16,self 20% + leftover
3657,block_0106,DPoS,node_0358,8627.54,214.93,8842.47,voter pd share
3658,block_0106,DPoS,node_0449,7567.46,177.74,7745.2,voter pd share
3659,block_0106,DPoS,node_0462,3231.92,51.8,3283.72,voter pd share
3660,block_0106,DPoS,node_0326,3357.08,225.53,3582.61,self 20% + leftover
3661,block_0107,DPoS,node_0339,6052.95,134.27,6187.22,voter pd share
3662,block_0107,DPoS,node_0413,8388.02,163.86,8551.88,voter pd share
3663,block_0107,DPoS,node_0426,7868.03,250.87,8118.9,self 20% + leftover
3664,block_0108,DPoS,node_0389,6808.48,186.71,6995.19,voter pd share
3665,block_0108,DPoS,node_0486,8054.95,210.23,8265.18,voter pd share
3666,block_0108,DPoS,node_0051,4404.57,224.05,4628.62,self 20% + leftover
3667,block_0109,DPoS,node_0338,2634.63,59.13,2693.77,voter pd share
3668,block_0109,DPoS,node_0373,8340.67,217.59,8558.25,voter pd share
3669,block_0109,DPoS,node_0138,10330.7,363.28,10693.98,self 20% + leftover
3670,block_0110,DPoS,node_0311,8898.47,248.28,9146.75,voter pd share
3671,block_0110,DPoS,node_0343,10204.76,256.4,10461.16,voter pd share
3672,block_0110,DPoS,node_0412,1739.77,172.31,1912.09,self 20% + leftover
3673,block_0111,DPoS,node_0410,9470.09,256.36,9726.45,voter pd share
3674,block_0111,DPoS,node_0432,6376.0,153.89,6529.88,voter pd share
3675,block_0111,DPoS,node_0241,5374.92,275.76,5650.67,self 20% + leftover
3676,block_0112,DPoS,node_0174,2281.94,63.35,2345.28,voter pd share
3677,block_0112,DPoS,node_0420,5349.7,160.51,5510.2,voter pd share
3678,block_0112,DPoS,node_0421,6811.1,210.21,7021.31,voter pd share
3679,block_0112,DPoS,node_0464,2205.04,63.4,2268.45,voter pd share
3680,block_0112,DPoS,node_0468,3833.23,242.53,4075.75,self 20% + leftover
3681,block_0113,DPoS,node_0088,5725.86,152.74,5878.6,voter pd share
3682,block_0113,DPoS,node_0126,18.37,20.8,39.17,voter pd share
3683,block_0113,DPoS,node_0252,1045.6,37.5,1083.1,voter pd share
3684,block_0113,DPoS,node_0349,4987.21,154.92,5142.13,voter pd share
3685,block_0113,DPoS,node_0494,8094.95,391.04,8486.0,self 20% + leftover
3686,block_0114,DPoS,node_0246,9930.5,309.94,10240.44,voter pd share
3687,block_0114,DPoS,node_0447,9550.5,465.06,10015.56,self 20% + leftover
3688,block_0115,DPoS,node_0215,8848.13,238.83,9086.96,voter pd share
3689,block_0115,DPoS,node_0357,7245.16,193.59,7438.75,voter pd share
3690,block_0115,DPoS,node_0461,6192.71,341.58,6534.29,self 20% + leftover
3691,block_0116,DPoS,node_0381,5082.04,166.3,5248.34,voter pd share
3692,block_0116,DPoS,node_0436,4604.57,122.4,4726.97,voter pd share
3693,block_0116,DPoS,node_0416,9696.39,453.3,10149.69,self 20% + leftover
3694,block_0117,DPoS,node_0045,1717.14,54.65,1771.8,voter pd share
3695,block_0117,DPoS,node_0089,444.93,5.87,450.8,voter pd share
3696,block_0117,DPoS,node_0322,9592.09,274.92,9867.01,voter pd share
3697,block_0117,DPoS,node_0272,8357.84,348.56,8706.4,self 20% + leftover
3698,block_0118,DPoS,node_0143,1980.22,42.54,2022.75,voter pd share
3699,block_0118,DPoS,node_0316,8065.68,226.78,8292.45,voter pd share
3700,block_0118,DPoS,node_0303,8823.1,396.69,9219.79,self 20% + leftover
3701,block_0119,DPoS,node_0055,6029.73,193.53,6223.27,voter pd share
3702,block_0119,DPoS,node_0164,2861.56,88.4,2949.96,voter pd share
3703,block_0119,DPoS,node_0208,5745.01,192.56,5937.58,voter pd share
3704,block_0119,DPoS,node_0188,4160.7,302.5,4463.2,self 20% + leftover
3705,block_0120,DPoS,node_0018,6416.02,157.43,6573.45,voter pd share
3706,block_0120,DPoS,node_0096,4375.54,109.93,4485.47,voter pd share
3707,block_0120,DPoS,node_0232,7200.44,294.64,7495.08,self 20% + leftover
3708,block_0121,DPoS,node_0041,5070.13,58.45,5128.58,voter pd share
3709,block_0121,DPoS,node_0107,9360.68,113.53,9474.2,voter pd share
3710,block_0121,DPoS,node_0140,8939.3,113.04,9052.34,voter pd share
3711,block_0121,DPoS,node_0163,2341.94,27.42,2369.36,voter pd share
3712,block_0121,DPoS,node_0365,10426.83,114.28,10541.11,voter pd share
3713,block_0121,DPoS,node_0428,7813.24,89.8,7903.03,voter pd share
3714,block_0121,DPoS,node_0441,6526.89,206.48,6733.37,self 20% + leftover
3715,block_0122,DPoS,node_0231,9676.11,121.74,9797.85,voter pd share
3716,block_0122,DPoS,node_0362,763.68,11.31,774.98,voter pd share
3717,block_0122,DPoS,node_0457,10333.18,126.77,10459.94,voter pd share
3718,block_0122,DPoS,node_0470,9409.85,107.74,9517.59,voter pd share
3719,block_0122,DPoS,node_0490,3611.13,50.37,3661.5,voter pd share
3720,block_0122,DPoS,node_0239,9688.06,243.08,9931.13,self 20% + leftover
3721,block_0123,DPoS,node_0028,7683.07,123.68,7806.74,voter pd share
3722,block_0123,DPoS,node_0168,9630.74,154.98,9785.72,voter pd share
3723,block_0123,DPoS,node_0292,7890.38,110.81,8001.19,voter pd share
3724,block_0123,DPoS,node_0422,8731.17,143.42,8874.59,voter pd share
3725,block_0123,DPoS,node_0205,5741.64,242.11,5983.75,self 20% + leftover
3726,block_0124,DPoS,node_0054,1960.6,26.58,1987.18,voter pd share
3727,block_0124,DPoS,node_0079,3941.11,67.87,4008.97,voter pd share
3728,block_0124,DPoS,node_0117,7121.22,82.64,7203.86,voter pd share
3729,block_0124,DPoS,node_0158,8281.58,102.39,8383.97,voter pd share
3730,block_0124,DPoS,node_0261,5827.34,60.27,5887.61,voter pd share
3731,block_0124,DPoS,node_0333,9003.15,230.26,9233.41,self 20% + leftover
3732,block_0125,DPoS,node_0167,6292.14,79.19,6371.33,voter pd share
3733,block_0125,DPoS,node_0213,8043.67,99.18,8142.84,voter pd share
3734,block_0125,DPoS,node_0401,6163.54,87.18,6250.73,voter pd share
3735,block_0125,DPoS,node_0456,6131.5,78.77,6210.27,voter pd share
3736,block_0125,DPoS,node_0115,6784.15,190.67,6974.83,self 20% + leftover
3737,block_0126,DPoS,node_0064,1162.86,14.79,1177.65,voter pd share
3738,block_0126,DPoS,node_0238,9595.13,145.11,9740.24,voter pd share
3739,block_0126,DPoS,node_0309,4773.49,76.65,4850.14,voter pd share
3740,block_0126,DPoS,node_0405,8881.59,147.24,9028.83,voter pd share
3741,block_0126,DPoS,node_0418,1.38,2.76,4.14,voter pd share
3742,block_0126,DPoS,node_0097,10109.55,276.46,10386.01,self 20% + leftover
3743,block_0127,DPoS,node_0114,7085.86,105.7,7191.56,voter pd share
3744,block_0127,DPoS,node_0149,7112.57,98.49,7211.06,voter pd share
3745,block_0127,DPoS,node_0203,8829.91,137.72,8967.63,voter pd share
3746,block_0127,DPoS,node_0301,468.56,21.2,489.77,voter pd share
3747,block_0127,DPoS,node_0192,10350.09,274.89,10624.98,self 20% + leftover
3748,block_0128,DPoS,node_0043,8937.94,142.59,9080.53,voter pd share
3749,block_0128,DPoS,node_0080,9416.41,132.98,9549.39,voter pd share
3750,block_0128,DPoS,node_0122,4636.92,74.18,4711.09,voter pd share
3751,block_0128,DPoS,node_0299,2153.27,41.38,2194.65,voter pd share
3752,block_0128,DPoS,node_0320,2744.03,53.16,2797.19,voter pd share
3753,block_0128,DPoS,node_0071,1770.43,142.72,1913.15,self 20% + leftover
3754,block_0129,DPoS,node_0032,8232.98,178.85,8411.83,voter pd share
3755,block_0129,DPoS,node_0137,6076.19,133.34,6209.53,voter pd share
3756,block_0129,DPoS,node_0274,8284.38,153.93,8438.31,voter pd share
3757,block_0129,DPoS,node_0156,6862.44,310.89,7173.33,self 20% + leftover
3758,block_0130,DPoS,node_0177,8234.06,139.07,8373.13,voter pd share
3759,block_0130,DPoS,node_0265,6739.08,124.09,6863.18,voter pd share
3760,block_0130,DPoS,node_0287,9573.13,176.55,9749.68,voter pd share
3761,block_0130,DPoS,node_0240,5384.73,222.28,5607.01,self 20% + leftover
3762,block_0131,DPoS,node_0098,10085.84,206.89,10292.72,voter pd share
3763,block_0131,DPoS,node_0111,9726.81,191.6,9918.41,voter pd share
3764,block_0131,DPoS,node_0374,7848.35,303.52,8151.87,self 20% + leftover
3765,block_0132,DPoS,node_0218,6983.63,149.19,7132.82,voter pd share
3766,block_0132,DPoS,node_0375,8904.17,161.71,9065.89,voter pd share
3767,block_0132,DPoS,node_0452,1118.31,27.36,1145.67,voter pd share
3768,block_0132,DPoS,node_0067,9679.88,295.74,9975.62,self 20% + leftover
3769,block_0133,DPoS,node_0101,2366.71,36.98,2403.69,voter pd share
3770,block_0133,DPoS,node_0116,5244.87,104.66,5349.53,voter pd share
3771,block_0133,DPoS,node_0147,8591.11,185.45,8776.56,voter pd share
3772,block_0133,DPoS,node_0180,5121.05,109.08,5230.13,voter pd share
3773,block_0133,DPoS,node_0442,9578.27,337.84,9916.1,self 20% + leftover
3774,block_0134,DPoS,node_0187,10295.46,196.79,10492.25,voter pd share
3775,block_0134,DPoS,node_0439,7872.93,162.07,8035.0,voter pd share
3776,block_0134,DPoS,node_0211,9324.61,332.15,9656.75,self 20% + leftover
3777,block_0135,DPoS,node_0082,2943.31,75.58,3018.88,voter pd share
3778,block_0135,DPoS,node_0193,7366.02,159.94,7525.96,voter pd share
3779,block_0135,DPoS,node_0290,8531.89,183.44,8715.34,voter pd share
3780,block_0135,DPoS,node_0346,4034.37,89.79,4124.16,voter pd share
3781,block_0135,DPoS,node_0398,2955.39,63.14,3018.54,voter pd share
3782,block_0135,DPoS,node_0498,2550.01,200.1,2750.12,self 20% + leftover
3783,block_0136,DPoS,node_0014,7193.57,108.56,7302.13,voter pd share
3784,block_0136,DPoS,node_0030,11176.87,167.2,11344.06,voter pd share
3785,block_0136,DPoS,node_0184,536.16,12.31,548.47,voter pd share
3786,block_0136,DPoS,node_0255,7083.26,115.39,7198.65,voter pd share
3787,block_0136,DPoS,node_0361,2670.14,134.54,2804.68,self 20% + leftover
3788,block_0137,DPoS,node_0106,9338.45,225.53,9563.98,voter pd share
3789,block_0137,DPoS,node_0119,5510.58,144.98,5655.56,voter pd share
3790,block_0137,DPoS,node_0146,2985.55,61.83,3047.37,voter pd share
3791,block_0137,DPoS,node_0148,7052.42,343.67,7396.09,self 20% + leftover
3792,block_0138,DPoS,node_0023,8656.97,181.73,8838.7,voter pd share
3793,block_0138,DPoS,node_0091,2247.72,43.97,2291.69,voter pd share
3794,block_0138,DPoS,node_0229,8441.15,180.56,8621.71,voter pd share
3795,block_0138,DPoS,node_0331,1654.79,30.23,1685.02,voter pd share
3796,block_0138,DPoS,node_0039,3507.37,174.51,3681.88,self 20% + leftover
3797,block_0139,DPoS,node_0354,6570.3,165.3,6735.6,voter pd share
3798,block_0139,DPoS,node_0472,11404.78,241.35,11646.13,voter pd share
3799,block_0139,DPoS,node_0248,8038.92,331.35,8370.27,self 20% + leftover
3800,block_0140,DPoS,node_0165,7178.02,147.86,7325.88,voter pd share
3801,block_0140,DPoS,node_0356,7885.39,157.94,8043.34,voter pd share
3802,block_0140,DPoS,node_0371,10358.58,338.2,10696.79,self 20% + leftover
3803,block_0141,DPoS,node_0182,577.24,8.29,585.53,voter pd share
3804,block_0141,DPoS,node_0189,10767.72,225.32,10993.05,voter pd share
3805,block_0141,DPoS,node_0197,6498.58,129.6,6628.18,voter pd share
3806,block_0141,DPoS,node_0315,7747.46,304.78,8052.24,self 20% + leftover
3807,block_0142,DPoS,node_0113,1857.15,65.33,1922.49,voter pd share
3808,block_0142,DPoS,node_0325,10895.51,240.55,11136.06,voter pd share
3809,block_0142,DPoS,node_0488,8103.09,179.26,8282.34,voter pd share
3810,block_0142,DPoS,node_0026,5149.25,226.86,5376.11,self 20% + leftover
3811,block_0143,DPoS,node_0129,6627.76,119.74,6747.5,voter pd share
3812,block_0143,DPoS,node_0250,7133.82,132.06,7265.88,voter pd share
3813,block_0143,DPoS,node_0321,2217.32,33.83,2251.15,voter pd share
3814,block_0143,DPoS,node_0350,1161.16,30.91,1192.07,voter pd share
3815,block_0143,DPoS,node_0429,1581.44,28.11,1609.55,voter pd share
3816,block_0143,DPoS,node_0133,5171.5,208.36,5379.86,self 20% + leftover
3817,block_0144,DPoS,node_0280,9192.34,171.59,9363.93,voter pd share
3818,block_0144,DPoS,node_0307,8117.49,149.74,8267.23,voter pd share
3819,block_0144,DPoS,node_0009,8321.16,258.68,8579.84,self 20% + leftover
3820,block_0145,DPoS,node_0280,9499.93,230.16,9730.09,voter pd share
3821,block_0145,DPoS,node_0307,8365.23,200.85,8566.08,voter pd share
3822,block_0145,DPoS,node_0009,8675.84,346.99,9022.83,self 20% + leftover
3823,block_0146,DPoS,node_0358,8902.47,248.61,9151.08,voter pd share
3824,block_0146,DPoS,node_0449,7560.2,205.59,7765.79,voter pd share
3825,block_0146,DPoS,node_0462,3424.72,59.92,3484.64,voter pd share
3826,block_0146,DPoS,node_0326,3316.61,260.87,3577.49,self 20% + leftover
3827,block_0147,DPoS,node_0339,6206.22,173.89,6380.11,voter pd share
3828,block_0147,DPoS,node_0413,8748.88,212.22,8961.1,voter pd share
3829,block_0147,DPoS,node_0426,8097.9,324.89,8422.79,self 20% + leftover
3830,block_0148,DPoS,node_0389,6390.19,233.62,6623.81,voter pd share
3831,block_0148,DPoS,node_0486,8040.18,263.04,8303.23,voter pd share
3832,block_0148,DPoS,node_0051,4835.62,280.34,5115.96,self 20% + leftover
3833,block_0149,DPoS,node_0338,2849.77,61.63,2911.39,voter pd share
3834,block_0149,DPoS,node_0373,7974.25,226.76,8201.02,voter pd share
3835,block_0149,DPoS,node_0138,10507.98,378.61,10886.59,self 20% + leftover
3836,block_0150,DPoS,node_0311,9416.75,284.95,9701.7,voter pd share
3837,block_0150,DPoS,node_0343,10426.16,294.28,10720.44,voter pd share
3838,block_0150,DPoS,node_0412,1606.09,197.77,1803.85,self 20% + leftover
3839,block_0151,DPoS,node_0410,9645.45,262.71,9908.16,voter pd share
3840,block_0151,DPoS,node_0432,6752.88,157.7,6910.58,voter pd share
3841,block_0151,DPoS,node_0241,5757.67,282.59,6040.26,self 20% + leftover
3842,block_0152,DPoS,node_0174,2325.28,64.2,2389.48,voter pd share
3843,block_0152,DPoS,node_0420,5336.2,162.68,5498.88,voter pd share
3844,block_0152,DPoS,node_0421,7016.31,213.05,7229.37,voter pd share
3845,block_0152,DPoS,node_0464,2479.45,64.26,2543.71,voter pd share
3846,block_0152,DPoS,node_0468,3828.75,245.81,4074.56,self 20% + leftover
3847,block_0153,DPoS,node_0414,4260.0,163.85,4423.85,voter pd share
3848,block_0153,DPoS,node_0443,4202.0,164.75,4366.75,voter pd share
3849,block_0153,DPoS,node_0230,6724.0,448.4,7172.4,self 20% + leftover
3850,block_0154,DPoS,node_0246,9769.44,250.75,10020.19,voter pd share
3851,block_0154,DPoS,node_0447,9896.56,376.25,10272.81,self 20% + leftover
3852,block_0155,DPoS,node_0215,8849.96,183.9,9033.86,voter pd share
3853,block_0155,DPoS,node_0357,7646.75,149.07,7795.83,voter pd share
3854,block_0155,DPoS,node_0461,6532.29,263.02,6795.31,self 20% + leftover
3855,block_0156,DPoS,node_0381,5222.34,168.98,5391.32,voter pd share
3856,block_0156,DPoS,node_0436,4642.97,124.38,4767.36,voter pd share
3857,block_0156,DPoS,node_0416,10286.69,460.63,10747.32,self 20% + leftover
3858,block_0157,DPoS,node_0045,1499.8,61.6,1561.4,voter pd share
3859,block_0157,DPoS,node_0089,385.8,6.61,392.41,voter pd share
3860,block_0157,DPoS,node_0322,9936.01,309.89,10245.9,voter pd share
3861,block_0157,DPoS,node_0272,8881.4,392.89,9274.29,self 20% + leftover
3862,block_0158,DPoS,node_0143,2022.75,39.92,2062.67,voter pd share
3863,block_0158,DPoS,node_0316,8576.45,212.82,8789.27,voter pd share
3864,block_0158,DPoS,node_0303,9129.79,372.27,9502.06,self 20% + leftover
3865,block_0159,DPoS,node_0055,5724.27,175.6,5899.87,voter pd share
3866,block_0159,DPoS,node_0164,2865.96,80.21,2946.17,voter pd share
3867,block_0159,DPoS,node_0208,5544.58,174.72,5719.3,voter pd share
3868,block_0159,DPoS,node_0188,4653.2,274.47,4927.66,self 20% + leftover
3869,block_0160,DPoS,node_0018,6414.45,211.78,6626.23,voter pd share
3870,block_0160,DPoS,node_0096,3950.47,147.88,4098.35,voter pd share
3871,block_0160,DPoS,node_0232,7781.08,396.35,8177.42,self 20% + leftover
3872,block_0161,DPoS,node_0041,4749.58,59.1,4808.68,voter pd share
3873,block_0161,DPoS,node_0107,9284.2,114.78,9398.99,voter pd share
3874,block_0161,DPoS,node_0140,9048.34,114.29,9162.63,voter pd share
3875,block_0161,DPoS,node_0163,2521.36,27.72,2549.08,voter pd share
3876,block_0161,DPoS,node_0365,9969.11,115.55,10084.66,voter pd share
3877,block_0161,DPoS,node_0428,7394.03,90.79,7484.83,voter pd share
3878,block_0161,DPoS,node_0441,6786.37,208.77,6995.13,self 20% + leftover
3879,block_0162,DPoS,node_0231,10385.85,143.11,10528.96,voter pd share
3880,block_0162,DPoS,node_0362,438.98,13.29,452.27,voter pd share
3881,block_0162,DPoS,node_0457,10691.94,149.01,10840.95,voter pd share
3882,block_0162,DPoS,node_0470,9671.59,126.64,9798.23,voter pd share
3883,block_0162,DPoS,node_0490,3470.5,59.21,3529.72,voter pd share
3884,block_0162,DPoS,node_0239,9883.13,285.73,10168.87,self 20% + leftover
3885,block_0163,DPoS,node_0028,7692.74,105.96,7798.71,voter pd share
3886,block_0163,DPoS,node_0168,9712.72,132.78,9845.5,voter pd share
3887,block_0163,DPoS,node_0292,8319.19,94.94,8414.14,voter pd share
3888,block_0163,DPoS,node_0422,9153.59,122.88,9276.47,voter pd share
3889,block_0163,DPoS,node_0205,5960.75,207.44,6168.19,self 20% + leftover
3890,block_0164,DPoS,node_0054,1585.18,36.19,1621.37,voter pd share
3891,block_0164,DPoS,node_0079,3959.97,92.4,4052.37,voter pd share
3892,block_0164,DPoS,node_0117,7365.86,112.5,7478.36,voter pd share
3893,block_0164,DPoS,node_0158,7911.97,139.39,8051.36,voter pd share
3894,block_0164,DPoS,node_0261,5506.61,82.05,5588.66,voter pd share
3895,block_0164,DPoS,node_0333,8990.41,313.47,9303.88,self 20% + leftover
3896,block_0165,DPoS,node_0167,6145.33,96.07,6241.4,voter pd share
3897,block_0165,DPoS,node_0213,8416.84,120.31,8537.15,voter pd share
3898,block_0165,DPoS,node_0401,6355.73,105.76,6461.49,voter pd share
3899,block_0165,DPoS,node_0456,6538.27,95.56,6633.83,voter pd share
3900,block_0165,DPoS,node_0115,7169.83,231.3,7401.13,self 20% + leftover
3901,block_0166,DPoS,node_0064,994.65,17.33,1011.98,voter pd share
3902,block_0166,DPoS,node_0238,9286.24,170.06,9456.29,voter pd share
3903,block_0166,DPoS,node_0309,4650.14,89.83,4739.97,voter pd share
3904,block_0166,DPoS,node_0405,9011.83,172.55,9184.38,voter pd share
3905,block_0166,DPoS,node_0418,276.14,3.24,279.38,voter pd share
3906,block_0166,DPoS,node_0097,9667.01,323.99,9991.0,self 20% + leftover
3907,block_0167,DPoS,node_0114,7279.56,112.82,7392.38,voter pd share
3908,block_0167,DPoS,node_0149,6963.06,105.13,7068.19,voter pd share
3909,block_0167,DPoS,node_0203,8776.63,147.01,8923.63,voter pd share
3910,block_0167,DPoS,node_0301,173.77,22.63,196.4,voter pd share
3911,block_0167,DPoS,node_0192,10561.98,293.42,10855.4,self 20% + leftover
3912,block_0168,DPoS,node_0043,8967.53,172.23,9139.76,voter pd share
3913,block_0168,DPoS,node_0080,9648.39,160.62,9809.01,voter pd share
3914,block_0168,DPoS,node_0122,4559.09,89.59,4648.68,voter pd share
3915,block_0168,DPoS,node_0299,2023.65,49.98,2073.63,voter pd share
3916,block_0168,DPoS,node_0320,2620.19,64.2,2684.39,voter pd share
3917,block_0168,DPoS,node_0071,1959.15,172.38,2131.53,self 20% + leftover
3918,block_0169,DPoS,node_0032,8412.83,179.08,8591.91,voter pd share
3919,block_0169,DPoS,node_0137,6471.53,133.51,6605.04,voter pd share
3920,block_0169,DPoS,node_0274,8385.31,154.13,8539.44,voter pd share
3921,block_0169,DPoS,node_0156,7240.33,311.29,7551.62,self 20% + leftover
3922,block_0170,DPoS,node_0177,8600.13,114.07,8714.2,voter pd share
3923,block_0170,DPoS,node_0265,7085.18,101.79,7186.96,voter pd share
3924,block_0170,DPoS,node_0287,9689.68,144.81,9834.49,voter pd share
3925,block_0170,DPoS,node_0240,5523.01,182.33,5705.34,self 20% + leftover
3926,block_0171,DPoS,node_0098,10493.72,178.3,10672.02,voter pd share
3927,block_0171,DPoS,node_0111,9934.41,165.12,10099.53,voter pd share
3928,block_0171,DPoS,node_0374,8020.87,261.58,8282.45,self 20% + leftover
3929,block_0172,DPoS,node_0218,7342.82,178.6,7521.42,voter pd share
3930,block_0172,DPoS,node_0375,8850.89,193.6,9044.48,voter pd share
3931,block_0172,DPoS,node_0452,1422.67,32.75,1455.43,voter pd share
3932,block_0172,DPoS,node_0067,10459.62,354.05,10813.67,self 20% + leftover
3933,block_0173,DPoS,node_0101,2501.69,31.29,2532.98,voter pd share
3934,block_0173,DPoS,node_0116,5083.53,88.57,5172.09,voter pd share
3935,block_0173,DPoS,node_0147,8874.56,156.94,9031.49,voter pd share
3936,block_0173,DPoS,node_0180,5286.13,92.31,5378.44,voter pd share
3937,block_0173,DPoS,node_0442,10100.1,285.89,10385.99,self 20% + leftover
3938,block_0174,DPoS,node_0187,10398.25,209.32,10607.56,voter pd share
3939,block_0174,DPoS,node_0439,7614.0,172.39,7786.39,voter pd share
3940,block_0174,DPoS,node_0211,10010.75,353.3,10364.05,self 20% + leftover
3941,block_0175,DPoS,node_0082,2824.88,76.07,2900.95,voter pd share
3942,block_0175,DPoS,node_0193,7938.96,160.98,8099.94,voter pd share
3943,block_0175,DPoS,node_0290,8657.34,184.63,8841.97,voter pd share
3944,block_0175,DPoS,node_0346,3932.16,90.37,4022.54,voter pd share
3945,block_0175,DPoS,node_0398,2847.54,63.55,2911.09,voter pd share
3946,block_0175,DPoS,node_0498,3017.12,201.4,3218.51,self 20% + leftover
3947,block_0176,DPoS,node_0014,7948.13,129.15,8077.28,voter pd share
3948,block_0176,DPoS,node_0030,11233.06,198.9,11431.96,voter pd share
3949,block_0176,DPoS,node_0184,628.47,14.65,643.12,voter pd share
3950,block_0176,DPoS,node_0255,6952.65,137.27,7089.92,voter pd share
3951,block_0176,DPoS,node_0361,2646.68,160.04,2806.73,self 20% + leftover
3952,block_0177,DPoS,node_0106,9691.98,183.97,9875.95,voter pd share
3953,block_0177,DPoS,node_0119,5404.56,118.26,5522.82,voter pd share
3954,block_0177,DPoS,node_0146,3369.37,50.43,3419.8,voter pd share
3955,block_0177,DPoS,node_0148,7299.09,280.34,7579.42,self 20% + leftover
3956,block_0178,DPoS,node_0023,8485.7,162.4,8648.1,voter pd share
3957,block_0178,DPoS,node_0091,2412.69,39.29,2451.98,voter pd share
3958,block_0178,DPoS,node_0229,8356.71,161.35,8518.06,voter pd share
3959,block_0178,DPoS,node_0331,1451.02,27.01,1478.03,voter pd share
3960,block_0178,DPoS,node_0039,4125.88,155.95,4281.83,self 20% + leftover
3961,block_0179,DPoS,node_0165,7425.88,177.93,7603.81,voter pd share
3962,block_0179,DPoS,node_0356,7525.34,190.07,7715.41,voter pd share
3963,block_0179,DPoS,node_0371,11034.79,407.0,11441.78,self 20% + leftover
3964,block_0180,DPoS,node_0165,7603.81,138.44,7742.25,voter pd share
3965,block_0180,DPoS,node_0356,7720.41,147.89,7868.29,voter pd share
3966,block_0180,DPoS,node_0371,11527.78,316.67,11844.45,self 20% + leftover
3967,block_0181,DPoS,node_0444,9426.0,303.81,9729.81,voter pd share
3968,block_0181,DPoS,node_0334,8212.0,473.19,8685.19,self 20% + leftover
3969,block_0182,DPoS,node_0113,1718.49,58.45,1776.94,voter pd share
3970,block_0182,DPoS,node_0325,11279.06,215.21,11494.27,voter pd share
3971,block_0182,DPoS,node_0488,8257.34,160.38,8417.72,voter pd share
3972,block_0182,DPoS,node_0026,5661.11,202.96,5864.07,self 20% + leftover
3973,block_0183,DPoS,node_0129,7002.5,121.04,7123.54,voter pd share
3974,block_0183,DPoS,node_0250,7186.88,133.49,7320.36,voter pd share
3975,block_0183,DPoS,node_0321,2728.15,34.2,2762.34,voter pd share
3976,block_0183,DPoS,node_0350,1312.07,31.25,1343.32,voter pd share
3977,block_0183,DPoS,node_0429,1584.55,28.41,1612.96,voter pd share
3978,block_0183,DPoS,node_0133,5279.86,210.62,5490.48,self 20% + leftover
3979,block_0184,DPoS,node_0074,2028.0,69.37,2097.37,voter pd share
3980,block_0184,DPoS,node_0085,5916.0,174.71,6090.71,voter pd share
3981,block_0184,DPoS,node_0034,6796.0,280.92,7076.92,self 20% + leftover
3982,block_0185,DPoS,node_0280,9538.09,196.44,9734.53,voter pd share
3983,block_0185,DPoS,node_0307,8811.08,171.42,8982.51,voter pd share
3984,block_0185,DPoS,node_0009,8832.83,296.14,9128.97,self 20% + leftover
3985,block_0186,DPoS,node_0358,9084.08,248.61,9332.69,voter pd share
3986,block_0186,DPoS,node_0449,7473.79,205.59,7679.39,voter pd share
3987,block_0186,DPoS,node_0462,3246.64,59.92,3306.57,voter pd share
3988,block_0186,DPoS,node_0326,3691.49,260.87,3952.36,self 20% + leftover
3989,block_0187,DPoS,node_0339,6292.11,189.79,6481.9,voter pd share
3990,block_0187,DPoS,node_0413,8499.1,231.62,8730.72,voter pd share
3991,block_0187,DPoS,node_0426,8038.79,354.59,8393.38,self 20% + leftover
3992,block_0188,DPoS,node_0389,6625.81,163.26,6789.08,voter pd share
3993,block_0188,DPoS,node_0486,8206.23,183.83,8390.05,voter pd share
3994,block_0188,DPoS,node_0051,4891.96,195.91,5087.87,self 20% + leftover
3995,block_0189,DPoS,node_0338,3040.39,55.9,3096.29,voter pd share
3996,block_0189,DPoS,node_0373,7684.02,205.69,7889.71,voter pd share
3997,block_0189,DPoS,node_0138,10847.59,343.41,11191.0,self 20% + leftover
3998,block_0190,DPoS,node_0311,10221.7,283.85,10505.56,voter pd share
3999,block_0190,DPoS,node_0343,10422.44,293.14,10715.58,voter pd share
4000,block_0190,DPoS,node_0412,1932.85,197.0,2129.86,self 20% + leftover
4001,block_0191,DPoS,node_0410,9785.16,227.21,10012.36,voter pd share
4002,block_0191,DPoS,node_0432,6480.58,136.39,6616.97,voter pd share
4003,block_0191,DPoS,node_0241,6096.26,244.4,6340.67,self 20% + leftover
4004,block_0192,DPoS,node_0174,2283.48,60.69,2344.17,voter pd share
4005,block_0192,DPoS,node_0420,5104.88,153.78,5258.67,voter pd share
4006,block_0192,DPoS,node_0421,7337.37,201.41,7538.77,voter pd share
4007,block_0192,DPoS,node_0464,2364.71,60.75,2425.46,voter pd share
4008,block_0192,DPoS,node_0468,4356.56,232.37,4588.93,self 20% + leftover
4009,block_0193,DPoS,node_0414,4574.85,163.21,4738.06,voter pd share
4010,block_0193,DPoS,node_0443,3795.75,164.11,3959.87,voter pd share
4011,block_0193,DPoS,node_0230,7193.4,446.67,7640.08,self 20% + leftover
4012,block_0194,DPoS,node_0246,10247.19,264.35,10511.54,voter pd share
4013,block_0194,DPoS,node_0447,10026.81,396.65,10423.46,self 20% + leftover
4014,block_0195,DPoS,node_0084,9101.0,322.26,9423.26,voter pd share
4015,block_0195,DPoS,node_0465,6179.0,375.74,6554.74,self 20% + leftover
4016,block_0196,DPoS,node_0381,5613.32,150.16,5763.48,voter pd share
4017,block_0196,DPoS,node_0436,4526.36,110.53,4636.88,voter pd share
4018,block_0196,DPoS,node_0416,10714.32,409.31,11123.64,self 20% + leftover
4019,block_0197,DPoS,node_0045,997.4,44.75,1042.15,voter pd share
4020,block_0197,DPoS,node_0089,219.41,4.8,224.21,voter pd share
4021,block_0197,DPoS,node_0322,10177.9,225.08,10402.98,voter pd share
4022,block_0197,DPoS,node_0272,9084.29,285.37,9369.66,self 20% + leftover
4023,block_0198,DPoS,node_0143,1881.67,49.56,1931.23,voter pd share
4024,block_0198,DPoS,node_0316,8927.27,264.23,9191.5,voter pd share
4025,block_0198,DPoS,node_0303,9629.06,462.21,10091.27,self 20% + leftover
4026,block_0199,DPoS,node_0055,5600.87,133.01,5733.87,voter pd share
4027,block_0199,DPoS,node_0164,2800.17,60.76,2860.93,voter pd share
4028,block_0199,DPoS,node_0208,5432.3,132.34,5564.64,voter pd share
4029,block_0199,DPoS,node_0188,4636.66,207.89,4844.56,self 20% + leftover
4030,block_0200,DPoS,node_0018,6676.23,157.99,6834.22,voter pd share
4031,block_0200,DPoS,node_0096,4668.35,110.32,4778.67,voter pd share
4032,block_0200,DPoS,node_0232,8040.42,295.69,8336.11,self 20% + leftover
4033,block_0201,DPoS,node_0041,4711.68,53.28,4764.95,voter pd share
4034,block_0201,DPoS,node_0107,9405.99,103.48,9509.46,voter pd share
4035,block_0201,DPoS,node_0140,9127.63,103.03,9230.67,voter pd share
4036,block_0201,DPoS,node_0163,2468.08,24.99,2493.07,voter pd share
4037,block_0201,DPoS,node_0365,10228.66,104.17,10332.83,voter pd share
4038,block_0201,DPoS,node_0428,7286.83,81.85,7368.68,voter pd share
4039,block_0201,DPoS,node_0441,7171.13,188.2,7359.34,self 20% + leftover
4040,block_0202,DPoS,node_0231,10623.96,142.19,10766.15,voter pd share
4041,block_0202,DPoS,node_0362,341.27,13.2,354.47,voter pd share
4042,block_0202,DPoS,node_0457,10757.95,148.05,10906.01,voter pd share
4043,block_0202,DPoS,node_0470,9140.23,125.83,9266.06,voter pd share
4044,block_0202,DPoS,node_0490,3851.72,58.83,3910.55,voter pd share
4045,block_0202,DPoS,node_0239,9819.87,283.9,10103.77,self 20% + leftover
4046,block_0203,DPoS,node_0028,7629.71,123.52,7753.22,voter pd share
4047,block_0203,DPoS,node_0168,10312.5,154.78,10467.27,voter pd share
4048,block_0203,DPoS,node_0292,8462.14,110.67,8572.81,voter pd share
4049,block_0203,DPoS,node_0422,8747.47,143.24,8890.71,voter pd share
4050,block_0203,DPoS,node_0205,6060.19,241.8,6301.99,self 20% + leftover
4051,block_0204,DPoS,node_0054,2246.37,26.26,2272.63,voter pd share
4052,block_0204,DPoS,node_0079,4578.37,67.03,4645.4,voter pd share
4053,block_0204,DPoS,node_0117,7443.36,81.62,7524.98,voter pd share
4054,block_0204,DPoS,node_0158,7966.36,101.13,8067.49,voter pd share
4055,block_0204,DPoS,node_0261,5172.66,59.53,5232.19,voter pd share
4056,block_0204,DPoS,node_0333,9317.88,227.43,9545.31,self 20% + leftover
4057,block_0205,DPoS,node_0167,6478.4,92.07,6570.47,voter pd share
4058,block_0205,DPoS,node_0213,8518.15,115.31,8633.46,voter pd share
4059,block_0205,DPoS,node_0401,6312.49,101.36,6413.85,voter pd share
4060,block_0205,DPoS,node_0456,6156.83,91.58,6248.41,voter pd share
4061,block_0205,DPoS,node_0115,7300.13,221.68,7521.81,self 20% + leftover
4062,block_0206,DPoS,node_0064,1041.98,12.56,1054.54,voter pd share
4063,block_0206,DPoS,node_0238,9358.29,123.22,9481.51,voter pd share
4064,block_0206,DPoS,node_0309,4356.97,65.09,4422.05,voter pd share
4065,block_0206,DPoS,node_0405,8978.38,125.03,9103.41,voter pd share
4066,block_0206,DPoS,node_0418,47.38,2.35,49.72,voter pd share
4067,block_0206,DPoS,node_0097,9371.0,234.76,9605.76,self 20% + leftover
4068,block_0207,DPoS,node_0114,7484.38,118.78,7603.16,voter pd share
4069,block_0207,DPoS,node_0149,7258.19,110.68,7368.88,voter pd share
4070,block_0207,DPoS,node_0203,9242.63,154.78,9397.41,voter pd share
4071,block_0207,DPoS,node_0301,318.4,23.83,342.22,voter pd share
4072,block_0207,DPoS,node_0192,10715.4,308.93,11024.33,self 20% + leftover
4073,block_0208,DPoS,node_0043,8834.76,130.2,8964.96,voter pd share
4074,block_0208,DPoS,node_0080,9802.01,121.43,9923.44,voter pd share
4075,block_0208,DPoS,node_0122,4561.68,67.73,4629.41,voter pd share
4076,block_0208,DPoS,node_0299,1772.63,37.78,1810.41,voter pd share
4077,block_0208,DPoS,node_0320,2298.39,48.54,2346.93,voter pd share
4078,block_0208,DPoS,node_0071,1844.53,130.32,1974.85,self 20% + leftover
4079,block_0209,DPoS,node_0032,8783.91,148.0,8931.91,voter pd share
4080,block_0209,DPoS,node_0137,6215.04,110.34,6325.38,voter pd share
4081,block_0209,DPoS,node_0274,8726.44,127.38,8853.82,voter pd share
4082,block_0209,DPoS,node_0156,7276.62,257.27,7533.89,self 20% + leftover
4083,block_0210,DPoS,node_0177,8443.2,131.3,8574.5,voter pd share
4084,block_0210,DPoS,node_0265,6938.96,117.16,7056.12,voter pd share
4085,block_0210,DPoS,node_0287,10167.49,166.68,10334.18,voter pd share
4086,block_0210,DPoS,node_0240,5437.34,209.86,5647.2,self 20% + leftover
4087,block_0211,DPoS,node_0098,10383.02,208.36,10591.38,voter pd share
4088,block_0211,DPoS,node_0111,9873.53,192.96,10066.49,voter pd share
4089,block_0211,DPoS,node_0374,8271.45,305.68,8577.12,self 20% + leftover
4090,block_0212,DPoS,node_0218,7773.42,158.37,7931.79,voter pd share
4091,block_0212,DPoS,node_0375,9203.48,171.66,9375.14,voter pd share
4092,block_0212,DPoS,node_0452,823.43,29.04,852.47,voter pd share
4093,block_0212,DPoS,node_0067,10312.67,313.93,10626.6,self 20% + leftover
4094,block_0213,DPoS,node_0101,2393.98,37.07,2431.05,voter pd share
4095,block_0213,DPoS,node_0116,5131.09,104.93,5236.02,voter pd share
4096,block_0213,DPoS,node_0147,9293.49,185.93,9479.42,voter pd share
4097,block_0213,DPoS,node_0180,5309.44,109.36,5418.81,voter pd share
4098,block_0213,DPoS,node_0442,10493.99,338.71,10832.7,self 20% + leftover
4099,block_0214,DPoS,node_0187,10657.56,220.99,10878.55,voter pd share
4100,block_0214,DPoS,node_0439,7739.39,182.0,7921.39,voter pd share
4101,block_0214,DPoS,node_0211,10303.05,373.0,10676.05,self 20% + leftover
4102,block_0215,DPoS,node_0082,2758.95,55.41,2814.36,voter pd share
4103,block_0215,DPoS,node_0193,8030.94,117.27,8148.21,voter pd share
4104,block_0215,DPoS,node_0290,8579.97,134.49,8714.46,voter pd share
4105,block_0215,DPoS,node_0346,3856.54,65.83,3922.37,voter pd share
4106,block_0215,DPoS,node_0398,3197.09,46.29,3243.38,voter pd share
4107,block_0215,DPoS,node_0498,3673.51,146.71,3820.22,self 20% + leftover
4108,block_0216,DPoS,node_0014,8025.28,107.96,8133.24,voter pd share
4109,block_0216,DPoS,node_0030,11173.96,166.26,11340.22,voter pd share
4110,block_0216,DPoS,node_0184,1173.12,12.24,1185.36,voter pd share
4111,block_0216,DPoS,node_0255,7166.92,114.75,7281.66,voter pd share
4112,block_0216,DPoS,node_0361,2508.73,133.79,2642.51,self 20% + leftover
4113,block_0217,DPoS,node_0106,9585.95,171.76,9757.71,voter pd share
4114,block_0217,DPoS,node_0119,5254.82,110.42,5365.24,voter pd share
4115,block_0217,DPoS,node_0146,3223.8,47.09,3270.89,voter pd share
4116,block_0217,DPoS,node_0148,7282.42,261.74,7544.16,self 20% + leftover
4117,block_0218,DPoS,node_0023,8809.1,231.4,9040.5,voter pd share
4118,block_0218,DPoS,node_0091,2377.98,55.99,2433.97,voter pd share
4119,block_0218,DPoS,node_0229,8501.06,229.91,8730.98,voter pd share
4120,block_0218,DPoS,node_0331,1045.03,38.49,1083.51,voter pd share
4121,block_0218,DPoS,node_0039,4217.83,222.21,4440.04,self 20% + leftover
4122,block_0219,DPoS,node_0121,5913.0,249.81,6162.81,voter pd share
4123,block_0219,DPoS,node_0153,191.0,33.12,224.12,voter pd share
4124,block_0219,DPoS,node_0270,9281.0,495.07,9776.07,self 20% + leftover
4125,block_0220,DPoS,node_0165,7252.25,178.62,7430.88,voter pd share
4126,block_0220,DPoS,node_0356,7441.29,190.81,7632.1,voter pd share
4127,block_0220,DPoS,node_0371,11913.45,408.57,12322.02,self 20% + leftover
4128,block_0221,DPoS,node_0444,9449.81,303.81,9753.61,voter pd share
4129,block_0221,DPoS,node_0334,8518.19,473.19,8991.39,self 20% + leftover
4130,block_0222,DPoS,node_0113,2094.94,60.01,2154.95,voter pd share
4131,block_0222,DPoS,node_0325,11215.27,220.95,11436.22,voter pd share
4132,block_0222,DPoS,node_0488,8773.72,164.66,8938.38,voter pd share
4133,block_0222,DPoS,node_0026,6100.07,208.38,6308.46,self 20% + leftover
4134,block_0223,DPoS,node_0129,6944.54,164.35,7108.89,voter pd share
4135,block_0223,DPoS,node_0250,7533.36,181.25,7714.61,voter pd share
4136,block_0223,DPoS,node_0321,2556.34,46.43,2602.77,voter pd share
4137,block_0223,DPoS,node_0350,1555.32,42.42,1597.74,voter pd share
4138,block_0223,DPoS,node_0429,1152.96,38.57,1191.53,voter pd share
4139,block_0223,DPoS,node_0133,5246.48,285.97,5532.45,self 20% + leftover
4140,block_0224,DPoS,node_0074,2128.37,75.05,2203.43,voter pd share
4141,block_0224,DPoS,node_0085,5897.71,189.02,6086.72,voter pd share
4142,block_0224,DPoS,node_0034,6946.92,303.93,7250.85,self 20% + leftover
4143,block_0225,DPoS,node_0280,8990.53,158.86,9149.39,voter pd share
4144,block_0225,DPoS,node_0307,8935.51,138.64,9074.14,voter pd share
4145,block_0225,DPoS,node_0009,8907.97,239.5,9147.47,self 20% + leftover
4146,block_0226,DPoS,node_0358,9450.69,183.17,9633.86,voter pd share
4147,block_0226,DPoS,node_0449,7300.39,151.48,7451.86,voter pd share
4148,block_0226,DPoS,node_0462,3272.57,44.15,3316.71,voter pd share
4149,block_0226,DPoS,node_0326,3854.36,192.21,4046.57,self 20% + leftover
4150,block_0227,DPoS,node_0339,6297.9,143.08,6440.97,voter pd share
4151,block_0227,DPoS,node_0413,8842.72,174.61,9017.33,voter pd share
4152,block_0227,DPoS,node_0426,8171.38,267.32,8438.7,self 20% + leftover
4153,block_0228,DPoS,node_0389,6639.08,233.32,6872.39,voter pd share
4154,block_0228,DPoS,node_0486,8203.05,262.7,8465.76,voter pd share
4155,block_0228,DPoS,node_0051,4541.87,279.98,4821.85,self 20% + leftover
4156,block_0229,DPoS,node_0338,2688.29,71.79,2760.09,voter pd share
4157,block_0229,DPoS,node_0373,7615.71,264.16,7879.87,voter pd share
4158,block_0229,DPoS,node_0138,11045.0,441.05,11486.05,self 20% + leftover
4159,block_0230,DPoS,node_0311,10526.56,215.64,10742.2,voter pd share
4160,block_0230,DPoS,node_0343,10296.58,222.7,10519.28,voter pd share
4161,block_0230,DPoS,node_0412,1925.86,149.66,2075.52,self 20% + leftover
4162,block_0231,DPoS,node_0410,10078.36,229.45,10307.81,voter pd share
4163,block_0231,DPoS,node_0432,7010.97,137.73,7148.7,voter pd share
4164,block_0231,DPoS,node_0241,6290.67,246.81,6537.48,self 20% + leftover
4165,block_0232,DPoS,node_0174,2435.17,58.38,2493.55,voter pd share
4166,block_0232,DPoS,node_0420,5456.67,147.93,5604.59,voter pd share
4167,block_0232,DPoS,node_0421,7711.77,193.74,7905.51,voter pd share
4168,block_0232,DPoS,node_0464,2237.46,58.43,2295.89,voter pd share
4169,block_0232,DPoS,node_0468,4382.93,223.52,4606.45,self 20% + leftover
4170,block_0233,DPoS,node_0414,4920.06,137.28,5057.34,voter pd share
4171,block_0233,DPoS,node_0443,4385.87,138.03,4523.9,voter pd share
4172,block_0233,DPoS,node_0230,7502.08,375.69,7877.76,self 20% + leftover
4173,block_0234,DPoS,node_0246,11075.54,278.74,11354.28,voter pd share
4174,block_0234,DPoS,node_0447,10468.46,418.26,10886.72,self 20% + leftover
4175,block_0235,DPoS,node_0084,9496.26,357.35,9853.6,voter pd share
4176,block_0235,DPoS,node_0465,7143.74,416.65,7560.4,self 20% + leftover
4177,block_0236,DPoS,node_0381,5987.48,155.76,6143.24,voter pd share
4178,block_0236,DPoS,node_0436,5057.88,114.65,5172.53,voter pd share
4179,block_0236,DPoS,node_0416,10975.64,424.59,11400.23,self 20% + leftover
4180,block_0237,DPoS,node_0045,944.15,47.46,991.61,voter pd share
4181,block_0237,DPoS,node_0089,10.21,5.09,15.3,voter pd share
4182,block_0237,DPoS,node_0322,9947.98,238.75,10186.73,voter pd share
4183,block_0237,DPoS,node_0272,9133.66,302.7,9436.36,self 20% + leftover
4184,block_0238,DPoS,node_0143,2557.23,49.62,2606.86,voter pd share
4185,block_0238,DPoS,node_0316,9220.5,264.57,9485.07,voter pd share
4186,block_0238,DPoS,node_0303,10383.27,462.8,10846.07,self 20% + leftover
4187,block_0239,DPoS,node_0055,5414.87,191.79,5606.66,voter pd share
4188,block_0239,DPoS,node_0164,2260.93,87.61,2348.54,voter pd share
4189,block_0239,DPoS,node_0208,5423.64,190.83,5614.47,voter pd share
4190,block_0239,DPoS,node_0188,4826.56,299.77,5126.33,self 20% + leftover
4191,block_0240,DPoS,node_0018,6639.22,217.94,6857.16,voter pd share
4192,block_0240,DPoS,node_0096,4997.67,152.18,5149.85,voter pd share
4193,block_0240,DPoS,node_0232,8031.11,407.88,8438.99,self 20% + leftover
4194,block_0241,DPoS,node_0041,4927.95,49.56,4977.51,voter pd share
4195,block_0241,DPoS,node_0107,9355.46,96.25,9451.72,voter pd share
4196,block_0241,DPoS,node_0140,9356.67,95.84,9452.51,voter pd share
4197,block_0241,DPoS,node_0163,2420.07,23.25,2443.32,voter pd share
4198,block_0241,DPoS,node_0365,10339.83,96.9,10436.73,voter pd share
4199,block_0241,DPoS,node_0428,6891.68,76.14,6967.81,voter pd share
4200,block_0241,DPoS,node_0441,8071.34,175.07,8246.4,self 20% + leftover
4201,block_0242,DPoS,node_0175,5142.0,247.36,5389.36,voter pd share
4202,block_0242,DPoS,node_0044,9946.0,530.64,10476.64,self 20% + leftover
4203,block_0243,DPoS,node_0028,7935.22,110.59,8045.81,voter pd share
4204,block_0243,DPoS,node_0168,10349.27,138.58,10487.85,voter pd share
4205,block_0243,DPoS,node_0292,8530.81,99.09,8629.89,voter pd share
4206,block_0243,DPoS,node_0422,8738.71,128.25,8866.95,voter pd share
4207,block_0243,DPoS,node_0205,6531.99,216.5,6748.49,self 20% + leftover
4208,block_0244,DPoS,node_0054,2433.63,35.63,2469.26,voter pd share
4209,block_0244,DPoS,node_0079,4516.4,90.97,4607.37,voter pd share
4210,block_0244,DPoS,node_0117,7135.98,110.76,7246.74,voter pd share
4211,block_0244,DPoS,node_0158,7838.49,137.24,7975.73,voter pd share
4212,block_0244,DPoS,node_0261,4932.19,80.78,5012.97,voter pd share
4213,block_0244,DPoS,node_0333,9621.31,308.62,9929.93,self 20% + leftover
4214,block_0245,DPoS,node_0167,6624.47,114.57,6739.04,voter pd share
4215,block_0245,DPoS,node_0213,8922.46,143.48,9065.94,voter pd share
4216,block_0245,DPoS,node_0401,6435.85,126.13,6561.98,voter pd share
4217,block_0245,DPoS,node_0456,6960.41,113.96,7074.37,voter pd share
4218,block_0245,DPoS,node_0115,7708.81,275.85,7984.67,self 20% + leftover
4219,block_0246,DPoS,node_0064,1020.54,12.38,1032.92,voter pd share
4220,block_0246,DPoS,node_0238,10337.51,121.47,10458.98,voter pd share
4221,block_0246,DPoS,node_0309,4527.05,64.16,4591.22,voter pd share
4222,block_0246,DPoS,node_0405,9016.41,123.25,9139.66,voter pd share
4223,block_0246,DPoS,node_0418,466.72,2.31,469.04,voter pd share
4224,block_0246,DPoS,node_0097,9398.76,231.42,9630.18,self 20% + leftover
4225,block_0247,DPoS,node_0114,7740.16,103.87,7844.03,voter pd share
4226,block_0247,DPoS,node_0149,7801.88,96.79,7898.67,voter pd share
4227,block_0247,DPoS,node_0203,9667.41,135.35,9802.76,voter pd share
4228,block_0247,DPoS,node_0301,321.22,20.84,342.06,voter pd share
4229,block_0247,DPoS,node_0192,10956.33,270.15,11226.48,self 20% + leftover
4230,block_0248,DPoS,node_0043,8840.96,188.5,9029.46,voter pd share
4231,block_0248,DPoS,node_0080,9724.44,175.8,9900.23,voter pd share
4232,block_0248,DPoS,node_0122,4831.41,98.06,4929.47,voter pd share
4233,block_0248,DPoS,node_0299,1735.41,54.7,1790.12,voter pd share
4234,block_0248,DPoS,node_0320,2503.93,70.27,2574.2,voter pd share
4235,block_0248,DPoS,node_0071,2605.85,188.67,2794.52,self 20% + leftover
4236,block_0249,DPoS,node_0032,8949.91,139.49,9089.4,voter pd share
4237,block_0249,DPoS,node_0137,5933.38,103.99,6037.37,voter pd share
4238,block_0249,DPoS,node_0274,8946.82,120.05,9066.87,voter pd share
4239,block_0249,DPoS,node_0156,6959.89,242.47,7202.35,self 20% + leftover
4240,block_0250,DPoS,node_0177,8370.5,163.23,8533.73,voter pd share
4241,block_0250,DPoS,node_0265,7021.12,145.65,7166.77,voter pd share
4242,block_0250,DPoS,node_0287,10215.18,207.22,10422.4,voter pd share
4243,block_0250,DPoS,node_0240,5521.2,260.9,5782.09,self 20% + leftover
4244,block_0251,DPoS,node_0098,10342.38,219.56,10561.94,voter pd share
4245,block_0251,DPoS,node_0111,10370.49,203.33,10573.83,voter pd share
4246,block_0251,DPoS,node_0374,8488.12,322.11,8810.23,self 20% + leftover
4247,block_0252,DPoS,node_0218,7910.79,182.84,8093.63,voter pd share
4248,block_0252,DPoS,node_0375,9358.14,198.19,9556.33,voter pd share
4249,block_0252,DPoS,node_0452,639.47,33.53,673.0,voter pd share
4250,block_0252,DPoS,node_0067,10510.6,362.44,10873.04,self 20% + leftover
4251,block_0253,DPoS,node_0101,2092.05,31.05,2123.1,voter pd share
4252,block_0253,DPoS,node_0116,4990.02,87.89,5077.91,voter pd share
4253,block_0253,DPoS,node_0147,9506.42,155.74,9662.16,voter pd share
4254,block_0253,DPoS,node_0180,5221.81,91.61,5313.41,voter pd share
4255,block_0253,DPoS,node_0442,10673.7,283.71,10957.41,self 20% + leftover
4256,block_0254,DPoS,node_0187,10692.55,184.26,10876.81,voter pd share
4257,block_0254,DPoS,node_0439,7543.39,151.75,7695.14,voter pd share
4258,block_0254,DPoS,node_0211,11113.05,311.0,11424.05,self 20% + leftover
4259,block_0255,DPoS,node_0318,9369.0,297.74,9666.74,voter pd share
4260,block_0255,DPoS,node_0351,5240.0,321.26,5561.26,self 20% + leftover
4261,block_0256,DPoS,node_0318,9752.74,361.72,10114.46,voter pd share
4262,block_0256,DPoS,node_0351,5596.26,390.28,5986.54,self 20% + leftover
4263,block_0257,DPoS,node_0106,9755.71,191.52,9947.23,voter pd share
4264,block_0257,DPoS,node_0119,5714.24,123.12,5837.36,voter pd share
4265,block_0257,DPoS,node_0146,3254.89,52.5,3307.4,voter pd share
4266,block_0257,DPoS,node_0148,6911.16,291.85,7203.01,self 20% + leftover
4267,block_0258,DPoS,node_0023,9297.5,230.81,9528.3,voter pd share
4268,block_0258,DPoS,node_0091,2484.97,55.85,2540.82,voter pd share
4269,block_0258,DPoS,node_0229,8470.98,229.32,8700.3,voter pd share
4270,block_0258,DPoS,node_0331,624.51,38.39,662.9,voter pd share
4271,block_0258,DPoS,node_0039,4154.04,221.64,4375.67,self 20% + leftover
4272,block_0259,DPoS,node_0121,5980.81,247.88,6228.69,voter pd share
4273,block_0259,DPoS,node_0153,691.12,32.86,723.98,voter pd share
4274,block_0259,DPoS,node_0270,10013.07,491.26,10504.33,self 20% + leftover
4275,block_0260,DPoS,node_0165,7824.88,178.62,8003.5,voter pd share
4276,block_0260,DPoS,node_0356,7633.1,190.81,7823.9,voter pd share
4277,block_0260,DPoS,node_0371,12408.02,408.57,12816.6,self 20% + leftover
4278,block_0261,DPoS,node_0444,9868.61,304.2,10172.81,voter pd share
4279,block_0261,DPoS,node_0334,8657.39,473.8,9131.19,self 20% + leftover
4280,block_0262,DPoS,node_0113,2036.95,66.8,2103.75,voter pd share
4281,block_0262,DPoS,node_0325,11186.22,245.95,11432.17,voter pd share
4282,block_0262,DPoS,node_0488,9112.38,183.29,9295.66,voter pd share
4283,block_0262,DPoS,node_0026,6049.46,231.96,6281.42,self 20% + leftover
4284,block_0263,DPoS,node_0129,7130.89,168.46,7299.36,voter pd share
4285,block_0263,DPoS,node_0250,7846.61,185.79,8032.4,voter pd share
4286,block_0263,DPoS,node_0321,2106.77,47.59,2154.36,voter pd share
4287,block_0263,DPoS,node_0350,1404.74,43.49,1448.23,voter pd share
4288,block_0263,DPoS,node_0429,1131.53,39.54,1171.07,voter pd share
4289,block_0263,DPoS,node_0133,5260.45,293.13,5553.58,self 20% + leftover
4290,block_0264,DPoS,node_0074,2767.43,84.44,2851.86,voter pd share
4291,block_0264,DPoS,node_0085,5832.72,212.64,6045.37,voter pd share
4292,block_0264,DPoS,node_0034,7095.85,341.92,7437.77,self 20% + leftover
4293,block_0265,DPoS,node_0280,9225.39,230.16,9455.55,voter pd share
4294,block_0265,DPoS,node_0307,8982.14,200.85,9182.99,voter pd share
4295,block_0265,DPoS,node_0009,8903.47,346.99,9250.45,self 20% + leftover
4296,block_0266,DPoS,node_0358,9590.86,208.19,9799.05,voter pd share
4297,block_0266,DPoS,node_0449,7523.86,172.17,7696.03,voter pd share
4298,block_0266,DPoS,node_0462,3584.71,50.18,3634.89,voter pd share
4299,block_0266,DPoS,node_0326,4233.57,218.46,4452.03,self 20% + leftover
4300,block_0267,DPoS,node_0339,6523.97,185.14,6709.12,voter pd share
4301,block_0267,DPoS,node_0413,8605.33,225.95,8831.27,voter pd share
4302,block_0267,DPoS,node_0426,8748.7,345.91,9094.61,self 20% + leftover
4303,block_0268,DPoS,node_0389,6984.39,233.62,7218.01,voter pd share
4304,block_0268,DPoS,node_0486,8336.76,263.04,8599.8,voter pd share
4305,block_0268,DPoS,node_0051,4835.85,280.34,5116.19,self 20% + leftover
4306,block_0269,DPoS,node_0338,2681.09,56.64,2737.73,voter pd share
4307,block_0269,DPoS,node_0373,7754.87,208.41,7963.27,voter pd share
4308,block_0269,DPoS,node_0138,11197.05,347.95,11545.0,self 20% + leftover
4309,block_0270,DPoS,node_0311,10843.2,256.35,11099.55,voter pd share
4310,block_0270,DPoS,node_0343,10698.28,264.74,10963.02,voter pd share
4311,block_0270,DPoS,node_0412,2207.52,177.91,2385.43,self 20% + leftover
4312,block_0271,DPoS,node_0410,10676.81,238.42,10915.23,voter pd share
4313,block_0271,DPoS,node_0432,6697.7,143.12,6840.82,voter pd share
4314,block_0271,DPoS,node_0241,6405.48,256.46,6661.95,self 20% + leftover
4315,block_0272,DPoS,node_0174,2845.55,58.98,2904.53,voter pd share
4316,block_0272,DPoS,node_0420,5127.59,149.45,5277.04,voter pd share
4317,block_0272,DPoS,node_0421,7476.51,195.73,7672.24,voter pd share
4318,block_0272,DPoS,node_0464,2148.89,59.03,2207.92,voter pd share
4319,block_0272,DPoS,node_0468,4375.45,225.81,4601.27,self 20% + leftover
4320,block_0273,DPoS,node_0414,5026.34,159.21,5185.54,voter pd share
4321,block_0273,DPoS,node_0443,4956.9,160.09,5116.99,voter pd share
4322,block_0273,DPoS,node_0230,7975.76,435.71,8411.47,self 20% + leftover
4323,block_0274,DPoS,node_0246,11315.28,234.75,11550.03,voter pd share
4324,block_0274,DPoS,node_0447,10843.72,352.25,11195.97,self 20% + leftover
4325,block_0275,DPoS,node_0084,9255.6,313.95,9569.55,voter pd share
4326,block_0275,DPoS,node_0465,6854.4,366.05,7220.45,self 20% + leftover
4327,block_0276,DPoS,node_0381,5708.24,119.45,5827.7,voter pd share
4328,block_0276,DPoS,node_0436,5489.53,87.93,5577.46,voter pd share
4329,block_0276,DPoS,node_0416,11802.23,325.62,12127.85,self 20% + leftover
4330,block_0277,DPoS,node_0045,926.61,62.08,988.69,voter pd share
4331,block_0277,DPoS,node_0089,113.3,6.66,119.97,voter pd share
4332,block_0277,DPoS,node_0322,9784.73,312.3,10097.03,voter pd share
4333,block_0277,DPoS,node_0272,9320.36,395.95,9716.31,self 20% + leftover
4334,block_0278,DPoS,node_0143,2183.86,49.62,2233.48,voter pd share
4335,block_0278,DPoS,node_0316,9613.07,264.57,9877.65,voter pd share
4336,block_0278,DPoS,node_0303,11016.07,462.8,11478.87,self 20% + leftover
4337,block_0279,DPoS,node_0055,5671.66,156.92,5828.58,voter pd share
4338,block_0279,DPoS,node_0164,2113.54,71.68,2185.22,voter pd share
4339,block_0279,DPoS,node_0208,5826.47,156.13,5982.6,voter pd share
4340,block_0279,DPoS,node_0188,4985.33,245.27,5230.6,self 20% + leftover
4341,block_0280,DPoS,node_0018,6475.16,217.38,6692.54,voter pd share
4342,block_0280,DPoS,node_0096,5247.85,151.79,5399.64,voter pd share
4343,block_0280,DPoS,node_0232,8660.99,406.83,9067.82,self 20% + leftover
4344,block_0281,DPoS,node_0041,4993.51,62.73,5056.24,voter pd share
4345,block_0281,DPoS,node_0107,9067.72,121.85,9189.57,voter pd share
4346,block_0281,DPoS,node_0140,9322.51,121.33,9443.84,voter pd share
4347,block_0281,DPoS,node_0163,2418.32,29.43,2447.75,voter pd share
4348,block_0281,DPoS,node_0365,9959.73,122.66,10082.39,voter pd share
4349,block_0281,DPoS,node_0428,7025.81,96.38,7122.19,voter pd share
4350,block_0281,DPoS,node_0441,8471.4,221.62,8693.02,self 20% + leftover
4351,block_0282,DPoS,node_0175,5449.36,169.14,5618.5,voter pd share
4352,block_0282,DPoS,node_0044,10276.64,362.86,10639.5,self 20% + leftover
4353,block_0283,DPoS,node_0028,8136.81,85.38,8222.19,voter pd share
4354,block_0283,DPoS,node_0168,10793.85,106.98,10900.83,voter pd share
4355,block_0283,DPoS,node_0292,8558.89,76.5,8635.39,voter pd share
4356,block_0283,DPoS,node_0422,8758.95,99.01,8857.96,voter pd share
4357,block_0283,DPoS,node_0205,6308.49,167.14,6475.63,self 20% + leftover
4358,block_0284,DPoS,node_0054,2489.26,26.4,2515.65,voter pd share
4359,block_0284,DPoS,node_0079,4492.37,67.39,4559.76,voter pd share
4360,block_0284,DPoS,node_0117,7098.74,82.06,7180.8,voter pd share
4361,block_0284,DPoS,node_0158,8142.73,101.67,8244.4,voter pd share
4362,block_0284,DPoS,node_0261,4917.97,59.84,4977.81,voter pd share
4363,block_0284,DPoS,node_0333,10047.93,228.64,10276.57,self 20% + leftover
4364,block_0285,DPoS,node_0167,6316.04,115.16,6431.2,voter pd share
4365,block_0285,DPoS,node_0213,9088.94,144.22,9233.17,voter pd share
4366,block_0285,DPoS,node_0401,6680.98,126.78,6807.76,voter pd share
4367,block_0285,DPoS,node_0456,6777.37,114.55,6891.93,voter pd share
4368,block_0285,DPoS,node_0115,8299.67,277.28,8576.94,self 20% + leftover
4369,block_0286,DPoS,node_0064,692.92,17.09,710.01,voter pd share
4370,block_0286,DPoS,node_0238,10648.98,167.65,10816.63,voter pd share
4371,block_0286,DPoS,node_0309,4026.22,88.56,4114.77,voter pd share
4372,block_0286,DPoS,node_0405,9344.66,170.11,9514.77,voter pd share
4373,block_0286,DPoS,node_0418,197.04,3.19,200.23,voter pd share
4374,block_0286,DPoS,node_0097,9827.18,319.41,10146.59,self 20% + leftover
4375,block_0287,DPoS,node_0114,7512.03,105.53,7617.56,voter pd share
4376,block_0287,DPoS,node_0149,7680.67,98.33,7779.0,voter pd share
4377,block_0287,DPoS,node_0203,9740.76,137.51,9878.27,voter pd share
4378,block_0287,DPoS,node_0301,280.06,21.17,301.23,voter pd share
4379,block_0287,DPoS,node_0192,11798.48,274.46,12072.94,self 20% + leftover
4380,block_0288,DPoS,node_0043,9316.46,157.41,9473.87,voter pd share
4381,block_0288,DPoS,node_0080,10055.23,146.8,10202.03,voter pd share
4382,block_0288,DPoS,node_0122,4618.47,81.88,4700.36,voter pd share
4383,block_0288,DPoS,node_0299,1765.12,45.68,1810.8,voter pd share
4384,block_0288,DPoS,node_0320,2334.2,58.68,2392.88,voter pd share
4385,block_0288,DPoS,node_0071,2541.52,157.55,2699.07,self 20% + leftover
4386,block_0289,DPoS,node_0032,8343.4,134.65,8478.05,voter pd share
4387,block_0289,DPoS,node_0137,5543.37,100.39,5643.76,voter pd share
4388,block_0289,DPoS,node_0274,8937.87,115.89,9053.77,voter pd share
4389,block_0289,DPoS,node_0156,7298.35,234.06,7532.42,self 20% + leftover
4390,block_0290,DPoS,node_0177,8627.73,163.44,8791.17,voter pd share
4391,block_0290,DPoS,node_0265,7444.77,145.84,7590.61,voter pd share
4392,block_0290,DPoS,node_0287,10188.4,207.49,10395.89,voter pd share
4393,block_0290,DPoS,node_0240,5567.09,261.23,5828.33,self 20% + leftover
4394,block_0291,DPoS,node_0098,10873.94,229.28,11103.23,voter pd share
4395,block_0291,DPoS,node_0111,10620.83,212.34,10833.17,voter pd share
4396,block_0291,DPoS,node_0374,9087.23,336.38,9423.61,self 20% + leftover
4397,block_0292,DPoS,node_0218,8354.63,138.36,8492.99,voter pd share
4398,block_0292,DPoS,node_0375,9666.33,149.98,9816.31,voter pd share
4399,block_0292,DPoS,node_0452,716.0,25.37,741.38,voter pd share
4400,block_0292,DPoS,node_0067,10983.04,274.28,11257.32,self 20% + leftover
4401,block_0293,DPoS,node_0101,2162.1,28.71,2190.81,voter pd share
4402,block_0293,DPoS,node_0116,4689.91,81.26,4771.17,voter pd share
4403,block_0293,DPoS,node_0147,9741.16,144.0,9885.16,voter pd share
4404,block_0293,DPoS,node_0180,5157.41,84.7,5242.11,voter pd share
4405,block_0293,DPoS,node_0442,10801.41,262.32,11063.74,self 20% + leftover
4406,block_0294,DPoS,node_0187,10743.81,206.18,10949.99,voter pd share
4407,block_0294,DPoS,node_0439,7219.14,169.81,7388.95,voter pd share
4408,block_0294,DPoS,node_0211,11543.05,348.01,11891.06,self 20% + leftover
4409,block_0295,DPoS,node_0024,601.0,28.85,629.85,voter pd share
4410,block_0295,DPoS,node_0090,183.0,37.33,220.33,voter pd share
4411,block_0295,DPoS,node_0247,4163.0,114.75,4277.75,voter pd share
4412,block_0295,DPoS,node_0253,8197.0,411.07,8608.07,self 20% + leftover
4413,block_0296,DPoS,node_0318,10252.46,293.89,10546.35,voter pd share
4414,block_0296,DPoS,node_0351,5800.54,317.11,6117.65,self 20% + leftover
4415,block_0297,DPoS,node_0023,9147.3,162.99,9310.3,voter pd share
4416,block_0297,DPoS,node_0091,2582.82,39.44,2622.26,voter pd share
4417,block_0297,DPoS,node_0229,9054.3,161.94,9216.24,voter pd share
4418,block_0297,DPoS,node_0331,758.9,27.11,786.01,voter pd share
4419,block_0297,DPoS,node_0039,4980.67,156.52,5137.19,self 20% + leftover
4420,block_0298,DPoS,node_0023,9289.3,201.36,9490.66,voter pd share
4421,block_0298,DPoS,node_0091,2589.26,48.72,2637.98,voter pd share
4422,block_0298,DPoS,node_0229,9250.24,200.07,9450.31,voter pd share
4423,block_0298,DPoS,node_0331,866.01,33.49,899.5,voter pd share
4424,block_0298,DPoS,node_0039,5196.19,193.36,5389.55,self 20% + leftover
4425,block_0299,DPoS,node_0221,5395.0,190.76,5585.76,voter pd share
4426,block_0299,DPoS,node_0262,8082.0,304.8,8386.8,voter pd share
4427,block_0299,DPoS,node_0077,2632.0,245.44,2877.44,self 20% + leftover
4428,block_0300,DPoS,node_0165,7558.5,132.02,7690.51,voter pd share
4429,block_0300,DPoS,node_0356,7799.9,141.02,7940.92,voter pd share
4430,block_0300,DPoS,node_0371,12739.6,301.97,13041.56,self 20% + leftover
4431,block_0301,DPoS,node_0444,10372.81,304.2,10677.01,voter pd share
4432,block_0301,DPoS,node_0334,9666.19,473.8,10139.99,self 20% + leftover
4433,block_0302,DPoS,node_0113,1734.75,52.21,1786.96,voter pd share
4434,block_0302,DPoS,node_0325,11562.17,192.23,11754.4,voter pd share
4435,block_0302,DPoS,node_0488,8995.66,143.26,9138.92,voter pd share
4436,block_0302,DPoS,node_0026,5811.42,181.3,5992.71,self 20% + leftover
4437,block_0303,DPoS,node_0129,7816.36,129.06,7945.41,voter pd share
4438,block_0303,DPoS,node_0250,8349.4,142.32,8491.72,voter pd share
4439,block_0303,DPoS,node_0321,1764.36,36.46,1800.82,voter pd share
4440,block_0303,DPoS,node_0350,1749.23,33.31,1782.54,voter pd share
4441,block_0303,DPoS,node_0429,1226.07,30.29,1256.36,voter pd share
4442,block_0303,DPoS,node_0133,5879.58,224.56,6104.14,self 20% + leftover
4443,block_0304,DPoS,node_0074,2770.86,73.87,2844.73,voter pd share
4444,block_0304,DPoS,node_0085,5549.37,186.02,5735.39,voter pd share
4445,block_0304,DPoS,node_0034,7598.77,299.11,7897.88,self 20% + leftover
4446,block_0305,DPoS,node_0280,9309.55,197.62,9507.17,voter pd share
4447,block_0305,DPoS,node_0307,8836.99,172.45,9009.45,voter pd share
4448,block_0305,DPoS,node_0009,9420.45,297.93,9718.38,self 20% + leftover
4449,block_0306,DPoS,node_0358,10233.05,192.15,10425.2,voter pd share
4450,block_0306,DPoS,node_0449,7507.03,158.91,7665.94,voter pd share
4451,block_0306,DPoS,node_0462,3248.89,46.31,3295.21,voter pd share
4452,block_0306,DPoS,node_0326,3872.03,201.63,4073.66,self 20% + leftover
4453,block_0307,DPoS,node_0339,6541.12,189.54,6730.66,voter pd share
4454,block_0307,DPoS,node_0413,8756.27,231.32,8987.59,voter pd share
4455,block_0307,DPoS,node_0426,8544.61,354.14,8898.75,self 20% + leftover
4456,block_0308,DPoS,node_0389,7269.01,175.89,7444.9,voter pd share
4457,block_0308,DPoS,node_0486,8516.8,198.04,8714.84,voter pd share
4458,block_0308,DPoS,node_0051,4933.19,211.06,5144.25,self 20% + leftover
4459,block_0309,DPoS,node_0338,2824.73,69.3,2894.02,voter pd share
4460,block_0309,DPoS,node_0373,8393.27,254.98,8648.26,voter pd share
4461,block_0309,DPoS,node_0138,11504.0,425.72,11929.72,self 20% + leftover
4462,block_0310,DPoS,node_0311,10978.55,222.98,11201.53,voter pd share
4463,block_0310,DPoS,node_0343,10903.02,230.27,11133.29,voter pd share
4464,block_0310,DPoS,node_0412,2293.43,154.75,2448.19,self 20% + leftover
4465,block_0311,DPoS,node_0410,11013.23,214.5,11227.74,voter pd share
4466,block_0311,DPoS,node_0432,7093.82,128.76,7222.58,voter pd share
4467,block_0311,DPoS,node_0241,6860.95,230.74,7091.68,self 20% + leftover
4468,block_0312,DPoS,node_0174,2987.53,66.51,3054.05,voter pd share
4469,block_0312,DPoS,node_0420,5560.04,168.53,5728.57,voter pd share
4470,block_0312,DPoS,node_0421,8083.24,220.72,8303.96,voter pd share
4471,block_0312,DPoS,node_0464,1678.92,66.57,1745.5,voter pd share
4472,block_0312,DPoS,node_0468,4836.27,254.66,5090.92,self 20% + leftover
4473,block_0313,DPoS,node_0414,5502.54,131.79,5634.34,voter pd share
4474,block_0313,DPoS,node_0443,5272.99,132.52,5405.51,voter pd share
4475,block_0313,DPoS,node_0230,7946.47,360.68,8307.16,self 20% + leftover
4476,block_0314,DPoS,node_0246,11557.03,279.14,11836.17,voter pd share
4477,block_0314,DPoS,node_0447,10844.97,418.86,11263.83,self 20% + leftover
4478,block_0315,DPoS,node_0084,9381.55,328.72,9710.27,voter pd share
4479,block_0315,DPoS,node_0465,6847.45,383.28,7230.73,self 20% + leftover
4480,block_0316,DPoS,node_0381,6167.7,165.62,6333.32,voter pd share
4481,block_0316,DPoS,node_0436,6043.46,121.91,6165.37,voter pd share
4482,block_0316,DPoS,node_0416,12055.85,451.47,12507.31,self 20% + leftover
4483,block_0317,DPoS,node_0045,1073.69,44.91,1118.6,voter pd share
4484,block_0317,DPoS,node_0089,364.97,4.82,369.79,voter pd share
4485,block_0317,DPoS,node_0322,9867.03,225.89,10092.91,voter pd share
4486,block_0317,DPoS,node_0272,10050.31,286.39,10336.7,self 20% + leftover
4487,block_0318,DPoS,node_0143,1965.48,49.62,2015.1,voter pd share
4488,block_0318,DPoS,node_0316,9622.65,264.57,9887.22,voter pd share
4489,block_0318,DPoS,node_0303,11416.87,462.8,11879.68,self 20% + leftover
4490,block_0319,DPoS,node_0055,5034.58,177.84,5212.42,voter pd share
4491,block_0319,DPoS,node_0164,2141.22,81.24,2222.45,voter pd share
4492,block_0319,DPoS,node_0208,5887.6,176.95,6064.55,voter pd share
4493,block_0319,DPoS,node_0188,4949.6,277.97,5227.57,self 20% + leftover
4494,block_0320,DPoS,node_0018,6294.54,178.16,6472.71,voter pd share
4495,block_0320,DPoS,node_0096,4950.64,124.4,5075.04,voter pd share
4496,block_0320,DPoS,node_0232,9045.82,333.43,9379.25,self 20% + leftover
4497,block_0321,DPoS,node_0041,4719.24,62.9,4782.14,voter pd share
4498,block_0321,DPoS,node_0107,9357.57,122.16,9479.73,voter pd share
4499,block_0321,DPoS,node_0140,9200.84,121.64,9322.48,voter pd share
4500,block_0321,DPoS,node_0163,2318.75,29.51,2348.26,voter pd share
4501,block_0321,DPoS,node_0365,9896.39,122.98,10019.36,voter pd share
4502,block_0321,DPoS,node_0428,7219.19,96.63,7315.82,voter pd share
4503,block_0321,DPoS,node_0441,8697.02,222.19,8919.21,self 20% + leftover
4504,block_0322,DPoS,node_0175,5827.5,206.98,6034.48,voter pd share
4505,block_0322,DPoS,node_0044,10882.5,444.02,11326.52,self 20% + leftover
4506,block_0323,DPoS,node_0028,7840.19,124.0,7964.19,voter pd share
4507,block_0323,DPoS,node_0168,11097.83,155.38,11253.21,voter pd share
4508,block_0323,DPoS,node_0292,8647.39,111.1,8758.49,voter pd share
4509,block_0323,DPoS,node_0422,8537.96,143.79,8681.75,voter pd share
4510,block_0323,DPoS,node_0205,6284.63,242.74,6527.37,self 20% + leftover
4511,block_0324,DPoS,node_0054,2560.65,29.05,2589.71,voter pd share
4512,block_0324,DPoS,node_0079,4009.76,74.18,4083.94,voter pd share
4513,block_0324,DPoS,node_0117,6675.8,90.32,6766.12,voter pd share
4514,block_0324,DPoS,node_0158,7887.4,111.91,7999.31,voter pd share
4515,block_0324,DPoS,node_0261,5120.81,65.87,5186.68,voter pd share
4516,block_0324,DPoS,node_0333,10262.57,251.67,10514.24,self 20% + leftover
4517,block_0325,DPoS,node_0214,6821.0,309.86,7130.86,voter pd share
4518,block_0325,DPoS,node_0049,8332.0,464.14,8796.14,self 20% + leftover
4519,block_0326,DPoS,node_0114,7670.56,88.8,7759.36,voter pd share
4520,block_0326,DPoS,node_0149,7670.0,82.74,7752.74,voter pd share
4521,block_0326,DPoS,node_0203,10150.27,115.7,10265.97,voter pd share
4522,block_0326,DPoS,node_0301,522.23,17.81,540.04,voter pd share
4523,block_0326,DPoS,node_0192,11925.94,230.94,12156.89,self 20% + leftover
4524,block_0327,DPoS,node_0114,7737.36,126.57,7863.93,voter pd share
4525,block_0327,DPoS,node_0149,7780.74,117.94,7898.68,voter pd share
4526,block_0327,DPoS,node_0203,10303.97,164.92,10468.89,voter pd share
4527,block_0327,DPoS,node_0301,534.04,25.39,559.43,voter pd share
4528,block_0327,DPoS,node_0192,12210.89,329.18,12540.06,self 20% + leftover
4529,block_0328,DPoS,node_0043,8832.87,136.76,8969.63,voter pd share
4530,block_0328,DPoS,node_0080,9806.03,127.54,9933.57,voter pd share
4531,block_0328,DPoS,node_0122,4773.36,71.14,4844.5,voter pd share
4532,block_0328,DPoS,node_0299,1720.8,39.69,1760.48,voter pd share
4533,block_0328,DPoS,node_0320,2178.88,50.98,2229.87,voter pd share
4534,block_0328,DPoS,node_0071,2785.07,136.88,2921.95,self 20% + leftover
4535,block_0329,DPoS,node_0032,8307.05,179.08,8486.13,voter pd share
4536,block_0329,DPoS,node_0137,5748.76,133.51,5882.27,voter pd share
4537,block_0329,DPoS,node_0274,9070.77,154.13,9224.9,voter pd share
4538,block_0329,DPoS,node_0156,7470.42,311.29,7781.7,self 20% + leftover
4539,block_0330,DPoS,node_0177,8536.17,162.81,8698.98,voter pd share
4540,block_0330,DPoS,node_0265,7612.61,145.28,7757.89,voter pd share
4541,block_0330,DPoS,node_0287,10147.89,206.69,10354.58,voter pd share
4542,block_0330,DPoS,node_0240,5760.33,260.23,6020.55,self 20% + leftover
4543,block_0331,DPoS,node_0098,10706.23,174.17,10880.4,voter pd share
4544,block_0331,DPoS,node_0111,10974.17,161.3,11135.47,voter pd share
4545,block_0331,DPoS,node_0374,10028.61,255.52,10284.13,self 20% + leftover
4546,block_0332,DPoS,node_0218,8403.99,140.95,8544.95,voter pd share
4547,block_0332,DPoS,node_0375,9633.31,152.78,9786.09,voter pd share
4548,block_0332,DPoS,node_0452,713.38,25.85,739.23,voter pd share
4549,block_0332,DPoS,node_0067,11054.32,279.41,11333.74,self 20% + leftover
4550,block_0333,DPoS,node_0101,1741.81,28.76,1770.57,voter pd share
4551,block_0333,DPoS,node_0116,4705.17,81.4,4786.57,voter pd share
4552,block_0333,DPoS,node_0147,9577.16,144.24,9721.4,voter pd share
4553,block_0333,DPoS,node_0180,4962.11,84.84,5046.96,voter pd share
4554,block_0333,DPoS,node_0442,10783.74,262.76,11046.5,self 20% + leftover
4555,block_0334,DPoS,node_0187,11217.99,220.71,11438.7,voter pd share
4556,block_0334,DPoS,node_0439,7200.95,181.77,7382.72,voter pd share
4557,block_0334,DPoS,node_0211,11537.06,372.52,11909.58,self 20% + leftover
4558,block_0335,DPoS,node_0024,600.85,37.92,638.77,voter pd share
4559,block_0335,DPoS,node_0090,255.33,49.06,304.4,voter pd share
4560,block_0335,DPoS,node_0247,3806.75,150.8,3957.55,voter pd share
4561,block_0335,DPoS,node_0253,8743.07,540.22,9283.28,self 20% + leftover
4562,block_0336,DPoS,node_0318,10298.35,269.84,10568.19,voter pd share
4563,block_0336,DPoS,node_0351,5855.65,291.16,6146.81,self 20% + leftover
4564,block_0337,DPoS,node_0454,7635.0,267.03,7902.03,voter pd share
4565,block_0337,DPoS,node_0295,8000.0,447.97,8447.97,self 20% + leftover
4566,block_0338,DPoS,node_0023,9096.66,174.89,9271.55,voter pd share
4567,block_0338,DPoS,node_0091,2392.98,42.32,2435.3,voter pd share
4568,block_0338,DPoS,node_0229,9157.31,173.76,9331.07,voter pd share
4569,block_0338,DPoS,node_0331,1151.5,29.09,1180.59,voter pd share
4570,block_0338,DPoS,node_0039,5529.55,167.94,5697.49,self 20% + leftover
4571,block_0339,DPoS,node_0221,5323.76,159.35,5483.11,voter pd share
4572,block_0339,DPoS,node_0262,8744.8,254.62,8999.42,voter pd share
4573,block_0339,DPoS,node_0077,3038.44,205.03,3243.47,self 20% + leftover
4574,block_0340,DPoS,node_0165,7725.51,173.34,7898.86,voter pd share
4575,block_0340,DPoS,node_0356,7854.92,185.16,8040.09,voter pd share
4576,block_0340,DPoS,node_0371,12791.56,396.49,13188.06,self 20% + leftover
4577,block_0341,DPoS,node_0444,10726.01,247.89,10973.9,voter pd share
4578,block_0341,DPoS,node_0334,10084.99,386.11,10471.1,self 20% + leftover
4579,block_0342,DPoS,node_0113,1896.96,53.22,1950.19,voter pd share
4580,block_0342,DPoS,node_0325,11278.4,195.95,11474.35,voter pd share
4581,block_0342,DPoS,node_0488,8687.92,146.03,8833.95,voter pd share
4582,block_0342,DPoS,node_0026,5731.71,184.8,5916.52,self 20% + leftover
4583,block_0343,DPoS,node_0129,8343.41,148.98,8492.39,voter pd share
4584,block_0343,DPoS,node_0250,8541.72,164.29,8706.01,voter pd share
4585,block_0343,DPoS,node_0321,2051.82,42.09,2093.91,voter pd share
4586,block_0343,DPoS,node_0350,2286.54,38.46,2325.0,voter pd share
4587,block_0343,DPoS,node_0429,948.36,34.97,983.33,voter pd share
4588,block_0343,DPoS,node_0133,6224.14,259.22,6483.36,self 20% + leftover
4589,block_0344,DPoS,node_0074,3192.73,79.68,3272.41,voter pd share
4590,block_0344,DPoS,node_0085,5916.39,200.66,6117.05,voter pd share
4591,block_0344,DPoS,node_0034,8015.88,322.66,8338.54,self 20% + leftover
4592,block_0345,DPoS,node_0280,9825.17,199.99,10025.16,voter pd share
4593,block_0345,DPoS,node_0307,8930.45,174.52,9104.97,voter pd share
4594,block_0345,DPoS,node_0009,9965.38,301.49,10266.87,self 20% + leftover
4595,block_0346,DPoS,node_0358,10422.2,213.0,10635.2,voter pd share
4596,block_0346,DPoS,node_0449,7565.94,176.15,7742.09,voter pd share
4597,block_0346,DPoS,node_0462,3291.21,51.34,3342.55,voter pd share
4598,block_0346,DPoS,node_0326,4137.66,223.51,4361.17,self 20% + leftover
4599,block_0347,DPoS,node_0339,6989.66,129.62,7119.29,voter pd share
4600,block_0347,DPoS,node_0413,9205.59,158.19,9363.78,voter pd share
4601,block_0347,DPoS,node_0426,8935.75,242.18,9177.93,self 20% + leftover
4602,block_0348,DPoS,node_0389,7655.9,159.65,7815.56,voter pd share
4603,block_0348,DPoS,node_0486,8525.84,179.76,8705.61,voter pd share
4604,block_0348,DPoS,node_0051,5071.25,191.58,5262.83,self 20% + leftover
4605,block_0349,DPoS,node_0338,2655.02,52.67,2707.69,voter pd share
4606,block_0349,DPoS,node_0373,8483.26,193.79,8677.04,voter pd share
4607,block_0349,DPoS,node_0138,11822.72,323.55,12146.27,self 20% + leftover
4608,block_0350,DPoS,node_0311,11047.53,193.64,11241.16,voter pd share
4609,block_0350,DPoS,node_0343,10676.29,199.97,10876.26,voter pd share
4610,block_0350,DPoS,node_0412,2592.19,134.39,2726.58,self 20% + leftover
4611,block_0351,DPoS,node_0500,5302.0,261.14,5563.14,voter pd share
4612,block_0351,DPoS,node_0484,9509.0,465.86,9974.86,self 20% + leftover
4613,block_0352,DPoS,node_0174,3323.05,50.59,3373.64,voter pd share
4614,block_0352,DPoS,node_0420,5379.57,128.19,5507.76,voter pd share
4615,block_0352,DPoS,node_0421,8341.96,167.89,8509.85,voter pd share
4616,block_0352,DPoS,node_0464,1507.5,50.64,1558.14,voter pd share
4617,block_0352,DPoS,node_0468,5198.92,193.7,5392.62,self 20% + leftover
4618,block_0353,DPoS,node_0414,5374.34,148.66,5523.0,voter pd share
4619,block_0353,DPoS,node_0443,5458.51,149.48,5607.99,voter pd share
4620,block_0353,DPoS,node_0230,8185.16,406.85,8592.01,self 20% + leftover
4621,block_0354,DPoS,node_0246,11883.17,309.94,12193.11,voter pd share
4622,block_0354,DPoS,node_0447,10783.83,465.06,11248.89,self 20% + leftover
4623,block_0355,DPoS,node_0084,9502.27,310.72,9812.99,voter pd share
4624,block_0355,DPoS,node_0465,7526.73,362.28,7889.01,self 20% + leftover
4625,block_0356,DPoS,node_0381,6351.32,140.97,6492.29,voter pd share
4626,block_0356,DPoS,node_0436,6114.37,103.76,6218.13,voter pd share
4627,block_0356,DPoS,node_0416,11947.31,384.27,12331.58,self 20% + leftover
4628,block_0357,DPoS,node_0045,1586.6,44.99,1631.58,voter pd share
4629,block_0357,DPoS,node_0089,99.79,4.83,104.62,voter pd share
4630,block_0357,DPoS,node_0322,9627.91,226.29,9854.2,voter pd share
4631,block_0357,DPoS,node_0272,9969.7,286.9,10256.6,self 20% + leftover
4632,block_0358,DPoS,node_0143,1965.1,39.73,2004.83,voter pd share
4633,block_0358,DPoS,node_0316,10134.22,211.79,10346.01,voter pd share
4634,block_0358,DPoS,node_0303,12054.68,370.48,12425.16,self 20% + leftover
4635,block_0359,DPoS,node_0055,5353.42,142.97,5496.39,voter pd share
4636,block_0359,DPoS,node_0164,1809.45,65.31,1874.76,voter pd share
4637,block_0359,DPoS,node_0208,6464.55,142.25,6606.81,voter pd share
4638,block_0359,DPoS,node_0188,5321.57,223.47,5545.04,self 20% + leftover
4639,block_0360,DPoS,node_0018,6422.71,217.38,6640.09,voter pd share
4640,block_0360,DPoS,node_0096,4687.04,151.79,4838.83,voter pd share
4641,block_0360,DPoS,node_0232,9155.25,406.83,9562.08,self 20% + leftover
4642,block_0361,DPoS,node_0041,4688.14,62.25,4750.39,voter pd share
4643,block_0361,DPoS,node_0107,9836.73,120.91,9957.63,voter pd share
4644,block_0361,DPoS,node_0140,9527.48,120.39,9647.87,voter pd share
4645,block_0361,DPoS,node_0163,2170.26,29.2,2199.46,voter pd share
4646,block_0361,DPoS,node_0365,9811.36,121.71,9933.08,voter pd share
4647,block_0361,DPoS,node_0428,7068.82,95.64,7164.46,voter pd share
4648,block_0361,DPoS,node_0441,8949.21,219.9,9169.12,self 20% + leftover
4649,block_0362,DPoS,node_0175,5685.48,214.61,5900.08,voter pd share
4650,block_0362,DPoS,node_0044,11353.52,460.39,11813.92,self 20% + leftover
4651,block_0363,DPoS,node_0028,7419.19,122.08,7541.27,voter pd share
4652,block_0363,DPoS,node_0168,11774.21,152.98,11927.18,voter pd share
4653,block_0363,DPoS,node_0292,8986.49,109.38,9095.87,voter pd share
4654,block_0363,DPoS,node_0422,8339.75,141.57,8481.32,voter pd share
4655,block_0363,DPoS,node_0205,6437.37,238.99,6676.36,self 20% + leftover
4656,block_0364,DPoS,node_0054,2499.71,27.84,2527.55,voter pd share
4657,block_0364,DPoS,node_0079,3794.94,71.08,3866.02,voter pd share
4658,block_0364,DPoS,node_0117,7065.12,86.55,7151.67,voter pd share
4659,block_0364,DPoS,node_0158,8052.31,107.24,8159.55,voter pd share
4660,block_0364,DPoS,node_0261,5162.68,63.12,5225.8,voter pd share
4661,block_0364,DPoS,node_0333,10494.24,241.16,10735.4,self 20% + leftover
4662,block_0365,DPoS,node_0214,6843.86,287.84,7131.69,voter pd share
4663,block_0365,DPoS,node_0049,8836.14,431.16,9267.31,self 20% + leftover
4664,block_0366,DPoS,node_0152,2988.0,115.19,3103.19,voter pd share
4665,block_0366,DPoS,node_0478,2649.0,126.87,2775.87,voter pd share
4666,block_0366,DPoS,node_0157,7450.0,503.94,7953.94,self 20% + leftover
4667,block_0367,DPoS,node_0114,8097.93,112.16,8210.09,voter pd share
4668,block_0367,DPoS,node_0149,7745.68,104.51,7850.19,voter pd share
4669,block_0367,DPoS,node_0203,10928.89,146.14,11075.03,voter pd share
4670,block_0367,DPoS,node_0301,843.43,22.5,865.92,voter pd share
4671,block_0367,DPoS,node_0192,12972.06,291.69,13263.76,self 20% + leftover
4672,block_0368,DPoS,node_0043,8575.63,150.12,8725.75,voter pd share
4673,block_0368,DPoS,node_0080,10248.57,140.0,10388.57,voter pd share
4674,block_0368,DPoS,node_0122,4686.5,78.09,4764.59,voter pd share
4675,block_0368,DPoS,node_0299,1629.48,43.56,1673.05,voter pd share
4676,block_0368,DPoS,node_0320,2461.87,55.96,2517.83,voter pd share
4677,block_0368,DPoS,node_0071,2799.95,150.26,2950.21,self 20% + leftover
4678,block_0369,DPoS,node_0032,8181.13,178.16,8359.29,voter pd share
4679,block_0369,DPoS,node_0137,6394.27,132.82,6527.09,voter pd share
4680,block_0369,DPoS,node_0274,9547.9,153.34,9701.23,voter pd share
4681,block_0369,DPoS,node_0156,7822.7,309.68,8132.39,self 20% + leftover
4682,block_0370,DPoS,node_0177,8740.98,162.18,8903.16,voter pd share
4683,block_0370,DPoS,node_0265,7523.89,144.71,7668.6,voter pd share
4684,block_0370,DPoS,node_0287,10045.58,205.89,10251.46,voter pd share
4685,block_0370,DPoS,node_0240,5912.55,259.22,6171.77,self 20% + leftover
4686,block_0371,DPoS,node_0098,10868.4,228.4,11096.8,voter pd share
4687,block_0371,DPoS,node_0111,11171.47,211.52,11382.99,voter pd share
4688,block_0371,DPoS,node_0374,9775.13,335.08,10110.21,self 20% + leftover
4689,block_0372,DPoS,node_0218,8165.95,157.9,8323.84,voter pd share
4690,block_0372,DPoS,node_0375,9583.09,171.15,9754.24,voter pd share
4691,block_0372,DPoS,node_0452,567.23,28.96,596.18,voter pd share
4692,block_0372,DPoS,node_0067,11259.74,313.0,11572.73,self 20% + leftover
4693,block_0373,DPoS,node_0101,1473.57,34.44,1508.02,voter pd share
4694,block_0373,DPoS,node_0116,4688.57,97.49,4786.06,voter pd share
4695,block_0373,DPoS,node_0147,9510.4,172.75,9683.15,voter pd share
4696,block_0373,DPoS,node_0180,5333.96,101.61,5435.57,voter pd share
4697,block_0373,DPoS,node_0442,11224.5,314.7,11539.2,self 20% + leftover
4698,block_0374,DPoS,node_0187,11110.7,194.22,11304.92,voter pd share
4699,block_0374,DPoS,node_0439,7684.72,159.96,7844.67,voter pd share
4700,block_0374,DPoS,node_0211,11790.58,327.82,12118.41,self 20% + leftover
4701,block_0375,DPoS,node_0024,758.77,37.87,796.64,voter pd share
4702,block_0375,DPoS,node_0090,167.4,49.0,216.4,voter pd share
4703,block_0375,DPoS,node_0247,4005.55,150.61,4156.16,voter pd share
4704,block_0375,DPoS,node_0253,8847.28,539.52,9386.81,self 20% + leftover
4705,block_0376,DPoS,node_0318,10493.19,372.78,10865.97,voter pd share
4706,block_0376,DPoS,node_0351,6028.81,402.22,6431.03,self 20% + leftover
4707,block_0377,DPoS,node_0454,7873.03,250.22,8123.25,voter pd share
4708,block_0377,DPoS,node_0295,8042.97,419.78,8462.75,self 20% + leftover
4709,block_0378,DPoS,node_0023,9108.55,230.21,9338.76,voter pd share
4710,block_0378,DPoS,node_0091,2577.3,55.7,2633.0,voter pd share
4711,block_0378,DPoS,node_0229,8938.07,228.73,9166.81,voter pd share
4712,block_0378,DPoS,node_0331,826.59,38.29,864.88,voter pd share
4713,block_0378,DPoS,node_0039,5613.49,221.07,5834.56,self 20% + leftover
4714,block_0379,DPoS,node_0070,139.0,34.18,173.18,voter pd share
4715,block_0379,DPoS,node_0162,4812.0,205.85,5017.85,voter pd share
4716,block_0379,DPoS,node_0453,184.0,26.9,210.9,voter pd share
4717,block_0379,DPoS,node_0480,9750.0,470.07,10220.07,self 20% + leftover
4718,block_0380,DPoS,node_0165,7748.86,134.54,7883.4,voter pd share
4719,block_0380,DPoS,node_0356,8306.09,143.72,8449.8,voter pd share
4720,block_0380,DPoS,node_0371,12921.06,307.74,13228.8,self 20% + leftover
4721,block_0381,DPoS,node_0444,10641.9,252.19,10894.09,voter pd share
4722,block_0381,DPoS,node_0334,10466.1,392.81,10858.91,self 20% + leftover
4723,block_0382,DPoS,node_0113,2148.19,69.83,2218.02,voter pd share
4724,block_0382,DPoS,node_0325,10974.35,257.1,11231.45,voter pd share
4725,block_0382,DPoS,node_0488,8952.95,191.6,9144.54,voter pd share
4726,block_0382,DPoS,node_0026,5890.52,242.47,6132.99,self 20% + leftover
4727,block_0383,DPoS,node_0129,8760.39,167.81,8928.2,voter pd share
4728,block_0383,DPoS,node_0250,9187.01,185.07,9372.08,voter pd share
4729,block_0383,DPoS,node_0321,2198.91,47.41,2246.31,voter pd share
4730,block_0383,DPoS,node_0350,1907.0,43.32,1950.32,voter pd share
4731,block_0383,DPoS,node_0429,871.33,39.39,910.72,voter pd share
4732,block_0383,DPoS,node_0133,6670.36,292.0,6962.36,self 20% + leftover
4733,block_0384,DPoS,node_0074,3210.41,76.24,3286.65,voter pd share
4734,block_0384,DPoS,node_0085,6143.05,192.01,6335.07,voter pd share
4735,block_0384,DPoS,node_0034,8695.54,308.74,9004.28,self 20% + leftover
4736,block_0385,DPoS,node_0280,10665.16,217.74,10882.9,voter pd share
4737,block_0385,DPoS,node_0307,8816.97,190.01,9006.98,voter pd share
4738,block_0385,DPoS,node_0009,10083.87,328.25,10412.13,self 20% + leftover
4739,block_0386,DPoS,node_0358,10241.2,248.29,10489.49,voter pd share
4740,block_0386,DPoS,node_0449,7801.09,205.33,8006.41,voter pd share
4741,block_0386,DPoS,node_0462,3292.55,59.84,3352.39,voter pd share
4742,block_0386,DPoS,node_0326,4491.17,260.54,4751.71,self 20% + leftover
4743,block_0387,DPoS,node_0339,7370.29,179.52,7549.8,voter pd share
4744,block_0387,DPoS,node_0413,9791.78,219.08,10010.87,voter pd share
4745,block_0387,DPoS,node_0426,9053.93,335.4,9389.33,self 20% + leftover
4746,block_0388,DPoS,node_0389,7802.56,167.17,7969.73,voter pd share
4747,block_0388,DPoS,node_0486,8908.61,188.23,9096.83,voter pd share
4748,block_0388,DPoS,node_0051,4747.83,200.6,4948.44,self 20% + leftover
4749,block_0389,DPoS,node_0338,2258.69,49.52,2308.21,voter pd share
4750,block_0389,DPoS,node_0373,9069.04,182.23,9251.27,voter pd share
4751,block_0389,DPoS,node_0138,12103.27,304.25,12407.51,self 20% + leftover
4752,block_0390,DPoS,node_0311,11632.16,242.41,11874.58,voter pd share
4753,block_0390,DPoS,node_0343,10856.26,250.34,11106.61,voter pd share
4754,block_0390,DPoS,node_0412,2543.58,168.24,2711.82,self 20% + leftover
4755,block_0391,DPoS,node_0500,5792.14,248.56,6040.7,voter pd share
4756,block_0391,DPoS,node_0484,10044.86,443.44,10488.3,self 20% + leftover
4757,block_0392,DPoS,node_0174,3489.64,66.6,3556.23,voter pd share
4758,block_0392,DPoS,node_0420,5685.76,168.75,5854.51,voter pd share
4759,block_0392,DPoS,node_0421,8964.85,221.01,9185.86,voter pd share
4760,block_0392,DPoS,node_0464,1496.14,66.66,1562.8,voter pd share
4761,block_0392,DPoS,node_0468,5291.62,254.98,5546.6,self 20% + leftover
4762,block_0393,DPoS,node_0414,5620.0,163.85,5783.84,voter pd share
4763,block_0393,DPoS,node_0443,5742.99,164.75,5907.74,voter pd share
4764,block_0393,DPoS,node_0230,8349.01,448.4,8797.41,self 20% + leftover
4765,block_0394,DPoS,node_0084,9768.99,349.5,10118.49,voter pd share
4766,block_0394,DPoS,node_0465,8401.01,407.5,8808.51,self 20% + leftover
4767,block_0395,DPoS,node_0084,10096.49,358.27,10454.76,voter pd share
4768,block_0395,DPoS,node_0465,8747.51,417.73,9165.24,self 20% + leftover
4769,block_0396,DPoS,node_0381,5916.29,125.73,6042.02,voter pd share
4770,block_0396,DPoS,node_0436,6336.13,92.55,6428.68,voter pd share
4771,block_0396,DPoS,node_0416,12319.58,342.72,12662.31,self 20% + leftover
4772,block_0397,DPoS,node_0045,1415.58,62.08,1477.67,voter pd share
4773,block_0397,DPoS,node_0089,242.62,6.66,249.28,voter pd share
4774,block_0397,DPoS,node_0322,9794.2,312.3,10106.5,voter pd share
4775,block_0397,DPoS,node_0272,10361.6,395.95,10757.55,self 20% + leftover
4776,block_0398,DPoS,node_0143,1959.83,35.13,1994.96,voter pd share
4777,block_0398,DPoS,node_0316,10414.01,187.28,10601.29,voter pd share
4778,block_0398,DPoS,node_0303,12302.16,327.6,12629.75,self 20% + leftover
4779,block_0399,DPoS,node_0055,4932.39,168.13,5100.52,voter pd share
4780,block_0399,DPoS,node_0164,1836.76,76.8,1913.56,voter pd share
4781,block_0399,DPoS,node_0208,6066.81,167.29,6234.09,voter pd share
4782,block_0399,DPoS,node_0188,5669.04,262.79,5931.83,self 20% + leftover
4783,block_0400,DPoS,node_0018,6507.09,148.47,6655.55,voter pd share
4784,block_0400,DPoS,node_0096,4657.83,103.67,4761.5,voter pd share
4785,block_0400,DPoS,node_0232,9958.08,277.86,10235.94,self 20% + leftover
4786,block_0401,DPoS,node_0018,6629.55,93.19,6722.74,voter pd share
4787,block_0401,DPoS,node_0031,5157.0,72.2,5229.2,voter pd share
4788,block_0401,DPoS,node_0113,2471.02,35.17,2506.19,voter pd share
4789,block_0401,DPoS,node_0177,8760.16,122.53,8882.69,voter pd share
4790,block_0401,DPoS,node_0192,13284.76,183.52,13468.28,voter pd share
4791,block_0401,DPoS,node_0248,8102.27,268.39,8370.66,self 20% + leftover
4792,block_0402,DPoS,node_0002,4113.0,53.01,4166.01,voter pd share
4793,block_0402,DPoS,node_0094,10138.0,131.65,10269.65,voter pd share
4794,block_0402,DPoS,node_0117,6679.67,87.45,6767.12,voter pd share
4795,block_0402,DPoS,node_0250,9394.08,121.81,9515.89,voter pd share
4796,block_0402,DPoS,node_0286,420.0,5.45,425.45,voter pd share
4797,block_0402,DPoS,node_0366,4899.0,63.65,4962.65,voter pd share
4798,block_0402,DPoS,node_0295,8292.75,250.98,8543.73,self 20% + leftover
4799,block_0403,DPoS,node_0085,6587.07,78.69,6665.75,voter pd share
4800,block_0403,DPoS,node_0140,9580.87,116.02,9696.89,voter pd share
4801,block_0403,DPoS,node_0303,12645.75,150.81,12796.56,voter pd share
4802,block_0403,DPoS,node_0405,8979.77,108.06,9087.83,voter pd share
4803,block_0403,DPoS,node_0335,2480.0,149.42,2629.42,self 20% + leftover
4804,block_0404,DPoS,node_0051,4623.44,58.44,4681.88,voter pd share
4805,block_0404,DPoS,node_0183,7000.0,86.7,7086.7,voter pd share
4806,block_0404,DPoS,node_0188,5887.83,74.12,5961.95,voter pd share
4807,block_0404,DPoS,node_0260,5106.0,63.59,5169.59,voter pd share
4808,block_0404,DPoS,node_0351,6291.03,77.09,6368.12,voter pd share
4809,block_0404,DPoS,node_0407,887.0,13.73,900.73,voter pd share
4810,block_0404,DPoS,node_0455,4366.0,54.18,4420.18,voter pd share
4811,block_0404,DPoS,node_0122,4789.59,180.15,4969.74,self 20% + leftover
4812,block_0405,DPoS,node_0111,11639.99,141.93,11781.92,voter pd share
4813,block_0405,DPoS,node_0322,10135.5,122.52,10258.03,voter pd share
4814,block_0405,DPoS,node_0470,9468.06,116.17,9584.23,voter pd share
4815,block_0405,DPoS,node_0456,6623.93,198.37,6822.3,self 20% + leftover
4816,block_0406,DPoS,node_0029,3583.0,42.59,3625.59,voter pd share
4817,block_0406,DPoS,node_0233,1784.0,22.48,1806.48,voter pd share
4818,block_0406,DPoS,node_0294,7606.0,94.52,7700.52,voter pd share
4819,block_0406,DPoS,node_0360,2223.0,25.64,2248.64,voter pd share
4820,block_0406,DPoS,node_0410,11558.74,139.74,11698.47,voter pd share
4821,block_0406,DPoS,node_0080,10067.57,237.05,10304.62,self 20% + leftover
4822,block_0407,DPoS,node_0028,6908.27,82.22,6990.48,voter pd share
4823,block_0407,DPoS,node_0082,2089.36,26.27,2115.62,voter pd share
4824,block_0407,DPoS,node_0318,10518.97,123.27,10642.25,voter pd share
4825,block_0407,DPoS,node_0402,2893.0,33.76,2926.76,voter pd share
4826,block_0407,DPoS,node_0458,359.0,3.8,362.8,voter pd share
4827,block_0407,DPoS,node_0476,8276.0,96.74,8372.74,voter pd share
4828,block_0407,DPoS,node_0481,3552.0,42.91,3594.91,voter pd share
4829,block_0407,DPoS,node_0340,820.0,116.02,936.02,self 20% + leftover
4830,block_0408,DPoS,node_0215,10303.86,134.16,10438.02,voter pd share
4831,block_0408,DPoS,node_0339,7625.8,100.95,7726.76,voter pd share
4832,block_0408,DPoS,node_0465,9014.24,119.46,9133.7,voter pd share
4833,block_0408,DPoS,node_0014,8647.24,227.43,8874.67,self 20% + leftover
4834,block_0409,DPoS,node_0280,10725.9,167.24,10893.13,voter pd share
4835,block_0409,DPoS,node_0287,10325.46,157.95,10483.41,voter pd share
4836,block_0409,DPoS,node_0313,3692.0,58.73,3750.73,voter pd share
4837,block_0409,DPoS,node_0494,7001.4,105.79,7107.19,voter pd share
4838,block_0409,DPoS,node_0019,2208.0,162.29,2370.29,self 20% + leftover
4839,block_0410,DPoS,node_0038,6089.0,112.61,6201.61,voter pd share
4840,block_0410,DPoS,node_0167,6715.2,122.79,6837.99,voter pd share
4841,block_0410,DPoS,node_0356,8176.8,151.77,8328.57,voter pd share
4842,block_0410,DPoS,node_0446,3264.0,61.37,3325.37,voter pd share
4843,block_0410,DPoS,node_0290,8964.46,318.46,9282.92,self 20% + leftover
4844,block_0411,DPoS,node_0012,5902.0,100.62,6002.62,voter pd share
4845,block_0411,DPoS,node_0076,3526.0,63.96,3589.96,voter pd share
4846,block_0411,DPoS,node_0151,1819.0,31.4,1850.4,voter pd share
4847,block_0411,DPoS,node_0180,5302.57,92.42,5394.99,voter pd share
4848,block_0411,DPoS,node_0255,8033.66,135.28,8168.94,voter pd share
4849,block_0411,DPoS,node_0270,8644.9,290.33,8935.22,self 20% + leftover
4850,block_0412,DPoS,node_0058,5237.0,88.94,5325.94,voter pd share
4851,block_0412,DPoS,node_0088,5119.6,92.23,5211.83,voter pd share
4852,block_0412,DPoS,node_0125,3485.0,60.77,3545.77,voter pd share
4853,block_0412,DPoS,node_0172,8656.0,146.77,8802.77,voter pd share
4854,block_0412,DPoS,node_0444,10749.09,332.29,11081.38,self 20% + leftover
4855,block_0413,DPoS,node_0403,5829.0,96.6,5925.6,voter pd share
4856,block_0413,DPoS,node_0426,9287.33,154.74,9442.08,voter pd share
4857,block_0413,DPoS,node_0472,11462.13,185.78,11647.9,voter pd share
4858,block_0413,DPoS,node_0489,5487.0,222.88,5709.88,self 20% + leftover
4859,block_0414,DPoS,node_0070,367.18,6.46,373.64,voter pd share
4860,block_0414,DPoS,node_0079,3999.02,67.05,4066.07,voter pd share
4861,block_0414,DPoS,node_0136,8676.0,145.19,8821.19,voter pd share
4862,block_0414,DPoS,node_0197,5159.18,82.91,5242.09,voter pd share
4863,block_0414,DPoS,node_0382,1212.0,23.88,1235.88,voter pd share
4864,block_0414,DPoS,node_0343,11183.61,309.51,11493.11,self 20% + leftover
4865,block_0415,DPoS,node_0064,897.01,13.21,910.22,voter pd share
4866,block_0415,DPoS,node_0211,12159.41,204.67,12364.07,voter pd share
4867,block_0415,DPoS,node_0377,8552.0,142.87,8694.87,voter pd share
4868,block_0415,DPoS,node_0488,8579.54,275.26,8854.8,self 20% + leftover
4869,block_0416,DPoS,node_0106,10347.23,187.81,10535.04,voter pd share
4870,block_0416,DPoS,node_0170,6902.0,117.47,7019.47,voter pd share
4871,block_0416,DPoS,node_0416,13166.31,361.72,13528.03,self 20% + leftover
4872,block_0417,DPoS,node_0169,3912.0,85.13,3997.13,voter pd share
4873,block_0417,DPoS,node_0261,5270.8,108.45,5379.26,voter pd share
4874,block_0417,DPoS,node_0376,7876.0,163.48,8039.48,voter pd share
4875,block_0417,DPoS,node_0138,12472.51,413.94,12886.45,self 20% + leftover
4876,block_0418,DPoS,node_0056,10158.0,194.99,10352.99,voter pd share
4877,block_0418,DPoS,node_0266,6076.0,123.31,6199.31,voter pd share
4878,block_0418,DPoS,node_0371,12637.8,390.7,13028.5,self 20% + leftover
4879,block_0419,DPoS,node_0163,2215.46,50.54,2266.0,voter pd share
4880,block_0419,DPoS,node_0238,10817.63,227.18,11044.81,voter pd share
4881,block_0419,DPoS,node_0264,1393.0,35.42,1428.42,voter pd share
4882,block_0419,DPoS,node_0466,5400.0,111.63,5511.63,voter pd share
4883,block_0419,DPoS,node_0487,6818.0,139.52,6957.52,voter pd share
4884,block_0419,DPoS,node_0242,493.0,153.7,646.7,self 20% + leftover
4885,block_0420,DPoS,node_0049,9267.31,179.91,9447.21,voter pd share
4886,block_0420,DPoS,node_0199,462.0,5.93,467.93,voter pd share
4887,block_0420,DPoS,node_0350,1978.32,40.85,2019.17,voter pd share
4888,block_0420,DPoS,node_0454,8129.25,150.08,8279.33,voter pd share
4889,block_0420,DPoS,node_0439,7591.67,274.23,7865.9,self 20% + leftover
4890,block_0421,DPoS,node_0020,5034.0,111.73,5145.73,voter pd share
4891,block_0421,DPoS,node_0150,3025.0,71.08,3096.08,voter pd share
4892,block_0421,DPoS,node_0203,10695.03,249.52,10944.56,voter pd share
4893,block_0421,DPoS,node_0210,3467.0,70.96,3537.96,voter pd share
4894,block_0421,DPoS,node_0461,4989.78,271.71,5261.49,self 20% + leftover
4895,block_0422,DPoS,node_0047,1541.0,32.41,1573.41,voter pd share
4896,block_0422,DPoS,node_0063,5314.0,123.45,5437.45,voter pd share
4897,block_0422,DPoS,node_0209,3934.0,94.67,4028.67,voter pd share
4898,block_0422,DPoS,node_0445,7131.0,168.66,7299.66,voter pd share
4899,block_0422,DPoS,node_0307,8765.98,354.8,9120.78,self 20% + leftover
4900,block_0423,DPoS,node_0009,10620.13,174.66,10794.78,voter pd share
4901,block_0423,DPoS,node_0121,4931.69,82.0,5013.69,voter pd share
4902,block_0423,DPoS,node_0067,11087.73,301.35,11389.08,self 20% + leftover
4903,block_0424,DPoS,node_0105,3134.0,49.62,3183.62,voter pd share
4904,block_0424,DPoS,node_0157,8248.94,131.24,8380.18,voter pd share
4905,block_0424,DPoS,node_0198,381.0,1.34,382.34,voter pd share
4906,block_0424,DPoS,node_0500,5849.7,101.25,5950.95,voter pd share
4907,block_0424,DPoS,node_0213,9289.17,259.54,9548.71,self 20% + leftover
4908,block_0425,DPoS,node_0030,11660.22,232.97,11893.19,voter pd share
4909,block_0425,DPoS,node_0033,199.0,0.63,199.63,voter pd share
4910,block_0425,DPoS,node_0099,969.0,24.5,993.5,voter pd share
4911,block_0425,DPoS,node_0241,5441.51,117.76,5559.28,voter pd share
4912,block_0425,DPoS,node_0282,5848.0,252.15,6100.15,self 20% + leftover
4913,block_0426,DPoS,node_0030,11853.19,237.05,12090.24,voter pd share
4914,block_0426,DPoS,node_0033,199.63,0.64,200.26,voter pd share
4915,block_0426,DPoS,node_0099,981.5,24.93,1006.42,voter pd share
4916,block_0426,DPoS,node_0241,5637.28,119.83,5757.1,voter pd share
4917,block_0426,DPoS,node_0282,6061.15,256.56,6317.71,self 20% + leftover
4918,block_0427,DPoS,node_0272,10644.55,195.4,10839.95,voter pd share
4919,block_0427,DPoS,node_0357,6849.83,121.38,6971.21,voter pd share
4920,block_0427,DPoS,node_0429,1261.72,22.16,1283.87,voter pd share
4921,block_0427,DPoS,node_0179,5414.0,208.06,5622.06,self 20% + leftover
4922,block_0428,DPoS,node_0185,4701.0,90.66,4791.66,voter pd share
4923,block_0428,DPoS,node_0191,8361.0,165.79,8526.79,voter pd share
4924,block_0428,DPoS,node_0395,1988.0,40.69,2028.69,voter pd share
4925,block_0428,DPoS,node_0440,7887.0,259.87,8146.87,self 20% + leftover
4926,block_0429,DPoS,node_0268,4795.0,127.9,4922.9,voter pd share
4927,block_0429,DPoS,node_0421,8893.86,236.49,9130.35,voter pd share
4928,block_0429,DPoS,node_0375,9613.24,407.61,10020.85,self 20% + leftover
4929,block_0430,DPoS,node_0027,3187.0,63.48,3250.48,voter pd share
4930,block_0430,DPoS,node_0153,166.98,0.56,167.53,voter pd share
4931,block_0430,DPoS,node_0394,1898.0,45.97,1943.97,voter pd share
4932,block_0430,DPoS,node_0442,11936.2,247.59,12183.79,voter pd share
4933,block_0430,DPoS,node_0498,3663.22,78.31,3741.53,voter pd share
4934,block_0430,DPoS,node_0244,997.0,139.09,1136.09,self 20% + leftover
4935,block_0431,DPoS,node_0027,3251.48,85.78,3337.26,voter pd share
4936,block_0431,DPoS,node_0153,132.53,0.75,133.29,voter pd share
4937,block_0431,DPoS,node_0394,1911.97,62.13,1974.1,voter pd share
4938,block_0431,DPoS,node_0442,12125.79,334.57,12460.36,voter pd share
4939,block_0431,DPoS,node_0498,3808.53,105.82,3914.35,voter pd share
4940,block_0431,DPoS,node_0244,1144.09,187.96,1332.05,self 20% + leftover
4941,block_0432,DPoS,node_0447,11710.89,251.0,11961.89,voter pd share
4942,block_0432,DPoS,node_0365,10139.08,336.0,10475.07,self 20% + leftover
4943,block_0433,DPoS,node_0344,177.0,3.82,180.82,voter pd share
4944,block_0433,DPoS,node_0378,2163.0,42.82,2205.82,voter pd share
4945,block_0433,DPoS,node_0387,7321.0,142.13,7463.13,voter pd share
4946,block_0433,DPoS,node_0168,11905.18,343.23,12248.41,self 20% + leftover
4947,block_0434,DPoS,node_0115,7526.25,191.13,7717.38,voter pd share
4948,block_0434,DPoS,node_0399,3876.0,89.77,3965.77,voter pd share
4949,block_0434,DPoS,node_0084,10239.76,397.1,10636.86,self 20% + leftover
4950,block_0435,DPoS,node_0249,4396.0,122.76,4518.76,voter pd share
4951,block_0435,DPoS,node_0413,9779.87,273.82,10053.68,voter pd share
4952,block_0435,DPoS,node_0430,2377.0,70.56,2447.56,voter pd share
4953,block_0435,DPoS,node_0309,4452.77,263.85,4716.63,self 20% + leftover
4954,block_0436,DPoS,node_0001,1876.0,42.88,1918.88,voter pd share
4955,block_0436,DPoS,node_0097,9547.59,245.49,9793.08,voter pd share
4956,block_0436,DPoS,node_0126,166.17,14.18,180.34,voter pd share
4957,block_0436,DPoS,node_0330,8207.0,350.45,8557.45,self 20% + leftover
4958,block_0437,DPoS,node_0096,4824.5,139.17,4963.67,voter pd share
4959,block_0437,DPoS,node_0147,9552.15,282.67,9834.82,voter pd share
4960,block_0437,DPoS,node_0428,6237.46,352.16,6589.62,self 20% + leftover
4961,block_0438,DPoS,node_0175,6322.08,186.12,6508.21,voter pd share
4962,block_0438,DPoS,node_0346,3061.37,101.26,3162.63,voter pd share
4963,block_0438,DPoS,node_0451,213.0,10.99,223.99,voter pd share
4964,block_0438,DPoS,node_0333,10700.4,478.63,11179.04,self 20% + leftover
4965,block_0439,DPoS,node_0283,2561.0,72.89,2633.89,voter pd share
4966,block_0439,DPoS,node_0373,8973.27,279.04,9252.31,voter pd share
4967,block_0439,DPoS,node_0171,8247.0,402.07,8649.07,self 20% + leftover
4968,block_0440,DPoS,node_0232,10539.94,251.32,10791.26,voter pd share
4969,block_0440,DPoS,node_0475,3410.0,86.23,3496.23,voter pd share
4970,block_0440,DPoS,node_0401,6073.76,270.46,6344.22,self 20% + leftover
4971,block_0441,DPoS,node_0018,6873.74,93.19,6966.93,voter pd share
4972,block_0441,DPoS,node_0031,5141.2,72.2,5213.41,voter pd share
4973,block_0441,DPoS,node_0113,2446.19,35.17,2481.36,voter pd share
4974,block_0441,DPoS,node_0177,8865.69,122.53,8988.22,voter pd share
4975,block_0441,DPoS,node_0192,12825.28,183.52,13008.81,voter pd share
4976,block_0441,DPoS,node_0248,8153.66,268.39,8422.04,self 20% + leftover
4977,block_0442,DPoS,node_0002,3894.01,47.74,3941.75,voter pd share
4978,block_0442,DPoS,node_0094,10253.65,118.56,10372.21,voter pd share
4979,block_0442,DPoS,node_0117,6535.12,78.75,6613.87,voter pd share
4980,block_0442,DPoS,node_0250,8875.89,109.7,8985.59,voter pd share
4981,block_0442,DPoS,node_0286,513.45,4.91,518.36,voter pd share
4982,block_0442,DPoS,node_0366,5062.65,57.32,5119.97,voter pd share
4983,block_0442,DPoS,node_0295,8081.73,226.02,8307.75,self 20% + leftover
4984,block_0443,DPoS,node_0085,6513.75,101.13,6614.89,voter pd share
4985,block_0443,DPoS,node_0140,9405.89,149.12,9555.01,voter pd share
4986,block_0443,DPoS,node_0303,12803.56,193.82,12997.38,voter pd share
4987,block_0443,DPoS,node_0405,8988.83,138.88,9127.71,voter pd share
4988,block_0443,DPoS,node_0335,2105.42,192.05,2297.47,self 20% + leftover
4989,block_0444,DPoS,node_0051,4411.88,72.38,4484.25,voter pd share
4990,block_0444,DPoS,node_0183,7626.7,107.38,7734.07,voter pd share
4991,block_0444,DPoS,node_0188,5678.95,91.8,5770.74,voter pd share
4992,block_0444,DPoS,node_0260,5454.59,78.75,5533.34,voter pd share
4993,block_0444,DPoS,node_0351,6368.12,95.47,6463.59,voter pd share
4994,block_0444,DPoS,node_0407,975.73,17.01,992.74,voter pd share
4995,block_0444,DPoS,node_0455,4603.18,67.1,4670.27,voter pd share
4996,block_0444,DPoS,node_0122,4899.74,223.12,5122.86,self 20% + leftover
4997,block_0445,DPoS,node_0111,11664.92,137.76,11802.68,voter pd share
4998,block_0445,DPoS,node_0322,10147.03,118.93,10265.95,voter pd share
4999,block_0445,DPoS,node_0470,9833.23,112.76,9945.99,voter pd share
5000,block_0445,DPoS,node_0456,7318.3,192.55,7510.85,self 20% + leftover
5001,block_0446,DPoS,node_0029,3666.59,42.74,3709.33,voter pd share
5002,block_0446,DPoS,node_0233,1834.48,22.56,1857.03,voter pd share
5003,block_0446,DPoS,node_0294,7296.52,94.85,7391.37,voter pd share
5004,block_0446,DPoS,node_0360,1976.64,25.73,2002.36,voter pd share
5005,block_0446,DPoS,node_0410,11564.47,140.23,11704.71,voter pd share
5006,block_0446,DPoS,node_0080,10226.62,237.89,10464.51,self 20% + leftover
5007,block_0447,DPoS,node_0028,7197.48,84.57,7282.05,voter pd share
5008,block_0447,DPoS,node_0082,2515.62,27.02,2542.64,voter pd share
5009,block_0447,DPoS,node_0318,10381.25,126.8,10508.04,voter pd share
5010,block_0447,DPoS,node_0402,3124.76,34.72,3159.49,voter pd share
5011,block_0447,DPoS,node_0458,951.8,3.91,955.71,voter pd share
5012,block_0447,DPoS,node_0476,8308.74,99.51,8408.25,voter pd share
5013,block_0447,DPoS,node_0481,3594.91,44.14,3639.06,voter pd share
5014,block_0447,DPoS,node_0340,1140.02,119.34,1259.36,self 20% + leftover
5015,block_0448,DPoS,node_0215,10081.02,134.39,10215.42,voter pd share
5016,block_0448,DPoS,node_0339,7531.76,101.13,7632.89,voter pd share
5017,block_0448,DPoS,node_0465,9236.7,119.66,9356.36,voter pd share
5018,block_0448,DPoS,node_0014,9007.67,227.82,9235.48,self 20% + leftover
5019,block_0449,DPoS,node_0280,10244.13,137.48,10381.62,voter pd share
5020,block_0449,DPoS,node_0287,10344.41,129.85,10474.26,voter pd share
5021,block_0449,DPoS,node_0313,4055.73,48.28,4104.01,voter pd share
5022,block_0449,DPoS,node_0494,7017.19,86.97,7104.16,voter pd share
5023,block_0449,DPoS,node_0019,1947.29,133.42,2080.71,self 20% + leftover
5024,block_0450,DPoS,node_0038,6346.61,78.11,6424.73,voter pd share
5025,block_0450,DPoS,node_0167,6710.99,85.17,6796.16,voter pd share
5026,block_0450,DPoS,node_0356,8508.57,105.27,8613.84,voter pd share
5027,block_0450,DPoS,node_0446,3193.37,42.56,3235.93,voter pd share
5028,block_0450,DPoS,node_0290,9253.92,220.89,9474.81,self 20% + leftover
5029,block_0451,DPoS,node_0012,5687.62,82.86,5770.48,voter pd share
5030,block_0451,DPoS,node_0076,3136.96,52.67,3189.63,voter pd share
5031,block_0451,DPoS,node_0151,1473.4,25.86,1499.25,voter pd share
5032,block_0451,DPoS,node_0180,5811.99,76.11,5888.1,voter pd share
5033,block_0451,DPoS,node_0255,8044.94,111.41,8156.35,voter pd share
5034,block_0451,DPoS,node_0270,8663.22,239.09,8902.31,self 20% + leftover
5035,block_0452,DPoS,node_0007,3532.0,109.91,3641.91,voter pd share
5036,block_0452,DPoS,node_0112,1782.0,55.99,1837.99,voter pd share
5037,block_0452,DPoS,node_0310,3206.0,91.17,3297.17,voter pd share
5038,block_0452,DPoS,node_0474,4925.0,153.26,5078.26,voter pd share
5039,block_0452,DPoS,node_0137,6744.09,363.67,7107.76,self 20% + leftover
5040,block_0453,DPoS,node_0403,6121.6,89.87,6211.47,voter pd share
5041,block_0453,DPoS,node_0426,9429.08,143.96,9573.03,voter pd share
5042,block_0453,DPoS,node_0472,11636.9,172.83,11809.73,voter pd share
5043,block_0453,DPoS,node_0489,5381.88,207.34,5589.22,self 20% + leftover
5044,block_0454,DPoS,node_0070,503.64,7.9,511.54,voter pd share
5045,block_0454,DPoS,node_0079,4248.07,81.94,4330.01,voter pd share
5046,block_0454,DPoS,node_0136,9316.19,177.43,9493.62,voter pd share
5047,block_0454,DPoS,node_0197,5297.09,101.32,5398.41,voter pd share
5048,block_0454,DPoS,node_0382,939.88,29.18,969.06,voter pd share
5049,block_0454,DPoS,node_0343,11735.11,378.23,12113.34,self 20% + leftover
5050,block_0455,DPoS,node_0064,588.22,15.99,604.2,voter pd share
5051,block_0455,DPoS,node_0211,12635.07,247.79,12882.86,voter pd share
5052,block_0455,DPoS,node_0377,8398.87,172.97,8571.85,voter pd share
5053,block_0455,DPoS,node_0488,8524.8,333.25,8858.05,self 20% + leftover
5054,block_0456,DPoS,node_0106,10306.04,218.21,10524.25,voter pd share
5055,block_0456,DPoS,node_0170,7463.47,136.49,7599.96,voter pd share
5056,block_0456,DPoS,node_0416,13649.03,420.29,14069.32,self 20% + leftover
5057,block_0457,DPoS,node_0169,3565.13,79.94,3645.06,voter pd share
5058,block_0457,DPoS,node_0261,5670.26,101.84,5772.1,voter pd share
5059,block_0457,DPoS,node_0376,8364.48,153.51,8517.99,voter pd share
5060,block_0457,DPoS,node_0138,13029.45,388.71,13418.16,self 20% + leftover
5061,block_0458,DPoS,node_0056,10102.99,160.61,10263.6,voter pd share
5062,block_0458,DPoS,node_0266,5914.31,101.57,6015.87,voter pd share
5063,block_0458,DPoS,node_0371,12980.5,321.82,13302.32,self 20% + leftover
5064,block_0459,DPoS,node_0163,1947.0,54.35,2001.35,voter pd share
5065,block_0459,DPoS,node_0238,11776.81,244.27,12021.08,voter pd share
5066,block_0459,DPoS,node_0264,1308.42,38.09,1346.51,voter pd share
5067,block_0459,DPoS,node_0466,5325.63,120.02,5445.65,voter pd share
5068,block_0459,DPoS,node_0487,6496.52,150.01,6646.52,voter pd share
5069,block_0459,DPoS,node_0242,446.7,165.26,611.97,self 20% + leftover
5070,block_0460,DPoS,node_0049,9884.21,213.9,10098.12,voter pd share
5071,block_0460,DPoS,node_0199,118.93,7.05,125.97,voter pd share
5072,block_0460,DPoS,node_0350,2180.17,48.57,2228.74,voter pd share
5073,block_0460,DPoS,node_0454,8167.33,178.44,8345.77,voter pd share
5074,block_0460,DPoS,node_0439,8202.9,326.04,8528.95,self 20% + leftover
5075,block_0461,DPoS,node_0020,5604.73,88.66,5693.4,voter pd share
5076,block_0461,DPoS,node_0150,3872.08,56.4,3928.48,voter pd share
5077,block_0461,DPoS,node_0203,10412.56,198.01,10610.57,voter pd share
5078,block_0461,DPoS,node_0210,3671.96,56.31,3728.28,voter pd share
5079,block_0461,DPoS,node_0461,5785.49,215.61,6001.1,self 20% + leftover
5080,block_0462,DPoS,node_0047,1182.41,32.37,1214.79,voter pd share
5081,block_0462,DPoS,node_0063,5188.45,123.29,5311.73,voter pd share
5082,block_0462,DPoS,node_0209,3940.67,94.55,4035.23,voter pd share
5083,block_0462,DPoS,node_0445,7671.66,168.45,7840.11,voter pd share
5084,block_0462,DPoS,node_0307,8906.78,354.34,9261.12,self 20% + leftover
5085,block_0463,DPoS,node_0009,10600.78,182.48,10783.26,voter pd share
5086,block_0463,DPoS,node_0121,5391.69,85.67,5477.36,voter pd share
5087,block_0463,DPoS,node_0067,11131.08,314.85,11445.93,self 20% + leftover
5088,block_0464,DPoS,node_0105,3287.62,65.25,3352.87,voter pd share
5089,block_0464,DPoS,node_0157,8567.18,172.57,8739.76,voter pd share
5090,block_0464,DPoS,node_0198,339.34,1.77,341.11,voter pd share
5091,block_0464,DPoS,node_0500,5791.95,133.13,5925.08,voter pd share
5092,block_0464,DPoS,node_0213,9292.71,341.28,9633.99,self 20% + leftover
5093,block_0465,DPoS,node_0316,10357.29,232.8,10590.09,voter pd share
5094,block_0465,DPoS,node_0262,8690.42,303.2,8993.62,self 20% + leftover
5095,block_0466,DPoS,node_0030,12137.24,207.37,12344.61,voter pd share
5096,block_0466,DPoS,node_0033,50.26,0.56,50.82,voter pd share
5097,block_0466,DPoS,node_0099,858.42,21.81,880.23,voter pd share
5098,block_0466,DPoS,node_0241,6073.1,104.83,6177.93,voter pd share
5099,block_0466,DPoS,node_0282,5970.71,224.44,6195.15,self 20% + leftover
5100,block_0467,DPoS,node_0272,10810.95,262.56,11073.51,voter pd share
5101,block_0467,DPoS,node_0357,6829.21,163.1,6992.31,voter pd share
5102,block_0467,DPoS,node_0429,1305.87,29.77,1335.64,voter pd share
5103,block_0467,DPoS,node_0179,5751.06,279.57,6030.64,self 20% + leftover
5104,block_0468,DPoS,node_0185,4562.66,103.51,4666.17,voter pd share
5105,block_0468,DPoS,node_0191,8918.79,189.3,9108.09,voter pd share
5106,block_0468,DPoS,node_0395,2084.69,46.46,2131.14,voter pd share
5107,block_0468,DPoS,node_0440,7811.87,296.73,8108.6,self 20% + leftover
5108,block_0469,DPoS,node_0268,5310.9,95.43,5406.33,voter pd share
5109,block_0469,DPoS,node_0421,8747.35,176.45,8923.8,voter pd share
5110,block_0469,DPoS,node_0375,10313.85,304.12,10617.98,self 20% + leftover
5111,block_0470,DPoS,node_0358,10697.49,300.19,10997.68,voter pd share
5112,block_0470,DPoS,node_0380,6450.0,193.78,6643.78,voter pd share
5113,block_0470,DPoS,node_0299,1651.05,185.03,1836.08,self 20% + leftover
5114,block_0471,DPoS,node_0027,3139.26,75.85,3215.11,voter pd share
5115,block_0471,DPoS,node_0153,156.29,0.67,156.95,voter pd share
5116,block_0471,DPoS,node_0394,1750.1,54.93,1805.03,voter pd share
5117,block_0471,DPoS,node_0442,12740.36,295.81,13036.17,voter pd share
5118,block_0471,DPoS,node_0498,4138.35,93.56,4231.91,voter pd share
5119,block_0471,DPoS,node_0244,1150.05,166.18,1316.23,self 20% + leftover
5120,block_0472,DPoS,node_0447,12193.89,330.11,12524.0,voter pd share
5121,block_0472,DPoS,node_0365,10751.07,441.89,11192.97,self 20% + leftover
5122,block_0473,DPoS,node_0344,183.82,5.16,188.98,voter pd share
5123,block_0473,DPoS,node_0378,2447.82,57.79,2505.61,voter pd share
5124,block_0473,DPoS,node_0387,7591.13,191.82,7782.96,voter pd share
5125,block_0473,DPoS,node_0168,11968.41,463.22,12431.63,self 20% + leftover
5126,block_0474,DPoS,node_0115,7495.38,155.61,7650.98,voter pd share
5127,block_0474,DPoS,node_0399,4074.77,73.09,4147.86,voter pd share
5128,block_0474,DPoS,node_0084,10699.86,323.3,11023.16,self 20% + leftover
5129,block_0475,DPoS,node_0249,4517.76,107.48,4625.24,voter pd share
5130,block_0475,DPoS,node_0413,10196.68,239.73,10436.42,voter pd share
5131,block_0475,DPoS,node_0430,2748.56,61.78,2810.34,voter pd share
5132,block_0475,DPoS,node_0309,5051.63,231.01,5282.63,self 20% + leftover
5133,block_0476,DPoS,node_0001,2053.88,35.99,2089.87,voter pd share
5134,block_0476,DPoS,node_0097,9726.08,206.02,9932.1,voter pd share
5135,block_0476,DPoS,node_0126,538.34,11.9,550.24,voter pd share
5136,block_0476,DPoS,node_0330,8753.45,294.1,9047.54,self 20% + leftover
5137,block_0477,DPoS,node_0096,4839.67,139.89,4979.56,voter pd share
5138,block_0477,DPoS,node_0147,9886.82,284.13,10170.95,voter pd share
5139,block_0477,DPoS,node_0428,6553.62,353.98,6907.6,self 20% + leftover
5140,block_0478,DPoS,node_0175,6343.21,147.8,6491.0,voter pd share
5141,block_0478,DPoS,node_0346,3415.63,80.41,3496.03,voter pd share
5142,block_0478,DPoS,node_0451,108.99,8.72,117.71,voter pd share
5143,block_0478,DPoS,node_0333,10507.04,380.07,10887.11,self 20% + leftover
5144,block_0479,DPoS,node_0283,2637.89,75.02,2712.91,voter pd share
5145,block_0479,DPoS,node_0373,9310.31,287.18,9597.49,voter pd share
5146,block_0479,DPoS,node_0171,8283.07,413.8,8696.88,self 20% + leftover
5147,block_0480,DPoS,node_0232,10536.26,249.25,10785.51,voter pd share
5148,block_0480,DPoS,node_0475,3490.23,85.52,3575.75,voter pd share
5149,block_0480,DPoS,node_0401,6356.22,268.23,6624.45,self 20% + leftover
5150,block_0481,DPoS,node_0018,6707.93,88.74,6796.66,voter pd share
5151,block_0481,DPoS,node_0031,4962.41,68.76,5031.17,voter pd share
5152,block_0481,DPoS,node_0113,2594.36,33.49,2627.85,voter pd share
5153,block_0481,DPoS,node_0177,8943.22,116.68,9059.9,voter pd share
5154,block_0481,DPoS,node_0192,13088.81,174.76,13263.57,voter pd share
5155,block_0481,DPoS,node_0248,8908.04,255.57,9163.61,self 20% + leftover
5156,block_0482,DPoS,node_0002,3304.75,39.94,3344.69,voter pd share
5157,block_0482,DPoS,node_0094,10234.21,99.2,10333.41,voter pd share
5158,block_0482,DPoS,node_0117,6221.87,65.89,6287.76,voter pd share
5159,block_0482,DPoS,node_0250,9326.59,91.79,9418.38,voter pd share
5160,block_0482,DPoS,node_0286,687.36,4.11,691.47,voter pd share
5161,block_0482,DPoS,node_0366,5293.97,47.96,5341.93,voter pd share
5162,block_0482,DPoS,node_0295,8084.75,189.11,8273.86,self 20% + leftover
5163,block_0483,DPoS,node_0085,6170.89,90.69,6261.58,voter pd share
5164,block_0483,DPoS,node_0140,9824.01,133.73,9957.73,voter pd share
5165,block_0483,DPoS,node_0303,12883.38,173.81,13057.19,voter pd share
5166,block_0483,DPoS,node_0405,9083.71,124.54,9208.26,voter pd share
5167,block_0483,DPoS,node_0335,2537.47,172.22,2709.69,self 20% + leftover
5168,block_0484,DPoS,node_0051,4111.25,61.52,4172.77,voter pd share
5169,block_0484,DPoS,node_0183,7484.07,91.26,7575.34,voter pd share
5170,block_0484,DPoS,node_0188,5752.74,78.02,5830.77,voter pd share
5171,block_0484,DPoS,node_0260,5786.34,66.94,5853.28,voter pd share
5172,block_0484,DPoS,node_0351,6902.59,81.14,6983.73,voter pd share
5173,block_0484,DPoS,node_0407,1301.74,14.46,1316.2,voter pd share
5174,block_0484,DPoS,node_0455,4515.27,57.03,4572.3,voter pd share
5175,block_0484,DPoS,node_0122,5235.86,189.64,5425.5,self 20% + leftover
5176,block_0485,DPoS,node_0111,11999.68,180.66,12180.34,voter pd share
5177,block_0485,DPoS,node_0322,10227.95,155.96,10383.91,voter pd share
5178,block_0485,DPoS,node_0470,9781.99,147.88,9929.87,voter pd share
5179,block_0485,DPoS,node_0456,7414.85,252.51,7667.35,self 20% + leftover
5180,block_0486,DPoS,node_0029,3773.33,58.88,3832.21,voter pd share
5181,block_0486,DPoS,node_0233,2294.03,31.08,2325.11,voter pd share
5182,block_0486,DPoS,node_0294,7486.37,130.68,7617.05,voter pd share
5183,block_0486,DPoS,node_0360,1656.36,35.44,1691.8,voter pd share
5184,block_0486,DPoS,node_0410,11664.71,193.19,11857.9,voter pd share
5185,block_0486,DPoS,node_0080,10209.51,327.73,10537.25,self 20% + leftover
5186,block_0487,DPoS,node_0028,7256.05,93.34,7349.39,voter pd share
5187,block_0487,DPoS,node_0082,2270.64,29.82,2300.46,voter pd share
5188,block_0487,DPoS,node_0318,10590.04,139.95,10729.99,voter pd share
5189,block_0487,DPoS,node_0402,3117.49,38.33,3155.81,voter pd share
5190,block_0487,DPoS,node_0458,1248.71,4.32,1253.03,voter pd share
5191,block_0487,DPoS,node_0476,7916.25,109.83,8026.08,voter pd share
5192,block_0487,DPoS,node_0481,3766.06,48.72,3814.77,voter pd share
5193,block_0487,DPoS,node_0340,1128.36,131.71,1260.07,self 20% + leftover
5194,block_0488,DPoS,node_0215,10227.42,174.27,10401.69,voter pd share
5195,block_0488,DPoS,node_0339,7115.89,131.14,7247.02,voter pd share
5196,block_0488,DPoS,node_0465,9287.36,155.17,9442.53,voter pd share
5197,block_0488,DPoS,node_0014,9023.48,295.42,9318.91,self 20% + leftover
5198,block_0489,DPoS,node_0280,10292.62,154.41,10447.03,voter pd share
5199,block_0489,DPoS,node_0287,10401.26,145.84,10547.1,voter pd share
5200,block_0489,DPoS,node_0313,3665.01,54.22,3719.23,voter pd share
5201,block_0489,DPoS,node_0494,6524.16,97.68,6621.83,voter pd share
5202,block_0489,DPoS,node_0019,2001.71,149.85,2151.56,self 20% + leftover
5203,block_0490,DPoS,node_0038,6470.73,88.1,6558.82,voter pd share
5204,block_0490,DPoS,node_0167,6816.16,96.06,6912.22,voter pd share
5205,block_0490,DPoS,node_0356,8356.84,118.72,8475.56,voter pd share
5206,block_0490,DPoS,node_0446,3704.93,48.01,3752.94,voter pd share
5207,block_0490,DPoS,node_0290,9236.81,249.12,9485.93,self 20% + leftover
5208,block_0491,DPoS,node_0012,5196.48,77.23,5273.71,voter pd share
5209,block_0491,DPoS,node_0076,3278.63,49.09,3327.71,voter pd share
5210,block_0491,DPoS,node_0151,1608.25,24.1,1632.35,voter pd share
5211,block_0491,DPoS,node_0180,5579.1,70.93,5650.04,voter pd share
5212,block_0491,DPoS,node_0255,8121.35,103.83,8225.17,voter pd share
5213,block_0491,DPoS,node_0270,8822.31,222.83,9045.14,self 20% + leftover
5214,block_0492,DPoS,node_0007,3470.91,104.09,3575.0,voter pd share
5215,block_0492,DPoS,node_0112,1931.99,53.02,1985.01,voter pd share
5216,block_0492,DPoS,node_0310,3160.17,86.34,3246.5,voter pd share
5217,block_0492,DPoS,node_0474,5102.26,145.14,5247.41,voter pd share
5218,block_0492,DPoS,node_0137,7255.76,344.41,7600.17,self 20% + leftover
5219,block_0493,DPoS,node_0403,6163.47,81.97,6245.44,voter pd share
5220,block_0493,DPoS,node_0426,9308.03,131.3,9439.33,voter pd share
5221,block_0493,DPoS,node_0472,11762.73,157.63,11920.36,voter pd share
5222,block_0493,DPoS,node_0489,6074.22,189.11,6263.33,self 20% + leftover
5223,block_0494,DPoS,node_0070,739.54,5.49,745.03,voter pd share
5224,block_0494,DPoS,node_0079,4546.01,57.02,4603.03,voter pd share
5225,block_0494,DPoS,node_0136,9447.62,123.47,9571.09,voter pd share
5226,block_0494,DPoS,node_0197,5378.41,70.51,5448.92,voter pd share
5227,block_0494,DPoS,node_0382,757.06,20.31,777.36,voter pd share
5228,block_0494,DPoS,node_0343,12266.34,263.2,12529.55,self 20% + leftover
5229,block_0495,DPoS,node_0064,825.2,13.85,839.05,voter pd share
5230,block_0495,DPoS,node_0211,12376.86,214.64,12591.5,voter pd share
5231,block_0495,DPoS,node_0377,8041.85,149.84,8191.68,voter pd share
5232,block_0495,DPoS,node_0488,8603.05,288.67,8891.72,self 20% + leftover
5233,block_0496,DPoS,node_0106,10553.25,171.47,10724.72,voter pd share
5234,block_0496,DPoS,node_0170,7300.96,107.26,7408.22,voter pd share
5235,block_0496,DPoS,node_0416,13681.32,330.27,14011.6,self 20% + leftover
5236,block_0497,DPoS,node_0169,3346.06,65.14,3411.21,voter pd share
5237,block_0497,DPoS,node_0261,5698.1,82.99,5781.09,voter pd share
5238,block_0497,DPoS,node_0376,8851.99,125.1,8977.1,voter pd share
5239,block_0497,DPoS,node_0138,13573.16,316.76,13889.92,self 20% + leftover
5240,block_0498,DPoS,node_0056,10254.6,169.96,10424.57,voter pd share
5241,block_0498,DPoS,node_0266,5654.87,107.48,5762.35,voter pd share
5242,block_0498,DPoS,node_0371,12930.32,340.56,13270.88,self 20% + leftover
5243,block_0499,DPoS,node_0163,2188.35,44.63,2232.98,voter pd share
5244,block_0499,DPoS,node_0238,12419.08,200.61,12619.69,voter pd share
5245,block_0499,DPoS,node_0264,1132.51,31.28,1163.79,voter pd share
5246,block_0499,DPoS,node_0466,5206.65,98.57,5305.22,voter pd share
5247,block_0499,DPoS,node_0487,6829.52,123.19,6952.72,voter pd share
5248,block_0499,DPoS,node_0242,757.97,135.72,893.69,self 20% + leftover
5249,block_0500,DPoS,node_0049,9768.12,203.68,9971.79,voter pd share
5250,block_0500,DPoS,node_0199,33.97,6.71,40.68,voter pd share
5251,block_0500,DPoS,node_0350,1673.74,46.25,1719.98,voter pd share
5252,block_0500,DPoS,node_0454,8400.77,169.91,8570.68,voter pd share
5253,block_0500,DPoS,node_0439,8800.95,310.46,9111.4,self 20% + leftover
5254,block_0501,DPoS,node_0020,5862.4,111.88,5974.27,voter pd share
5255,block_0501,DPoS,node_0150,3634.48,71.17,3705.65,voter pd share
5256,block_0501,DPoS,node_0203,10259.57,249.85,10509.41,voter pd share
5257,block_0501,DPoS,node_0210,3997.28,71.05,4068.33,voter pd share
5258,block_0501,DPoS,node_0461,6105.1,272.06,6377.15,self 20% + leftover
5259,block_0502,DPoS,node_0047,1066.79,29.82,1096.6,voter pd share
5260,block_0502,DPoS,node_0063,5149.73,113.56,5263.29,voter pd share
5261,block_0502,DPoS,node_0209,4042.23,87.09,4129.32,voter pd share
5262,block_0502,DPoS,node_0445,8108.11,155.15,8263.27,voter pd share
5263,block_0502,DPoS,node_0307,9194.12,326.38,9520.5,self 20% + leftover
5264,block_0503,DPoS,node_0009,10878.26,241.01,11119.28,voter pd share
5265,block_0503,DPoS,node_0121,5077.36,113.15,5190.51,voter pd share
5266,block_0503,DPoS,node_0067,11037.93,415.84,11453.77,self 20% + leftover
5267,block_0504,DPoS,node_0105,3335.87,58.39,3394.26,voter pd share
5268,block_0504,DPoS,node_0157,9044.76,154.45,9199.2,voter pd share
5269,block_0504,DPoS,node_0198,330.11,1.58,331.69,voter pd share
5270,block_0504,DPoS,node_0500,6084.08,119.15,6203.23,voter pd share
5271,block_0504,DPoS,node_0213,9740.99,305.43,10046.42,self 20% + leftover
5272,block_0505,DPoS,node_0316,10533.09,301.86,10834.96,voter pd share
5273,block_0505,DPoS,node_0262,8426.62,393.14,8819.76,self 20% + leftover
5274,block_0506,DPoS,node_0030,12701.61,219.24,12920.85,voter pd share
5275,block_0506,DPoS,node_0033,394.82,0.59,395.41,voter pd share
5276,block_0506,DPoS,node_0099,747.23,23.05,770.28,voter pd share
5277,block_0506,DPoS,node_0241,6024.93,110.83,6135.76,voter pd share
5278,block_0506,DPoS,node_0282,6374.15,237.29,6611.44,self 20% + leftover
5279,block_0507,DPoS,node_0272,11270.51,243.63,11514.13,voter pd share
5280,block_0507,DPoS,node_0357,7004.31,151.34,7155.65,voter pd share
5281,block_0507,DPoS,node_0429,1286.64,27.62,1314.27,voter pd share
5282,block_0507,DPoS,node_0179,5792.64,259.41,6052.05,self 20% + leftover
5283,block_0508,DPoS,node_0185,5112.17,125.81,5237.98,voter pd share
5284,block_0508,DPoS,node_0191,8897.09,230.08,9127.16,voter pd share
5285,block_0508,DPoS,node_0395,2222.14,56.47,2278.61,voter pd share
5286,block_0508,DPoS,node_0440,8412.6,360.65,8773.25,self 20% + leftover
5287,block_0509,DPoS,node_0268,5294.33,128.23,5422.56,voter pd share
5288,block_0509,DPoS,node_0421,8752.8,237.1,8989.9,voter pd share
5289,block_0509,DPoS,node_0375,10235.98,408.67,10644.64,self 20% + leftover
5290,block_0510,DPoS,node_0358,11368.68,302.84,11671.52,voter pd share
5291,block_0510,DPoS,node_0380,6806.78,195.5,7002.28,voter pd share
5292,block_0510,DPoS,node_0299,1736.08,186.66,1922.74,self 20% + leftover
5293,block_0511,DPoS,node_0027,3531.11,59.17,3590.28,voter pd share
5294,block_0511,DPoS,node_0153,285.95,0.52,286.47,voter pd share
5295,block_0511,DPoS,node_0394,2150.03,42.86,2192.89,voter pd share
5296,block_0511,DPoS,node_0442,12852.17,230.8,13082.97,voter pd share
5297,block_0511,DPoS,node_0498,4246.91,73.0,4319.9,voter pd share
5298,block_0511,DPoS,node_0244,1599.23,129.66,1728.89,self 20% + leftover
5299,block_0512,DPoS,node_0447,12685.0,303.6,12988.6,voter pd share
5300,block_0512,DPoS,node_0365,11100.97,406.4,11507.37,self 20% + leftover
5301,block_0513,DPoS,node_0344,68.98,5.58,74.56,voter pd share
5302,block_0513,DPoS,node_0378,2527.61,62.54,2590.15,voter pd share
5303,block_0513,DPoS,node_0387,7628.96,207.59,7836.54,voter pd share
5304,block_0513,DPoS,node_0168,12482.63,501.29,12983.92,self 20% + leftover
5305,block_0514,DPoS,node_0249,4419.24,114.03,4533.27,voter pd share
5306,block_0514,DPoS,node_0413,10497.42,254.34,10751.76,voter pd share
5307,block_0514,DPoS,node_0430,3081.34,65.54,3146.89,voter pd share
5308,block_0514,DPoS,node_0309,5542.63,245.08,5787.72,self 20% + leftover
5309,block_0515,DPoS,node_0249,4493.27,119.91,4613.18,voter pd share
5310,block_0515,DPoS,node_0413,10735.76,267.45,11003.21,voter pd share
5311,block_0515,DPoS,node_0430,3146.89,68.92,3215.81,voter pd share
5312,block_0515,DPoS,node_0309,5785.72,257.72,6043.44,self 20% + leftover
5313,block_0516,DPoS,node_0001,1922.87,39.01,1961.88,voter pd share
5314,block_0516,DPoS,node_0097,9866.1,223.31,10089.42,voter pd share
5315,block_0516,DPoS,node_0126,842.24,12.9,855.13,voter pd share
5316,block_0516,DPoS,node_0330,8967.54,318.78,9286.32,self 20% + leftover
5317,block_0517,DPoS,node_0096,4991.56,104.47,5096.03,voter pd share
5318,block_0517,DPoS,node_0147,10377.95,212.18,10590.14,voter pd share
5319,block_0517,DPoS,node_0428,6272.6,264.35,6536.95,self 20% + leftover
5320,block_0518,DPoS,node_0175,6074.0,168.64,6242.64,voter pd share
5321,block_0518,DPoS,node_0346,3819.03,91.74,3910.78,voter pd share
5322,block_0518,DPoS,node_0451,256.71,9.95,266.66,voter pd share
5323,block_0518,DPoS,node_0333,11233.11,433.66,11666.77,self 20% + leftover
5324,block_0519,DPoS,node_0283,2472.91,60.13,2533.04,voter pd share
5325,block_0519,DPoS,node_0373,9547.49,230.19,9777.68,voter pd share
5326,block_0519,DPoS,node_0171,8731.88,331.68,9063.56,self 20% + leftover
5327,block_0520,DPoS,node_0232,10584.51,288.93,10873.44,voter pd share
5328,block_0520,DPoS,node_0475,3913.75,99.13,4012.88,voter pd share
5329,block_0520,DPoS,node_0401,7072.45,310.93,7383.38,self 20% + leftover
5330,block_0521,DPoS,node_0018,6466.66,65.77,6532.44,voter pd share
5331,block_0521,DPoS,node_0031,4768.17,50.96,4819.13,voter pd share
5332,block_0521,DPoS,node_0113,2952.85,24.82,2977.68,voter pd share
5333,block_0521,DPoS,node_0177,8903.9,86.48,8990.38,voter pd share
5334,block_0521,DPoS,node_0192,13068.57,129.53,13198.11,voter pd share
5335,block_0521,DPoS,node_0248,9248.61,189.43,9438.04,self 20% + leftover
5336,block_0522,DPoS,node_0002,3305.69,42.76,3348.45,voter pd share
5337,block_0522,DPoS,node_0094,10076.41,106.21,10182.62,voter pd share
5338,block_0522,DPoS,node_0117,6075.76,70.54,6146.3,voter pd share
5339,block_0522,DPoS,node_0250,9396.38,98.27,9494.65,voter pd share
5340,block_0522,DPoS,node_0286,896.47,4.4,900.87,voter pd share
5341,block_0522,DPoS,node_0366,5374.93,51.35,5426.28,voter pd share
5342,block_0522,DPoS,node_0295,8270.86,202.47,8473.33,self 20% + leftover
5343,block_0523,DPoS,node_0085,6488.58,70.34,6558.92,voter pd share
5344,block_0523,DPoS,node_0140,9769.73,103.71,9873.44,voter pd share
5345,block_0523,DPoS,node_0303,12948.19,134.8,13082.99,voter pd share
5346,block_0523,DPoS,node_0405,9271.26,96.59,9367.85,voter pd share
5347,block_0523,DPoS,node_0335,2162.69,133.56,2296.26,self 20% + leftover
5348,block_0524,DPoS,node_0051,3802.77,55.08,3857.85,voter pd share
5349,block_0524,DPoS,node_0183,7735.34,81.71,7817.05,voter pd share
5350,block_0524,DPoS,node_0188,5882.77,69.85,5952.62,voter pd share
5351,block_0524,DPoS,node_0260,5982.28,59.93,6042.21,voter pd share
5352,block_0524,DPoS,node_0351,6722.73,72.65,6795.38,voter pd share
5353,block_0524,DPoS,node_0407,889.2,12.94,902.14,voter pd share
5354,block_0524,DPoS,node_0455,4185.3,51.06,4236.36,voter pd share
5355,block_0524,DPoS,node_0122,5307.5,169.78,5477.28,self 20% + leftover
5356,block_0525,DPoS,node_0111,12340.34,189.73,12530.07,voter pd share
5357,block_0525,DPoS,node_0322,10536.91,163.79,10700.7,voter pd share
5358,block_0525,DPoS,node_0470,9472.87,155.3,9628.17,voter pd share
5359,block_0525,DPoS,node_0456,7834.35,265.18,8099.54,self 20% + leftover
5360,block_0526,DPoS,node_0029,3960.21,58.65,4018.86,voter pd share
5361,block_0526,DPoS,node_0233,2376.11,30.96,2407.06,voter pd share
5362,block_0526,DPoS,node_0294,8197.05,130.17,8327.22,voter pd share
5363,block_0526,DPoS,node_0360,2341.8,35.31,2377.11,voter pd share
5364,block_0526,DPoS,node_0410,11213.9,192.45,11406.35,voter pd share
5365,block_0526,DPoS,node_0080,10165.25,326.47,10491.71,self 20% + leftover
5366,block_0527,DPoS,node_0028,7560.39,121.37,7681.76,voter pd share
5367,block_0527,DPoS,node_0082,2165.46,38.77,2204.23,voter pd share
5368,block_0527,DPoS,node_0318,11285.99,181.98,11467.97,voter pd share
5369,block_0527,DPoS,node_0402,3255.81,49.84,3305.65,voter pd share
5370,block_0527,DPoS,node_0458,979.03,5.61,984.64,voter pd share
5371,block_0527,DPoS,node_0476,7915.08,142.81,8057.9,voter pd share
5372,block_0527,DPoS,node_0481,3604.77,63.35,3668.12,voter pd share
5373,block_0527,DPoS,node_0340,1448.07,171.27,1619.33,self 20% + leftover
5374,block_0528,DPoS,node_0215,10348.69,121.25,10469.94,voter pd share
5375,block_0528,DPoS,node_0339,7118.02,91.24,7209.26,voter pd share
5376,block_0528,DPoS,node_0465,9349.53,107.96,9457.49,voter pd share
5377,block_0528,DPoS,node_0014,9205.91,205.54,9411.45,self 20% + leftover
5378,block_0529,DPoS,node_0280,10514.03,162.11,10676.14,voter pd share
5379,block_0529,DPoS,node_0287,10521.1,153.11,10674.21,voter pd share
5380,block_0529,DPoS,node_0313,3813.23,56.93,3870.16,voter pd share
5381,block_0529,DPoS,node_0494,6650.83,102.54,6753.38,voter pd share
5382,block_0529,DPoS,node_0019,1856.56,157.32,2013.88,self 20% + leftover
5383,block_0530,DPoS,node_0038,6363.82,99.4,6463.22,voter pd share
5384,block_0530,DPoS,node_0167,7333.22,108.38,7441.6,voter pd share
5385,block_0530,DPoS,node_0356,8418.56,133.96,8552.52,voter pd share
5386,block_0530,DPoS,node_0446,4159.94,54.17,4214.1,voter pd share
5387,block_0530,DPoS,node_0290,9219.93,281.09,9501.03,self 20% + leftover
5388,block_0531,DPoS,node_0012,5304.71,109.36,5414.07,voter pd share
5389,block_0531,DPoS,node_0076,4197.71,69.51,4267.22,voter pd share
5390,block_0531,DPoS,node_0151,1927.35,34.12,1961.47,voter pd share
5391,block_0531,DPoS,node_0180,6062.04,100.45,6162.49,voter pd share
5392,block_0531,DPoS,node_0255,8204.17,147.02,8351.2,voter pd share
5393,block_0531,DPoS,node_0270,8801.14,315.54,9116.68,self 20% + leftover
5394,block_0532,DPoS,node_0007,3307.0,101.25,3408.25,voter pd share
5395,block_0532,DPoS,node_0112,2027.01,51.57,2078.58,voter pd share
5396,block_0532,DPoS,node_0310,3335.5,83.98,3419.49,voter pd share
5397,block_0532,DPoS,node_0474,5284.41,141.18,5425.59,voter pd share
5398,block_0532,DPoS,node_0137,7674.17,335.01,8009.18,self 20% + leftover
5399,block_0533,DPoS,node_0403,6367.44,108.31,6475.75,voter pd share
5400,block_0533,DPoS,node_0426,9853.33,173.5,10026.83,voter pd share
5401,block_0533,DPoS,node_0472,11926.36,208.29,12134.65,voter pd share
5402,block_0533,DPoS,node_0489,5989.33,249.89,6239.22,self 20% + leftover
5403,block_0534,DPoS,node_0070,994.03,7.89,1001.92,voter pd share
5404,block_0534,DPoS,node_0079,4072.03,81.83,4153.86,voter pd share
5405,block_0534,DPoS,node_0136,9663.09,177.2,9840.3,voter pd share
5406,block_0534,DPoS,node_0197,5532.92,101.19,5634.11,voter pd share
5407,block_0534,DPoS,node_0382,534.36,29.14,563.51,voter pd share
5408,block_0534,DPoS,node_0343,12042.55,377.74,12420.29,self 20% + leftover
5409,block_0535,DPoS,node_0106,11082.72,168.1,11250.82,voter pd share
5410,block_0535,DPoS,node_0170,7651.22,105.14,7756.36,voter pd share
5411,block_0535,DPoS,node_0416,14243.6,323.76,14567.36,self 20% + leftover
5412,block_0536,DPoS,node_0106,11316.82,218.21,11535.03,voter pd share
5413,block_0536,DPoS,node_0170,7750.36,136.49,7886.85,voter pd share
5414,block_0536,DPoS,node_0416,14567.36,420.29,14987.65,self 20% + leftover
5415,block_0537,DPoS,node_0169,3381.21,60.95,3442.15,voter pd share
5416,block_0537,DPoS,node_0261,5998.09,77.65,6075.74,voter pd share
5417,block_0537,DPoS,node_0376,9249.1,117.04,9366.14,voter pd share
5418,block_0537,DPoS,node_0138,13449.92,296.36,13746.28,self 20% + leftover
5419,block_0538,DPoS,node_0056,10775.57,171.06,10946.63,voter pd share
5420,block_0538,DPoS,node_0266,5851.35,108.18,5959.53,voter pd share
5421,block_0538,DPoS,node_0371,13059.88,342.76,13402.64,self 20% + leftover
5422,block_0539,DPoS,node_0163,2583.98,46.88,2630.87,voter pd share
5423,block_0539,DPoS,node_0238,12657.69,210.73,12868.42,voter pd share
5424,block_0539,DPoS,node_0264,578.79,32.86,611.64,voter pd share
5425,block_0539,DPoS,node_0466,5312.22,103.54,5415.77,voter pd share
5426,block_0539,DPoS,node_0487,7264.72,129.41,7394.13,voter pd share
5427,block_0539,DPoS,node_0242,807.69,142.57,950.26,self 20% + leftover
5428,block_0540,DPoS,node_0049,9986.79,208.37,10195.17,voter pd share
5429,block_0540,DPoS,node_0199,76.68,6.86,83.55,voter pd share
5430,block_0540,DPoS,node_0350,1550.98,47.31,1598.3,voter pd share
5431,block_0540,DPoS,node_0454,8092.68,173.83,8266.51,voter pd share
5432,block_0540,DPoS,node_0439,8952.4,317.62,9270.02,self 20% + leftover
5433,block_0541,DPoS,node_0020,6303.27,101.06,6404.33,voter pd share
5434,block_0541,DPoS,node_0150,3674.65,64.29,3738.94,voter pd share
5435,block_0541,DPoS,node_0203,10545.41,225.7,10771.11,voter pd share
5436,block_0541,DPoS,node_0210,4002.33,64.19,4066.52,voter pd share
5437,block_0541,DPoS,node_0461,6238.15,245.76,6483.91,self 20% + leftover
5438,block_0542,DPoS,node_0047,630.6,32.41,663.02,voter pd share
5439,block_0542,DPoS,node_0063,5121.29,123.45,5244.74,voter pd share
5440,block_0542,DPoS,node_0209,3938.32,94.67,4032.99,voter pd share
5441,block_0542,DPoS,node_0445,8548.27,168.66,8716.93,voter pd share
5442,block_0542,DPoS,node_0307,9072.5,354.8,9427.3,self 20% + leftover
5443,block_0543,DPoS,node_0009,11188.28,175.91,11364.18,voter pd share
5444,block_0543,DPoS,node_0121,5564.51,82.59,5647.1,voter pd share
5445,block_0543,DPoS,node_0067,11623.77,303.51,11927.27,self 20% + leftover
5446,block_0544,DPoS,node_0105,3567.26,70.82,3638.08,voter pd share
5447,block_0544,DPoS,node_0157,9035.2,187.32,9222.52,voter pd share
5448,block_0544,DPoS,node_0198,687.69,1.92,689.61,voter pd share
5449,block_0544,DPoS,node_0500,6155.23,144.51,6299.74,voter pd share
5450,block_0544,DPoS,node_0213,9696.42,370.44,10066.86,self 20% + leftover
5451,block_0545,DPoS,node_0316,11084.96,314.89,11399.85,voter pd share
5452,block_0545,DPoS,node_0262,8517.76,410.11,8927.86,self 20% + leftover
5453,block_0546,DPoS,node_0030,13224.85,210.71,13435.55,voter pd share
5454,block_0546,DPoS,node_0033,503.41,0.57,503.98,voter pd share
5455,block_0546,DPoS,node_0099,470.28,22.16,492.44,voter pd share
5456,block_0546,DPoS,node_0241,6216.76,106.51,6323.27,voter pd share
5457,block_0546,DPoS,node_0282,7007.44,228.06,7235.5,self 20% + leftover
5458,block_0547,DPoS,node_0272,11531.13,226.84,11757.97,voter pd share
5459,block_0547,DPoS,node_0357,6748.65,140.91,6889.55,voter pd share
5460,block_0547,DPoS,node_0429,1426.27,25.72,1451.98,voter pd share
5461,block_0547,DPoS,node_0179,5844.05,241.54,6085.59,self 20% + leftover
5462,block_0548,DPoS,node_0185,5234.98,125.65,5360.63,voter pd share
5463,block_0548,DPoS,node_0191,9708.16,229.78,9937.94,voter pd share
5464,block_0548,DPoS,node_0395,2064.61,56.39,2121.0,voter pd share
5465,block_0548,DPoS,node_0440,8601.25,360.18,8961.43,self 20% + leftover
5466,block_0549,DPoS,node_0268,5485.56,110.17,5595.73,voter pd share
5467,block_0549,DPoS,node_0421,8687.9,203.71,8891.61,voter pd share
5468,block_0549,DPoS,node_0375,10952.64,351.12,11303.76,self 20% + leftover
5469,block_0550,DPoS,node_0358,11709.52,273.66,11983.18,voter pd share
5470,block_0550,DPoS,node_0380,6858.28,176.66,7034.94,voter pd share
5471,block_0550,DPoS,node_0299,1921.74,168.68,2090.42,self 20% + leftover
5472,block_0551,DPoS,node_0027,3185.28,81.37,3266.65,voter pd share
5473,block_0551,DPoS,node_0153,179.47,0.71,180.18,voter pd share
5474,block_0551,DPoS,node_0394,2365.89,58.93,2424.81,voter pd share
5475,block_0551,DPoS,node_0442,12960.97,317.34,13278.31,voter pd share
5476,block_0551,DPoS,node_0498,4386.9,100.37,4487.27,voter pd share
5477,block_0551,DPoS,node_0244,1582.89,178.28,1761.17,self 20% + leftover
5478,block_0552,DPoS,node_0447,13113.6,252.29,13365.88,voter pd share
5479,block_0552,DPoS,node_0365,11419.37,337.71,11757.08,self 20% + leftover
5480,block_0553,DPoS,node_0154,6636.0,200.97,6836.97,voter pd share
5481,block_0553,DPoS,node_0342,4957.0,127.72,5084.72,voter pd share
5482,block_0553,DPoS,node_0496,1079.0,10.58,1089.58,voter pd share
5483,block_0553,DPoS,node_0388,6844.0,312.73,7156.73,self 20% + leftover
5484,block_0554,DPoS,node_0154,6876.97,172.31,7049.28,voter pd share
5485,block_0554,DPoS,node_0342,5027.72,109.5,5137.23,voter pd share
5486,block_0554,DPoS,node_0496,1048.58,9.07,1057.65,voter pd share
5487,block_0554,DPoS,node_0388,7237.73,268.12,7505.85,self 20% + leftover
5488,block_0555,DPoS,node_0249,4350.18,124.11,4474.29,voter pd share
5489,block_0555,DPoS,node_0413,10944.21,276.82,11221.02,voter pd share
5490,block_0555,DPoS,node_0430,3696.81,71.34,3768.15,voter pd share
5491,block_0555,DPoS,node_0309,5637.44,266.74,5904.18,self 20% + leftover
5492,block_0556,DPoS,node_0001,1593.88,44.13,1638.02,voter pd share
5493,block_0556,DPoS,node_0097,10084.42,252.64,10337.05,voter pd share
5494,block_0556,DPoS,node_0126,826.13,14.59,840.72,voter pd share
5495,block_0556,DPoS,node_0330,9635.32,360.64,9995.97,self 20% + leftover
5496,block_0557,DPoS,node_0096,4589.03,139.53,4728.56,voter pd share
5497,block_0557,DPoS,node_0147,9991.14,283.4,10274.54,voter pd share
5498,block_0557,DPoS,node_0428,6000.95,353.07,6354.02,self 20% + leftover
5499,block_0558,DPoS,node_0175,5965.64,175.34,6140.99,voter pd share
5500,block_0558,DPoS,node_0346,3951.78,95.39,4047.17,voter pd share
5501,block_0558,DPoS,node_0451,288.66,10.35,299.01,voter pd share
5502,block_0558,DPoS,node_0333,11423.77,450.91,11874.68,self 20% + leftover
5503,block_0559,DPoS,node_0283,2450.04,75.02,2525.05,voter pd share
5504,block_0559,DPoS,node_0373,9170.68,287.18,9457.86,voter pd share
5505,block_0559,DPoS,node_0171,9048.56,413.8,9462.36,self 20% + leftover
5506,block_0560,DPoS,node_0232,10683.44,308.36,10991.8,voter pd share
5507,block_0560,DPoS,node_0475,3857.88,105.8,3963.68,voter pd share
5508,block_0560,DPoS,node_0401,7087.38,331.84,7419.22,self 20% + leftover
5509,block_0561,DPoS,node_0018,6622.44,83.69,6706.12,voter pd share
5510,block_0561,DPoS,node_0031,4531.13,64.84,4595.97,voter pd share
5511,block_0561,DPoS,node_0113,3422.68,31.59,3454.26,voter pd share
5512,block_0561,DPoS,node_0177,9364.38,110.04,9474.41,voter pd share
5513,block_0561,DPoS,node_0192,13186.11,164.82,13350.92,voter pd share
5514,block_0561,DPoS,node_0248,9451.04,241.03,9692.07,self 20% + leftover
5515,block_0562,DPoS,node_0002,3179.45,52.71,3232.17,voter pd share
5516,block_0562,DPoS,node_0094,10125.62,130.92,10256.54,voter pd share
5517,block_0562,DPoS,node_0117,6427.3,86.96,6514.26,voter pd share
5518,block_0562,DPoS,node_0250,9291.65,121.13,9412.78,voter pd share
5519,block_0562,DPoS,node_0286,973.87,5.42,979.29,voter pd share
5520,block_0562,DPoS,node_0366,5661.28,63.29,5724.58,voter pd share
5521,block_0562,DPoS,node_0295,8317.33,249.57,8566.9,self 20% + leftover
5522,block_0563,DPoS,node_0085,6711.92,95.91,6807.83,voter pd share
5523,block_0563,DPoS,node_0140,9839.44,141.42,9980.87,voter pd share
5524,block_0563,DPoS,node_0303,13343.99,183.82,13527.81,voter pd share
5525,block_0563,DPoS,node_0405,9476.85,131.71,9608.56,voter pd share
5526,block_0563,DPoS,node_0335,2575.26,182.13,2757.39,self 20% + leftover
5527,block_0564,DPoS,node_0051,3986.85,53.83,4040.67,voter pd share
5528,block_0564,DPoS,node_0183,7757.05,79.85,7836.9,voter pd share
5529,block_0564,DPoS,node_0188,6394.62,68.27,6462.89,voter pd share
5530,block_0564,DPoS,node_0260,6185.21,58.57,6243.78,voter pd share
5531,block_0564,DPoS,node_0351,6771.38,71.0,6842.38,voter pd share
5532,block_0564,DPoS,node_0407,767.14,12.65,779.79,voter pd share
5533,block_0564,DPoS,node_0455,4460.36,49.9,4510.26,voter pd share
5534,block_0564,DPoS,node_0122,5661.28,165.93,5827.21,self 20% + leftover
5535,block_0565,DPoS,node_0029,4253.86,44.86,4298.72,voter pd share
5536,block_0565,DPoS,node_0233,2096.06,23.68,2119.74,voter pd share
5537,block_0565,DPoS,node_0294,8141.22,99.56,8240.78,voter pd share
5538,block_0565,DPoS,node_0360,1884.11,27.0,1911.11,voter pd share
5539,block_0565,DPoS,node_0410,11341.35,147.19,11488.54,voter pd share
5540,block_0565,DPoS,node_0080,10400.71,249.7,10650.42,self 20% + leftover
5541,block_0566,DPoS,node_0029,4308.72,43.8,4352.52,voter pd share
5542,block_0566,DPoS,node_0233,2119.74,23.12,2142.86,voter pd share
5543,block_0566,DPoS,node_0294,8240.78,97.21,8337.99,voter pd share
5544,block_0566,DPoS,node_0360,1912.11,26.37,1938.48,voter pd share
5545,block_0566,DPoS,node_0410,11488.54,143.71,11632.25,voter pd share
5546,block_0566,DPoS,node_0080,10680.42,243.8,10924.21,self 20% + leftover
5547,block_0567,DPoS,node_0028,7882.76,120.59,8003.34,voter pd share
5548,block_0567,DPoS,node_0082,1944.23,38.52,1982.76,voter pd share
5549,block_0567,DPoS,node_0318,11737.97,180.8,11918.77,voter pd share
5550,block_0567,DPoS,node_0402,3032.65,49.52,3082.16,voter pd share
5551,block_0567,DPoS,node_0458,1273.64,5.58,1279.22,voter pd share
5552,block_0567,DPoS,node_0476,8072.9,141.89,8214.79,voter pd share
5553,block_0567,DPoS,node_0481,3933.12,62.94,3996.07,voter pd share
5554,block_0567,DPoS,node_0340,1377.33,170.16,1547.5,self 20% + leftover
5555,block_0568,DPoS,node_0215,10331.94,159.06,10491.0,voter pd share
5556,block_0568,DPoS,node_0339,7133.26,119.69,7252.95,voter pd share
5557,block_0568,DPoS,node_0465,9652.49,141.62,9794.12,voter pd share
5558,block_0568,DPoS,node_0014,9180.45,269.63,9450.08,self 20% + leftover
5559,block_0569,DPoS,node_0280,10612.14,171.34,10783.48,voter pd share
5560,block_0569,DPoS,node_0287,10521.21,161.83,10683.04,voter pd share
5561,block_0569,DPoS,node_0313,3649.16,60.17,3709.33,voter pd share
5562,block_0569,DPoS,node_0494,6162.38,108.39,6270.76,voter pd share
5563,block_0569,DPoS,node_0019,1923.88,166.28,2090.15,self 20% + leftover
5564,block_0570,DPoS,node_0038,6262.22,114.23,6376.45,voter pd share
5565,block_0570,DPoS,node_0167,7582.6,124.55,7707.15,voter pd share
5566,block_0570,DPoS,node_0356,8714.52,153.94,8868.46,voter pd share
5567,block_0570,DPoS,node_0446,4386.1,62.25,4448.35,voter pd share
5568,block_0570,DPoS,node_0290,9246.03,323.03,9569.05,self 20% + leftover
5569,block_0571,DPoS,node_0012,5346.07,82.16,5428.23,voter pd share
5570,block_0571,DPoS,node_0076,4328.22,52.22,4380.45,voter pd share
5571,block_0571,DPoS,node_0151,1907.47,25.64,1933.11,voter pd share
5572,block_0571,DPoS,node_0180,5826.49,75.46,5901.95,voter pd share
5573,block_0571,DPoS,node_0255,7843.2,110.46,7953.66,voter pd share
5574,block_0571,DPoS,node_0270,9257.68,237.06,9494.74,self 20% + leftover
5575,block_0572,DPoS,node_0007,3214.25,95.43,3309.68,voter pd share
5576,block_0572,DPoS,node_0112,1820.58,48.61,1869.19,voter pd share
5577,block_0572,DPoS,node_0310,3354.49,79.15,3433.64,voter pd share
5578,block_0572,DPoS,node_0474,5628.59,133.07,5761.66,voter pd share
5579,block_0572,DPoS,node_0137,8168.18,315.75,8483.93,self 20% + leftover
5580,block_0573,DPoS,node_0403,6339.75,110.65,6450.4,voter pd share
5581,block_0573,DPoS,node_0426,10000.83,177.25,10178.08,voter pd share
5582,block_0573,DPoS,node_0472,11896.65,212.8,12109.45,voter pd share
5583,block_0573,DPoS,node_0489,6195.22,255.3,6450.52,self 20% + leftover
5584,block_0574,DPoS,node_0070,966.92,5.5,972.42,voter pd share
5585,block_0574,DPoS,node_0079,3979.86,57.12,4036.99,voter pd share
5586,block_0574,DPoS,node_0136,9798.3,123.7,9922.0,voter pd share
5587,block_0574,DPoS,node_0197,5451.11,70.64,5521.75,voter pd share
5588,block_0574,DPoS,node_0382,489.51,20.34,509.85,voter pd share
5589,block_0574,DPoS,node_0343,12608.29,263.69,12871.98,self 20% + leftover
5590,block_0575,DPoS,node_0065,547.0,9.29,556.29,voter pd share
5591,block_0575,DPoS,node_0146,3282.4,101.1,3383.5,voter pd share
5592,block_0575,DPoS,node_0257,7355.0,171.72,7526.72,voter pd share
5593,block_0575,DPoS,node_0032,8917.29,358.89,9276.18,self 20% + leftover
5594,block_0576,DPoS,node_0106,11710.03,218.78,11928.81,voter pd share
5595,block_0576,DPoS,node_0170,7476.85,136.84,7613.69,voter pd share
5596,block_0576,DPoS,node_0416,14681.65,421.38,15103.03,self 20% + leftover
5597,block_0577,DPoS,node_0169,3118.15,61.94,3180.09,voter pd share
5598,block_0577,DPoS,node_0261,6532.74,78.91,6611.65,voter pd share
5599,block_0577,DPoS,node_0376,9511.14,118.95,9630.09,voter pd share
5600,block_0577,DPoS,node_0138,13703.28,301.19,14004.48,self 20% + leftover
5601,block_0578,DPoS,node_0056,10513.63,169.41,10683.04,voter pd share
5602,block_0578,DPoS,node_0266,6058.53,107.13,6165.66,voter pd share
5603,block_0578,DPoS,node_0371,13426.64,339.45,13766.09,self 20% + leftover
5604,block_0579,DPoS,node_0163,2588.87,54.06,2642.93,voter pd share
5605,block_0579,DPoS,node_0238,12862.42,243.01,13105.42,voter pd share
5606,block_0579,DPoS,node_0264,581.64,37.89,619.53,voter pd share
5607,block_0579,DPoS,node_0466,5528.77,119.4,5648.17,voter pd share
5608,block_0579,DPoS,node_0487,6617.13,149.23,6766.36,voter pd share
5609,block_0579,DPoS,node_0242,1055.26,164.41,1219.66,self 20% + leftover
5610,block_0580,DPoS,node_0049,10143.17,159.74,10302.9,voter pd share
5611,block_0580,DPoS,node_0199,308.55,5.26,313.81,voter pd share
5612,block_0580,DPoS,node_0350,1760.3,36.27,1796.57,voter pd share
5613,block_0580,DPoS,node_0454,8292.51,133.25,8425.77,voter pd share
5614,block_0580,DPoS,node_0439,8838.02,243.48,9081.5,self 20% + leftover
5615,block_0581,DPoS,node_0020,5659.33,112.02,5771.35,voter pd share
5616,block_0581,DPoS,node_0150,4040.94,71.26,4112.2,voter pd share
5617,block_0581,DPoS,node_0203,10881.11,250.17,11131.28,voter pd share
5618,block_0581,DPoS,node_0210,3754.52,71.15,3825.66,voter pd share
5619,block_0581,DPoS,node_0461,6320.91,272.41,6593.32,self 20% + leftover
5620,block_0582,DPoS,node_0047,255.02,27.35,282.36,voter pd share
5621,block_0582,DPoS,node_0063,5221.74,104.15,5325.88,voter pd share
5622,block_0582,DPoS,node_0209,3764.99,79.87,3844.87,voter pd share
5623,block_0582,DPoS,node_0445,8736.93,142.3,8879.23,voter pd share
5624,block_0582,DPoS,node_0307,9108.3,299.33,9407.64,self 20% + leftover
5625,block_0583,DPoS,node_0009,10977.18,205.02,11182.2,voter pd share
5626,block_0583,DPoS,node_0121,5838.1,96.25,5934.35,voter pd share
5627,block_0583,DPoS,node_0067,11504.27,353.73,11858.0,self 20% + leftover
5628,block_0584,DPoS,node_0105,3676.08,70.73,3746.81,voter pd share
5629,block_0584,DPoS,node_0157,8870.52,187.08,9057.6,voter pd share
5630,block_0584,DPoS,node_0198,259.61,1.91,261.52,voter pd share
5631,block_0584,DPoS,node_0500,6363.74,144.32,6508.06,voter pd share
5632,block_0584,DPoS,node_0213,10297.86,369.96,10667.81,self 20% + leftover
5633,block_0585,DPoS,node_0316,11460.85,327.92,11788.77,voter pd share
5634,block_0585,DPoS,node_0262,8370.86,427.08,8797.94,self 20% + leftover
5635,block_0586,DPoS,node_0291,1907.0,66.54,1973.54,voter pd share
5636,block_0586,DPoS,node_0391,4738.0,158.06,4896.06,voter pd share
5637,block_0586,DPoS,node_0479,6498.0,225.09,6723.09,voter pd share
5638,block_0586,DPoS,node_0347,4080.0,325.31,4405.31,self 20% + leftover
5639,block_0587,DPoS,node_0272,11432.97,277.2,11710.18,voter pd share
5640,block_0587,DPoS,node_0357,6743.55,172.2,6915.75,voter pd share
5641,block_0587,DPoS,node_0429,1399.98,31.43,1431.41,voter pd share
5642,block_0587,DPoS,node_0179,6237.59,295.17,6532.75,self 20% + leftover
5643,block_0588,DPoS,node_0185,5082.63,126.3,5208.93,voter pd share
5644,block_0588,DPoS,node_0191,9671.94,230.97,9902.91,voter pd share
5645,block_0588,DPoS,node_0395,2036.0,56.68,2092.69,voter pd share
5646,block_0588,DPoS,node_0440,9008.43,362.05,9370.47,self 20% + leftover
5647,block_0589,DPoS,node_0268,5854.73,124.25,5978.98,voter pd share
5648,block_0589,DPoS,node_0421,8932.61,229.75,9162.36,voter pd share
5649,block_0589,DPoS,node_0375,10946.76,396.0,11342.75,self 20% + leftover
5650,block_0590,DPoS,node_0358,12079.18,274.55,12353.72,voter pd share
5651,block_0590,DPoS,node_0380,6925.94,177.23,7103.17,voter pd share
5652,block_0590,DPoS,node_0299,2278.42,169.22,2447.65,self 20% + leftover
5653,block_0591,DPoS,node_0027,3665.65,83.9,3749.55,voter pd share
5654,block_0591,DPoS,node_0153,122.18,0.74,122.92,voter pd share
5655,block_0591,DPoS,node_0394,1831.81,60.77,1892.58,voter pd share
5656,block_0591,DPoS,node_0442,13395.31,327.25,13722.56,voter pd share
5657,block_0591,DPoS,node_0498,4496.27,103.5,4599.78,voter pd share
5658,block_0591,DPoS,node_0244,1891.17,183.84,2075.01,self 20% + leftover
5659,block_0592,DPoS,node_0447,13056.88,330.96,13387.85,voter pd share
5660,block_0592,DPoS,node_0365,11518.08,443.04,11961.12,self 20% + leftover
5661,block_0593,DPoS,node_0086,1277.0,76.57,1353.57,voter pd share
5662,block_0593,DPoS,node_0152,1619.19,91.13,1710.33,voter pd share
5663,block_0593,DPoS,node_0158,7810.55,245.12,8055.67,voter pd share
5664,block_0593,DPoS,node_0245,1128.0,46.64,1174.64,voter pd share
5665,block_0593,DPoS,node_0092,3144.0,249.54,3393.54,self 20% + leftover
5666,block_0594,DPoS,node_0023,9488.76,307.09,9795.85,voter pd share
5667,block_0594,DPoS,node_0372,3392.0,136.07,3528.07,voter pd share
5668,block_0594,DPoS,node_0398,4246.38,299.84,4546.23,self 20% + leftover
5669,block_0595,DPoS,node_0249,4550.29,103.95,4654.24,voter pd share
5670,block_0595,DPoS,node_0413,10791.02,231.87,11022.89,voter pd share
5671,block_0595,DPoS,node_0430,3459.15,59.75,3518.9,voter pd share
5672,block_0595,DPoS,node_0309,5665.18,223.43,5888.61,self 20% + leftover
5673,block_0596,DPoS,node_0001,2001.02,36.97,2037.99,voter pd share
5674,block_0596,DPoS,node_0097,9853.05,211.66,10064.71,voter pd share
5675,block_0596,DPoS,node_0126,559.72,12.22,571.95,voter pd share
5676,block_0596,DPoS,node_0330,10256.97,302.15,10559.11,self 20% + leftover
5677,block_0597,DPoS,node_0096,3996.56,108.24,4104.8,voter pd share
5678,block_0597,DPoS,node_0147,10128.54,219.85,10348.39,voter pd share
5679,block_0597,DPoS,node_0428,6101.02,273.9,6374.92,self 20% + leftover
5680,block_0598,DPoS,node_0175,6286.99,134.86,6421.85,voter pd share
5681,block_0598,DPoS,node_0346,4374.17,73.37,4447.54,voter pd share
5682,block_0598,DPoS,node_0451,635.01,7.96,642.98,voter pd share
5683,block_0598,DPoS,node_0333,11909.68,346.81,12256.49,self 20% + leftover
5684,block_0599,DPoS,node_0283,1997.05,63.8,2060.86,voter pd share
5685,block_0599,DPoS,node_0373,8878.86,244.25,9123.11,voter pd share
5686,block_0599,DPoS,node_0171,9474.36,351.95,9826.31,self 20% + leftover
5687,block_0600,DPoS,node_0232,11042.8,319.52,11362.32,voter pd share
5688,block_0600,DPoS,node_0475,4135.68,109.63,4245.31,voter pd share
5689,block_0600,DPoS,node_0401,7434.22,343.85,7778.08,self 20% + leftover
5690,block_0601,DPoS,node_0018,6679.12,85.37,6764.49,voter pd share
5691,block_0601,DPoS,node_0031,4295.97,66.15,4362.12,voter pd share
5692,block_0601,DPoS,node_0113,3110.26,32.22,3142.48,voter pd share
5693,block_0601,DPoS,node_0177,8944.41,112.25,9056.66,voter pd share
5694,block_0601,DPoS,node_0192,13454.92,168.13,13623.06,voter pd share
5695,block_0601,DPoS,node_0248,9268.07,245.88,9513.95,self 20% + leftover
5696,block_0602,DPoS,node_0002,3593.17,57.46,3650.63,voter pd share
5697,block_0602,DPoS,node_0094,9950.54,142.72,10093.25,voter pd share
5698,block_0602,DPoS,node_0117,6316.26,94.79,6411.05,voter pd share
5699,block_0602,DPoS,node_0250,9236.78,132.05,9368.82,voter pd share
5700,block_0602,DPoS,node_0286,846.29,5.91,852.2,voter pd share
5701,block_0602,DPoS,node_0366,5581.58,69.0,5650.58,voter pd share
5702,block_0602,DPoS,node_0295,8777.9,272.07,9049.97,self 20% + leftover
5703,block_0603,DPoS,node_0085,6777.83,74.77,6852.61,voter pd share
5704,block_0603,DPoS,node_0140,9402.87,110.25,9513.12,voter pd share
5705,block_0603,DPoS,node_0303,13656.81,143.3,13800.11,voter pd share
5706,block_0603,DPoS,node_0405,9526.56,102.68,9629.24,voter pd share
5707,block_0603,DPoS,node_0335,2705.39,141.99,2847.38,self 20% + leftover
5708,block_0604,DPoS,node_0051,4710.67,68.72,4779.4,voter pd share
5709,block_0604,DPoS,node_0183,8260.9,101.96,8362.86,voter pd share
5710,block_0604,DPoS,node_0188,6250.89,87.17,6338.06,voter pd share
5711,block_0604,DPoS,node_0260,6419.78,74.78,6494.56,voter pd share
5712,block_0604,DPoS,node_0351,6235.38,90.65,6326.03,voter pd share
5713,block_0604,DPoS,node_0407,526.79,16.15,542.94,voter pd share
5714,block_0604,DPoS,node_0455,4026.26,63.71,4089.97,voter pd share
5715,block_0604,DPoS,node_0122,5494.21,211.86,5706.07,self 20% + leftover
5716,block_0605,DPoS,node_0039,5347.56,136.15,5483.71,voter pd share
5717,block_0605,DPoS,node_0182,1218.53,13.97,1232.5,voter pd share
5718,block_0605,DPoS,node_0187,10452.92,279.7,10732.63,voter pd share
5719,block_0605,DPoS,node_0066,653.0,125.18,778.18,self 20% + leftover
5720,block_0606,DPoS,node_0029,4174.52,57.06,4231.58,voter pd share
5721,block_0606,DPoS,node_0233,2008.86,30.12,2038.97,voter pd share
5722,block_0606,DPoS,node_0294,8126.99,126.64,8253.63,voter pd share
5723,block_0606,DPoS,node_0360,1562.48,34.35,1596.83,voter pd share
5724,block_0606,DPoS,node_0410,11397.25,187.23,11584.48,voter pd share
5725,block_0606,DPoS,node_0080,11208.21,317.61,11525.82,self 20% + leftover
5726,block_0607,DPoS,node_0028,8134.34,98.66,8233.0,voter pd share
5727,block_0607,DPoS,node_0082,1832.76,31.52,1864.28,voter pd share
5728,block_0607,DPoS,node_0318,12006.77,147.93,12154.7,voter pd share
5729,block_0607,DPoS,node_0402,2779.16,40.51,2819.68,voter pd share
5730,block_0607,DPoS,node_0458,1321.22,4.56,1325.78,voter pd share
5731,block_0607,DPoS,node_0476,7538.79,116.09,7654.88,voter pd share
5732,block_0607,DPoS,node_0481,4693.07,51.5,4744.56,voter pd share
5733,block_0607,DPoS,node_0340,1081.5,139.22,1220.72,self 20% + leftover
5734,block_0608,DPoS,node_0215,10397.0,165.97,10562.97,voter pd share
5735,block_0608,DPoS,node_0339,7000.95,124.89,7125.85,voter pd share
5736,block_0608,DPoS,node_0465,9893.12,147.78,10040.9,voter pd share
5737,block_0608,DPoS,node_0014,8989.08,281.35,9270.44,self 20% + leftover
5738,block_0609,DPoS,node_0280,10936.48,199.56,11136.04,voter pd share
5739,block_0609,DPoS,node_0287,10474.04,188.48,10662.51,voter pd share
5740,block_0609,DPoS,node_0313,3712.33,70.08,3782.4,voter pd share
5741,block_0609,DPoS,node_0494,6502.76,126.23,6629.0,voter pd share
5742,block_0609,DPoS,node_0019,2125.15,193.66,2318.81,self 20% + leftover
5743,block_0610,DPoS,node_0038,5941.45,113.79,6055.24,voter pd share
5744,block_0610,DPoS,node_0167,7388.15,124.07,7512.22,voter pd share
5745,block_0610,DPoS,node_0356,8790.46,153.35,8943.81,voter pd share
5746,block_0610,DPoS,node_0446,4310.35,62.01,4372.35,voter pd share
5747,block_0610,DPoS,node_0290,9751.05,321.78,10072.84,self 20% + leftover
5748,block_0611,DPoS,node_0012,5327.23,109.36,5436.59,voter pd share
5749,block_0611,DPoS,node_0076,4394.45,69.51,4463.96,voter pd share
5750,block_0611,DPoS,node_0151,1811.11,34.12,1845.23,voter pd share
5751,block_0611,DPoS,node_0180,6454.95,100.45,6555.4,voter pd share
5752,block_0611,DPoS,node_0255,7387.66,147.02,7534.68,voter pd share
5753,block_0611,DPoS,node_0270,10177.74,315.54,10493.27,self 20% + leftover
5754,block_0612,DPoS,node_0007,3435.68,81.51,3517.19,voter pd share
5755,block_0612,DPoS,node_0112,1871.19,41.52,1912.71,voter pd share
5756,block_0612,DPoS,node_0310,3709.64,67.61,3777.25,voter pd share
5757,block_0612,DPoS,node_0474,5913.66,113.66,6027.32,voter pd share
5758,block_0612,DPoS,node_0137,8071.93,269.7,8341.63,self 20% + leftover
5759,block_0613,DPoS,node_0265,8105.6,236.51,8342.11,voter pd share
5760,block_0613,DPoS,node_0374,10350.21,275.97,10626.18,voter pd share
5761,block_0613,DPoS,node_0404,22.0,132.52,154.52,self 20% + leftover
5762,block_0614,DPoS,node_0070,1152.42,7.92,1160.34,voter pd share
5763,block_0614,DPoS,node_0079,4158.99,82.15,4241.13,voter pd share
5764,block_0614,DPoS,node_0136,9417.0,177.89,9594.89,voter pd share
5765,block_0614,DPoS,node_0197,5674.75,101.58,5776.33,voter pd share
5766,block_0614,DPoS,node_0382,447.85,29.26,477.11,voter pd share
5767,block_0614,DPoS,node_0343,12793.98,379.21,13173.19,self 20% + leftover
5768,block_0615,DPoS,node_0065,299.29,10.62,309.9,voter pd share
5769,block_0615,DPoS,node_0146,3016.5,115.61,3132.11,voter pd share
5770,block_0615,DPoS,node_0257,7997.72,196.36,8194.08,voter pd share
5771,block_0615,DPoS,node_0032,9110.18,410.41,9520.59,self 20% + leftover
5772,block_0616,DPoS,node_0106,11807.81,185.55,11993.37,voter pd share
5773,block_0616,DPoS,node_0170,7069.69,116.06,7185.75,voter pd share
5774,block_0616,DPoS,node_0416,14983.03,357.39,15340.42,self 20% + leftover
5775,block_0617,DPoS,node_0169,3083.09,70.66,3153.76,voter pd share
5776,block_0617,DPoS,node_0261,7254.65,90.03,7344.68,voter pd share
5777,block_0617,DPoS,node_0376,9527.09,135.7,9662.8,voter pd share
5778,block_0617,DPoS,node_0138,13867.48,343.61,14211.08,self 20% + leftover
5779,block_0618,DPoS,node_0056,11301.04,183.71,11484.76,voter pd share
5780,block_0618,DPoS,node_0266,6082.66,116.18,6198.84,voter pd share
5781,block_0618,DPoS,node_0371,13726.09,368.11,14094.2,self 20% + leftover
5782,block_0619,DPoS,node_0163,2280.93,54.56,2335.49,voter pd share
5783,block_0619,DPoS,node_0238,13330.42,245.22,13575.64,voter pd share
5784,block_0619,DPoS,node_0264,407.53,38.23,445.77,voter pd share
5785,block_0619,DPoS,node_0466,5975.17,120.49,6095.66,voter pd share
5786,block_0619,DPoS,node_0487,7018.36,150.59,7168.95,voter pd share
5787,block_0619,DPoS,node_0242,1117.66,165.9,1283.57,self 20% + leftover
5788,block_0620,DPoS,node_0049,10768.9,178.25,10947.15,voter pd share
5789,block_0620,DPoS,node_0199,830.81,5.87,836.68,voter pd share
5790,block_0620,DPoS,node_0350,1086.57,40.47,1127.04,voter pd share
5791,block_0620,DPoS,node_0454,7881.77,148.7,8030.47,voter pd share
5792,block_0620,DPoS,node_0439,9240.5,271.7,9512.21,self 20% + leftover
5793,block_0621,DPoS,node_0020,5812.35,78.72,5891.07,voter pd share
5794,block_0621,DPoS,node_0150,4141.2,50.07,4191.27,voter pd share
5795,block_0621,DPoS,node_0203,10812.28,175.79,10988.07,voter pd share
5796,block_0621,DPoS,node_0210,3767.66,49.99,3817.66,voter pd share
5797,block_0621,DPoS,node_0461,5988.32,191.42,6179.74,self 20% + leftover
5798,block_0622,DPoS,node_0047,555.36,32.5,587.86,voter pd share
5799,block_0622,DPoS,node_0063,5124.88,123.77,5248.65,voter pd share
5800,block_0622,DPoS,node_0209,3924.87,94.92,4019.79,voter pd share
5801,block_0622,DPoS,node_0445,9141.23,169.1,9310.33,voter pd share
5802,block_0622,DPoS,node_0307,8898.64,355.72,9254.36,self 20% + leftover
5803,block_0623,DPoS,node_0009,11254.2,168.4,11422.6,voter pd share
5804,block_0623,DPoS,node_0121,6135.35,79.06,6214.41,voter pd share
5805,block_0623,DPoS,node_0067,10977.0,290.55,11267.55,self 20% + leftover
5806,block_0624,DPoS,node_0105,3766.81,59.67,3826.48,voter pd share
5807,block_0624,DPoS,node_0157,9122.6,157.83,9280.43,voter pd share
5808,block_0624,DPoS,node_0198,18.52,1.62,20.14,voter pd share
5809,block_0624,DPoS,node_0500,6592.06,121.76,6713.82,voter pd share
5810,block_0624,DPoS,node_0213,11065.81,312.12,11377.94,self 20% + leftover
5811,block_0625,DPoS,node_0316,11491.77,261.04,11752.81,voter pd share
5812,block_0625,DPoS,node_0262,8714.94,339.96,9054.91,self 20% + leftover
5813,block_0626,DPoS,node_0291,1876.54,60.78,1937.32,voter pd share
5814,block_0626,DPoS,node_0391,5117.06,144.4,5261.46,voter pd share
5815,block_0626,DPoS,node_0479,6612.09,205.63,6817.73,voter pd share
5816,block_0626,DPoS,node_0347,4402.31,297.19,4699.49,self 20% + leftover
5817,block_0627,DPoS,node_0272,11603.18,230.41,11833.58,voter pd share
5818,block_0627,DPoS,node_0357,6752.75,143.13,6895.88,voter pd share
5819,block_0627,DPoS,node_0429,1998.41,26.12,2024.54,voter pd share
5820,block_0627,DPoS,node_0179,6352.75,245.34,6598.09,self 20% + leftover
5821,block_0628,DPoS,node_0185,5833.93,117.19,5951.11,voter pd share
5822,block_0628,DPoS,node_0191,10430.91,214.3,10645.21,voter pd share
5823,block_0628,DPoS,node_0395,1917.69,52.59,1970.28,voter pd share
5824,block_0628,DPoS,node_0440,9275.47,335.92,9611.39,self 20% + leftover
5825,block_0629,DPoS,node_0268,5883.98,128.4,6012.38,voter pd share
5826,block_0629,DPoS,node_0421,9196.36,237.41,9433.77,voter pd share
5827,block_0629,DPoS,node_0375,10867.75,409.2,11276.95,self 20% + leftover
5828,block_0630,DPoS,node_0358,12576.72,341.75,12918.47,voter pd share
5829,block_0630,DPoS,node_0380,6790.17,220.61,7010.78,voter pd share
5830,block_0630,DPoS,node_0299,1961.65,210.64,2172.29,self 20% + leftover
5831,block_0631,DPoS,node_0027,4027.55,83.57,4111.13,voter pd share
5832,block_0631,DPoS,node_0153,23.92,0.73,24.65,voter pd share
5833,block_0631,DPoS,node_0394,1942.58,60.53,2003.11,voter pd share
5834,block_0631,DPoS,node_0442,13661.56,325.96,13987.52,voter pd share
5835,block_0631,DPoS,node_0498,4504.78,103.09,4607.87,voter pd share
5836,block_0631,DPoS,node_0244,2358.01,183.12,2541.13,self 20% + leftover
5837,block_0632,DPoS,node_0447,13225.85,330.11,13555.96,voter pd share
5838,block_0632,DPoS,node_0365,11619.12,441.89,12061.01,self 20% + leftover
5839,block_0633,DPoS,node_0086,1523.57,57.89,1581.46,voter pd share
5840,block_0633,DPoS,node_0152,1870.33,68.9,1939.23,voter pd share
5841,block_0633,DPoS,node_0158,8064.67,185.31,8249.98,voter pd share
5842,block_0633,DPoS,node_0245,584.64,35.26,619.89,voter pd share
5843,block_0633,DPoS,node_0092,3136.54,188.65,3325.18,self 20% + leftover
5844,block_0634,DPoS,node_0023,9620.85,292.62,9913.47,voter pd share
5845,block_0634,DPoS,node_0372,3566.07,129.66,3695.72,voter pd share
5846,block_0634,DPoS,node_0398,4485.23,285.72,4770.95,self 20% + leftover
5847,block_0635,DPoS,node_0249,4483.24,88.5,4571.75,voter pd share
5848,block_0635,DPoS,node_0413,10766.89,197.4,10964.29,voter pd share
5849,block_0635,DPoS,node_0430,3050.9,50.87,3101.77,voter pd share
5850,block_0635,DPoS,node_0309,5837.61,190.22,6027.83,self 20% + leftover
5851,block_0636,DPoS,node_0001,1681.99,47.94,1729.93,voter pd share
5852,block_0636,DPoS,node_0097,10055.71,274.44,10330.15,voter pd share
5853,block_0636,DPoS,node_0126,667.95,15.85,683.79,voter pd share
5854,block_0636,DPoS,node_0330,10507.11,391.77,10898.88,self 20% + leftover
5855,block_0637,DPoS,node_0096,4289.8,120.65,4410.45,voter pd share
5856,block_0637,DPoS,node_0147,10229.39,245.05,10474.44,voter pd share
5857,block_0637,DPoS,node_0428,5836.92,305.3,6142.22,self 20% + leftover
5858,block_0638,DPoS,node_0175,6461.85,165.04,6626.89,voter pd share
5859,block_0638,DPoS,node_0346,4151.54,89.79,4241.33,voter pd share
5860,block_0638,DPoS,node_0451,197.98,9.74,207.72,voter pd share
5861,block_0638,DPoS,node_0333,12146.49,424.42,12570.92,self 20% + leftover
5862,block_0639,DPoS,node_0283,2191.86,59.55,2251.41,voter pd share
5863,block_0639,DPoS,node_0373,8867.11,227.97,9095.07,voter pd share
5864,block_0639,DPoS,node_0171,10194.31,328.48,10522.79,self 20% + leftover
5865,block_0640,DPoS,node_0232,10825.32,319.11,11144.43,voter pd share
5866,block_0640,DPoS,node_0475,3653.31,109.49,3762.8,voter pd share
5867,block_0640,DPoS,node_0401,7887.08,343.41,8230.48,self 20% + leftover
5868,block_0641,DPoS,node_0018,6979.49,77.68,7057.17,voter pd share
5869,block_0641,DPoS,node_0031,4523.12,60.19,4583.31,voter pd share
5870,block_0641,DPoS,node_0113,3292.48,29.32,3321.8,voter pd share
5871,block_0641,DPoS,node_0177,9480.66,102.13,9582.8,voter pd share
5872,block_0641,DPoS,node_0192,13454.06,152.98,13607.03,voter pd share
5873,block_0641,DPoS,node_0248,9133.95,223.71,9357.66,self 20% + leftover
5874,block_0642,DPoS,node_0002,3898.63,52.12,3950.75,voter pd share
5875,block_0642,DPoS,node_0094,9215.25,129.44,9344.69,voter pd share
5876,block_0642,DPoS,node_0117,6159.05,85.98,6245.03,voter pd share
5877,block_0642,DPoS,node_0250,9605.82,119.76,9725.59,voter pd share
5878,block_0642,DPoS,node_0286,1313.2,5.36,1318.56,voter pd share
5879,block_0642,DPoS,node_0366,5398.58,62.58,5461.16,voter pd share
5880,block_0642,DPoS,node_0295,8658.97,246.76,8905.73,self 20% + leftover
5881,block_0643,DPoS,node_0085,7029.61,91.35,7120.95,voter pd share
5882,block_0643,DPoS,node_0140,9515.12,134.69,9649.8,voter pd share
5883,block_0643,DPoS,node_0303,13520.11,175.06,13695.18,voter pd share
5884,block_0643,DPoS,node_0405,9590.24,125.44,9715.68,voter pd share
5885,block_0643,DPoS,node_0335,2894.38,173.46,3067.84,self 20% + leftover
5886,block_0644,DPoS,node_0051,4770.4,67.28,4837.68,voter pd share
5887,block_0644,DPoS,node_0183,8729.86,99.82,8829.67,voter pd share
5888,block_0644,DPoS,node_0188,6326.06,85.34,6411.39,voter pd share
5889,block_0644,DPoS,node_0260,6921.56,73.21,6994.77,voter pd share
5890,block_0644,DPoS,node_0351,6667.03,88.75,6755.79,voter pd share
5891,block_0644,DPoS,node_0407,589.94,15.81,605.76,voter pd share
5892,block_0644,DPoS,node_0455,4005.97,62.37,4068.34,voter pd share
5893,block_0644,DPoS,node_0122,5627.07,207.41,5834.48,self 20% + leftover
5894,block_0645,DPoS,node_0039,6103.71,189.63,6293.33,voter pd share
5895,block_0645,DPoS,node_0182,1167.5,19.46,1186.96,voter pd share
5896,block_0645,DPoS,node_0187,10932.63,389.57,11322.19,voter pd share
5897,block_0645,DPoS,node_0066,798.18,174.35,972.53,self 20% + leftover
5898,block_0646,DPoS,node_0029,4457.58,42.28,4499.87,voter pd share
5899,block_0646,DPoS,node_0233,1688.97,22.32,1711.29,voter pd share
5900,block_0646,DPoS,node_0294,8863.63,93.84,8957.47,voter pd share
5901,block_0646,DPoS,node_0360,1535.83,25.45,1561.28,voter pd share
5902,block_0646,DPoS,node_0410,11855.48,138.74,11994.22,voter pd share
5903,block_0646,DPoS,node_0080,11374.82,235.36,11610.18,self 20% + leftover
5904,block_0647,DPoS,node_0028,7965.0,89.58,8054.58,voter pd share
5905,block_0647,DPoS,node_0082,2303.28,28.62,2331.89,voter pd share
5906,block_0647,DPoS,node_0318,11835.7,134.31,11970.01,voter pd share
5907,block_0647,DPoS,node_0402,2779.68,36.78,2816.46,voter pd share
5908,block_0647,DPoS,node_0458,1350.78,4.14,1354.92,voter pd share
5909,block_0647,DPoS,node_0476,7754.88,105.41,7860.29,voter pd share
5910,block_0647,DPoS,node_0481,5118.56,46.76,5165.32,voter pd share
5911,block_0647,DPoS,node_0340,1237.72,126.41,1364.13,self 20% + leftover
5912,block_0648,DPoS,node_0215,10362.97,134.85,10497.82,voter pd share
5913,block_0648,DPoS,node_0339,7245.85,101.48,7347.32,voter pd share
5914,block_0648,DPoS,node_0465,9622.9,120.07,9742.97,voter pd share
5915,block_0648,DPoS,node_0014,8983.44,228.6,9212.04,self 20% + leftover
5916,block_0649,DPoS,node_0280,10970.04,176.22,11146.25,voter pd share
5917,block_0649,DPoS,node_0287,10791.51,166.43,10957.94,voter pd share
5918,block_0649,DPoS,node_0313,3457.4,61.88,3519.29,voter pd share
5919,block_0649,DPoS,node_0494,6754.0,111.47,6865.47,voter pd share
5920,block_0649,DPoS,node_0019,2316.81,171.01,2487.81,self 20% + leftover
5921,block_0650,DPoS,node_0038,5772.24,107.92,5880.16,voter pd share
5922,block_0650,DPoS,node_0167,7794.22,117.67,7911.89,voter pd share
5923,block_0650,DPoS,node_0356,8555.81,145.43,8701.24,voter pd share
5924,block_0650,DPoS,node_0446,3955.35,58.81,4014.16,voter pd share
5925,block_0650,DPoS,node_0290,9931.84,305.17,10237.01,self 20% + leftover
5926,block_0651,DPoS,node_0012,5337.59,76.38,5413.97,voter pd share
5927,block_0651,DPoS,node_0076,4464.96,48.55,4513.51,voter pd share
5928,block_0651,DPoS,node_0151,1413.23,23.83,1437.07,voter pd share
5929,block_0651,DPoS,node_0180,5624.4,70.16,5694.56,voter pd share
5930,block_0651,DPoS,node_0255,7383.68,102.69,7486.37,voter pd share
5931,block_0651,DPoS,node_0270,10354.27,220.39,10574.66,self 20% + leftover
5932,block_0652,DPoS,node_0007,3876.19,77.25,3953.44,voter pd share
5933,block_0652,DPoS,node_0112,1353.71,39.35,1393.05,voter pd share
5934,block_0652,DPoS,node_0310,3636.25,64.08,3700.32,voter pd share
5935,block_0652,DPoS,node_0474,6133.32,107.72,6241.04,voter pd share
5936,block_0652,DPoS,node_0137,8099.63,255.6,8355.23,self 20% + leftover
5937,block_0653,DPoS,node_0265,8694.11,271.71,8965.82,voter pd share
5938,block_0653,DPoS,node_0374,10289.18,317.05,10606.23,voter pd share
5939,block_0653,DPoS,node_0404,130.52,152.24,282.76,self 20% + leftover
5940,block_0654,DPoS,node_0070,1320.34,6.62,1326.96,voter pd share
5941,block_0654,DPoS,node_0079,3768.13,68.74,3836.87,voter pd share
5942,block_0654,DPoS,node_0136,9553.89,148.85,9702.74,voter pd share
5943,block_0654,DPoS,node_0197,5363.33,85.0,5448.33,voter pd share
5944,block_0654,DPoS,node_0382,177.11,24.48,201.59,voter pd share
5945,block_0654,DPoS,node_0343,13194.19,317.31,13511.49,self 20% + leftover
5946,block_0655,DPoS,node_0065,530.9,7.74,538.64,voter pd share
5947,block_0655,DPoS,node_0146,2647.11,84.23,2731.34,voter pd share
5948,block_0655,DPoS,node_0257,8456.08,143.05,8599.13,voter pd share
5949,block_0655,DPoS,node_0032,9375.59,298.99,9674.57,self 20% + leftover
5950,block_0656,DPoS,node_0169,3144.76,75.74,3220.5,voter pd share
5951,block_0656,DPoS,node_0261,7238.68,96.5,7335.17,voter pd share
5952,block_0656,DPoS,node_0376,9685.8,145.46,9831.25,voter pd share
5953,block_0656,DPoS,node_0138,14471.08,368.3,14839.39,self 20% + leftover
5954,block_0657,DPoS,node_0169,3292.5,85.57,3378.07,voter pd share
5955,block_0657,DPoS,node_0261,7388.17,109.02,7497.19,voter pd share
5956,block_0657,DPoS,node_0376,9831.25,164.33,9995.58,voter pd share
5957,block_0657,DPoS,node_0138,14857.39,416.09,15273.48,self 20% + leftover
5958,block_0658,DPoS,node_0056,11537.76,207.09,11744.85,voter pd share
5959,block_0658,DPoS,node_0266,6275.84,130.96,6406.8,voter pd share
5960,block_0658,DPoS,node_0371,13871.2,414.95,14286.15,self 20% + leftover
5961,block_0659,DPoS,node_0163,2011.49,38.72,2050.21,voter pd share
5962,block_0659,DPoS,node_0238,13833.64,174.03,14007.67,voter pd share
5963,block_0659,DPoS,node_0264,278.77,27.13,305.9,voter pd share
5964,block_0659,DPoS,node_0466,5789.66,85.51,5875.17,voter pd share
5965,block_0659,DPoS,node_0487,7134.95,106.87,7241.82,voter pd share
5966,block_0659,DPoS,node_0242,1351.57,117.74,1469.31,self 20% + leftover
5967,block_0660,DPoS,node_0049,11132.15,214.45,11346.61,voter pd share
5968,block_0660,DPoS,node_0199,403.68,7.07,410.75,voter pd share
5969,block_0660,DPoS,node_0350,1020.04,48.69,1068.73,voter pd share
5970,block_0660,DPoS,node_0454,7896.47,178.9,8075.37,voter pd share
5971,block_0660,DPoS,node_0439,9381.21,326.89,9708.09,self 20% + leftover
5972,block_0661,DPoS,node_0020,5982.07,81.6,6063.67,voter pd share
5973,block_0661,DPoS,node_0150,3891.27,51.91,3943.18,voter pd share
5974,block_0661,DPoS,node_0203,10606.07,182.23,10788.3,voter pd share
5975,block_0661,DPoS,node_0210,3518.66,51.83,3570.48,voter pd share
5976,block_0661,DPoS,node_0461,6340.74,198.43,6539.17,self 20% + leftover
5977,block_0662,DPoS,node_0047,630.86,25.96,656.82,voter pd share
5978,block_0662,DPoS,node_0063,5090.65,98.88,5189.53,voter pd share
5979,block_0662,DPoS,node_0209,4308.79,75.84,4384.62,voter pd share
5980,block_0662,DPoS,node_0445,8973.33,135.11,9108.43,voter pd share
5981,block_0662,DPoS,node_0307,9341.36,284.21,9625.56,self 20% + leftover
5982,block_0663,DPoS,node_0009,11309.6,198.76,11508.35,voter pd share
5983,block_0663,DPoS,node_0121,6253.41,93.31,6346.72,voter pd share
5984,block_0663,DPoS,node_0067,11504.55,342.93,11847.48,self 20% + leftover
5985,block_0664,DPoS,node_0105,3846.48,48.16,3894.64,voter pd share
5986,block_0664,DPoS,node_0157,9935.43,127.38,10062.81,voter pd share
5987,block_0664,DPoS,node_0198,40.14,1.3,41.44,voter pd share
5988,block_0664,DPoS,node_0500,6728.82,98.27,6827.09,voter pd share
5989,block_0664,DPoS,node_0213,11069.94,251.9,11321.83,self 20% + leftover
5990,block_0665,DPoS,node_0316,11908.81,269.29,12178.1,voter pd share
5991,block_0665,DPoS,node_0262,9452.91,350.71,9803.62,self 20% + leftover
5992,block_0666,DPoS,node_0291,2015.32,57.61,2072.93,voter pd share
5993,block_0666,DPoS,node_0391,5641.46,136.85,5778.31,voter pd share
5994,block_0666,DPoS,node_0479,6649.73,194.89,6844.61,voter pd share
5995,block_0666,DPoS,node_0347,4338.49,281.65,4620.15,self 20% + leftover
5996,block_0667,DPoS,node_0272,11539.58,190.4,11729.98,voter pd share
5997,block_0667,DPoS,node_0357,6694.88,118.27,6813.15,voter pd share
5998,block_0667,DPoS,node_0429,2003.54,21.59,2025.13,voter pd share
5999,block_0667,DPoS,node_0179,6602.09,202.74,6804.83,self 20% + leftover
6000,block_0668,DPoS,node_0185,5936.11,88.87,6024.98,voter pd share
6001,block_0668,DPoS,node_0191,10411.21,162.51,10573.72,voter pd share
6002,block_0668,DPoS,node_0395,2083.28,39.88,2123.16,voter pd share
6003,block_0668,DPoS,node_0440,9826.39,254.74,10081.13,self 20% + leftover
6004,block_0669,DPoS,node_0268,6443.38,115.14,6558.52,voter pd share
6005,block_0669,DPoS,node_0421,9382.77,212.9,9595.67,voter pd share
6006,block_0669,DPoS,node_0375,11520.95,366.96,11887.91,self 20% + leftover
6007,block_0670,DPoS,node_0358,12761.47,332.9,13094.37,voter pd share
6008,block_0670,DPoS,node_0380,6944.78,214.9,7159.68,voter pd share
6009,block_0670,DPoS,node_0299,2513.29,205.19,2718.49,self 20% + leftover
6010,block_0671,DPoS,node_0027,3627.13,61.71,3688.84,voter pd share
6011,block_0671,DPoS,node_0153,93.65,0.54,94.19,voter pd share
6012,block_0671,DPoS,node_0394,1944.11,44.7,1988.8,voter pd share
6013,block_0671,DPoS,node_0442,13715.52,240.7,13956.22,voter pd share
6014,block_0671,DPoS,node_0498,4511.87,76.13,4588.0,voter pd share
6015,block_0671,DPoS,node_0244,2608.13,135.22,2743.35,self 20% + leftover
6016,block_0672,DPoS,node_0447,13385.96,280.51,13666.46,voter pd share
6017,block_0672,DPoS,node_0365,12462.01,375.49,12837.51,self 20% + leftover
6018,block_0673,DPoS,node_0086,1328.46,83.38,1411.84,voter pd share
6019,block_0673,DPoS,node_0152,1954.23,99.23,2053.46,voter pd share
6020,block_0673,DPoS,node_0158,7891.98,266.9,8158.88,voter pd share
6021,block_0673,DPoS,node_0245,947.89,50.78,998.67,voter pd share
6022,block_0673,DPoS,node_0092,3410.18,271.71,3681.89,self 20% + leftover
6023,block_0674,DPoS,node_0023,9733.47,262.04,9995.51,voter pd share
6024,block_0674,DPoS,node_0372,3703.72,116.11,3819.83,voter pd share
6025,block_0674,DPoS,node_0398,5173.95,255.86,5429.8,self 20% + leftover
6026,block_0675,DPoS,node_0249,4393.75,111.51,4505.26,voter pd share
6027,block_0675,DPoS,node_0413,10495.29,248.72,10744.02,voter pd share
6028,block_0675,DPoS,node_0430,2907.77,64.1,2971.86,voter pd share
6029,block_0675,DPoS,node_0309,5912.83,239.67,6152.5,self 20% + leftover
6030,block_0676,DPoS,node_0001,1636.93,35.33,1672.26,voter pd share
6031,block_0676,DPoS,node_0097,10778.15,202.26,10980.41,voter pd share
6032,block_0676,DPoS,node_0126,352.79,11.68,364.47,voter pd share
6033,block_0676,DPoS,node_0330,10739.88,288.73,11028.61,self 20% + leftover
6034,block_0677,DPoS,node_0096,3992.45,127.84,4120.29,voter pd share
6035,block_0677,DPoS,node_0147,10549.44,259.66,10809.1,voter pd share
6036,block_0677,DPoS,node_0428,6059.22,323.5,6382.72,self 20% + leftover
6037,block_0678,DPoS,node_0283,2539.41,56.17,2595.57,voter pd share
6038,block_0678,DPoS,node_0373,9067.07,215.01,9282.09,voter pd share
6039,block_0678,DPoS,node_0171,9922.79,309.82,10232.61,self 20% + leftover
6040,block_0679,DPoS,node_0283,2670.57,51.72,2722.29,voter pd share
6041,block_0679,DPoS,node_0373,9267.09,197.99,9465.08,voter pd share
6042,block_0679,DPoS,node_0171,10298.61,285.29,10583.9,self 20% + leftover
6043,block_0680,DPoS,node_0232,11466.43,281.08,11747.51,voter pd share
6044,block_0680,DPoS,node_0475,3815.8,96.44,3912.23,voter pd share
6045,block_0680,DPoS,node_0401,8186.48,302.48,8488.97,self 20% + leftover
6046,block_0681,DPoS,node_0018,7217.17,65.29,7282.46,voter pd share
6047,block_0681,DPoS,node_0031,4499.31,50.59,4549.9,voter pd share
6048,block_0681,DPoS,node_0113,3593.8,24.64,3618.44,voter pd share
6049,block_0681,DPoS,node_0177,9738.8,85.85,9824.65,voter pd share
6050,block_0681,DPoS,node_0192,13862.03,128.59,13990.62,voter pd share
6051,block_0681,DPoS,node_0248,9458.66,188.04,9646.7,self 20% + leftover
6052,block_0682,DPoS,node_0002,4065.75,43.88,4109.63,voter pd share
6053,block_0682,DPoS,node_0094,9990.69,108.97,10099.66,voter pd share
6054,block_0682,DPoS,node_0117,6506.03,72.38,6578.41,voter pd share
6055,block_0682,DPoS,node_0250,9634.59,100.83,9735.42,voter pd share
6056,block_0682,DPoS,node_0286,1337.56,4.51,1342.07,voter pd share
6057,block_0682,DPoS,node_0366,5466.16,52.69,5518.84,voter pd share
6058,block_0682,DPoS,node_0295,8793.73,207.74,9001.47,self 20% + leftover
6059,block_0683,DPoS,node_0085,6992.95,81.17,7074.12,voter pd share
6060,block_0683,DPoS,node_0140,9088.8,119.68,9208.48,voter pd share
6061,block_0683,DPoS,node_0303,13780.18,155.56,13935.73,voter pd share
6062,block_0683,DPoS,node_0405,9649.68,111.46,9761.15,voter pd share
6063,block_0683,DPoS,node_0335,3184.84,154.13,3338.98,self 20% + leftover
6064,block_0684,DPoS,node_0051,4756.68,74.2,4830.88,voter pd share
6065,block_0684,DPoS,node_0183,9083.67,110.09,9193.76,voter pd share
6066,block_0684,DPoS,node_0188,6551.39,94.11,6645.51,voter pd share
6067,block_0684,DPoS,node_0260,6754.77,80.74,6835.51,voter pd share
6068,block_0684,DPoS,node_0351,6680.79,97.88,6778.67,voter pd share
6069,block_0684,DPoS,node_0407,600.76,17.44,618.19,voter pd share
6070,block_0684,DPoS,node_0455,3818.34,68.79,3887.13,voter pd share
6071,block_0684,DPoS,node_0122,5841.48,228.75,6070.23,self 20% + leftover
6072,block_0685,DPoS,node_0039,6828.33,190.12,7018.45,voter pd share
6073,block_0685,DPoS,node_0182,883.96,19.51,903.47,voter pd share
6074,block_0685,DPoS,node_0187,11063.19,390.58,11453.77,voter pd share
6075,block_0685,DPoS,node_0066,601.53,174.8,776.33,self 20% + leftover
6076,block_0686,DPoS,node_0029,4523.87,43.35,4567.21,voter pd share
6077,block_0686,DPoS,node_0233,1833.29,22.88,1856.17,voter pd share
6078,block_0686,DPoS,node_0294,8932.47,96.2,9028.67,voter pd share
6079,block_0686,DPoS,node_0360,995.28,26.09,1021.37,voter pd share
6080,block_0686,DPoS,node_0410,12201.22,142.22,12343.44,voter pd share
6081,block_0686,DPoS,node_0080,11933.18,241.27,12174.45,self 20% + leftover
6082,block_0687,DPoS,node_0028,8605.58,118.08,8723.66,voter pd share
6083,block_0687,DPoS,node_0082,1948.89,37.72,1986.62,voter pd share
6084,block_0687,DPoS,node_0318,11849.01,177.05,12026.05,voter pd share
6085,block_0687,DPoS,node_0402,3097.46,48.49,3145.94,voter pd share
6086,block_0687,DPoS,node_0458,983.92,5.46,989.38,voter pd share
6087,block_0687,DPoS,node_0476,8255.29,138.94,8394.23,voter pd share
6088,block_0687,DPoS,node_0481,4702.32,61.63,4763.95,voter pd share
6089,block_0687,DPoS,node_0340,1581.13,166.63,1747.76,self 20% + leftover
6090,block_0688,DPoS,node_0215,10466.82,131.86,10598.68,voter pd share
6091,block_0688,DPoS,node_0339,7316.32,99.22,7415.54,voter pd share
6092,block_0688,DPoS,node_0465,9871.97,117.4,9989.37,voter pd share
6093,block_0688,DPoS,node_0014,8642.04,223.52,8865.56,self 20% + leftover
6094,block_0689,DPoS,node_0280,11613.25,163.65,11776.9,voter pd share
6095,block_0689,DPoS,node_0287,11023.94,154.56,11178.5,voter pd share
6096,block_0689,DPoS,node_0313,3770.29,57.47,3827.75,voter pd share
6097,block_0689,DPoS,node_0494,6893.47,103.52,6996.98,voter pd share
6098,block_0689,DPoS,node_0019,2491.81,158.81,2650.62,self 20% + leftover
6099,block_0690,DPoS,node_0038,5993.16,102.92,6096.08,voter pd share
6100,block_0690,DPoS,node_0167,7719.89,112.23,7832.12,voter pd share
6101,block_0690,DPoS,node_0356,8711.24,138.71,8849.95,voter pd share
6102,block_0690,DPoS,node_0446,4112.16,56.09,4168.25,voter pd share
6103,block_0690,DPoS,node_0290,10172.01,291.06,10463.07,self 20% + leftover
6104,block_0691,DPoS,node_0012,5414.97,94.84,5509.81,voter pd share
6105,block_0691,DPoS,node_0076,4079.51,60.28,4139.79,voter pd share
6106,block_0691,DPoS,node_0151,1357.07,29.59,1386.66,voter pd share
6107,block_0691,DPoS,node_0180,5205.56,87.11,5292.67,voter pd share
6108,block_0691,DPoS,node_0255,7380.37,127.51,7507.88,voter pd share
6109,block_0691,DPoS,node_0270,10580.66,273.65,10854.32,self 20% + leftover
6110,block_0692,DPoS,node_0007,4098.44,85.35,4183.79,voter pd share
6111,block_0692,DPoS,node_0112,1210.05,43.47,1253.53,voter pd share
6112,block_0692,DPoS,node_0310,3697.32,70.79,3768.11,voter pd share
6113,block_0692,DPoS,node_0474,6337.04,119.01,6456.05,voter pd share
6114,block_0692,DPoS,node_0137,8226.23,282.39,8508.62,self 20% + leftover
6115,block_0693,DPoS,node_0265,8735.82,279.78,9015.6,voter pd share
6116,block_0693,DPoS,node_0374,10193.23,326.46,10519.69,voter pd share
6117,block_0693,DPoS,node_0404,489.76,156.76,646.52,self 20% + leftover
6118,block_0694,DPoS,node_0070,999.96,7.85,1007.81,voter pd share
6119,block_0694,DPoS,node_0079,4013.87,81.41,4095.28,voter pd share
6120,block_0694,DPoS,node_0136,9704.74,176.29,9881.03,voter pd share
6121,block_0694,DPoS,node_0197,4787.33,100.67,4888.0,voter pd share
6122,block_0694,DPoS,node_0382,30.59,28.99,59.58,voter pd share
6123,block_0694,DPoS,node_0343,13604.49,375.79,13980.29,self 20% + leftover
6124,block_0695,DPoS,node_0065,402.64,11.18,413.82,voter pd share
6125,block_0695,DPoS,node_0146,2228.34,121.77,2350.1,voter pd share
6126,block_0695,DPoS,node_0257,8907.13,206.81,9113.94,voter pd share
6127,block_0695,DPoS,node_0032,10247.57,432.24,10679.82,self 20% + leftover
6128,block_0696,DPoS,node_0089,96.28,2.18,98.46,voter pd share
6129,block_0696,DPoS,node_0128,7959.0,226.44,8185.44,voter pd share
6130,block_0696,DPoS,node_0184,601.36,11.99,613.35,voter pd share
6131,block_0696,DPoS,node_0367,4412.0,119.02,4531.02,voter pd share
6132,block_0696,DPoS,node_0443,5325.74,325.36,5651.11,self 20% + leftover
6133,block_0697,DPoS,node_0169,3544.07,85.35,3629.42,voter pd share
6134,block_0697,DPoS,node_0261,7735.19,108.73,7843.92,voter pd share
6135,block_0697,DPoS,node_0376,9792.58,163.9,9956.49,voter pd share
6136,block_0697,DPoS,node_0138,15166.48,415.01,15581.49,self 20% + leftover
6137,block_0698,DPoS,node_0056,11736.85,194.44,11931.29,voter pd share
6138,block_0698,DPoS,node_0266,5960.8,122.96,6083.76,voter pd share
6139,block_0698,DPoS,node_0371,14080.15,389.6,14469.75,self 20% + leftover
6140,block_0699,DPoS,node_0163,2262.21,54.21,2316.41,voter pd share
6141,block_0699,DPoS,node_0238,13777.67,243.64,14021.31,voter pd share
6142,block_0699,DPoS,node_0264,138.9,37.99,176.89,voter pd share
6143,block_0699,DPoS,node_0466,5974.17,119.71,6093.89,voter pd share
6144,block_0699,DPoS,node_0487,6826.82,149.62,6976.45,voter pd share
6145,block_0699,DPoS,node_0242,1131.31,164.83,1296.14,self 20% + leftover
6146,block_0700,DPoS,node_0049,11537.61,212.8,11750.4,voter pd share
6147,block_0700,DPoS,node_0199,637.75,7.01,644.76,voter pd share
6148,block_0700,DPoS,node_0350,1179.73,48.32,1228.05,voter pd share
6149,block_0700,DPoS,node_0454,8170.37,177.52,8347.88,voter pd share
6150,block_0700,DPoS,node_0439,9623.09,324.36,9947.45,self 20% + leftover
6151,block_0701,DPoS,node_0020,6264.67,101.35,6366.02,voter pd share
6152,block_0701,DPoS,node_0150,3771.18,64.47,3835.66,voter pd share
6153,block_0701,DPoS,node_0203,10382.3,226.34,10608.65,voter pd share
6154,block_0701,DPoS,node_0210,3527.48,64.37,3591.85,voter pd share
6155,block_0701,DPoS,node_0461,6431.17,246.46,6677.64,self 20% + leftover
6156,block_0702,DPoS,node_0047,475.82,32.41,508.24,voter pd share
6157,block_0702,DPoS,node_0063,4590.53,123.45,4713.98,voter pd share
6158,block_0702,DPoS,node_0209,4116.62,94.67,4211.3,voter pd share
6159,block_0702,DPoS,node_0445,9208.43,168.66,9377.1,voter pd share
6160,block_0702,DPoS,node_0307,9176.56,354.8,9531.36,self 20% + leftover
6161,block_0703,DPoS,node_0009,11474.35,171.53,11645.88,voter pd share
6162,block_0703,DPoS,node_0121,6622.72,80.53,6703.25,voter pd share
6163,block_0703,DPoS,node_0067,11782.48,295.95,12078.43,self 20% + leftover
6164,block_0704,DPoS,node_0105,3872.64,70.73,3943.36,voter pd share
6165,block_0704,DPoS,node_0157,10243.81,187.08,10430.88,voter pd share
6166,block_0704,DPoS,node_0198,258.44,1.91,260.36,voter pd share
6167,block_0704,DPoS,node_0500,6626.09,144.32,6770.41,voter pd share
6168,block_0704,DPoS,node_0213,12109.83,369.96,12479.79,self 20% + leftover
6169,block_0705,DPoS,node_0316,12471.1,253.65,12724.75,voter pd share
6170,block_0705,DPoS,node_0262,9314.62,330.35,9644.97,self 20% + leftover
6171,block_0706,DPoS,node_0291,2126.93,66.71,2193.64,voter pd share
6172,block_0706,DPoS,node_0391,5462.31,158.47,5620.78,voter pd share
6173,block_0706,DPoS,node_0479,6720.61,225.67,6946.28,voter pd share
6174,block_0706,DPoS,node_0347,5116.15,326.15,5442.3,self 20% + leftover
6175,block_0707,DPoS,node_0272,11696.98,272.2,11969.19,voter pd share
6176,block_0707,DPoS,node_0357,7058.15,169.09,7227.24,voter pd share
6177,block_0707,DPoS,node_0429,2221.13,30.86,2251.99,voter pd share
6178,block_0707,DPoS,node_0179,7008.83,289.84,7298.67,self 20% + leftover
6179,block_0708,DPoS,node_0185,5964.98,98.96,6063.94,voter pd share
6180,block_0708,DPoS,node_0191,10616.72,180.97,10797.69,voter pd share
6181,block_0708,DPoS,node_0395,2003.16,44.41,2047.58,voter pd share
6182,block_0708,DPoS,node_0440,10488.13,283.67,10771.8,self 20% + leftover
6183,block_0709,DPoS,node_0268,6769.52,104.04,6873.56,voter pd share
6184,block_0709,DPoS,node_0421,9095.67,192.38,9288.05,voter pd share
6185,block_0709,DPoS,node_0375,11514.91,331.58,11846.49,self 20% + leftover
6186,block_0710,DPoS,node_0358,12649.37,240.5,12889.88,voter pd share
6187,block_0710,DPoS,node_0380,6806.68,155.25,6961.94,voter pd share
6188,block_0710,DPoS,node_0299,2563.49,148.24,2711.73,self 20% + leftover
6189,block_0711,DPoS,node_0027,3487.84,75.51,3563.36,voter pd share
6190,block_0711,DPoS,node_0153,26.19,0.66,26.86,voter pd share
6191,block_0711,DPoS,node_0394,1569.8,54.69,1624.49,voter pd share
6192,block_0711,DPoS,node_0442,13631.22,294.52,13925.74,voter pd share
6193,block_0711,DPoS,node_0498,4380.0,93.15,4473.15,voter pd share
6194,block_0711,DPoS,node_0244,2652.35,165.46,2817.81,self 20% + leftover
6195,block_0712,DPoS,node_0447,13450.46,332.25,13782.71,voter pd share
6196,block_0712,DPoS,node_0365,12683.51,444.75,13128.26,self 20% + leftover
6197,block_0713,DPoS,node_0086,1605.84,73.66,1679.5,voter pd share
6198,block_0713,DPoS,node_0152,1809.46,87.66,1897.12,voter pd share
6199,block_0713,DPoS,node_0158,8101.88,235.78,8337.67,voter pd share
6200,block_0713,DPoS,node_0245,1433.67,44.86,1478.53,voter pd share
6201,block_0713,DPoS,node_0092,3127.89,240.03,3367.93,self 20% + leftover
6202,block_0714,DPoS,node_0023,10043.51,273.61,10317.12,voter pd share
6203,block_0714,DPoS,node_0372,3701.83,121.23,3823.06,voter pd share
6204,block_0714,DPoS,node_0398,5310.8,267.16,5577.96,self 20% + leftover
6205,block_0715,DPoS,node_0249,4018.26,104.46,4122.72,voter pd share
6206,block_0715,DPoS,node_0413,10672.02,232.99,10905.01,voter pd share
6207,block_0715,DPoS,node_0430,2923.86,60.04,2983.91,voter pd share
6208,block_0715,DPoS,node_0309,5984.5,224.51,6209.01,self 20% + leftover
6209,block_0716,DPoS,node_0001,1719.26,51.03,1770.29,voter pd share
6210,block_0716,DPoS,node_0097,11089.41,292.11,11381.52,voter pd share
6211,block_0716,DPoS,node_0126,430.47,16.87,447.34,voter pd share
6212,block_0716,DPoS,node_0330,10746.61,416.99,11163.61,self 20% + leftover
6213,block_0717,DPoS,node_0096,4035.29,139.89,4175.18,voter pd share
6214,block_0717,DPoS,node_0147,10348.1,284.13,10632.23,voter pd share
6215,block_0717,DPoS,node_0428,6365.72,353.98,6719.7,self 20% + leftover
6216,block_0718,DPoS,node_0483,5287.0,150.4,5437.4,voter pd share
6217,block_0718,DPoS,node_0311,12151.58,444.6,12596.17,self 20% + leftover
6218,block_0719,DPoS,node_0283,2435.29,75.02,2510.31,voter pd share
6219,block_0719,DPoS,node_0373,9698.08,287.18,9985.26,voter pd share
6220,block_0719,DPoS,node_0171,10381.9,413.8,10795.7,self 20% + leftover
6221,block_0720,DPoS,node_0232,11332.51,240.16,11572.66,voter pd share
6222,block_0720,DPoS,node_0475,4445.23,82.4,4527.63,voter pd share
6223,block_0720,DPoS,node_0401,8158.97,258.44,8417.41,self 20% + leftover
6224,block_0721,DPoS,node_0018,7230.46,93.31,7323.76,voter pd share
6225,block_0721,DPoS,node_0031,4732.9,72.3,4805.19,voter pd share
6226,block_0721,DPoS,node_0113,3973.44,35.22,4008.66,voter pd share
6227,block_0721,DPoS,node_0177,9762.65,122.69,9885.33,voter pd share
6228,block_0721,DPoS,node_0192,13649.62,183.76,13833.38,voter pd share
6229,block_0721,DPoS,node_0248,9436.7,268.73,9705.43,self 20% + leftover
6230,block_0722,DPoS,node_0002,3925.63,57.61,3983.24,voter pd share
6231,block_0722,DPoS,node_0094,9980.66,143.08,10123.75,voter pd share
6232,block_0722,DPoS,node_0117,6573.41,95.04,6668.45,voter pd share
6233,block_0722,DPoS,node_0250,9495.42,132.39,9627.81,voter pd share
6234,block_0722,DPoS,node_0286,1071.07,5.93,1077.0,voter pd share
6235,block_0722,DPoS,node_0366,5549.84,69.18,5619.02,voter pd share
6236,block_0722,DPoS,node_0295,8676.47,272.77,8949.25,self 20% + leftover
6237,block_0723,DPoS,node_0085,7198.12,96.7,7294.82,voter pd share
6238,block_0723,DPoS,node_0140,8907.48,142.58,9050.06,voter pd share
6239,block_0723,DPoS,node_0303,13632.73,185.32,13818.05,voter pd share
6240,block_0723,DPoS,node_0405,9481.15,132.79,9613.93,voter pd share
6241,block_0723,DPoS,node_0335,3453.98,183.62,3637.6,self 20% + leftover
6242,block_0724,DPoS,node_0051,4800.88,74.59,4875.47,voter pd share
6243,block_0724,DPoS,node_0183,9153.76,110.66,9264.42,voter pd share
6244,block_0724,DPoS,node_0188,6408.51,94.6,6503.11,voter pd share
6245,block_0724,DPoS,node_0260,6947.51,81.16,7028.67,voter pd share
6246,block_0724,DPoS,node_0351,6691.67,98.39,6790.05,voter pd share
6247,block_0724,DPoS,node_0407,345.19,17.53,362.72,voter pd share
6248,block_0724,DPoS,node_0455,4475.13,69.15,4544.28,voter pd share
6249,block_0724,DPoS,node_0122,5905.23,229.93,6135.17,self 20% + leftover
6250,block_0725,DPoS,node_0039,7112.45,173.19,7285.64,voter pd share
6251,block_0725,DPoS,node_0182,135.47,17.77,153.24,voter pd share
6252,block_0725,DPoS,node_0187,11281.77,355.8,11637.57,voter pd share
6253,block_0725,DPoS,node_0066,812.33,159.24,971.56,self 20% + leftover
6254,block_0726,DPoS,node_0029,4213.21,55.7,4268.91,voter pd share
6255,block_0726,DPoS,node_0233,1860.17,29.4,1889.56,voter pd share
6256,block_0726,DPoS,node_0294,9144.67,123.61,9268.28,voter pd share
6257,block_0726,DPoS,node_0360,940.37,33.53,973.9,voter pd share
6258,block_0726,DPoS,node_0410,12338.44,182.75,12521.19,voter pd share
6259,block_0726,DPoS,node_0080,12218.45,310.02,12528.47,self 20% + leftover
6260,block_0727,DPoS,node_0028,8798.66,105.86,8904.53,voter pd share
6261,block_0727,DPoS,node_0082,1658.62,33.82,1692.44,voter pd share
6262,block_0727,DPoS,node_0318,11725.05,158.73,11883.79,voter pd share
6263,block_0727,DPoS,node_0402,2943.94,43.47,2987.42,voter pd share
6264,block_0727,DPoS,node_0458,507.38,4.9,512.27,voter pd share
6265,block_0727,DPoS,node_0476,9037.23,124.57,9161.8,voter pd share
6266,block_0727,DPoS,node_0481,4317.95,55.26,4373.21,voter pd share
6267,block_0727,DPoS,node_0340,1398.76,149.39,1548.14,self 20% + leftover
6268,block_0728,DPoS,node_0215,10861.68,127.94,10989.62,voter pd share
6269,block_0728,DPoS,node_0339,7568.54,96.27,7664.81,voter pd share
6270,block_0728,DPoS,node_0465,10470.37,113.91,10584.29,voter pd share
6271,block_0728,DPoS,node_0014,8293.56,216.88,8510.43,self 20% + leftover
6272,block_0729,DPoS,node_0280,11464.9,198.27,11663.17,voter pd share
6273,block_0729,DPoS,node_0287,11244.5,187.26,11431.76,voter pd share
6274,block_0729,DPoS,node_0313,4138.75,69.63,4208.38,voter pd share
6275,block_0729,DPoS,node_0494,6889.98,125.42,7015.41,voter pd share
6276,block_0729,DPoS,node_0019,2559.62,192.41,2752.04,self 20% + leftover
6277,block_0730,DPoS,node_0038,6075.08,112.32,6187.4,voter pd share
6278,block_0730,DPoS,node_0167,7681.12,122.47,7803.59,voter pd share
6279,block_0730,DPoS,node_0356,8812.95,151.37,8964.32,voter pd share
6280,block_0730,DPoS,node_0446,4328.25,61.21,4389.45,voter pd share
6281,block_0730,DPoS,node_0290,10333.07,317.63,10650.7,self 20% + leftover
6282,block_0731,DPoS,node_0012,5651.81,109.36,5761.17,voter pd share
6283,block_0731,DPoS,node_0076,4019.79,69.51,4089.3,voter pd share
6284,block_0731,DPoS,node_0151,1397.66,34.12,1431.78,voter pd share
6285,block_0731,DPoS,node_0180,5102.67,100.45,5203.12,voter pd share
6286,block_0731,DPoS,node_0255,7246.88,147.02,7393.91,voter pd share
6287,block_0731,DPoS,node_0270,10949.32,315.54,11264.85,self 20% + leftover
6288,block_0732,DPoS,node_0007,4663.79,78.1,4741.89,voter pd share
6289,block_0732,DPoS,node_0112,1187.53,39.78,1227.31,voter pd share
6290,block_0732,DPoS,node_0310,3794.11,64.78,3858.89,voter pd share
6291,block_0732,DPoS,node_0474,6250.05,108.91,6358.95,voter pd share
6292,block_0732,DPoS,node_0137,9108.62,258.42,9367.04,self 20% + leftover
6293,block_0733,DPoS,node_0265,8896.6,264.01,9160.61,voter pd share
6294,block_0733,DPoS,node_0374,10266.69,308.06,10574.75,voter pd share
6295,block_0733,DPoS,node_0404,491.52,147.93,639.44,self 20% + leftover
6296,block_0734,DPoS,node_0070,1300.81,5.55,1306.35,voter pd share
6297,block_0734,DPoS,node_0079,4516.28,57.55,4573.83,voter pd share
6298,block_0734,DPoS,node_0136,9799.03,124.61,9923.64,voter pd share
6299,block_0734,DPoS,node_0197,5458.0,71.16,5529.16,voter pd share
6300,block_0734,DPoS,node_0382,96.58,20.49,117.07,voter pd share
6301,block_0734,DPoS,node_0343,14255.29,265.64,14520.93,self 20% + leftover
6302,block_0735,DPoS,node_0065,376.82,9.76,386.59,voter pd share
6303,block_0735,DPoS,node_0146,2503.1,106.31,2609.41,voter pd share
6304,block_0735,DPoS,node_0257,9051.94,180.56,9232.5,voter pd share
6305,block_0735,DPoS,node_0032,10527.82,377.37,10905.19,self 20% + leftover
6306,block_0736,DPoS,node_0089,423.46,1.67,425.14,voter pd share
6307,block_0736,DPoS,node_0128,7702.44,173.88,7876.33,voter pd share
6308,block_0736,DPoS,node_0184,963.35,9.21,972.56,voter pd share
6309,block_0736,DPoS,node_0367,4976.02,91.4,5067.42,voter pd share
6310,block_0736,DPoS,node_0443,4756.11,249.84,5005.95,self 20% + leftover
6311,block_0737,DPoS,node_0169,3755.42,81.04,3836.46,voter pd share
6312,block_0737,DPoS,node_0261,7732.92,103.25,7836.17,voter pd share
6313,block_0737,DPoS,node_0376,9855.49,155.63,10011.12,voter pd share
6314,block_0737,DPoS,node_0138,15470.49,394.07,15864.56,self 20% + leftover
6315,block_0738,DPoS,node_0056,11346.29,163.91,11510.2,voter pd share
6316,block_0738,DPoS,node_0266,5929.76,103.65,6033.41,voter pd share
6317,block_0738,DPoS,node_0371,14410.75,328.43,14739.19,self 20% + leftover
6318,block_0739,DPoS,node_0163,2761.41,50.47,2811.89,voter pd share
6319,block_0739,DPoS,node_0238,13844.31,226.87,14071.18,voter pd share
6320,block_0739,DPoS,node_0264,222.89,35.37,258.26,voter pd share
6321,block_0739,DPoS,node_0466,6119.89,111.47,6231.36,voter pd share
6322,block_0739,DPoS,node_0487,6902.45,139.32,7041.77,voter pd share
6323,block_0739,DPoS,node_0242,1089.14,153.49,1242.63,self 20% + leftover
6324,block_0740,DPoS,node_0049,11680.4,214.18,11894.58,voter pd share
6325,block_0740,DPoS,node_0199,927.76,7.06,934.82,voter pd share
6326,block_0740,DPoS,node_0350,1114.05,48.63,1162.68,voter pd share
6327,block_0740,DPoS,node_0454,8397.88,178.67,8576.55,voter pd share
6328,block_0740,DPoS,node_0439,9495.45,326.47,9821.92,self 20% + leftover
6329,block_0741,DPoS,node_0379,4354.0,204.28,4558.28,voter pd share
6330,block_0741,DPoS,node_0432,6388.58,241.34,6629.92,voter pd share
6331,block_0741,DPoS,node_0087,3742.0,286.38,4028.38,self 20% + leftover
6332,block_0742,DPoS,node_0212,1451.8,64.34,1516.13,voter pd share
6333,block_0742,DPoS,node_0235,5142.71,248.06,5390.77,voter pd share
6334,block_0742,DPoS,node_0320,2501.83,98.09,2599.92,voter pd share
6335,block_0742,DPoS,node_0050,6450.0,352.5,6802.5,self 20% + leftover
6336,block_0743,DPoS,node_0212,1508.13,65.35,1573.48,voter pd share
6337,block_0743,DPoS,node_0235,5379.77,251.96,5631.73,voter pd share
6338,block_0743,DPoS,node_0320,2545.92,99.64,2645.56,voter pd share
6339,block_0743,DPoS,node_0050,6801.5,358.05,7159.55,self 20% + leftover
6340,block_0744,DPoS,node_0105,3839.36,61.5,3900.86,voter pd share
6341,block_0744,DPoS,node_0157,9865.88,162.66,10028.55,voter pd share
6342,block_0744,DPoS,node_0198,269.36,1.66,271.02,voter pd share
6343,block_0744,DPoS,node_0500,6917.41,125.49,7042.9,voter pd share
6344,block_0744,DPoS,node_0213,12341.79,321.68,12663.47,self 20% + leftover
6345,block_0745,DPoS,node_0316,12112.75,277.54,12390.29,voter pd share
6346,block_0745,DPoS,node_0262,9880.97,361.46,10242.42,self 20% + leftover
6347,block_0746,DPoS,node_0291,2541.64,55.63,2597.27,voter pd share
6348,block_0746,DPoS,node_0391,5218.78,132.16,5350.94,voter pd share
6349,block_0746,DPoS,node_0479,6917.28,188.21,7105.49,voter pd share
6350,block_0746,DPoS,node_0347,5759.3,272.0,6031.3,self 20% + leftover
6351,block_0747,DPoS,node_0272,12043.19,276.85,12320.03,voter pd share
6352,block_0747,DPoS,node_0357,7370.24,171.98,7542.22,voter pd share
6353,block_0747,DPoS,node_0429,1999.99,31.39,2031.38,voter pd share
6354,block_0747,DPoS,node_0179,7567.67,294.79,7862.46,self 20% + leftover
6355,block_0748,DPoS,node_0185,5923.94,113.28,6037.22,voter pd share
6356,block_0748,DPoS,node_0191,10667.69,207.16,10874.85,voter pd share
6357,block_0748,DPoS,node_0395,1816.58,50.84,1867.42,voter pd share
6358,block_0748,DPoS,node_0440,10490.8,324.72,10815.52,self 20% + leftover
6359,block_0749,DPoS,node_0268,6904.56,119.62,7024.18,voter pd share
6360,block_0749,DPoS,node_0421,8987.05,221.17,9208.22,voter pd share
6361,block_0749,DPoS,node_0375,11639.49,381.21,12020.7,self 20% + leftover
6362,block_0750,DPoS,node_0358,12410.88,332.46,12743.34,voter pd share
6363,block_0750,DPoS,node_0380,7058.94,214.62,7273.55,voter pd share
6364,block_0750,DPoS,node_0299,2762.73,204.92,2967.65,self 20% + leftover
6365,block_0751,DPoS,node_0027,3120.36,85.67,3206.03,voter pd share
6366,block_0751,DPoS,node_0153,99.86,0.75,100.61,voter pd share
6367,block_0751,DPoS,node_0394,1491.49,62.05,1553.54,voter pd share
6368,block_0751,DPoS,node_0442,14036.74,334.14,14370.88,voter pd share
6369,block_0751,DPoS,node_0498,4360.15,105.68,4465.83,voter pd share
6370,block_0751,DPoS,node_0244,3119.81,187.71,3307.52,self 20% + leftover
6371,block_0752,DPoS,node_0447,13936.71,268.53,14205.24,voter pd share
6372,block_0752,DPoS,node_0365,13018.26,359.47,13377.72,self 20% + leftover
6373,block_0753,DPoS,node_0086,1600.5,66.21,1666.7,voter pd share
6374,block_0753,DPoS,node_0152,1392.12,78.79,1470.92,voter pd share
6375,block_0753,DPoS,node_0158,8065.67,211.93,8277.6,voter pd share
6376,block_0753,DPoS,node_0245,1298.53,40.32,1338.86,voter pd share
6377,block_0753,DPoS,node_0092,3134.93,215.75,3350.67,self 20% + leftover
6378,block_0754,DPoS,node_0023,10607.12,242.2,10849.32,voter pd share
6379,block_0754,DPoS,node_0372,3980.06,107.32,4087.38,voter pd share
6380,block_0754,DPoS,node_0398,5126.96,236.49,5363.45,self 20% + leftover
6381,block_0755,DPoS,node_0249,3628.72,130.32,3759.04,voter pd share
6382,block_0755,DPoS,node_0413,10844.01,290.68,11134.68,voter pd share
6383,block_0755,DPoS,node_0430,2436.91,74.91,2511.81,voter pd share
6384,block_0755,DPoS,node_0309,6057.01,280.1,6337.11,self 20% + leftover
6385,block_0756,DPoS,node_0001,1674.29,47.15,1721.45,voter pd share
6386,block_0756,DPoS,node_0097,11476.52,269.93,11746.45,voter pd share
6387,block_0756,DPoS,node_0126,826.34,15.59,841.93,voter pd share
6388,block_0756,DPoS,node_0330,11046.61,385.33,11431.94,self 20% + leftover
6389,block_0757,DPoS,node_0096,4225.18,138.09,4363.27,voter pd share
6390,block_0757,DPoS,node_0147,10710.23,280.48,10990.71,voter pd share
6391,block_0757,DPoS,node_0428,6026.7,349.43,6376.13,self 20% + leftover
6392,block_0758,DPoS,node_0483,5694.4,149.64,5844.05,voter pd share
6393,block_0758,DPoS,node_0311,11911.17,442.36,12353.53,self 20% + leftover
6394,block_0759,DPoS,node_0283,2224.31,75.11,2299.42,voter pd share
6395,block_0759,DPoS,node_0373,9646.26,287.55,9933.81,voter pd share
6396,block_0759,DPoS,node_0171,11102.7,414.34,11517.04,self 20% + leftover
6397,block_0760,DPoS,node_0232,11727.66,319.93,12047.59,voter pd share
6398,block_0760,DPoS,node_0475,5288.63,109.77,5398.4,voter pd share
6399,block_0760,DPoS,node_0401,8983.41,344.3,9327.71,self 20% + leftover
6400,block_0761,DPoS,node_0018,7010.76,92.95,7103.71,voter pd share
6401,block_0761,DPoS,node_0031,4365.19,72.02,4437.21,voter pd share
6402,block_0761,DPoS,node_0113,3485.66,35.08,3520.74,voter pd share
6403,block_0761,DPoS,node_0177,10075.33,122.21,10197.54,voter pd share
6404,block_0761,DPoS,node_0192,13876.38,183.05,14059.43,voter pd share
6405,block_0761,DPoS,node_0248,9292.43,267.69,9560.13,self 20% + leftover
6406,block_0762,DPoS,node_0071,7.21,90.38,97.59,voter pd share
6407,block_0762,DPoS,node_0381,6055.02,213.85,6268.86,voter pd share
6408,block_0762,DPoS,node_0093,6703.0,422.77,7125.77,self 20% + leftover
6409,block_0763,DPoS,node_0073,3402.0,121.84,3523.84,voter pd share
6410,block_0763,DPoS,node_0132,4833.0,147.67,4980.67,voter pd share
6411,block_0763,DPoS,node_0193,6719.21,362.49,7081.7,self 20% + leftover
6412,block_0764,DPoS,node_0051,4683.47,74.01,4757.48,voter pd share
6413,block_0764,DPoS,node_0183,9417.42,109.8,9527.21,voter pd share
6414,block_0764,DPoS,node_0188,7046.11,93.87,7139.98,voter pd share
6415,block_0764,DPoS,node_0260,6695.67,80.53,6776.2,voter pd share
6416,block_0764,DPoS,node_0351,6753.05,97.63,6850.68,voter pd share
6417,block_0764,DPoS,node_0407,1034.72,17.39,1052.12,voter pd share
6418,block_0764,DPoS,node_0455,4394.28,68.61,4462.89,voter pd share
6419,block_0764,DPoS,node_0122,5904.17,228.16,6132.32,self 20% + leftover
6420,block_0765,DPoS,node_0039,7359.64,180.3,7539.95,voter pd share
6421,block_0765,DPoS,node_0182,149.24,18.5,167.74,voter pd share
6422,block_0765,DPoS,node_0187,11334.57,370.42,11704.99,voter pd share
6423,block_0765,DPoS,node_0066,1208.56,165.78,1374.34,self 20% + leftover
6424,block_0766,DPoS,node_0029,4240.91,53.04,4293.95,voter pd share
6425,block_0766,DPoS,node_0233,1974.56,28.0,2002.56,voter pd share
6426,block_0766,DPoS,node_0294,9779.28,117.73,9897.01,voter pd share
6427,block_0766,DPoS,node_0360,1245.9,31.93,1277.83,voter pd share
6428,block_0766,DPoS,node_0410,12091.19,174.05,12265.24,voter pd share
6429,block_0766,DPoS,node_0080,12473.47,295.25,12768.72,self 20% + leftover
6430,block_0767,DPoS,node_0028,8908.53,95.53,9004.05,voter pd share
6431,block_0767,DPoS,node_0082,1860.44,30.52,1890.96,voter pd share
6432,block_0767,DPoS,node_0318,11967.79,143.23,12111.02,voter pd share
6433,block_0767,DPoS,node_0402,3018.42,39.23,3057.64,voter pd share
6434,block_0767,DPoS,node_0458,504.27,4.42,508.69,voter pd share
6435,block_0767,DPoS,node_0476,8920.8,112.41,9033.21,voter pd share
6436,block_0767,DPoS,node_0481,4317.21,49.86,4367.07,voter pd share
6437,block_0767,DPoS,node_0340,1783.14,134.8,1917.95,self 20% + leftover
6438,block_0768,DPoS,node_0215,11511.62,122.17,11633.79,voter pd share
6439,block_0768,DPoS,node_0339,7439.81,91.93,7531.75,voter pd share
6440,block_0768,DPoS,node_0465,11518.29,108.78,11627.07,voter pd share
6441,block_0768,DPoS,node_0014,8616.43,207.11,8823.54,self 20% + leftover
6442,block_0769,DPoS,node_0280,11582.17,197.25,11779.42,voter pd share
6443,block_0769,DPoS,node_0287,11475.76,186.3,11662.06,voter pd share
6444,block_0769,DPoS,node_0313,4020.38,69.27,4089.65,voter pd share
6445,block_0769,DPoS,node_0494,6945.41,124.77,7070.18,voter pd share
6446,block_0769,DPoS,node_0019,3047.04,191.42,3238.45,self 20% + leftover
6447,block_0770,DPoS,node_0038,6242.4,91.91,6334.32,voter pd share
6448,block_0770,DPoS,node_0167,8391.59,100.22,8491.81,voter pd share
6449,block_0770,DPoS,node_0356,9114.32,123.87,9238.18,voter pd share
6450,block_0770,DPoS,node_0446,4282.45,50.09,4332.54,voter pd share
6451,block_0770,DPoS,node_0290,10759.7,259.92,11019.62,self 20% + leftover
6452,block_0771,DPoS,node_0012,5674.17,101.47,5775.63,voter pd share
6453,block_0771,DPoS,node_0076,3851.3,64.49,3915.8,voter pd share
6454,block_0771,DPoS,node_0151,1624.78,31.66,1656.44,voter pd share
6455,block_0771,DPoS,node_0180,5468.12,93.2,5561.32,voter pd share
6456,block_0771,DPoS,node_0255,7256.91,136.41,7393.32,voter pd share
6457,block_0771,DPoS,node_0270,11375.85,292.77,11668.62,self 20% + leftover
6458,block_0772,DPoS,node_0007,4727.89,80.23,4808.13,voter pd share
6459,block_0772,DPoS,node_0112,1075.31,40.87,1116.18,voter pd share
6460,block_0772,DPoS,node_0310,3974.89,66.55,4041.44,voter pd share
6461,block_0772,DPoS,node_0474,5917.95,111.88,6029.83,voter pd share
6462,block_0772,DPoS,node_0137,9340.04,265.47,9605.51,self 20% + leftover
6463,block_0773,DPoS,node_0265,9300.61,202.04,9502.66,voter pd share
6464,block_0773,DPoS,node_0374,10025.75,235.75,10261.51,voter pd share
6465,block_0773,DPoS,node_0404,693.44,113.2,806.65,self 20% + leftover
6466,block_0774,DPoS,node_0070,1518.35,7.87,1526.22,voter pd share
6467,block_0774,DPoS,node_0079,4486.83,81.62,4568.45,voter pd share
6468,block_0774,DPoS,node_0136,10160.64,176.75,10337.38,voter pd share
6469,block_0774,DPoS,node_0197,6091.16,100.93,6192.09,voter pd share
6470,block_0774,DPoS,node_0382,161.07,29.07,190.14,voter pd share
6471,block_0774,DPoS,node_0343,14419.93,376.77,14796.7,self 20% + leftover
6472,block_0775,DPoS,node_0065,72.59,11.05,83.64,voter pd share
6473,block_0775,DPoS,node_0146,2398.41,120.35,2518.76,voter pd share
6474,block_0775,DPoS,node_0257,9331.5,204.4,9535.9,voter pd share
6475,block_0775,DPoS,node_0032,10702.19,427.2,11129.39,self 20% + leftover
6476,block_0776,DPoS,node_0089,98.14,1.77,99.9,voter pd share
6477,block_0776,DPoS,node_0128,7949.33,183.47,8132.79,voter pd share
6478,block_0776,DPoS,node_0184,1364.56,9.71,1374.27,voter pd share
6479,block_0776,DPoS,node_0367,5220.42,96.44,5316.86,voter pd share
6480,block_0776,DPoS,node_0443,5249.95,263.62,5513.57,self 20% + leftover
6481,block_0777,DPoS,node_0169,4124.46,58.96,4183.42,voter pd share
6482,block_0777,DPoS,node_0261,7425.17,75.12,7500.29,voter pd share
6483,block_0777,DPoS,node_0376,10074.12,113.23,10187.35,voter pd share
6484,block_0777,DPoS,node_0138,16306.56,286.7,16593.26,self 20% + leftover
6485,block_0778,DPoS,node_0056,11327.2,176.84,11504.04,voter pd share
6486,block_0778,DPoS,node_0266,5966.41,111.83,6078.24,voter pd share
6487,block_0778,DPoS,node_0371,14863.19,354.33,15217.52,self 20% + leftover
6488,block_0779,DPoS,node_0163,2767.89,52.8,2820.69,voter pd share
6489,block_0779,DPoS,node_0238,13857.18,237.31,14094.48,voter pd share
6490,block_0779,DPoS,node_0264,457.26,37.0,494.26,voter pd share
6491,block_0779,DPoS,node_0466,6395.36,116.6,6511.96,voter pd share
6492,block_0779,DPoS,node_0487,6309.77,145.73,6455.5,voter pd share
6493,block_0779,DPoS,node_0242,1392.63,160.55,1553.19,self 20% + leftover
6494,block_0780,DPoS,node_0049,12091.58,168.58,12260.16,voter pd share
6495,block_0780,DPoS,node_0199,842.82,5.55,848.37,voter pd share
6496,block_0780,DPoS,node_0350,1077.68,38.28,1115.96,voter pd share
6497,block_0780,DPoS,node_0454,8382.55,140.63,8523.18,voter pd share
6498,block_0780,DPoS,node_0439,9839.92,256.96,10096.88,self 20% + leftover
6499,block_0781,DPoS,node_0379,4715.28,161.02,4876.3,voter pd share
6500,block_0781,DPoS,node_0432,6446.92,190.24,6637.16,voter pd share
6501,block_0781,DPoS,node_0087,3982.38,225.74,4208.13,self 20% + leftover
6502,block_0782,DPoS,node_0304,3683.0,151.81,3834.81,voter pd share
6503,block_0782,DPoS,node_0315,5144.02,223.91,5367.93,voter pd share
6504,block_0782,DPoS,node_0217,5497.0,320.28,5817.28,self 20% + leftover
6505,block_0783,DPoS,node_0212,1405.48,55.74,1461.22,voter pd share
6506,block_0783,DPoS,node_0235,6011.73,214.9,6226.64,voter pd share
6507,block_0783,DPoS,node_0320,2569.56,84.98,2654.54,voter pd share
6508,block_0783,DPoS,node_0050,7051.55,305.38,7356.93,self 20% + leftover
6509,block_0784,DPoS,node_0105,3890.86,52.54,3943.41,voter pd share
6510,block_0784,DPoS,node_0157,10228.55,138.98,10367.52,voter pd share
6511,block_0784,DPoS,node_0198,452.02,1.42,453.44,voter pd share
6512,block_0784,DPoS,node_0500,7145.9,107.22,7253.12,voter pd share
6513,block_0784,DPoS,node_0213,12604.47,274.84,12879.31,self 20% + leftover
6514,block_0785,DPoS,node_0291,2311.27,52.63,2363.9,voter pd share
6515,block_0785,DPoS,node_0391,5389.94,125.02,5514.96,voter pd share
6516,block_0785,DPoS,node_0479,6535.49,178.04,6713.53,voter pd share
6517,block_0785,DPoS,node_0347,5739.3,257.31,5996.61,self 20% + leftover
6518,block_0786,DPoS,node_0291,2319.9,50.83,2370.72,voter pd share
6519,block_0786,DPoS,node_0391,5529.96,120.74,5650.7,voter pd share
6520,block_0786,DPoS,node_0479,6713.53,171.94,6885.47,voter pd share
6521,block_0786,DPoS,node_0347,5992.61,248.49,6241.1,self 20% + leftover
6522,block_0787,DPoS,node_0272,12186.03,276.13,12462.17,voter pd share
6523,block_0787,DPoS,node_0357,6911.22,171.53,7082.75,voter pd share
6524,block_0787,DPoS,node_0429,2143.38,31.31,2174.69,voter pd share
6525,block_0787,DPoS,node_0179,8048.46,294.03,8342.49,self 20% + leftover
6526,block_0788,DPoS,node_0185,5731.22,125.65,5856.86,voter pd share
6527,block_0788,DPoS,node_0191,10901.85,229.78,11131.63,voter pd share
6528,block_0788,DPoS,node_0395,1727.42,56.39,1783.81,voter pd share
6529,block_0788,DPoS,node_0440,10435.52,360.18,10795.7,self 20% + leftover
6530,block_0789,DPoS,node_0268,6781.18,91.29,6872.46,voter pd share
6531,block_0789,DPoS,node_0421,9247.22,168.79,9416.01,voter pd share
6532,block_0789,DPoS,node_0375,11993.7,290.92,12284.62,self 20% + leftover
6533,block_0790,DPoS,node_0358,12582.34,270.12,12852.46,voter pd share
6534,block_0790,DPoS,node_0380,7184.55,174.38,7358.93,voter pd share
6535,block_0790,DPoS,node_0299,2924.65,166.5,3091.15,self 20% + leftover
6536,block_0791,DPoS,node_0027,2660.03,70.33,2730.35,voter pd share
6537,block_0791,DPoS,node_0153,0.61,0.62,1.23,voter pd share
6538,block_0791,DPoS,node_0394,1259.54,50.93,1310.47,voter pd share
6539,block_0791,DPoS,node_0442,14942.88,274.29,15217.16,voter pd share
6540,block_0791,DPoS,node_0498,4269.83,86.75,4356.58,voter pd share
6541,block_0791,DPoS,node_0244,3206.52,154.09,3360.61,self 20% + leftover
6542,block_0792,DPoS,node_0447,13623.24,328.83,13952.07,voter pd share
6543,block_0792,DPoS,node_0365,13720.72,440.17,14160.9,self 20% + leftover
6544,block_0793,DPoS,node_0086,1508.7,73.98,1582.68,voter pd share
6545,block_0793,DPoS,node_0152,1758.92,88.05,1846.96,voter pd share
6546,block_0793,DPoS,node_0158,8320.6,236.82,8557.42,voter pd share
6547,block_0793,DPoS,node_0245,1247.86,45.06,1292.91,voter pd share
6548,block_0793,DPoS,node_0092,3149.67,241.09,3390.76,self 20% + leftover
6549,block_0794,DPoS,node_0023,11043.32,319.9,11363.22,voter pd share
6550,block_0794,DPoS,node_0372,4323.38,141.74,4465.12,voter pd share
6551,block_0794,DPoS,node_0398,6194.45,312.36,6506.8,self 20% + leftover
6552,block_0795,DPoS,node_0249,3921.04,114.87,4035.91,voter pd share
6553,block_0795,DPoS,node_0413,10965.68,256.21,11221.89,voter pd share
6554,block_0795,DPoS,node_0430,2320.81,66.03,2386.84,voter pd share
6555,block_0795,DPoS,node_0309,5724.11,246.89,5971.0,self 20% + leftover
6556,block_0796,DPoS,node_0001,2148.45,37.11,2185.55,voter pd share
6557,block_0796,DPoS,node_0097,11527.45,212.41,11739.86,voter pd share
6558,block_0796,DPoS,node_0126,1010.93,12.27,1023.19,voter pd share
6559,block_0796,DPoS,node_0330,11518.94,303.22,11822.15,self 20% + leftover
6560,block_0797,DPoS,node_0096,4482.27,100.69,4582.96,voter pd share
6561,block_0797,DPoS,node_0147,10675.71,204.52,10880.23,voter pd share
6562,block_0797,DPoS,node_0428,6332.13,254.79,6586.93,self 20% + leftover
6563,block_0798,DPoS,node_0483,5619.05,140.8,5759.85,voter pd share
6564,block_0798,DPoS,node_0311,12288.53,416.2,12704.73,self 20% + leftover
6565,block_0799,DPoS,node_0283,2422.42,67.96,2490.38,voter pd share
6566,block_0799,DPoS,node_0373,9870.81,260.16,10130.97,voter pd share
6567,block_0799,DPoS,node_0171,11361.04,374.88,11735.92,self 20% + leftover
6568,block_0800,DPoS,node_0232,11425.59,296.79,11722.38,voter pd share
6569,block_0800,DPoS,node_0475,5688.4,101.83,5790.23,voter pd share
6570,block_0800,DPoS,node_0401,9163.71,319.39,9483.09,self 20% + leftover
6571,block_0801,DPoS,node_0316,12641.29,159.65,12800.94,voter pd share
6572,block_0801,DPoS,node_0378,1504.15,19.14,1523.3,voter pd share
6573,block_0801,DPoS,node_0388,6786.26,85.67,6871.94,voter pd share
6574,block_0801,DPoS,node_0488,9621.72,121.89,9743.61,voter pd share
6575,block_0801,DPoS,node_0499,4781.0,60.99,4841.99,voter pd share
6576,block_0801,DPoS,node_0032,10898.39,284.66,11183.05,self 20% + leftover
6577,block_0802,DPoS,node_0098,9931.8,95.8,10027.61,voter pd share
6578,block_0802,DPoS,node_0329,5182.0,50.3,5232.3,voter pd share
6579,block_0802,DPoS,node_0404,470.65,3.89,474.54,voter pd share
6580,block_0802,DPoS,node_0416,14891.42,142.4,15033.81,voter pd share
6581,block_0802,DPoS,node_0441,8363.12,80.41,8443.53,voter pd share
6582,block_0802,DPoS,node_0139,6072.0,166.21,6238.21,self 20% + leftover
6583,block_0803,DPoS,node_0011,42.0,0.29,42.29,voter pd share
6584,block_0803,DPoS,node_0085,6958.82,92.45,7051.27,voter pd share
6585,block_0803,DPoS,node_0134,3749.0,51.72,3800.72,voter pd share
6586,block_0803,DPoS,node_0158,8701.42,118.9,8820.32,voter pd share
6587,block_0803,DPoS,node_0215,11305.79,155.12,11460.91,voter pd share
6588,block_0803,DPoS,node_0414,6840.84,92.68,6933.53,voter pd share
6589,block_0803,DPoS,node_0170,6059.75,230.84,6290.59,self 20% + leftover
6590,block_0804,DPoS,node_0168,11311.92,141.97,11453.89,voter pd share
6591,block_0804,DPoS,node_0243,4216.0,54.38,4270.38,voter pd share
6592,block_0804,DPoS,node_0250,9607.81,120.38,9728.18,voter pd share
6593,block_0804,DPoS,node_0399,3975.86,51.24,4027.1,voter pd share
6594,block_0804,DPoS,node_0430,2291.84,30.14,2321.98,voter pd share
6595,block_0804,DPoS,node_0473,1944.0,27.69,1971.69,voter pd share
6596,block_0804,DPoS,node_0387,7971.54,232.21,8203.76,self 20% + leftover
6597,block_0805,DPoS,node_0008,328.0,5.12,333.12,voter pd share
6598,block_0805,DPoS,node_0041,3285.39,47.34,3332.72,voter pd share
6599,block_0805,DPoS,node_0049,12277.16,175.2,12452.36,voter pd share
6600,block_0805,DPoS,node_0255,7345.32,107.61,7452.93,voter pd share
6601,block_0805,DPoS,node_0326,4275.71,62.62,4338.32,voter pd share
6602,block_0805,DPoS,node_0398,6427.8,93.22,6521.02,voter pd share
6603,block_0805,DPoS,node_0475,5746.23,226.9,5973.13,self 20% + leftover
6604,block_0806,DPoS,node_0169,4441.42,59.47,4500.89,voter pd share
6605,block_0806,DPoS,node_0178,6603.0,89.42,6692.42,voter pd share
6606,block_0806,DPoS,node_0196,10412.0,140.66,10552.66,voter pd share
6607,block_0806,DPoS,node_0410,12545.24,171.78,12717.02,voter pd share
6608,block_0806,DPoS,node_0450,3295.0,45.01,3340.01,voter pd share
6609,block_0806,DPoS,node_0072,1916.0,163.66,2079.66,self 20% + leftover
6610,block_0807,DPoS,node_0079,4395.45,54.67,4450.13,voter pd share
6611,block_0807,DPoS,node_0133,7853.36,98.03,7951.39,voter pd share
6612,block_0807,DPoS,node_0264,495.26,7.19,502.46,voter pd share
6613,block_0807,DPoS,node_0333,13045.92,162.17,13208.09,voter pd share
6614,block_0807,DPoS,node_0336,2606.0,34.16,2640.16,voter pd share
6615,block_0807,DPoS,node_0439,9975.88,242.77,10218.65,self 20% + leftover
6616,block_0808,DPoS,node_0113,3487.74,55.29,3543.03,voter pd share
6617,block_0808,DPoS,node_0212,1320.22,22.44,1342.66,voter pd share
6618,block_0808,DPoS,node_0290,11088.62,179.79,11268.4,voter pd share
6619,block_0808,DPoS,node_0295,8130.32,137.07,8267.4,voter pd share
6620,block_0808,DPoS,node_0315,5139.93,84.19,5224.11,voter pd share
6621,block_0808,DPoS,node_0418,403.23,3.36,406.59,voter pd share
6622,block_0808,DPoS,node_0494,7576.18,271.86,7848.04,self 20% + leftover
6623,block_0809,DPoS,node_0125,1808.77,21.45,1830.22,voter pd share
6624,block_0809,DPoS,node_0189,7405.05,93.52,7498.56,voter pd share
6625,block_0809,DPoS,node_0249,4156.91,51.18,4208.09,voter pd share
6626,block_0809,DPoS,node_0251,2663.0,31.73,2694.73,voter pd share
6627,block_0809,DPoS,node_0313,4101.65,51.58,4153.23,voter pd share
6628,block_0809,DPoS,node_0478,3881.87,45.02,3926.88,voter pd share
6629,block_0809,DPoS,node_0246,12320.11,264.52,12584.63,self 20% + leftover
6630,block_0810,DPoS,node_0147,10758.23,145.64,10903.87,voter pd share
6631,block_0810,DPoS,node_0324,4763.0,63.96,4826.96,voter pd share
6632,block_0810,DPoS,node_0369,1119.0,16.1,1135.1,voter pd share
6633,block_0810,DPoS,node_0426,8953.08,121.28,9074.36,voter pd share
6634,block_0810,DPoS,node_0453,996.9,13.05,1009.95,voter pd share
6635,block_0810,DPoS,node_0334,9033.91,242.97,9276.88,self 20% + leftover
6636,block_0811,DPoS,node_0043,7621.75,115.28,7737.03,voter pd share
6637,block_0811,DPoS,node_0343,14803.7,224.47,15028.17,voter pd share
6638,block_0811,DPoS,node_0489,4971.47,72.39,5043.85,voter pd share
6639,block_0811,DPoS,node_0154,7257.28,235.86,7493.14,self 20% + leftover
6640,block_0812,DPoS,node_0084,10179.16,177.95,10357.1,voter pd share
6641,block_0812,DPoS,node_0120,85.0,1.46,86.46,voter pd share
6642,block_0812,DPoS,node_0157,10080.52,184.87,10265.4,voter pd share
6643,block_0812,DPoS,node_0165,7490.4,137.19,7627.58,voter pd share
6644,block_0812,DPoS,node_0437,1522.0,28.47,1550.47,voter pd share
6645,block_0812,DPoS,node_0425,4649.0,235.07,4884.07,self 20% + leftover
6646,block_0813,DPoS,node_0177,10294.54,141.41,10435.95,voter pd share
6647,block_0813,DPoS,node_0365,14437.9,195.54,14633.44,voter pd share
6648,block_0813,DPoS,node_0356,9067.18,242.05,9309.24,self 20% + leftover
6649,block_0814,DPoS,node_0245,1192.91,22.41,1215.32,voter pd share
6650,block_0814,DPoS,node_0294,10169.01,193.29,10362.3,voter pd share
6651,block_0814,DPoS,node_0383,4338.0,85.99,4423.99,voter pd share
6652,block_0814,DPoS,node_0386,7895.0,149.18,8044.18,voter pd share
6653,block_0814,DPoS,node_0036,8749.0,324.13,9073.13,self 20% + leftover
6654,block_0815,DPoS,node_0026,4396.99,69.67,4466.66,voter pd share
6655,block_0815,DPoS,node_0053,5993.0,93.14,6086.14,voter pd share
6656,block_0815,DPoS,node_0190,1429.0,29.78,1458.78,voter pd share
6657,block_0815,DPoS,node_0291,2147.72,34.27,2181.99,voter pd share
6658,block_0815,DPoS,node_0403,6004.4,95.56,6099.96,voter pd share
6659,block_0815,DPoS,node_0330,11585.15,315.59,11900.75,self 20% + leftover
6660,block_0816,DPoS,node_0128,7823.79,138.83,7962.63,voter pd share
6661,block_0816,DPoS,node_0150,3563.66,63.08,3626.73,voter pd share
6662,block_0816,DPoS,node_0268,6865.46,116.86,6982.32,voter pd share
6663,block_0816,DPoS,node_0358,12985.46,357.23,13342.69,self 20% + leftover
6664,block_0817,DPoS,node_0103,2922.0,43.64,2965.64,voter pd share
6665,block_0817,DPoS,node_0183,9256.21,142.43,9398.64,voter pd share
6666,block_0817,DPoS,node_0319,2691.0,42.38,2733.38,voter pd share
6667,block_0817,DPoS,node_0361,1925.26,31.75,1957.01,voter pd share
6668,block_0817,DPoS,node_0238,14228.48,335.8,14564.29,self 20% + leftover
6669,block_0818,DPoS,node_0108,1109.0,25.25,1134.25,voter pd share
6670,block_0818,DPoS,node_0193,7097.7,138.04,7235.74,voter pd share
6671,block_0818,DPoS,node_0210,3434.85,72.32,3507.17,voter pd share
6672,block_0818,DPoS,node_0424,5597.65,110.73,5708.38,voter pd share
6673,block_0818,DPoS,node_0447,14068.07,428.67,14496.74,self 20% + leftover
6674,block_0819,DPoS,node_0039,7491.95,158.98,7650.92,voter pd share
6675,block_0819,DPoS,node_0163,2476.69,51.82,2528.5,voter pd share
6676,block_0819,DPoS,node_0269,6274.0,128.39,6402.39,voter pd share
6677,block_0819,DPoS,node_0470,8501.17,180.49,8681.66,voter pd share
6678,block_0819,DPoS,node_0031,4211.21,247.33,4458.55,self 20% + leftover
6679,block_0820,DPoS,node_0003,10818.0,203.14,11021.14,voter pd share
6680,block_0820,DPoS,node_0213,13083.31,249.43,13332.74,voter pd share
6681,block_0820,DPoS,node_0497,1441.0,27.29,1468.29,voter pd share
6682,block_0820,DPoS,node_0462,2641.39,181.14,2822.53,self 20% + leftover
6683,block_0821,DPoS,node_0442,15491.16,352.55,15843.71,voter pd share
6684,block_0821,DPoS,node_0232,11722.38,423.45,12145.83,self 20% + leftover
6685,block_0822,DPoS,node_0015,5434.0,98.06,5532.06,voter pd share
6686,block_0822,DPoS,node_0018,6968.71,127.47,7096.18,voter pd share
6687,block_0822,DPoS,node_0119,6673.36,119.06,6792.42,voter pd share
6688,block_0822,DPoS,node_0384,7731.0,264.4,7995.4,self 20% + leftover
6689,block_0823,DPoS,node_0063,4565.98,89.81,4655.79,voter pd share
6690,block_0823,DPoS,node_0100,6395.0,118.79,6513.79,voter pd share
6691,block_0823,DPoS,node_0228,4238.0,75.38,4313.38,voter pd share
6692,block_0823,DPoS,node_0325,11462.45,219.94,11682.39,voter pd share
6693,block_0823,DPoS,node_0458,486.69,7.21,493.9,voter pd share
6694,block_0823,DPoS,node_0423,801.0,140.86,941.86,self 20% + leftover
6695,block_0824,DPoS,node_0191,11354.63,218.37,11572.99,voter pd share
6696,block_0824,DPoS,node_0335,3178.84,67.47,3246.3,voter pd share
6697,block_0824,DPoS,node_0391,5402.7,111.3,5514.0,voter pd share
6698,block_0824,DPoS,node_0406,2999.0,55.4,3054.4,voter pd share
6699,block_0824,DPoS,node_0407,718.12,23.89,742.01,voter pd share
6700,block_0824,DPoS,node_0174,3210.23,187.57,3397.8,self 20% + leftover
6701,block_0825,DPoS,node_0171,11816.92,270.64,12087.56,voter pd share
6702,block_0825,DPoS,node_0304,3357.81,85.08,3442.89,voter pd share
6703,block_0825,DPoS,node_0376,9909.35,234.82,10144.17,voter pd share
6704,block_0825,DPoS,node_0393,257.0,153.45,410.45,self 20% + leftover
6705,block_0826,DPoS,node_0454,8297.18,152.9,8450.09,voter pd share
6706,block_0826,DPoS,node_0479,6789.47,126.77,6916.24,voter pd share
6707,block_0826,DPoS,node_0262,10383.42,309.33,10692.75,self 20% + leftover
6708,block_0827,DPoS,node_0149,7750.19,186.37,7936.57,voter pd share
6709,block_0827,DPoS,node_0235,6082.64,151.48,6234.11,voter pd share
6710,block_0827,DPoS,node_0465,11382.07,436.15,11818.22,self 20% + leftover
6711,block_0828,DPoS,node_0149,7882.57,179.63,8062.2,voter pd share
6712,block_0828,DPoS,node_0235,6265.11,146.0,6411.11,voter pd share
6713,block_0828,DPoS,node_0465,11818.22,420.37,12238.59,self 20% + leftover
6714,block_0829,DPoS,node_0027,2248.35,64.32,2312.67,voter pd share
6715,block_0829,DPoS,node_0092,3316.76,80.5,3397.26,voter pd share
6716,block_0829,DPoS,node_0289,4310.0,108.81,4418.81,voter pd share
6717,block_0829,DPoS,node_0348,1367.0,23.21,1390.21,voter pd share
6718,block_0829,DPoS,node_0352,8767.0,216.37,8983.37,voter pd share
6719,block_0829,DPoS,node_0355,325.0,3.0,328.0,voter pd share
6720,block_0829,DPoS,node_0208,5201.09,273.8,5474.9,self 20% + leftover
6721,block_0830,DPoS,node_0146,2269.76,45.75,2315.51,voter pd share
6722,block_0830,DPoS,node_0254,6509.0,128.83,6637.83,voter pd share
6723,block_0830,DPoS,node_0288,2204.0,35.04,2239.04,voter pd share
6724,block_0830,DPoS,node_0362,652.47,7.98,660.45,voter pd share
6725,block_0830,DPoS,node_0030,13445.55,382.4,13827.96,self 20% + leftover
6726,block_0831,DPoS,node_0110,4344.0,98.95,4442.95,voter pd share
6727,block_0831,DPoS,node_0173,4787.0,119.78,4906.78,voter pd share
6728,block_0831,DPoS,node_0204,4711.0,111.47,4822.47,voter pd share
6729,block_0831,DPoS,node_0322,10950.7,402.79,11353.49,self 20% + leftover
6730,block_0832,DPoS,node_0023,11755.22,290.59,12045.81,voter pd share
6731,block_0832,DPoS,node_0481,3725.07,101.54,3826.62,voter pd share
6732,block_0832,DPoS,node_0486,8700.83,383.86,9084.7,self 20% + leftover
6733,block_0833,DPoS,node_0058,4608.94,120.26,4729.19,voter pd share
6734,block_0833,DPoS,node_0060,8535.0,217.36,8752.36,voter pd share
6735,block_0833,DPoS,node_0044,11103.92,437.38,11541.3,self 20% + leftover
6736,block_0834,DPoS,node_0058,4755.19,120.26,4875.45,voter pd share
6737,block_0834,DPoS,node_0060,8666.36,217.36,8883.72,voter pd share
6738,block_0834,DPoS,node_0044,11499.3,437.38,11936.68,self 20% + leftover
6739,block_0835,DPoS,node_0230,9356.41,240.87,9597.28,voter pd share
6740,block_0835,DPoS,node_0474,5616.83,159.53,5776.36,voter pd share
6741,block_0835,DPoS,node_0274,8166.23,377.6,8543.83,self 20% + leftover
6742,block_0836,DPoS,node_0019,3366.45,69.86,3436.31,voter pd share
6743,block_0836,DPoS,node_0303,13935.05,302.59,14237.64,voter pd share
6744,block_0836,DPoS,node_0463,4984.0,110.3,5094.3,voter pd share
6745,block_0836,DPoS,node_0195,453.0,144.25,597.25,self 20% + leftover
6746,block_0837,DPoS,node_0446,4577.54,118.39,4695.93,voter pd share
6747,block_0837,DPoS,node_0480,9464.07,239.73,9703.8,voter pd share
6748,block_0837,DPoS,node_0107,10109.63,417.89,10527.52,self 20% + leftover
6749,block_0838,DPoS,node_0010,3438.0,87.96,3525.96,voter pd share
6750,block_0838,DPoS,node_0192,14375.43,380.58,14756.01,voter pd share
6751,block_0838,DPoS,node_0310,3769.44,100.24,3869.68,voter pd share
6752,block_0838,DPoS,node_0350,914.96,185.22,1100.18,self 20% + leftover
6753,block_0839,DPoS,node_0357,7521.75,193.86,7715.61,voter pd share
6754,block_0839,DPoS,node_0413,11025.89,308.81,11334.71,voter pd share
6755,block_0839,DPoS,node_0259,3755.0,262.32,4017.32,self 20% + leftover
6756,block_0840,DPoS,node_0270,11638.62,258.4,11897.02,voter pd share
6757,block_0840,DPoS,node_0491,4153.0,97.49,4250.49,voter pd share
6758,block_0840,DPoS,node_0282,6174.95,265.11,6440.06,self 20% + leftover
6759,block_0841,DPoS,node_0316,12633.94,146.12,12780.06,voter pd share
6760,block_0841,DPoS,node_0378,1726.3,17.52,1743.82,voter pd share
6761,block_0841,DPoS,node_0388,6700.94,78.42,6779.35,voter pd share
6762,block_0841,DPoS,node_0488,9591.61,111.57,9703.18,voter pd share
6763,block_0841,DPoS,node_0499,4207.99,55.83,4263.82,voter pd share
6764,block_0841,DPoS,node_0032,10895.05,260.55,11155.59,self 20% + leftover
6765,block_0842,DPoS,node_0098,9964.61,133.66,10098.27,voter pd share
6766,block_0842,DPoS,node_0329,5244.3,70.17,5314.47,voter pd share
6767,block_0842,DPoS,node_0404,699.54,5.43,704.96,voter pd share
6768,block_0842,DPoS,node_0416,15031.81,198.67,15230.48,voter pd share
6769,block_0842,DPoS,node_0441,8578.53,112.19,8690.71,voter pd share
6770,block_0842,DPoS,node_0139,5912.21,231.89,6144.09,self 20% + leftover
6771,block_0843,DPoS,node_0011,385.29,0.22,385.51,voter pd share
6772,block_0843,DPoS,node_0085,6861.27,72.27,6933.53,voter pd share
6773,block_0843,DPoS,node_0134,3465.72,40.43,3506.16,voter pd share
6774,block_0843,DPoS,node_0158,8555.32,92.94,8648.25,voter pd share
6775,block_0843,DPoS,node_0215,11139.91,121.25,11261.16,voter pd share
6776,block_0843,DPoS,node_0414,6856.53,72.45,6928.98,voter pd share
6777,block_0843,DPoS,node_0170,6421.59,180.44,6602.03,self 20% + leftover
6778,block_0844,DPoS,node_0168,11558.89,116.51,11675.4,voter pd share
6779,block_0844,DPoS,node_0243,3812.38,44.63,3857.01,voter pd share
6780,block_0844,DPoS,node_0250,9825.18,98.79,9923.97,voter pd share
6781,block_0844,DPoS,node_0399,3836.1,42.05,3878.15,voter pd share
6782,block_0844,DPoS,node_0430,2344.98,24.74,2369.72,voter pd share
6783,block_0844,DPoS,node_0473,2160.69,22.72,2183.41,voter pd share
6784,block_0844,DPoS,node_0387,8027.76,190.57,8218.33,self 20% + leftover
6785,block_0845,DPoS,node_0008,421.12,5.34,426.46,voter pd share
6786,block_0845,DPoS,node_0041,3324.72,49.31,3374.04,voter pd share
6787,block_0845,DPoS,node_0049,12461.36,182.52,12643.87,voter pd share
6788,block_0845,DPoS,node_0255,7381.93,112.11,7494.04,voter pd share
6789,block_0845,DPoS,node_0326,3623.32,65.23,3688.56,voter pd share
6790,block_0845,DPoS,node_0398,6359.02,97.11,6456.13,voter pd share
6791,block_0845,DPoS,node_0475,5628.13,236.38,5864.51,self 20% + leftover
6792,block_0846,DPoS,node_0169,4609.89,61.78,4671.67,voter pd share
6793,block_0846,DPoS,node_0178,6352.42,92.89,6445.31,voter pd share
6794,block_0846,DPoS,node_0196,10036.66,146.11,10182.77,voter pd share
6795,block_0846,DPoS,node_0410,12073.02,178.45,12251.47,voter pd share
6796,block_0846,DPoS,node_0450,3540.01,46.76,3586.77,voter pd share
6797,block_0846,DPoS,node_0072,1469.66,170.01,1639.67,self 20% + leftover
6798,block_0847,DPoS,node_0079,4230.13,69.09,4299.22,voter pd share
6799,block_0847,DPoS,node_0133,7519.39,123.89,7643.28,voter pd share
6800,block_0847,DPoS,node_0264,10.46,9.09,19.55,voter pd share
6801,block_0847,DPoS,node_0333,13640.09,204.95,13845.04,voter pd share
6802,block_0847,DPoS,node_0336,2384.16,43.17,2427.33,voter pd share
6803,block_0847,DPoS,node_0439,10041.65,306.81,10348.45,self 20% + leftover
6804,block_0848,DPoS,node_0113,3482.03,57.05,3539.08,voter pd share
6805,block_0848,DPoS,node_0212,1672.66,23.16,1695.82,voter pd share
6806,block_0848,DPoS,node_0290,11256.4,185.51,11441.91,voter pd share
6807,block_0848,DPoS,node_0295,8025.4,141.44,8166.83,voter pd share
6808,block_0848,DPoS,node_0315,4546.11,86.87,4632.98,voter pd share
6809,block_0848,DPoS,node_0418,229.59,3.47,233.06,voter pd share
6810,block_0848,DPoS,node_0494,8189.04,280.51,8469.55,self 20% + leftover
6811,block_0849,DPoS,node_0125,1526.22,29.81,1556.03,voter pd share
6812,block_0849,DPoS,node_0189,7256.56,129.99,7386.55,voter pd share
6813,block_0849,DPoS,node_0249,4049.09,71.15,4120.24,voter pd share
6814,block_0849,DPoS,node_0251,2345.73,44.1,2389.83,voter pd share
6815,block_0849,DPoS,node_0313,4026.23,71.7,4097.92,voter pd share
6816,block_0849,DPoS,node_0478,3788.88,62.57,3851.46,voter pd share
6817,block_0849,DPoS,node_0246,12638.63,367.68,13006.32,self 20% + leftover
6818,block_0850,DPoS,node_0147,11050.87,159.89,11210.76,voter pd share
6819,block_0850,DPoS,node_0324,4569.96,70.22,4640.17,voter pd share
6820,block_0850,DPoS,node_0369,1423.1,17.67,1440.77,voter pd share
6821,block_0850,DPoS,node_0426,8740.36,133.14,8873.51,voter pd share
6822,block_0850,DPoS,node_0453,890.95,14.32,905.27,voter pd share
6823,block_0850,DPoS,node_0334,9458.88,266.75,9725.63,self 20% + leftover
6824,block_0851,DPoS,node_0006,6454.0,147.19,6601.19,voter pd share
6825,block_0851,DPoS,node_0188,6616.98,167.82,6784.8,voter pd share
6826,block_0851,DPoS,node_0284,2706.0,60.43,2766.43,voter pd share
6827,block_0851,DPoS,node_0121,5981.25,274.56,6255.81,self 20% + leftover
6828,block_0852,DPoS,node_0084,10242.1,151.43,10393.53,voter pd share
6829,block_0852,DPoS,node_0120,232.46,1.24,233.69,voter pd share
6830,block_0852,DPoS,node_0157,10069.4,157.32,10226.72,voter pd share
6831,block_0852,DPoS,node_0165,7571.58,116.74,7688.32,voter pd share
6832,block_0852,DPoS,node_0437,1266.47,24.23,1290.7,voter pd share
6833,block_0852,DPoS,node_0425,4581.07,200.04,4781.11,self 20% + leftover
6834,block_0853,DPoS,node_0177,10328.95,137.74,10466.69,voter pd share
6835,block_0853,DPoS,node_0365,14508.44,190.47,14698.91,voter pd share
6836,block_0853,DPoS,node_0356,9332.24,235.78,9568.02,self 20% + leftover
6837,block_0854,DPoS,node_0245,1806.32,21.19,1827.51,voter pd share
6838,block_0854,DPoS,node_0294,10535.3,182.81,10718.11,voter pd share
6839,block_0854,DPoS,node_0383,4249.99,81.33,4331.31,voter pd share
6840,block_0854,DPoS,node_0386,7971.18,141.1,8112.28,voter pd share
6841,block_0854,DPoS,node_0036,8693.13,306.57,8999.7,self 20% + leftover
6842,block_0855,DPoS,node_0026,5443.66,83.75,5527.41,voter pd share
6843,block_0855,DPoS,node_0053,5850.14,111.97,5962.11,voter pd share
6844,block_0855,DPoS,node_0190,1597.78,35.8,1633.57,voter pd share
6845,block_0855,DPoS,node_0291,2108.99,41.19,2150.18,voter pd share
6846,block_0855,DPoS,node_0403,6242.96,114.88,6357.84,voter pd share
6847,block_0855,DPoS,node_0330,11558.75,379.41,11938.16,self 20% + leftover
6848,block_0856,DPoS,node_0128,7088.63,135.34,7223.97,voter pd share
6849,block_0856,DPoS,node_0150,3487.73,61.49,3549.23,voter pd share
6850,block_0856,DPoS,node_0268,6685.32,113.92,6799.24,voter pd share
6851,block_0856,DPoS,node_0358,13327.69,348.25,13675.94,self 20% + leftover
6852,block_0857,DPoS,node_0103,3365.64,51.48,3417.12,voter pd share
6853,block_0857,DPoS,node_0183,9582.64,168.0,9750.64,voter pd share
6854,block_0857,DPoS,node_0319,2284.38,49.98,2334.36,voter pd share
6855,block_0857,DPoS,node_0361,1385.01,37.45,1422.46,voter pd share
6856,block_0857,DPoS,node_0238,14978.29,396.09,15374.37,self 20% + leftover
6857,block_0858,DPoS,node_0108,1328.25,19.22,1347.46,voter pd share
6858,block_0858,DPoS,node_0193,7006.74,105.09,7111.83,voter pd share
6859,block_0858,DPoS,node_0210,3545.17,55.05,3600.22,voter pd share
6860,block_0858,DPoS,node_0424,5783.38,84.3,5867.67,voter pd share
6861,block_0858,DPoS,node_0447,14225.74,326.34,14552.08,self 20% + leftover
6862,block_0859,DPoS,node_0039,7645.92,131.2,7777.12,voter pd share
6863,block_0859,DPoS,node_0163,2161.5,42.76,2204.27,voter pd share
6864,block_0859,DPoS,node_0269,6213.39,105.96,6319.34,voter pd share
6865,block_0859,DPoS,node_0470,8471.66,148.96,8620.61,voter pd share
6866,block_0859,DPoS,node_0031,4120.55,204.12,4324.67,self 20% + leftover
6867,block_0860,DPoS,node_0003,10880.14,228.65,11108.79,voter pd share
6868,block_0860,DPoS,node_0213,13178.74,280.75,13459.49,voter pd share
6869,block_0860,DPoS,node_0497,1427.29,30.72,1458.01,voter pd share
6870,block_0860,DPoS,node_0462,3291.53,203.89,3495.42,self 20% + leftover
6871,block_0861,DPoS,node_0442,15822.71,341.19,16163.9,voter pd share
6872,block_0861,DPoS,node_0232,11787.83,409.81,12197.64,self 20% + leftover
6873,block_0862,DPoS,node_0062,2043.0,87.27,2130.27,voter pd share
6874,block_0862,DPoS,node_0186,3473.0,84.83,3557.83,voter pd share
6875,block_0862,DPoS,node_0466,6176.96,180.31,6357.27,voter pd share
6876,block_0862,DPoS,node_0484,10048.3,418.59,10466.89,self 20% + leftover
6877,block_0863,DPoS,node_0063,4630.79,95.6,4726.39,voter pd share
6878,block_0863,DPoS,node_0100,5836.79,126.44,5963.23,voter pd share
6879,block_0863,DPoS,node_0228,4298.38,80.24,4378.62,voter pd share
6880,block_0863,DPoS,node_0325,11349.39,234.11,11583.51,voter pd share
6881,block_0863,DPoS,node_0458,177.9,7.67,185.57,voter pd share
6882,block_0863,DPoS,node_0423,749.86,149.94,899.8,self 20% + leftover
6883,block_0864,DPoS,node_0191,11575.99,190.41,11766.41,voter pd share
6884,block_0864,DPoS,node_0335,2954.3,58.83,3013.14,voter pd share
6885,block_0864,DPoS,node_0391,5341.0,97.05,5438.06,voter pd share
6886,block_0864,DPoS,node_0406,2162.4,48.31,2210.7,voter pd share
6887,block_0864,DPoS,node_0407,692.01,20.83,712.84,voter pd share
6888,block_0864,DPoS,node_0174,4008.8,163.56,4172.36,self 20% + leftover
6889,block_0865,DPoS,node_0171,11721.56,281.19,12002.75,voter pd share
6890,block_0865,DPoS,node_0304,3189.89,88.4,3278.29,voter pd share
6891,block_0865,DPoS,node_0376,10743.17,243.98,10987.15,voter pd share
6892,block_0865,DPoS,node_0393,866.45,159.44,1025.89,self 20% + leftover
6893,block_0866,DPoS,node_0454,8140.09,195.22,8335.3,voter pd share
6894,block_0866,DPoS,node_0479,7091.24,161.85,7253.09,voter pd share
6895,block_0866,DPoS,node_0262,10509.75,394.93,10904.69,self 20% + leftover
6896,block_0867,DPoS,node_0149,8513.2,157.48,8670.68,voter pd share
6897,block_0867,DPoS,node_0235,6660.11,127.99,6788.11,voter pd share
6898,block_0867,DPoS,node_0465,11978.59,368.53,12347.11,self 20% + leftover
6899,block_0868,DPoS,node_0149,8660.68,152.18,8812.86,voter pd share
6900,block_0868,DPoS,node_0235,6812.11,123.69,6935.8,voter pd share
6901,block_0868,DPoS,node_0465,12267.11,356.13,12623.24,self 20% + leftover
6902,block_0869,DPoS,node_0027,2693.67,60.48,2754.15,voter pd share
6903,block_0869,DPoS,node_0092,3642.26,75.69,3717.95,voter pd share
6904,block_0869,DPoS,node_0289,4438.81,102.31,4541.11,voter pd share
6905,block_0869,DPoS,node_0348,1489.21,21.82,1511.03,voter pd share
6906,block_0869,DPoS,node_0352,8690.37,203.44,8893.81,voter pd share
6907,block_0869,DPoS,node_0355,285.0,2.82,287.82,voter pd share
6908,block_0869,DPoS,node_0208,5529.9,257.45,5787.34,self 20% + leftover
6909,block_0870,DPoS,node_0146,2632.51,51.32,2683.82,voter pd share
6910,block_0870,DPoS,node_0254,6694.83,144.5,6839.33,voter pd share
6911,block_0870,DPoS,node_0288,2046.04,39.3,2085.35,voter pd share
6912,block_0870,DPoS,node_0362,989.45,8.95,998.4,voter pd share
6913,block_0870,DPoS,node_0030,13708.96,428.93,14137.89,self 20% + leftover
6914,block_0871,DPoS,node_0110,4422.95,100.3,4523.26,voter pd share
6915,block_0871,DPoS,node_0173,5352.78,121.41,5474.2,voter pd share
6916,block_0871,DPoS,node_0204,4438.47,113.0,4551.47,voter pd share
6917,block_0871,DPoS,node_0322,10909.49,408.29,11317.77,self 20% + leftover
6918,block_0872,DPoS,node_0023,11990.81,229.18,12219.99,voter pd share
6919,block_0872,DPoS,node_0481,3779.62,80.08,3859.7,voter pd share
6920,block_0872,DPoS,node_0486,9334.7,302.74,9637.43,self 20% + leftover
6921,block_0873,DPoS,node_0135,4487.0,105.05,4592.05,voter pd share
6922,block_0873,DPoS,node_0405,9746.93,214.27,9961.21,voter pd share
6923,block_0873,DPoS,node_0175,7736.89,273.68,8010.57,self 20% + leftover
6924,block_0874,DPoS,node_0058,4591.45,116.38,4707.83,voter pd share
6925,block_0874,DPoS,node_0060,9060.72,210.35,9271.07,voter pd share
6926,block_0874,DPoS,node_0044,11586.68,423.27,12009.95,self 20% + leftover
6927,block_0875,DPoS,node_0056,11465.04,241.94,11706.98,voter pd share
6928,block_0875,DPoS,node_0028,9018.05,282.06,9300.12,self 20% + leftover
6929,block_0876,DPoS,node_0019,3365.31,79.78,3445.09,voter pd share
6930,block_0876,DPoS,node_0303,14342.64,345.54,14688.17,voter pd share
6931,block_0876,DPoS,node_0463,5218.3,125.96,5344.26,voter pd share
6932,block_0876,DPoS,node_0195,604.25,164.72,768.97,self 20% + leftover
6933,block_0877,DPoS,node_0446,4643.93,96.11,4740.04,voter pd share
6934,block_0877,DPoS,node_0480,9725.8,194.62,9920.42,voter pd share
6935,block_0877,DPoS,node_0107,10343.52,339.26,10682.78,self 20% + leftover
6936,block_0878,DPoS,node_0010,3588.96,89.48,3678.44,voter pd share
6937,block_0878,DPoS,node_0192,14613.01,387.14,15000.16,voter pd share
6938,block_0878,DPoS,node_0310,4143.68,101.97,4245.65,voter pd share
6939,block_0878,DPoS,node_0350,167.18,188.41,355.59,self 20% + leftover
6940,block_0879,DPoS,node_0357,7707.61,149.51,7857.13,voter pd share
6941,block_0879,DPoS,node_0413,11087.71,238.17,11325.88,voter pd share
6942,block_0879,DPoS,node_0259,3989.32,202.32,4191.64,self 20% + leftover
6943,block_0880,DPoS,node_0270,11855.02,322.48,12177.5,voter pd share
6944,block_0880,DPoS,node_0491,4159.49,121.66,4281.15,voter pd share
6945,block_0880,DPoS,node_0282,6508.06,330.86,6838.92,self 20% + leftover
6946,block_0881,DPoS,node_0316,12656.06,168.59,12824.65,voter pd share
6947,block_0881,DPoS,node_0378,1909.82,20.21,1930.03,voter pd share
6948,block_0881,DPoS,node_0388,6964.35,90.47,7054.82,voter pd share
6949,block_0881,DPoS,node_0488,9532.18,128.72,9660.89,voter pd share
6950,block_0881,DPoS,node_0499,4537.82,64.41,4602.22,voter pd share
6951,block_0881,DPoS,node_0032,10860.59,300.6,11161.2,self 20% + leftover
6952,block_0882,DPoS,node_0098,9953.27,136.69,10089.96,voter pd share
6953,block_0882,DPoS,node_0329,4746.47,71.76,4818.22,voter pd share
6954,block_0882,DPoS,node_0404,821.96,5.55,827.51,voter pd share
6955,block_0882,DPoS,node_0416,14602.48,203.16,14805.64,voter pd share
6956,block_0882,DPoS,node_0441,9059.71,114.72,9174.43,voter pd share
6957,block_0882,DPoS,node_0139,6070.09,237.13,6307.22,self 20% + leftover
6958,block_0883,DPoS,node_0011,7.51,0.28,7.8,voter pd share
6959,block_0883,DPoS,node_0085,6622.53,91.58,6714.11,voter pd share
6960,block_0883,DPoS,node_0134,3020.16,51.24,3071.39,voter pd share
6961,block_0883,DPoS,node_0158,8472.25,117.77,8590.03,voter pd share
6962,block_0883,DPoS,node_0215,11048.16,153.65,11201.81,voter pd share
6963,block_0883,DPoS,node_0414,6838.98,91.81,6930.79,voter pd share
6964,block_0883,DPoS,node_0170,6086.03,228.66,6314.69,self 20% + leftover
6965,block_0884,DPoS,node_0168,11850.4,164.19,12014.59,voter pd share
6966,block_0884,DPoS,node_0243,3683.01,62.89,3745.9,voter pd share
6967,block_0884,DPoS,node_0250,9492.97,139.22,9632.19,voter pd share
6968,block_0884,DPoS,node_0399,3574.15,59.26,3633.4,voter pd share
6969,block_0884,DPoS,node_0430,1909.72,34.86,1944.57,voter pd share
6970,block_0884,DPoS,node_0473,2192.41,32.02,2224.43,voter pd share
6971,block_0884,DPoS,node_0387,8943.33,268.56,9211.89,self 20% + leftover
6972,block_0885,DPoS,node_0008,801.46,5.53,806.98,voter pd share
6973,block_0885,DPoS,node_0041,2510.04,51.09,2561.13,voter pd share
6974,block_0885,DPoS,node_0049,12574.87,189.1,12763.97,voter pd share
6975,block_0885,DPoS,node_0255,7263.04,116.16,7379.2,voter pd share
6976,block_0885,DPoS,node_0326,3497.56,67.59,3565.15,voter pd share
6977,block_0885,DPoS,node_0398,6377.13,100.62,6477.75,voter pd share
6978,block_0885,DPoS,node_0475,6016.51,244.91,6261.42,self 20% + leftover
6979,block_0886,DPoS,node_0169,4698.67,53.26,4751.92,voter pd share
6980,block_0886,DPoS,node_0178,6588.31,80.08,6668.39,voter pd share
6981,block_0886,DPoS,node_0196,9956.77,125.96,10082.73,voter pd share
6982,block_0886,DPoS,node_0410,12521.47,153.84,12675.31,voter pd share
6983,block_0886,DPoS,node_0450,3736.77,40.31,3777.07,voter pd share
6984,block_0886,DPoS,node_0072,1291.67,146.56,1438.23,self 20% + leftover
6985,block_0887,DPoS,node_0079,3809.22,52.85,3862.07,voter pd share
6986,block_0887,DPoS,node_0133,7414.28,94.76,7509.04,voter pd share
6987,block_0887,DPoS,node_0264,16.55,6.95,23.5,voter pd share
6988,block_0887,DPoS,node_0333,13845.04,156.76,14001.8,voter pd share
6989,block_0887,DPoS,node_0336,1931.33,33.02,1964.35,voter pd share
6990,block_0887,DPoS,node_0439,10756.45,234.67,10991.12,self 20% + leftover
6991,block_0888,DPoS,node_0113,3023.08,50.38,3073.46,voter pd share
6992,block_0888,DPoS,node_0212,1524.82,20.45,1545.26,voter pd share
6993,block_0888,DPoS,node_0290,11994.91,163.81,12158.72,voter pd share
6994,block_0888,DPoS,node_0295,8162.83,124.89,8287.73,voter pd share
6995,block_0888,DPoS,node_0315,4597.98,76.71,4674.69,voter pd share
6996,block_0888,DPoS,node_0418,47.06,3.06,50.12,voter pd share
6997,block_0888,DPoS,node_0494,8565.55,247.7,8813.25,self 20% + leftover
6998,block_0889,DPoS,node_0125,1787.03,26.09,1813.12,voter pd share
6999,block_0889,DPoS,node_0189,7550.55,113.76,7664.3,voter pd share
7000,block_0889,DPoS,node_0249,4610.24,62.26,4672.5,voter pd share
7001,block_0889,DPoS,node_0251,2469.83,38.6,2508.43,voter pd share
7002,block_0889,DPoS,node_0313,3949.92,62.75,4012.67,voter pd share
7003,block_0889,DPoS,node_0478,3985.46,54.76,4040.22,voter pd share
7004,block_0889,DPoS,node_0246,12171.32,321.78,12493.1,self 20% + leftover
7005,block_0890,DPoS,node_0147,10238.76,140.33,10379.1,voter pd share
7006,block_0890,DPoS,node_0324,4927.17,61.62,4988.8,voter pd share
7007,block_0890,DPoS,node_0369,1409.77,15.51,1425.28,voter pd share
7008,block_0890,DPoS,node_0426,8766.51,116.85,8883.36,voter pd share
7009,block_0890,DPoS,node_0453,1286.27,12.57,1298.84,voter pd share
7010,block_0890,DPoS,node_0334,9979.63,234.11,10213.74,self 20% + leftover
7011,block_0891,DPoS,node_0006,6169.19,168.7,6337.89,voter pd share
7012,block_0891,DPoS,node_0188,7262.8,192.35,7455.16,voter pd share
7013,block_0891,DPoS,node_0284,2233.43,69.26,2302.69,voter pd share
7014,block_0891,DPoS,node_0121,6111.81,314.69,6426.5,self 20% + leftover
7015,block_0892,DPoS,node_0084,10111.53,173.76,10285.29,voter pd share
7016,block_0892,DPoS,node_0120,217.69,1.42,219.12,voter pd share
7017,block_0892,DPoS,node_0157,10392.72,180.52,10573.24,voter pd share
7018,block_0892,DPoS,node_0165,7662.32,133.96,7796.28,voter pd share
7019,block_0892,DPoS,node_0437,1191.7,27.8,1219.5,voter pd share
7020,block_0892,DPoS,node_0425,4700.11,229.54,4929.65,self 20% + leftover
7021,block_0893,DPoS,node_0177,10890.69,181.7,11072.39,voter pd share
7022,block_0893,DPoS,node_0365,14782.91,251.26,15034.18,voter pd share
7023,block_0893,DPoS,node_0356,9516.02,311.03,9827.06,self 20% + leftover
7024,block_0894,DPoS,node_0245,1895.51,22.18,1917.69,voter pd share
7025,block_0894,DPoS,node_0294,10789.11,191.29,10980.4,voter pd share
7026,block_0894,DPoS,node_0383,4527.31,85.1,4612.41,voter pd share
7027,block_0894,DPoS,node_0386,8221.28,147.64,8368.92,voter pd share
7028,block_0894,DPoS,node_0036,9128.7,320.79,9449.49,self 20% + leftover
7029,block_0895,DPoS,node_0026,4812.41,81.24,4893.65,voter pd share
7030,block_0895,DPoS,node_0053,6309.11,108.61,6417.72,voter pd share
7031,block_0895,DPoS,node_0190,1021.57,34.72,1056.29,voter pd share
7032,block_0895,DPoS,node_0291,1952.18,39.96,1992.14,voter pd share
7033,block_0895,DPoS,node_0403,7036.84,111.44,7148.28,voter pd share
7034,block_0895,DPoS,node_0330,11969.16,368.03,12337.18,self 20% + leftover
7035,block_0896,DPoS,node_0128,7604.97,156.7,7761.67,voter pd share
7036,block_0896,DPoS,node_0150,3176.23,71.2,3247.42,voter pd share
7037,block_0896,DPoS,node_0268,6700.24,131.9,6832.14,voter pd share
7038,block_0896,DPoS,node_0358,13474.94,403.2,13878.14,self 20% + leftover
7039,block_0897,DPoS,node_0103,3017.12,41.59,3058.71,voter pd share
7040,block_0897,DPoS,node_0183,9565.64,135.74,9701.38,voter pd share
7041,block_0897,DPoS,node_0319,2047.36,40.38,2087.74,voter pd share
7042,block_0897,DPoS,node_0361,1028.46,30.26,1058.72,voter pd share
7043,block_0897,DPoS,node_0238,15543.37,320.03,15863.4,self 20% + leftover
7044,block_0898,DPoS,node_0108,1481.46,25.28,1506.74,voter pd share
7045,block_0898,DPoS,node_0193,7025.83,138.22,7164.05,voter pd share
7046,block_0898,DPoS,node_0210,3397.22,72.41,3469.63,voter pd share
7047,block_0898,DPoS,node_0424,5398.67,110.87,5509.54,voter pd share
7048,block_0898,DPoS,node_0447,13982.08,429.22,14411.3,self 20% + leftover
7049,block_0899,DPoS,node_0039,7633.12,161.05,7794.17,voter pd share
7050,block_0899,DPoS,node_0163,2777.27,52.49,2829.76,voter pd share
7051,block_0899,DPoS,node_0269,6218.34,130.06,6348.4,voter pd share
7052,block_0899,DPoS,node_0470,8554.61,182.84,8737.45,voter pd share
7053,block_0899,DPoS,node_0031,4155.67,250.56,4406.23,self 20% + leftover
7054,block_0900,DPoS,node_0003,11293.79,221.58,11515.37,voter pd share
7055,block_0900,DPoS,node_0213,13241.49,272.07,13513.55,voter pd share
7056,block_0900,DPoS,node_0497,1467.01,29.77,1496.78,voter pd share
7057,block_0900,DPoS,node_0462,2917.42,197.58,3115.0,self 20% + leftover
7058,block_0901,DPoS,node_0442,16127.9,351.19,16479.09,voter pd share
7059,block_0901,DPoS,node_0232,11966.64,421.81,12388.45,self 20% + leftover
7060,block_0902,DPoS,node_0062,1928.27,70.63,1998.9,voter pd share
7061,block_0902,DPoS,node_0186,3502.83,68.66,3571.49,voter pd share
7062,block_0902,DPoS,node_0466,6645.27,145.93,6791.2,voter pd share
7063,block_0902,DPoS,node_0484,10182.89,338.78,10521.68,self 20% + leftover
