Election_ID,account_id,candidate_account_id,Profit_demand,Stakes,Status,Remarks
1,node_0001,node_0388,0.86,1874,active,voter (Total-weighted random choice)
1,node_0002,node_0002,1.00,4062,active,self-vote (candidate self-stake)
1,node_0003,node_0003,1.00,8985,active,self-vote (candidate self-stake)
1,node_0004,node_0194,1.15,570,active,voter (Total-weighted random choice)
1,node_0005,node_0310,1.09,3861,active,voter (Total-weighted random choice)
1,node_0006,node_0313,1.25,9245,active,voter (Total-weighted random choice)
1,node_0007,node_0491,1.12,3661,active,voter (Total-weighted random choice)
1,node_0008,node_0279,0.65,156,active,voter (Total-weighted random choice)
1,node_0009,node_0009,1.00,6974,active,self-vote (candidate self-stake)
1,node_0010,node_0010,1.00,3577,active,self-vote (candidate self-stake)
1,node_0011,node_0011,1.00,1724,active,self-vote (candidate self-stake)
1,node_0012,node_0408,0.59,5931,active,voter (Total-weighted random choice)
1,node_0013,node_0384,0.94,761,active,voter (Total-weighted random choice)
1,node_0014,node_0361,0.85,6251,active,voter (Total-weighted random choice)
1,node_0015,node_0015,1.00,5975,active,self-vote (candidate self-stake)
1,node_0016,node_0016,1.00,800,active,self-vote (candidate self-stake)
1,node_0017,node_0499,1.42,1357,active,voter (Total-weighted random choice)
1,node_0018,node_0232,0.75,6277,active,voter (Total-weighted random choice)
1,node_0019,node_0019,1.00,2714,active,self-vote (candidate self-stake)
1,node_0020,node_0020,1.00,4424,active,self-vote (candidate self-stake)
1,node_0021,node_0433,0.96,2853,active,voter (Total-weighted random choice)
1,node_0022,node_0022,1.00,2727,active,self-vote (candidate self-stake)
1,node_0023,node_0039,1.12,9175,active,voter (Total-weighted random choice)
1,node_0024,node_0253,1.29,966,active,voter (Total-weighted random choice)
1,node_0025,node_0324,0.66,5218,active,voter (Total-weighted random choice)
1,node_0026,node_0026,1.00,3506,active,self-vote (candidate self-stake)
1,node_0027,node_0352,1.44,3533,active,voter (Total-weighted random choice)
1,node_0028,node_0205,1.30,7567,rejected,voter (Total-weighted random choice)
1,node_0029,node_0029,1.00,4090,active,self-vote (candidate self-stake)
1,node_0030,node_0361,0.81,9627,active,voter (Total-weighted random choice)
1,node_0031,node_0031,1.00,5980,active,self-vote (candidate self-stake)
1,node_0032,node_0156,0.52,8398,active,voter (Total-weighted random choice)
1,node_0033,node_0033,1.00,1846,active,self-vote (candidate self-stake)
1,node_0034,node_0034,1.00,6966,active,self-vote (candidate self-stake)
1,node_0035,node_0035,1.00,6302,active,self-vote (candidate self-stake)
1,node_0036,node_0297,1.32,8719,active,voter (Total-weighted random choice)
1,node_0037,node_0460,1.23,1926,rejected,voter (Total-weighted random choice)
1,node_0038,node_0038,1.00,5623,active,self-vote (candidate self-stake)
1,node_0039,node_0039,1.00,2641,active,self-vote (candidate self-stake)
1,node_0040,node_0228,1.44,8251,active,voter (Total-weighted random choice)
1,node_0041,node_0441,1.42,4939,rejected,voter (Total-weighted random choice)
1,node_0042,node_0340,1.03,2554,active,voter (Total-weighted random choice)
1,node_0043,node_0071,1.00,8887,active,voter (Total-weighted random choice)
1,node_0044,node_0044,1.00,9863,active,self-vote (candidate self-stake)
1,node_0045,node_0272,0.77,1882,active,voter (Total-weighted random choice)
1,node_0046,node_0046,1.00,3973,active,self-vote (candidate self-stake)
1,node_0047,node_0047,1.00,1453,active,self-vote (candidate self-stake)
1,node_0048,node_0424,1.30,8777,active,voter (Total-weighted random choice)
1,node_0049,node_0049,1.00,7837,active,self-vote (candidate self-stake)
1,node_0050,node_0050,1.00,4392,active,self-vote (candidate self-stake)
1,node_0051,node_0051,1.00,3520,active,self-vote (candidate self-stake)
1,node_0052,node_0052,1.00,5157,active,self-vote (candidate self-stake)
1,node_0053,node_0112,1.26,7227,active,voter (Total-weighted random choice)
1,node_0054,node_0333,1.39,2032,rejected,voter (Total-weighted random choice)
1,node_0055,node_0188,0.95,5589,active,voter (Total-weighted random choice)
1,node_0056,node_0056,1.00,9691,active,self-vote (candidate self-stake)
1,node_0057,node_0057,1.00,1014,active,self-vote (candidate self-stake)
1,node_0058,node_0020,1.33,5463,active,voter (Total-weighted random choice)
1,node_0059,node_0059,1.00,4612,active,self-vote (candidate self-stake)
1,node_0060,node_0060,1.00,8884,active,self-vote (candidate self-stake)
1,node_0061,node_0061,1.00,4031,active,self-vote (candidate self-stake)
1,node_0062,node_0003,0.88,3169,active,voter (Total-weighted random choice)
1,node_0063,node_0063,1.00,5854,active,self-vote (candidate self-stake)
1,node_0064,node_0097,0.69,937,rejected,voter (Total-weighted random choice)
1,node_0065,node_0065,1.00,1043,active,self-vote (candidate self-stake)
1,node_0066,node_0066,1.00,1840,active,self-vote (candidate self-stake)
1,node_0067,node_0067,1.00,8836,active,self-vote (candidate self-stake)
1,node_0068,node_0496,0.70,3056,active,voter (Total-weighted random choice)
1,node_0069,node_0366,0.56,1285,active,voter (Total-weighted random choice)
1,node_0070,node_0480,0.70,878,active,voter (Total-weighted random choice)
1,node_0071,node_0071,1.00,1578,active,self-vote (candidate self-stake)
1,node_0072,node_0072,1.00,2774,active,self-vote (candidate self-stake)
1,node_0073,node_0455,0.54,3552,active,voter (Total-weighted random choice)
1,node_0074,node_0034,1.39,2747,active,voter (Total-weighted random choice)
1,node_0075,node_0425,0.58,4395,active,voter (Total-weighted random choice)
1,node_0076,node_0076,1.00,4723,active,self-vote (candidate self-stake)
1,node_0077,node_0077,1.00,2586,active,self-vote (candidate self-stake)
1,node_0078,node_0078,1.00,1008,active,self-vote (candidate self-stake)
1,node_0079,node_0333,1.24,5188,rejected,voter (Total-weighted random choice)
1,node_0080,node_0071,1.09,8288,active,voter (Total-weighted random choice)
1,node_0081,node_0081,1.00,981,active,self-vote (candidate self-stake)
1,node_0082,node_0498,1.37,3094,rejected,voter (Total-weighted random choice)
1,node_0083,node_0083,1.00,3903,active,self-vote (candidate self-stake)
1,node_0084,node_0465,0.51,9535,active,voter (Total-weighted random choice)
1,node_0085,node_0034,0.92,6918,active,voter (Total-weighted random choice)
1,node_0086,node_0086,1.00,4322,active,self-vote (candidate self-stake)
1,node_0087,node_0087,1.00,3960,active,self-vote (candidate self-stake)
1,node_0088,node_0494,1.35,4965,active,voter (Total-weighted random choice)
1,node_0089,node_0272,1.14,202,active,voter (Total-weighted random choice)
1,node_0090,node_0253,0.63,1250,active,voter (Total-weighted random choice)
1,node_0091,node_0039,1.41,2220,rejected,voter (Total-weighted random choice)
1,node_0092,node_0209,0.58,4052,active,voter (Total-weighted random choice)
1,node_0093,node_0130,1.38,7229,active,voter (Total-weighted random choice)
1,node_0094,node_0094,1.00,8716,active,self-vote (candidate self-stake)
1,node_0095,node_0095,1.00,1747,active,self-vote (candidate self-stake)
1,node_0096,node_0232,0.93,4383,active,voter (Total-weighted random choice)
1,node_0097,node_0097,1.00,9114,active,self-vote (candidate self-stake)
1,node_0098,node_0374,0.64,9959,active,voter (Total-weighted random choice)
1,node_0099,node_0397,1.06,3385,active,voter (Total-weighted random choice)
1,node_0100,node_0100,1.00,8330,active,self-vote (candidate self-stake)
1,node_0101,node_0442,1.34,1562,rejected,voter (Total-weighted random choice)
1,node_0102,node_0102,1.00,772,active,self-vote (candidate self-stake)
1,node_0103,node_0103,1.00,4341,active,self-vote (candidate self-stake)
1,node_0104,node_0104,1.00,9088,active,self-vote (candidate self-stake)
1,node_0105,node_0425,1.39,1882,active,voter (Total-weighted random choice)
1,node_0106,node_0148,0.86,8988,active,voter (Total-weighted random choice)
1,node_0107,node_0441,1.45,9593,rejected,voter (Total-weighted random choice)
1,node_0108,node_0108,1.00,2138,active,self-vote (candidate self-stake)
1,node_0109,node_0109,1.00,703,active,self-vote (candidate self-stake)
1,node_0110,node_0110,1.00,4138,active,self-vote (candidate self-stake)
1,node_0111,node_0374,1.24,9223,active,voter (Total-weighted random choice)
1,node_0112,node_0112,1.00,2582,active,self-vote (candidate self-stake)
1,node_0113,node_0026,1.23,2712,rejected,voter (Total-weighted random choice)
1,node_0114,node_0192,1.03,6805,rejected,voter (Total-weighted random choice)
1,node_0115,node_0115,1.00,6795,active,self-vote (candidate self-stake)
1,node_0116,node_0442,1.11,4421,active,voter (Total-weighted random choice)
1,node_0117,node_0333,1.37,6317,rejected,voter (Total-weighted random choice)
1,node_0118,node_0207,0.81,3694,active,voter (Total-weighted random choice)
1,node_0119,node_0148,1.36,5778,active,voter (Total-weighted random choice)
1,node_0120,node_0120,1.00,3702,active,self-vote (candidate self-stake)
1,node_0121,node_0270,0.60,6578,active,voter (Total-weighted random choice)
1,node_0122,node_0071,0.90,4623,active,voter (Total-weighted random choice)
1,node_0123,node_0016,0.61,8835,active,voter (Total-weighted random choice)
1,node_0124,node_0124,1.00,1939,active,self-vote (candidate self-stake)
1,node_0125,node_0266,1.05,2975,active,voter (Total-weighted random choice)
1,node_0126,node_0494,1.01,676,active,voter (Total-weighted random choice)
1,node_0127,node_0127,1.00,5713,active,self-vote (candidate self-stake)
1,node_0128,node_0201,0.81,7199,active,voter (Total-weighted random choice)
1,node_0129,node_0133,1.25,6361,active,voter (Total-weighted random choice)
1,node_0130,node_0130,1.00,4223,active,self-vote (candidate self-stake)
1,node_0131,node_0083,1.26,77,active,voter (Total-weighted random choice)
1,node_0132,node_0132,1.00,6017,active,self-vote (candidate self-stake)
1,node_0133,node_0133,1.00,5193,active,self-vote (candidate self-stake)
1,node_0134,node_0170,0.52,4970,active,voter (Total-weighted random choice)
1,node_0135,node_0312,0.85,5394,active,voter (Total-weighted random choice)
1,node_0136,node_0136,1.00,9133,active,self-vote (candidate self-stake)
1,node_0137,node_0156,0.75,6261,active,voter (Total-weighted random choice)
1,node_0138,node_0138,1.00,9374,active,self-vote (candidate self-stake)
1,node_0139,node_0267,1.40,5028,active,voter (Total-weighted random choice)
1,node_0140,node_0441,1.23,9552,active,voter (Total-weighted random choice)
1,node_0141,node_0473,0.74,7668,active,voter (Total-weighted random choice)
1,node_0142,node_0285,0.68,8425,active,voter (Total-weighted random choice)
1,node_0143,node_0303,1.16,1439,active,voter (Total-weighted random choice)
1,node_0144,node_0144,1.00,1580,active,self-vote (candidate self-stake)
1,node_0145,node_0020,0.77,5135,active,voter (Total-weighted random choice)
1,node_0146,node_0148,0.79,2464,active,voter (Total-weighted random choice)
1,node_0147,node_0442,1.10,7834,active,voter (Total-weighted random choice)
1,node_0148,node_0148,1.00,7511,active,self-vote (candidate self-stake)
1,node_0149,node_0192,0.98,6341,active,voter (Total-weighted random choice)
1,node_0150,node_0019,1.07,2467,active,voter (Total-weighted random choice)
1,node_0151,node_0313,1.27,1796,active,voter (Total-weighted random choice)
1,node_0152,node_0157,1.07,2931,active,voter (Total-weighted random choice)
1,node_0153,node_0270,1.25,872,active,voter (Total-weighted random choice)
1,node_0154,node_0154,1.00,7528,active,self-vote (candidate self-stake)
1,node_0155,node_0155,1.00,8752,active,self-vote (candidate self-stake)
1,node_0156,node_0156,1.00,7301,active,self-vote (candidate self-stake)
1,node_0157,node_0157,1.00,9026,active,self-vote (candidate self-stake)
1,node_0158,node_0333,1.10,7827,active,voter (Total-weighted random choice)
1,node_0159,node_0159,1.00,4593,active,self-vote (candidate self-stake)
1,node_0160,node_0293,1.22,3969,active,voter (Total-weighted random choice)
1,node_0161,node_0161,1.00,4731,active,self-vote (candidate self-stake)
1,node_0162,node_0480,1.34,5288,active,voter (Total-weighted random choice)
1,node_0163,node_0441,1.15,2317,active,voter (Total-weighted random choice)
1,node_0164,node_0188,1.39,2553,active,voter (Total-weighted random choice)
1,node_0165,node_0371,1.45,6847,active,voter (Total-weighted random choice)
1,node_0166,node_0263,0.62,6862,active,voter (Total-weighted random choice)
1,node_0167,node_0115,0.56,6431,active,voter (Total-weighted random choice)
1,node_0168,node_0205,1.01,9482,active,voter (Total-weighted random choice)
1,node_0169,node_0169,1.00,5813,active,self-vote (candidate self-stake)
1,node_0170,node_0170,1.00,6915,active,self-vote (candidate self-stake)
1,node_0171,node_0171,1.00,8049,active,self-vote (candidate self-stake)
1,node_0172,node_0190,1.07,8006,active,voter (Total-weighted random choice)
1,node_0173,node_0173,1.00,6674,active,self-vote (candidate self-stake)
1,node_0174,node_0468,1.11,2141,active,voter (Total-weighted random choice)
1,node_0175,node_0044,1.16,6505,active,voter (Total-weighted random choice)
1,node_0176,node_0294,0.53,1425,active,voter (Total-weighted random choice)
1,node_0177,node_0240,0.67,7614,active,voter (Total-weighted random choice)
1,node_0178,node_0224,1.42,6261,active,voter (Total-weighted random choice)
1,node_0179,node_0179,1.00,5405,active,self-vote (candidate self-stake)
1,node_0180,node_0442,0.62,4608,active,voter (Total-weighted random choice)
1,node_0181,node_0181,1.00,4183,active,self-vote (candidate self-stake)
1,node_0182,node_0315,1.35,367,rejected,voter (Total-weighted random choice)
1,node_0183,node_0063,0.71,5783,active,voter (Total-weighted random choice)
1,node_0184,node_0361,1.27,709,rejected,voter (Total-weighted random choice)
1,node_0185,node_0185,1.00,3316,active,self-vote (candidate self-stake)
1,node_0186,node_0127,1.50,3958,active,voter (Total-weighted random choice)
1,node_0187,node_0211,0.96,9290,active,voter (Total-weighted random choice)
1,node_0188,node_0188,1.00,4248,active,self-vote (candidate self-stake)
1,node_0189,node_0315,0.75,9976,active,voter (Total-weighted random choice)
1,node_0190,node_0190,1.00,2733,active,self-vote (candidate self-stake)
1,node_0191,node_0191,1.00,9531,active,self-vote (candidate self-stake)
1,node_0192,node_0192,1.00,9483,active,self-vote (candidate self-stake)
1,node_0193,node_0498,0.59,6548,active,voter (Total-weighted random choice)
1,node_0194,node_0194,1.00,1295,active,self-vote (candidate self-stake)
1,node_0195,node_0136,0.80,1719,active,voter (Total-weighted random choice)
1,node_0196,node_0108,1.38,9887,active,voter (Total-weighted random choice)
1,node_0197,node_0315,0.66,5738,active,voter (Total-weighted random choice)
1,node_0198,node_0019,1.21,1179,active,voter (Total-weighted random choice)
1,node_0199,node_0397,1.25,257,active,voter (Total-weighted random choice)
1,node_0200,node_0200,1.00,1779,active,self-vote (candidate self-stake)
1,node_0201,node_0201,1.00,7582,active,self-vote (candidate self-stake)
1,node_0202,node_0363,0.60,2935,active,voter (Total-weighted random choice)
1,node_0203,node_0192,0.75,8867,active,voter (Total-weighted random choice)
1,node_0204,node_0471,1.00,7186,active,voter (Total-weighted random choice)
1,node_0205,node_0205,1.00,5330,active,self-vote (candidate self-stake)
1,node_0206,node_0206,1.00,4619,active,self-vote (candidate self-stake)
1,node_0207,node_0207,1.00,7663,active,self-vote (candidate self-stake)
1,node_0208,node_0188,1.28,5561,active,voter (Total-weighted random choice)
1,node_0209,node_0209,1.00,3029,active,self-vote (candidate self-stake)
1,node_0210,node_0487,0.98,4282,active,voter (Total-weighted random choice)
1,node_0211,node_0211,1.00,9156,active,self-vote (candidate self-stake)
1,node_0212,node_0424,1.42,1452,active,voter (Total-weighted random choice)
1,node_0213,node_0115,1.03,8054,rejected,voter (Total-weighted random choice)
1,node_0214,node_0049,1.17,7850,active,voter (Total-weighted random choice)
1,node_0215,node_0461,1.34,7392,active,voter (Total-weighted random choice)
1,node_0216,node_0336,1.25,4870,active,voter (Total-weighted random choice)
1,node_0217,node_0050,1.18,5066,active,voter (Total-weighted random choice)
1,node_0218,node_0067,0.89,7803,active,voter (Total-weighted random choice)
1,node_0219,node_0482,1.16,7021,active,voter (Total-weighted random choice)
1,node_0220,node_0100,0.95,5814,active,voter (Total-weighted random choice)
1,node_0221,node_0077,0.86,5073,active,voter (Total-weighted random choice)
1,node_0222,node_0222,1.00,3205,active,self-vote (candidate self-stake)
1,node_0223,node_0223,1.00,3188,active,self-vote (candidate self-stake)
1,node_0224,node_0224,1.00,4580,active,self-vote (candidate self-stake)
1,node_0225,node_0294,0.72,1697,active,voter (Total-weighted random choice)
1,node_0226,node_0279,0.63,3777,active,voter (Total-weighted random choice)
1,node_0227,node_0227,1.00,281,active,self-vote (candidate self-stake)
1,node_0228,node_0228,1.00,4544,active,self-vote (candidate self-stake)
1,node_0229,node_0039,1.34,9116,active,voter (Total-weighted random choice)
1,node_0230,node_0230,1.00,8092,active,self-vote (candidate self-stake)
1,node_0231,node_0239,0.52,9455,active,voter (Total-weighted random choice)
1,node_0232,node_0232,1.00,7266,active,self-vote (candidate self-stake)
1,node_0233,node_0066,1.39,4186,active,voter (Total-weighted random choice)
1,node_0234,node_0161,0.72,1919,active,voter (Total-weighted random choice)
1,node_0235,node_0460,0.81,8106,active,voter (Total-weighted random choice)
1,node_0236,node_0236,1.00,2535,active,self-vote (candidate self-stake)
1,node_0237,node_0052,1.29,1445,active,voter (Total-weighted random choice)
1,node_0238,node_0097,0.68,9193,active,voter (Total-weighted random choice)
1,node_0239,node_0239,1.00,8611,active,self-vote (candidate self-stake)
1,node_0240,node_0240,1.00,4921,active,self-vote (candidate self-stake)
1,node_0241,node_0241,1.00,5053,active,self-vote (candidate self-stake)
1,node_0242,node_0242,1.00,1675,active,self-vote (candidate self-stake)
1,node_0243,node_0104,1.02,3507,active,voter (Total-weighted random choice)
1,node_0244,node_0244,1.00,2623,active,self-vote (candidate self-stake)
1,node_0245,node_0127,0.67,2614,active,voter (Total-weighted random choice)
1,node_0246,node_0447,1.19,9779,active,voter (Total-weighted random choice)
1,node_0247,node_0253,1.24,3842,active,voter (Total-weighted random choice)
1,node_0248,node_0248,1.00,7488,active,self-vote (candidate self-stake)
1,node_0249,node_0249,1.00,4384,active,self-vote (candidate self-stake)
1,node_0250,node_0133,0.98,7015,active,voter (Total-weighted random choice)
1,node_0251,node_0251,1.00,2491,active,self-vote (candidate self-stake)
1,node_0252,node_0494,1.48,1219,active,voter (Total-weighted random choice)
1,node_0253,node_0253,1.00,9799,active,self-vote (candidate self-stake)
1,node_0254,node_0100,0.62,7245,active,voter (Total-weighted random choice)
1,node_0255,node_0361,1.19,6644,active,voter (Total-weighted random choice)
1,node_0256,node_0222,0.87,7222,active,voter (Total-weighted random choice)
1,node_0257,node_0257,1.00,7128,active,self-vote (candidate self-stake)
1,node_0258,node_0258,1.00,473,active,self-vote (candidate self-stake)
1,node_0259,node_0033,0.50,4465,active,voter (Total-weighted random choice)
1,node_0260,node_0052,1.39,7758,active,voter (Total-weighted random choice)
1,node_0261,node_0333,1.05,4607,active,voter (Total-weighted random choice)
1,node_0262,node_0077,0.61,8106,active,voter (Total-weighted random choice)
1,node_0263,node_0263,1.00,5750,active,self-vote (candidate self-stake)
1,node_0264,node_0264,1.00,1763,active,self-vote (candidate self-stake)
1,node_0265,node_0240,0.65,6794,active,voter (Total-weighted random choice)
1,node_0266,node_0266,1.00,6611,active,self-vote (candidate self-stake)
1,node_0267,node_0267,1.00,7501,active,self-vote (candidate self-stake)
1,node_0268,node_0379,0.89,5346,active,voter (Total-weighted random choice)
1,node_0269,node_0269,1.00,8481,active,self-vote (candidate self-stake)
1,node_0270,node_0270,1.00,8939,active,self-vote (candidate self-stake)
1,node_0271,node_0271,1.00,3123,active,self-vote (candidate self-stake)
1,node_0272,node_0272,1.00,7292,active,self-vote (candidate self-stake)
1,node_0273,node_0347,0.51,4425,active,voter (Total-weighted random choice)
1,node_0274,node_0156,1.15,7228,rejected,voter (Total-weighted random choice)
1,node_0275,node_0181,1.20,2039,active,voter (Total-weighted random choice)
1,node_0276,node_0276,1.00,2644,active,self-vote (candidate self-stake)
1,node_0277,node_0223,0.67,9098,active,voter (Total-weighted random choice)
1,node_0278,node_0278,1.00,1908,active,self-vote (candidate self-stake)
1,node_0279,node_0279,1.00,2572,active,self-vote (candidate self-stake)
1,node_0280,node_0009,1.29,8387,active,voter (Total-weighted random choice)
1,node_0281,node_0460,1.15,7955,active,voter (Total-weighted random choice)
1,node_0282,node_0282,1.00,7533,active,self-vote (candidate self-stake)
1,node_0283,node_0497,1.18,3172,active,voter (Total-weighted random choice)
1,node_0284,node_0433,1.45,1193,active,voter (Total-weighted random choice)
1,node_0285,node_0285,1.00,5618,active,self-vote (candidate self-stake)
1,node_0286,node_0286,1.00,92,active,self-vote (candidate self-stake)
1,node_0287,node_0240,0.81,9666,active,voter (Total-weighted random choice)
1,node_0288,node_0010,1.29,2484,active,voter (Total-weighted random choice)
1,node_0289,node_0289,1.00,5704,active,self-vote (candidate self-stake)
1,node_0290,node_0498,1.17,7510,active,voter (Total-weighted random choice)
1,node_0291,node_0154,1.20,3962,active,voter (Total-weighted random choice)
1,node_0292,node_0205,1.12,6780,rejected,voter (Total-weighted random choice)
1,node_0293,node_0293,1.00,6296,active,self-vote (candidate self-stake)
1,node_0294,node_0294,1.00,8165,active,self-vote (candidate self-stake)
1,node_0295,node_0295,1.00,8279,active,self-vote (candidate self-stake)
1,node_0296,node_0209,1.28,1694,active,voter (Total-weighted random choice)
1,node_0297,node_0297,1.00,1683,active,self-vote (candidate self-stake)
1,node_0298,node_0473,1.12,301,active,voter (Total-weighted random choice)
1,node_0299,node_0071,1.40,2579,rejected,voter (Total-weighted random choice)
1,node_0300,node_0329,1.11,5596,active,voter (Total-weighted random choice)
1,node_0301,node_0192,0.70,1365,active,voter (Total-weighted random choice)
1,node_0302,node_0459,0.56,5238,active,voter (Total-weighted random choice)
1,node_0303,node_0303,1.00,8914,active,self-vote (candidate self-stake)
1,node_0304,node_0304,1.00,3896,active,self-vote (candidate self-stake)
1,node_0305,node_0289,0.92,3777,active,voter (Total-weighted random choice)
1,node_0306,node_0306,1.00,1662,active,self-vote (candidate self-stake)
1,node_0307,node_0009,1.30,7319,active,voter (Total-weighted random choice)
1,node_0308,node_0108,0.57,524,active,voter (Total-weighted random choice)
1,node_0309,node_0097,1.50,4856,rejected,voter (Total-weighted random choice)
1,node_0310,node_0310,1.00,2435,active,self-vote (candidate self-stake)
1,node_0311,node_0412,1.11,9322,active,voter (Total-weighted random choice)
1,node_0312,node_0312,1.00,2835,active,self-vote (candidate self-stake)
1,node_0313,node_0313,1.00,3995,active,self-vote (candidate self-stake)
1,node_0314,node_0314,1.00,3854,active,self-vote (candidate self-stake)
1,node_0315,node_0315,1.00,7579,active,self-vote (candidate self-stake)
1,node_0316,node_0303,0.69,7672,active,voter (Total-weighted random choice)
1,node_0317,node_0355,1.01,1260,active,voter (Total-weighted random choice)
1,node_0318,node_0351,1.07,9676,active,voter (Total-weighted random choice)
1,node_0319,node_0314,0.68,4147,active,voter (Total-weighted random choice)
1,node_0320,node_0071,1.27,3313,rejected,voter (Total-weighted random choice)
1,node_0321,node_0133,1.32,1797,active,voter (Total-weighted random choice)
1,node_0322,node_0272,0.98,9467,active,voter (Total-weighted random choice)
1,node_0323,node_0366,0.93,409,active,voter (Total-weighted random choice)
1,node_0324,node_0324,1.00,4547,active,self-vote (candidate self-stake)
1,node_0325,node_0026,0.63,9985,active,voter (Total-weighted random choice)
1,node_0326,node_0326,1.00,3820,active,self-vote (candidate self-stake)
1,node_0327,node_0173,0.70,3638,active,voter (Total-weighted random choice)
1,node_0328,node_0104,1.37,2290,active,voter (Total-weighted random choice)
1,node_0329,node_0329,1.00,5111,active,self-vote (candidate self-stake)
1,node_0330,node_0286,1.36,9545,active,voter (Total-weighted random choice)
1,node_0331,node_0039,0.54,1526,active,voter (Total-weighted random choice)
1,node_0332,node_0065,1.40,6857,active,voter (Total-weighted random choice)
1,node_0333,node_0333,1.00,8887,active,self-vote (candidate self-stake)
1,node_0334,node_0334,1.00,8747,active,self-vote (candidate self-stake)
1,node_0335,node_0347,0.90,2745,active,voter (Total-weighted random choice)
1,node_0336,node_0336,1.00,4885,active,self-vote (candidate self-stake)
1,node_0337,node_0263,1.39,1936,active,voter (Total-weighted random choice)
1,node_0338,node_0138,0.70,2356,active,voter (Total-weighted random choice)
1,node_0339,node_0426,0.62,6561,active,voter (Total-weighted random choice)
1,node_0340,node_0340,1.00,1529,active,self-vote (candidate self-stake)
1,node_0341,node_0341,1.00,4382,active,self-vote (candidate self-stake)
1,node_0342,node_0242,0.69,6088,active,voter (Total-weighted random choice)
1,node_0343,node_0412,1.31,9627,active,voter (Total-weighted random choice)
1,node_0344,node_0344,1.00,1825,active,self-vote (candidate self-stake)
1,node_0345,node_0124,1.29,460,active,voter (Total-weighted random choice)
1,node_0346,node_0498,1.26,3676,active,voter (Total-weighted random choice)
1,node_0347,node_0347,1.00,5001,active,self-vote (candidate self-stake)
1,node_0348,node_0282,0.58,2340,active,voter (Total-weighted random choice)
1,node_0349,node_0494,1.37,5036,active,voter (Total-weighted random choice)
1,node_0350,node_0133,0.92,1642,active,voter (Total-weighted random choice)
1,node_0351,node_0351,1.00,6417,active,self-vote (candidate self-stake)
1,node_0352,node_0352,1.00,9672,active,self-vote (candidate self-stake)
1,node_0353,node_0353,1.00,6847,active,self-vote (candidate self-stake)
1,node_0354,node_0248,0.56,6736,active,voter (Total-weighted random choice)
1,node_0355,node_0355,1.00,586,active,self-vote (candidate self-stake)
1,node_0356,node_0371,0.93,7314,active,voter (Total-weighted random choice)
1,node_0357,node_0461,0.65,5992,active,voter (Total-weighted random choice)
1,node_0358,node_0326,0.99,8970,active,voter (Total-weighted random choice)
1,node_0359,node_0359,1.00,1042,active,self-vote (candidate self-stake)
1,node_0360,node_0360,1.00,2051,active,self-vote (candidate self-stake)
1,node_0361,node_0361,1.00,1551,active,self-vote (candidate self-stake)
1,node_0362,node_0239,0.59,878,active,voter (Total-weighted random choice)
1,node_0363,node_0363,1.00,2113,active,self-vote (candidate self-stake)
1,node_0364,node_0487,1.30,1174,active,voter (Total-weighted random choice)
1,node_0365,node_0441,1.31,9657,rejected,voter (Total-weighted random choice)
1,node_0366,node_0366,1.00,5433,active,self-vote (candidate self-stake)
1,node_0367,node_0367,1.00,4592,active,self-vote (candidate self-stake)
1,node_0368,node_0482,1.04,2179,active,voter (Total-weighted random choice)
1,node_0369,node_0369,1.00,1851,active,self-vote (candidate self-stake)
1,node_0370,node_0370,1.00,2209,active,self-vote (candidate self-stake)
1,node_0371,node_0371,1.00,9697,active,self-vote (candidate self-stake)
1,node_0372,node_0366,1.41,4397,active,voter (Total-weighted random choice)
1,node_0373,node_0138,0.99,8669,active,voter (Total-weighted random choice)
1,node_0374,node_0374,1.00,7852,active,self-vote (candidate self-stake)
1,node_0375,node_0067,1.47,8458,active,voter (Total-weighted random choice)
1,node_0376,node_0376,1.00,8304,active,self-vote (candidate self-stake)
1,node_0377,node_0066,0.98,8593,active,voter (Total-weighted random choice)
1,node_0378,node_0378,1.00,1046,active,self-vote (candidate self-stake)
1,node_0379,node_0379,1.00,7034,active,self-vote (candidate self-stake)
1,node_0380,node_0179,1.33,7317,active,voter (Total-weighted random choice)
1,node_0381,node_0416,0.68,5327,active,voter (Total-weighted random choice)
1,node_0382,node_0047,1.30,2117,active,voter (Total-weighted random choice)
1,node_0383,node_0383,1.00,6290,active,self-vote (candidate self-stake)
1,node_0384,node_0384,1.00,7483,active,self-vote (candidate self-stake)
1,node_0385,node_0108,1.07,1674,active,voter (Total-weighted random choice)
1,node_0386,node_0386,1.00,9083,active,self-vote (candidate self-stake)
1,node_0387,node_0264,1.31,7096,active,voter (Total-weighted random choice)
1,node_0388,node_0388,1.00,6829,active,self-vote (candidate self-stake)
1,node_0389,node_0051,1.37,6582,active,voter (Total-weighted random choice)
1,node_0390,node_0390,1.00,5170,active,self-vote (candidate self-stake)
1,node_0391,node_0269,0.50,6182,active,voter (Total-weighted random choice)
1,node_0392,node_0060,0.81,1149,active,voter (Total-weighted random choice)
1,node_0393,node_0393,1.00,1577,active,self-vote (candidate self-stake)
1,node_0394,node_0094,1.42,2181,active,voter (Total-weighted random choice)
1,node_0395,node_0395,1.00,2052,active,self-vote (candidate self-stake)
1,node_0396,node_0396,1.00,892,active,self-vote (candidate self-stake)
1,node_0397,node_0397,1.00,5811,active,self-vote (candidate self-stake)
1,node_0398,node_0498,0.99,2585,active,voter (Total-weighted random choice)
1,node_0399,node_0194,0.81,1823,active,voter (Total-weighted random choice)
1,node_0400,node_0400,1.00,1932,active,self-vote (candidate self-stake)
1,node_0401,node_0115,0.83,7080,active,voter (Total-weighted random choice)
1,node_0402,node_0388,1.38,4431,active,voter (Total-weighted random choice)
1,node_0403,node_0403,1.00,5112,active,self-vote (candidate self-stake)
1,node_0404,node_0267,0.72,150,active,voter (Total-weighted random choice)
1,node_0405,node_0097,0.64,9328,active,voter (Total-weighted random choice)
1,node_0406,node_0406,1.00,2374,active,self-vote (candidate self-stake)
1,node_0407,node_0181,0.65,1553,active,voter (Total-weighted random choice)
1,node_0408,node_0408,1.00,6213,active,self-vote (candidate self-stake)
1,node_0409,node_0409,1.00,2628,active,self-vote (candidate self-stake)
1,node_0410,node_0241,0.98,9349,active,voter (Total-weighted random choice)
1,node_0411,node_0492,0.60,2599,active,voter (Total-weighted random choice)
1,node_0412,node_0412,1.00,1386,active,self-vote (candidate self-stake)
1,node_0413,node_0426,0.83,8007,active,voter (Total-weighted random choice)
1,node_0414,node_0230,1.21,4525,active,voter (Total-weighted random choice)
1,node_0415,node_0038,1.08,5705,active,voter (Total-weighted random choice)
1,node_0416,node_0416,1.00,9767,active,self-vote (candidate self-stake)
1,node_0417,node_0396,1.27,794,active,voter (Total-weighted random choice)
1,node_0418,node_0097,0.53,175,active,voter (Total-weighted random choice)
1,node_0419,node_0419,1.00,2298,active,self-vote (candidate self-stake)
1,node_0420,node_0468,1.36,5425,active,voter (Total-weighted random choice)
1,node_0421,node_0468,1.05,7105,active,voter (Total-weighted random choice)
1,node_0422,node_0205,0.91,8775,active,voter (Total-weighted random choice)
1,node_0423,node_0110,1.17,1230,active,voter (Total-weighted random choice)
1,node_0424,node_0424,1.00,7197,active,self-vote (candidate self-stake)
1,node_0425,node_0425,1.00,5179,active,self-vote (candidate self-stake)
1,node_0426,node_0426,1.00,6893,active,self-vote (candidate self-stake)
1,node_0427,node_0469,1.45,391,active,voter (Total-weighted random choice)
1,node_0428,node_0441,1.06,7588,active,voter (Total-weighted random choice)
1,node_0429,node_0133,1.33,1493,rejected,voter (Total-weighted random choice)
1,node_0430,node_0046,1.46,4036,active,voter (Total-weighted random choice)
1,node_0431,node_0367,1.02,8634,active,voter (Total-weighted random choice)
1,node_0432,node_0241,1.42,5612,active,voter (Total-weighted random choice)
1,node_0433,node_0433,1.00,1301,active,self-vote (candidate self-stake)
1,node_0434,node_0434,1.00,8743,active,self-vote (candidate self-stake)
1,node_0435,node_0435,1.00,5802,active,self-vote (candidate self-stake)
1,node_0436,node_0416,0.63,3921,active,voter (Total-weighted random choice)
1,node_0437,node_0437,1.00,3282,active,self-vote (candidate self-stake)
1,node_0438,node_0029,1.20,1284,active,voter (Total-weighted random choice)
1,node_0439,node_0211,1.22,7651,active,voter (Total-weighted random choice)
1,node_0440,node_0440,1.00,9298,active,self-vote (candidate self-stake)
1,node_0441,node_0441,1.00,5229,active,self-vote (candidate self-stake)
1,node_0442,node_0442,1.00,7732,active,self-vote (candidate self-stake)
1,node_0443,node_0230,0.59,4550,active,voter (Total-weighted random choice)
1,node_0444,node_0334,1.36,8362,active,voter (Total-weighted random choice)
1,node_0445,node_0445,1.00,7454,active,self-vote (candidate self-stake)
1,node_0446,node_0279,0.94,4753,active,voter (Total-weighted random choice)
1,node_0447,node_0447,1.00,9783,active,self-vote (candidate self-stake)
1,node_0448,node_0448,1.00,9558,active,self-vote (candidate self-stake)
1,node_0449,node_0326,0.93,7418,active,voter (Total-weighted random choice)
1,node_0450,node_0450,1.00,5317,active,self-vote (candidate self-stake)
1,node_0451,node_0451,1.00,1063,active,self-vote (candidate self-stake)
1,node_0452,node_0067,0.60,1431,active,voter (Total-weighted random choice)
1,node_0453,node_0480,1.04,691,active,voter (Total-weighted random choice)
1,node_0454,node_0295,1.49,7249,active,voter (Total-weighted random choice)
1,node_0455,node_0455,1.00,6012,active,self-vote (candidate self-stake)
1,node_0456,node_0115,0.66,6397,active,voter (Total-weighted random choice)
1,node_0457,node_0239,1.01,9845,active,voter (Total-weighted random choice)
1,node_0458,node_0057,0.94,1129,active,voter (Total-weighted random choice)
1,node_0459,node_0459,1.00,4705,active,self-vote (candidate self-stake)
1,node_0460,node_0460,1.00,5511,active,self-vote (candidate self-stake)
1,node_0461,node_0461,1.00,5781,active,self-vote (candidate self-stake)
1,node_0462,node_0326,0.67,2162,active,voter (Total-weighted random choice)
1,node_0463,node_0463,1.00,5122,active,self-vote (candidate self-stake)
1,node_0464,node_0468,1.39,2143,active,voter (Total-weighted random choice)
1,node_0465,node_0465,1.00,6987,active,self-vote (candidate self-stake)
1,node_0466,node_0466,1.00,5990,active,self-vote (candidate self-stake)
1,node_0467,node_0393,1.07,5648,active,voter (Total-weighted random choice)
1,node_0468,node_0468,1.00,3195,active,self-vote (candidate self-stake)
1,node_0469,node_0469,1.00,2588,active,self-vote (candidate self-stake)
1,node_0470,node_0239,1.32,8367,rejected,voter (Total-weighted random choice)
1,node_0471,node_0471,1.00,5567,active,self-vote (candidate self-stake)
1,node_0472,node_0248,0.55,9835,active,voter (Total-weighted random choice)
1,node_0473,node_0473,1.00,3012,active,self-vote (candidate self-stake)
1,node_0474,node_0474,1.00,7220,active,self-vote (candidate self-stake)
1,node_0475,node_0282,0.57,3941,active,voter (Total-weighted random choice)
1,node_0476,node_0476,1.00,7405,active,self-vote (candidate self-stake)
1,node_0477,node_0477,1.00,5120,active,self-vote (candidate self-stake)
1,node_0478,node_0157,0.85,3228,active,voter (Total-weighted random choice)
1,node_0479,node_0304,1.04,7614,active,voter (Total-weighted random choice)
1,node_0480,node_0480,1.00,8289,active,self-vote (candidate self-stake)
1,node_0481,node_0293,1.36,3321,active,voter (Total-weighted random choice)
1,node_0482,node_0482,1.00,4146,active,self-vote (candidate self-stake)
1,node_0483,node_0483,1.00,6131,active,self-vote (candidate self-stake)
1,node_0484,node_0484,1.00,8502,active,self-vote (candidate self-stake)
1,node_0485,node_0495,0.53,1424,active,voter (Total-weighted random choice)
1,node_0486,node_0051,0.97,7411,active,voter (Total-weighted random choice)
1,node_0487,node_0487,1.00,7217,active,self-vote (candidate self-stake)
1,node_0488,node_0026,0.69,7441,active,voter (Total-weighted random choice)
1,node_0489,node_0477,0.72,6847,active,voter (Total-weighted random choice)
1,node_0490,node_0239,1.44,3912,rejected,voter (Total-weighted random choice)
1,node_0491,node_0491,1.00,6192,active,self-vote (candidate self-stake)
1,node_0492,node_0492,1.00,1673,active,self-vote (candidate self-stake)
1,node_0493,node_0046,0.67,2442,active,voter (Total-weighted random choice)
1,node_0494,node_0494,1.00,7790,active,self-vote (candidate self-stake)
1,node_0495,node_0495,1.00,7735,active,self-vote (candidate self-stake)
1,node_0496,node_0496,1.00,1348,active,self-vote (candidate self-stake)
1,node_0497,node_0497,1.00,2499,active,self-vote (candidate self-stake)
1,node_0498,node_0498,1.00,1871,active,self-vote (candidate self-stake)
1,node_0499,node_0499,1.00,4984,active,self-vote (candidate self-stake)
1,node_0500,node_0484,1.33,6928,active,voter (Total-weighted random choice)
2,node_0001,node_0330,1.00,1740,active,voter (Total-weighted random choice)
2,node_0002,node_0295,1.06,4045,rejected,voter (Total-weighted random choice)
2,node_0003,node_0275,1.38,10009,active,voter (Total-weighted random choice)
2,node_0004,node_0221,0.50,371,active,voter (Total-weighted random choice)
2,node_0005,node_0359,1.01,3818,active,voter (Total-weighted random choice)
2,node_0006,node_0006,1.00,9053,active,self-vote (candidate self-stake)
2,node_0007,node_0137,0.55,3447,active,voter (Total-weighted random choice)
2,node_0008,node_0100,1.38,315,active,voter (Total-weighted random choice)
2,node_0009,node_0067,0.52,9690,active,voter (Total-weighted random choice)
2,node_0010,node_0010,1.00,3427,active,self-vote (candidate self-stake)
2,node_0011,node_0386,0.90,606,active,voter (Total-weighted random choice)
2,node_0012,node_0270,1.02,5884,rejected,voter (Total-weighted random choice)
2,node_0013,node_0202,0.90,1458,active,voter (Total-weighted random choice)
2,node_0014,node_0014,1.00,9076,active,self-vote (candidate self-stake)
2,node_0015,node_0015,1.00,5253,active,self-vote (candidate self-stake)
2,node_0016,node_0016,1.00,1664,active,self-vote (candidate self-stake)
2,node_0017,node_0017,1.00,1107,active,self-vote (candidate self-stake)
2,node_0018,node_0248,1.04,6348,rejected,voter (Total-weighted random choice)
2,node_0019,node_0019,1.00,2093,active,self-vote (candidate self-stake)
2,node_0020,node_0461,0.85,4892,active,voter (Total-weighted random choice)
2,node_0021,node_0021,1.00,927,active,self-vote (candidate self-stake)
2,node_0022,node_0022,1.00,1594,active,self-vote (candidate self-stake)
2,node_0023,node_0398,1.35,8194,active,voter (Total-weighted random choice)
2,node_0024,node_0024,1.00,595,active,self-vote (candidate self-stake)
2,node_0025,node_0025,1.00,3894,active,self-vote (candidate self-stake)
2,node_0026,node_0026,1.00,3978,active,self-vote (candidate self-stake)
2,node_0027,node_0244,1.10,3075,active,voter (Total-weighted random choice)
2,node_0028,node_0340,1.29,5960,active,voter (Total-weighted random choice)
2,node_0029,node_0080,0.76,3492,active,voter (Total-weighted random choice)
2,node_0030,node_0282,0.94,12263,active,voter (Total-weighted random choice)
2,node_0031,node_0248,0.79,5157,rejected,voter (Total-weighted random choice)
2,node_0032,node_0032,1.00,8376,active,self-vote (candidate self-stake)
2,node_0033,node_0282,0.98,31,active,voter (Total-weighted random choice)
2,node_0034,node_0034,1.00,9053,active,self-vote (candidate self-stake)
2,node_0035,node_0127,0.58,5860,active,voter (Total-weighted random choice)
2,node_0036,node_0036,1.00,9268,active,self-vote (candidate self-stake)
2,node_0037,node_0037,1.00,48,active,self-vote (candidate self-stake)
2,node_0038,node_0290,0.67,6155,active,voter (Total-weighted random choice)
2,node_0039,node_0066,1.16,4271,active,voter (Total-weighted random choice)
2,node_0040,node_0482,0.65,7708,active,voter (Total-weighted random choice)
2,node_0041,node_0041,1.00,4245,active,self-vote (candidate self-stake)
2,node_0042,node_0269,1.06,2325,active,voter (Total-weighted random choice)
2,node_0043,node_0043,1.00,7975,active,self-vote (candidate self-stake)
2,node_0044,node_0044,1.00,11842,active,self-vote (candidate self-stake)
2,node_0045,node_0045,1.00,1447,active,self-vote (candidate self-stake)
2,node_0046,node_0046,1.00,3393,active,self-vote (candidate self-stake)
2,node_0047,node_0307,0.77,1415,active,voter (Total-weighted random choice)
2,node_0048,node_0048,1.00,8225,active,self-vote (candidate self-stake)
2,node_0049,node_0439,0.57,9422,active,voter (Total-weighted random choice)
2,node_0050,node_0050,1.00,5561,active,self-vote (candidate self-stake)
2,node_0051,node_0122,1.31,4590,rejected,voter (Total-weighted random choice)
2,node_0052,node_0052,1.00,5085,active,self-vote (candidate self-stake)
2,node_0053,node_0053,1.00,7562,active,self-vote (candidate self-stake)
2,node_0054,node_0415,0.82,2468,active,voter (Total-weighted random choice)
2,node_0055,node_0141,0.50,4858,active,voter (Total-weighted random choice)
2,node_0056,node_0371,1.04,10119,active,voter (Total-weighted random choice)
2,node_0057,node_0057,1.00,1009,active,self-vote (candidate self-stake)
2,node_0058,node_0444,1.21,5147,rejected,voter (Total-weighted random choice)
2,node_0059,node_0025,1.22,4796,active,voter (Total-weighted random choice)
2,node_0060,node_0060,1.00,9097,active,self-vote (candidate self-stake)
2,node_0061,node_0345,1.41,4214,active,voter (Total-weighted random choice)
2,node_0062,node_0355,0.96,2756,active,voter (Total-weighted random choice)
2,node_0063,node_0307,1.12,5389,rejected,voter (Total-weighted random choice)
2,node_0064,node_0488,0.91,672,active,voter (Total-weighted random choice)
2,node_0065,node_0032,0.89,345,active,voter (Total-weighted random choice)
2,node_0066,node_0066,1.00,574,active,self-vote (candidate self-stake)
2,node_0067,node_0067,1.00,10506,active,self-vote (candidate self-stake)
2,node_0068,node_0068,1.00,2498,active,self-vote (candidate self-stake)
2,node_0069,node_0202,1.24,1077,active,voter (Total-weighted random choice)
2,node_0070,node_0343,0.86,381,active,voter (Total-weighted random choice)
2,node_0071,node_0093,1.33,1762,active,voter (Total-weighted random choice)
2,node_0072,node_0072,1.00,2538,active,self-vote (candidate self-stake)
2,node_0073,node_0193,1.50,4014,active,voter (Total-weighted random choice)
2,node_0074,node_0074,1.00,3340,active,self-vote (candidate self-stake)
2,node_0075,node_0317,1.21,4562,active,voter (Total-weighted random choice)
2,node_0076,node_0270,0.80,3740,active,voter (Total-weighted random choice)
2,node_0077,node_0077,1.00,2237,active,self-vote (candidate self-stake)
2,node_0078,node_0269,0.72,35,active,voter (Total-weighted random choice)
2,node_0079,node_0343,1.10,3328,active,voter (Total-weighted random choice)
2,node_0080,node_0080,1.00,9876,active,self-vote (candidate self-stake)
2,node_0081,node_0081,1.00,943,active,self-vote (candidate self-stake)
2,node_0082,node_0340,1.20,1827,active,voter (Total-weighted random choice)
2,node_0083,node_0161,0.91,3537,active,voter (Total-weighted random choice)
2,node_0084,node_0084,1.00,9763,active,self-vote (candidate self-stake)
2,node_0085,node_0335,0.67,6466,active,voter (Total-weighted random choice)
2,node_0086,node_0092,1.40,2499,active,voter (Total-weighted random choice)
2,node_0087,node_0087,1.00,4187,active,self-vote (candidate self-stake)
2,node_0088,node_0444,1.06,5389,rejected,voter (Total-weighted random choice)
2,node_0089,node_0443,0.66,80,active,voter (Total-weighted random choice)
2,node_0090,node_0156,0.73,237,active,voter (Total-weighted random choice)
2,node_0091,node_0305,0.67,2406,active,voter (Total-weighted random choice)
2,node_0092,node_0092,1.00,3516,active,self-vote (candidate self-stake)
2,node_0093,node_0093,1.00,8047,active,self-vote (candidate self-stake)
2,node_0094,node_0295,0.84,10046,active,voter (Total-weighted random choice)
2,node_0095,node_0216,1.20,883,active,voter (Total-weighted random choice)
2,node_0096,node_0428,1.37,4813,active,voter (Total-weighted random choice)
2,node_0097,node_0330,1.49,11427,active,voter (Total-weighted random choice)
2,node_0098,node_0306,0.86,10244,active,voter (Total-weighted random choice)
2,node_0099,node_0282,0.64,1212,active,voter (Total-weighted random choice)
2,node_0100,node_0100,1.00,11011,active,self-vote (candidate self-stake)
2,node_0101,node_0068,0.54,588,active,voter (Total-weighted random choice)
2,node_0102,node_0102,1.00,583,active,self-vote (candidate self-stake)
2,node_0103,node_0312,1.36,4343,active,voter (Total-weighted random choice)
2,node_0104,node_0041,1.43,7084,active,voter (Total-weighted random choice)
2,node_0105,node_0213,1.14,2955,active,voter (Total-weighted random choice)
2,node_0106,node_0416,1.09,10818,active,voter (Total-weighted random choice)
2,node_0107,node_0107,1.00,9195,active,self-vote (candidate self-stake)
2,node_0108,node_0155,1.33,1463,active,voter (Total-weighted random choice)
2,node_0109,node_0495,1.50,313,active,voter (Total-weighted random choice)
2,node_0110,node_0201,0.87,3840,active,voter (Total-weighted random choice)
2,node_0111,node_0456,0.77,11878,active,voter (Total-weighted random choice)
2,node_0112,node_0137,1.04,1768,active,voter (Total-weighted random choice)
2,node_0113,node_0248,1.41,1913,rejected,voter (Total-weighted random choice)
2,node_0114,node_0114,1.00,7127,active,self-vote (candidate self-stake)
2,node_0115,node_0084,1.42,8165,active,voter (Total-weighted random choice)
2,node_0116,node_0116,1.00,5198,active,self-vote (candidate self-stake)
2,node_0117,node_0295,1.48,5757,rejected,voter (Total-weighted random choice)
2,node_0118,node_0229,0.99,3700,active,voter (Total-weighted random choice)
2,node_0119,node_0119,1.00,7143,active,self-vote (candidate self-stake)
2,node_0120,node_0120,1.00,2140,active,self-vote (candidate self-stake)
2,node_0121,node_0067,1.32,4773,active,voter (Total-weighted random choice)
2,node_0122,node_0122,1.00,4397,active,self-vote (candidate self-stake)
2,node_0123,node_0226,1.48,7640,active,voter (Total-weighted random choice)
2,node_0124,node_0124,1.00,2304,active,self-vote (candidate self-stake)
2,node_0125,node_0444,0.85,3517,active,voter (Total-weighted random choice)
2,node_0126,node_0330,0.66,574,active,voter (Total-weighted random choice)
2,node_0127,node_0127,1.00,6377,active,self-vote (candidate self-stake)
2,node_0128,node_0443,1.48,7298,active,voter (Total-weighted random choice)
2,node_0129,node_0144,1.31,9183,active,voter (Total-weighted random choice)
2,node_0130,node_0234,1.30,3373,active,voter (Total-weighted random choice)
2,node_0131,node_0305,0.75,828,active,voter (Total-weighted random choice)
2,node_0132,node_0193,1.49,4865,active,voter (Total-weighted random choice)
2,node_0133,node_0133,1.00,6838,active,self-vote (candidate self-stake)
2,node_0134,node_0134,1.00,5170,active,self-vote (candidate self-stake)
2,node_0135,node_0135,1.00,6236,active,self-vote (candidate self-stake)
2,node_0136,node_0343,1.34,8835,rejected,voter (Total-weighted random choice)
2,node_0137,node_0137,1.00,6931,active,self-vote (candidate self-stake)
2,node_0138,node_0138,1.00,12535,active,self-vote (candidate self-stake)
2,node_0139,node_0424,1.44,5302,active,voter (Total-weighted random choice)
2,node_0140,node_0335,0.53,11031,active,voter (Total-weighted random choice)
2,node_0141,node_0141,1.00,6354,active,self-vote (candidate self-stake)
2,node_0142,node_0239,0.50,8076,active,voter (Total-weighted random choice)
2,node_0143,node_0143,1.00,2160,active,self-vote (candidate self-stake)
2,node_0144,node_0144,1.00,278,active,self-vote (candidate self-stake)
2,node_0145,node_0145,1.00,4722,active,self-vote (candidate self-stake)
2,node_0146,node_0032,0.73,3821,active,voter (Total-weighted random choice)
2,node_0147,node_0428,1.02,10048,active,voter (Total-weighted random choice)
2,node_0148,node_0025,0.58,7185,active,voter (Total-weighted random choice)
2,node_0149,node_0149,1.00,8468,active,self-vote (candidate self-stake)
2,node_0150,node_0461,1.26,3112,active,voter (Total-weighted random choice)
2,node_0151,node_0270,1.35,1836,rejected,voter (Total-weighted random choice)
2,node_0152,node_0092,1.15,2985,active,voter (Total-weighted random choice)
2,node_0153,node_0244,0.63,7,active,voter (Total-weighted random choice)
2,node_0154,node_0388,1.13,7372,active,voter (Total-weighted random choice)
2,node_0155,node_0155,1.00,8447,active,self-vote (candidate self-stake)
2,node_0156,node_0156,1.00,8645,active,self-vote (candidate self-stake)
2,node_0157,node_0213,1.23,7823,active,voter (Total-weighted random choice)
2,node_0158,node_0092,0.98,8937,active,voter (Total-weighted random choice)
2,node_0159,node_0159,1.00,3609,active,self-vote (candidate self-stake)
2,node_0160,node_0160,1.00,3286,active,self-vote (candidate self-stake)
2,node_0161,node_0161,1.00,3853,active,self-vote (candidate self-stake)
2,node_0162,node_0254,0.66,5332,active,voter (Total-weighted random choice)
2,node_0163,node_0242,0.80,2722,active,voter (Total-weighted random choice)
2,node_0164,node_0319,1.36,2114,active,voter (Total-weighted random choice)
2,node_0165,node_0392,0.56,8004,active,voter (Total-weighted random choice)
2,node_0166,node_0166,1.00,5868,active,self-vote (candidate self-stake)
2,node_0167,node_0290,1.48,6671,rejected,voter (Total-weighted random choice)
2,node_0168,node_0168,1.00,12233,active,self-vote (candidate self-stake)
2,node_0169,node_0138,0.88,4072,active,voter (Total-weighted random choice)
2,node_0170,node_0416,0.83,6529,active,voter (Total-weighted random choice)
2,node_0171,node_0171,1.00,8301,active,self-vote (candidate self-stake)
2,node_0172,node_0444,0.63,8494,active,voter (Total-weighted random choice)
2,node_0173,node_0173,1.00,5066,active,self-vote (candidate self-stake)
2,node_0174,node_0312,1.24,3510,active,voter (Total-weighted random choice)
2,node_0175,node_0333,0.89,6124,active,voter (Total-weighted random choice)
2,node_0176,node_0176,1.00,431,active,self-vote (candidate self-stake)
2,node_0177,node_0248,0.66,8553,rejected,voter (Total-weighted random choice)
2,node_0178,node_0178,1.00,6934,active,self-vote (candidate self-stake)
2,node_0179,node_0179,1.00,5454,active,self-vote (candidate self-stake)
2,node_0180,node_0270,1.16,5105,rejected,voter (Total-weighted random choice)
2,node_0181,node_0134,0.64,3949,active,voter (Total-weighted random choice)
2,node_0182,node_0066,1.11,558,active,voter (Total-weighted random choice)
2,node_0183,node_0122,1.43,6938,rejected,voter (Total-weighted random choice)
2,node_0184,node_0443,1.03,299,active,voter (Total-weighted random choice)
2,node_0185,node_0440,1.24,4864,active,voter (Total-weighted random choice)
2,node_0186,node_0006,0.69,3397,active,voter (Total-weighted random choice)
2,node_0187,node_0066,0.97,11220,active,voter (Total-weighted random choice)
2,node_0188,node_0122,0.95,5809,active,voter (Total-weighted random choice)
2,node_0189,node_0327,0.93,10185,active,voter (Total-weighted random choice)
2,node_0190,node_0462,0.83,3051,active,voter (Total-weighted random choice)
2,node_0191,node_0440,0.61,8895,active,voter (Total-weighted random choice)
2,node_0192,node_0248,0.64,13538,active,voter (Total-weighted random choice)
2,node_0193,node_0193,1.00,7297,active,self-vote (candidate self-stake)
2,node_0194,node_0273,0.60,1708,active,voter (Total-weighted random choice)
2,node_0195,node_0195,1.00,749,active,self-vote (candidate self-stake)
2,node_0196,node_0490,1.33,11594,active,voter (Total-weighted random choice)
2,node_0197,node_0343,0.84,5243,active,voter (Total-weighted random choice)
2,node_0198,node_0213,1.39,80,rejected,voter (Total-weighted random choice)
2,node_0199,node_0439,0.74,312,active,voter (Total-weighted random choice)
2,node_0200,node_0021,0.79,1568,active,voter (Total-weighted random choice)
2,node_0201,node_0201,1.00,6502,active,self-vote (candidate self-stake)
2,node_0202,node_0202,1.00,3014,active,self-vote (candidate self-stake)
2,node_0203,node_0461,0.75,10882,active,voter (Total-weighted random choice)
2,node_0204,node_0204,1.00,5655,active,self-vote (candidate self-stake)
2,node_0205,node_0253,0.99,6348,active,voter (Total-weighted random choice)
2,node_0206,node_0206,1.00,3558,active,self-vote (candidate self-stake)
2,node_0207,node_0176,1.02,6403,active,voter (Total-weighted random choice)
2,node_0208,node_0345,1.22,6486,active,voter (Total-weighted random choice)
2,node_0209,node_0307,0.57,4133,active,voter (Total-weighted random choice)
2,node_0210,node_0461,1.44,3107,rejected,voter (Total-weighted random choice)
2,node_0211,node_0488,0.76,12287,active,voter (Total-weighted random choice)
2,node_0212,node_0050,0.97,1798,active,voter (Total-weighted random choice)
2,node_0213,node_0213,1.00,7977,active,self-vote (candidate self-stake)
2,node_0214,node_0214,1.00,7200,active,self-vote (candidate self-stake)
2,node_0215,node_0014,1.37,10572,rejected,voter (Total-weighted random choice)
2,node_0216,node_0216,1.00,3740,active,self-vote (candidate self-stake)
2,node_0217,node_0217,1.00,5390,active,self-vote (candidate self-stake)
2,node_0218,node_0254,1.37,7787,active,voter (Total-weighted random choice)
2,node_0219,node_0219,1.00,6729,active,self-vote (candidate self-stake)
2,node_0220,node_0220,1.00,5961,active,self-vote (candidate self-stake)
2,node_0221,node_0221,1.00,5041,active,self-vote (candidate self-stake)
2,node_0222,node_0057,0.51,2513,active,voter (Total-weighted random choice)
2,node_0223,node_0223,1.00,1808,active,self-vote (candidate self-stake)
2,node_0224,node_0176,1.19,5356,active,voter (Total-weighted random choice)
2,node_0225,node_0149,1.16,2068,active,voter (Total-weighted random choice)
2,node_0226,node_0226,1.00,2723,active,self-vote (candidate self-stake)
2,node_0227,node_0133,1.21,516,active,voter (Total-weighted random choice)
2,node_0228,node_0452,1.08,4497,active,voter (Total-weighted random choice)
2,node_0229,node_0229,1.00,7930,active,self-vote (candidate self-stake)
2,node_0230,node_0411,0.73,8979,active,voter (Total-weighted random choice)
2,node_0231,node_0024,1.10,9990,active,voter (Total-weighted random choice)
2,node_0232,node_0401,1.34,10492,active,voter (Total-weighted random choice)
2,node_0233,node_0080,1.11,1843,rejected,voter (Total-weighted random choice)
2,node_0234,node_0234,1.00,1251,active,self-vote (candidate self-stake)
2,node_0235,node_0050,1.43,6879,active,voter (Total-weighted random choice)
2,node_0236,node_0409,1.34,2572,active,voter (Total-weighted random choice)
2,node_0237,node_0133,0.94,468,active,voter (Total-weighted random choice)
2,node_0238,node_0242,0.84,11400,active,voter (Total-weighted random choice)
2,node_0239,node_0239,1.00,8744,active,self-vote (candidate self-stake)
2,node_0240,node_0202,1.43,6291,active,voter (Total-weighted random choice)
2,node_0241,node_0282,1.02,5734,active,voter (Total-weighted random choice)
2,node_0242,node_0242,1.00,488,active,self-vote (candidate self-stake)
2,node_0243,node_0006,1.24,3497,active,voter (Total-weighted random choice)
2,node_0244,node_0244,1.00,1167,active,self-vote (candidate self-stake)
2,node_0245,node_0092,1.40,1522,active,voter (Total-weighted random choice)
2,node_0246,node_0337,1.07,12530,active,voter (Total-weighted random choice)
2,node_0247,node_0433,1.37,4335,active,voter (Total-weighted random choice)
2,node_0248,node_0248,1.00,10632,active,self-vote (candidate self-stake)
2,node_0249,node_0309,0.91,4499,active,voter (Total-weighted random choice)
2,node_0250,node_0295,0.96,9168,rejected,voter (Total-weighted random choice)
2,node_0251,node_0468,0.98,3447,active,voter (Total-weighted random choice)
2,node_0252,node_0052,1.07,366,active,voter (Total-weighted random choice)
2,node_0253,node_0253,1.00,8546,active,self-vote (candidate self-stake)
2,node_0254,node_0254,1.00,9258,active,self-vote (candidate self-stake)
2,node_0255,node_0270,0.77,9041,active,voter (Total-weighted random choice)
2,node_0256,node_0256,1.00,6359,active,self-vote (candidate self-stake)
2,node_0257,node_0032,0.79,6380,active,voter (Total-weighted random choice)
2,node_0258,node_0048,1.37,66,active,voter (Total-weighted random choice)
2,node_0259,node_0043,1.36,4460,active,voter (Total-weighted random choice)
2,node_0260,node_0122,1.20,5107,active,voter (Total-weighted random choice)
2,node_0261,node_0138,1.22,5684,rejected,voter (Total-weighted random choice)
2,node_0262,node_0262,1.00,8811,active,self-vote (candidate self-stake)
2,node_0263,node_0263,1.00,6937,active,self-vote (candidate self-stake)
2,node_0264,node_0242,1.37,1675,rejected,voter (Total-weighted random choice)
2,node_0265,node_0404,0.94,7925,active,voter (Total-weighted random choice)
2,node_0266,node_0371,1.42,6399,rejected,voter (Total-weighted random choice)
2,node_0267,node_0010,1.36,7091,active,voter (Total-weighted random choice)
2,node_0268,node_0375,0.82,4883,active,voter (Total-weighted random choice)
2,node_0269,node_0269,1.00,6682,active,self-vote (candidate self-stake)
2,node_0270,node_0270,1.00,8732,active,self-vote (candidate self-stake)
2,node_0271,node_0144,0.95,1265,active,voter (Total-weighted random choice)
2,node_0272,node_0179,1.25,10869,active,voter (Total-weighted random choice)
2,node_0273,node_0273,1.00,4340,active,self-vote (candidate self-stake)
2,node_0274,node_0274,1.00,8035,active,self-vote (candidate self-stake)
2,node_0275,node_0275,1.00,2973,active,self-vote (candidate self-stake)
2,node_0276,node_0234,1.40,3462,active,voter (Total-weighted random choice)
2,node_0277,node_0370,0.57,9352,active,voter (Total-weighted random choice)
2,node_0278,node_0462,0.61,24,active,voter (Total-weighted random choice)
2,node_0279,node_0452,1.24,1888,active,voter (Total-weighted random choice)
2,node_0280,node_0019,0.98,10806,active,voter (Total-weighted random choice)
2,node_0281,node_0016,1.04,8889,active,voter (Total-weighted random choice)
2,node_0282,node_0282,1.00,6261,active,self-vote (candidate self-stake)
2,node_0283,node_0171,0.59,2408,active,voter (Total-weighted random choice)
2,node_0284,node_0284,1.00,1314,active,self-vote (candidate self-stake)
2,node_0285,node_0285,1.00,5023,active,self-vote (candidate self-stake)
2,node_0286,node_0295,1.05,416,rejected,voter (Total-weighted random choice)
2,node_0287,node_0019,0.68,10460,active,voter (Total-weighted random choice)
2,node_0288,node_0204,1.17,2541,active,voter (Total-weighted random choice)
2,node_0289,node_0074,1.46,4896,active,voter (Total-weighted random choice)
2,node_0290,node_0290,1.00,8942,active,self-vote (candidate self-stake)
2,node_0291,node_0347,0.88,2021,active,voter (Total-weighted random choice)
2,node_0292,node_0302,1.34,7556,active,voter (Total-weighted random choice)
2,node_0293,node_0389,1.16,4228,active,voter (Total-weighted random choice)
2,node_0294,node_0080,1.01,7750,rejected,voter (Total-weighted random choice)
2,node_0295,node_0295,1.00,8145,active,self-vote (candidate self-stake)
2,node_0296,node_0296,1.00,1771,active,self-vote (candidate self-stake)
2,node_0297,node_0297,1.00,487,active,self-vote (candidate self-stake)
2,node_0298,node_0036,0.54,1053,active,voter (Total-weighted random choice)
2,node_0299,node_0299,1.00,1292,active,self-vote (candidate self-stake)
2,node_0300,node_0015,1.08,6444,active,voter (Total-weighted random choice)
2,node_0301,node_0015,1.23,916,active,voter (Total-weighted random choice)
2,node_0302,node_0302,1.00,4010,active,self-vote (candidate self-stake)
2,node_0303,node_0335,1.28,12998,rejected,voter (Total-weighted random choice)
2,node_0304,node_0217,0.72,4519,active,voter (Total-weighted random choice)
2,node_0305,node_0305,1.00,3905,active,self-vote (candidate self-stake)
2,node_0306,node_0306,1.00,758,active,self-vote (candidate self-stake)
2,node_0307,node_0307,1.00,8599,active,self-vote (candidate self-stake)
2,node_0308,node_0499,0.70,531,active,voter (Total-weighted random choice)
2,node_0309,node_0309,1.00,3695,active,self-vote (candidate self-stake)
2,node_0310,node_0137,1.28,2879,active,voter (Total-weighted random choice)
2,node_0311,node_0311,1.00,11871,active,self-vote (candidate self-stake)
2,node_0312,node_0312,1.00,3139,active,self-vote (candidate self-stake)
2,node_0313,node_0019,1.24,3854,rejected,voter (Total-weighted random choice)
2,node_0314,node_0484,1.35,2314,active,voter (Total-weighted random choice)
2,node_0315,node_0217,1.31,8624,active,voter (Total-weighted random choice)
2,node_0316,node_0262,0.73,10087,active,voter (Total-weighted random choice)
2,node_0317,node_0317,1.00,567,active,self-vote (candidate self-stake)
2,node_0318,node_0340,1.32,10614,active,voter (Total-weighted random choice)
2,node_0319,node_0319,1.00,3657,active,self-vote (candidate self-stake)
2,node_0320,node_0050,1.13,2125,active,voter (Total-weighted random choice)
2,node_0321,node_0321,1.00,2375,active,self-vote (candidate self-stake)
2,node_0322,node_0456,0.78,10016,rejected,voter (Total-weighted random choice)
2,node_0323,node_0323,1.00,211,active,self-vote (candidate self-stake)
2,node_0324,node_0221,0.57,5498,active,voter (Total-weighted random choice)
2,node_0325,node_0325,1.00,8683,active,self-vote (candidate self-stake)
2,node_0326,node_0026,1.29,4831,active,voter (Total-weighted random choice)
2,node_0327,node_0327,1.00,2500,active,self-vote (candidate self-stake)
2,node_0328,node_0328,1.00,39,active,self-vote (candidate self-stake)
2,node_0329,node_0484,1.09,4862,active,voter (Total-weighted random choice)
2,node_0330,node_0330,1.00,8920,active,self-vote (candidate self-stake)
2,node_0331,node_0331,1.00,723,active,self-vote (candidate self-stake)
2,node_0332,node_0017,1.09,6329,active,voter (Total-weighted random choice)
2,node_0333,node_0333,1.00,11434,active,self-vote (candidate self-stake)
2,node_0334,node_0021,1.13,10495,active,voter (Total-weighted random choice)
2,node_0335,node_0335,1.00,2414,active,self-vote (candidate self-stake)
2,node_0336,node_0336,1.00,2756,active,self-vote (candidate self-stake)
2,node_0337,node_0337,1.00,1105,active,self-vote (candidate self-stake)
2,node_0338,node_0345,1.40,1968,active,voter (Total-weighted random choice)
2,node_0339,node_0014,0.68,7669,active,voter (Total-weighted random choice)
2,node_0340,node_0340,1.00,945,active,self-vote (candidate self-stake)
2,node_0341,node_0493,0.92,2741,active,voter (Total-weighted random choice)
2,node_0342,node_0388,0.57,4685,active,voter (Total-weighted random choice)
2,node_0343,node_0343,1.00,11346,active,self-vote (candidate self-stake)
2,node_0344,node_0168,1.15,196,rejected,voter (Total-weighted random choice)
2,node_0345,node_0345,1.00,666,active,self-vote (candidate self-stake)
2,node_0346,node_0333,1.06,3287,active,voter (Total-weighted random choice)
2,node_0347,node_0347,1.00,5173,active,self-vote (candidate self-stake)
2,node_0348,node_0452,0.52,1398,active,voter (Total-weighted random choice)
2,node_0349,node_0296,0.67,3940,active,voter (Total-weighted random choice)
2,node_0350,node_0439,0.98,2099,active,voter (Total-weighted random choice)
2,node_0351,node_0122,1.26,6148,active,voter (Total-weighted random choice)
2,node_0352,node_0214,1.03,8835,active,voter (Total-weighted random choice)
2,node_0353,node_0114,0.61,6992,active,voter (Total-weighted random choice)
2,node_0354,node_0354,1.00,7431,active,self-vote (candidate self-stake)
2,node_0355,node_0355,1.00,736,active,self-vote (candidate self-stake)
2,node_0356,node_0290,0.77,7942,active,voter (Total-weighted random choice)
2,node_0357,node_0179,0.84,6467,active,voter (Total-weighted random choice)
2,node_0358,node_0299,1.43,10956,active,voter (Total-weighted random choice)
2,node_0359,node_0359,1.00,852,active,self-vote (candidate self-stake)
2,node_0360,node_0080,0.91,2059,active,voter (Total-weighted random choice)
2,node_0361,node_0256,1.13,3269,active,voter (Total-weighted random choice)
2,node_0362,node_0015,1.47,320,active,voter (Total-weighted random choice)
2,node_0363,node_0363,1.00,2660,active,self-vote (candidate self-stake)
2,node_0364,node_0364,1.00,49,active,self-vote (candidate self-stake)
2,node_0365,node_0365,1.00,9089,active,self-vote (candidate self-stake)
2,node_0366,node_0295,0.71,4857,active,voter (Total-weighted random choice)
2,node_0367,node_0443,0.70,3836,active,voter (Total-weighted random choice)
2,node_0368,node_0368,1.00,1490,active,self-vote (candidate self-stake)
2,node_0369,node_0369,1.00,2609,active,self-vote (candidate self-stake)
2,node_0370,node_0370,1.00,3221,active,self-vote (candidate self-stake)
2,node_0371,node_0371,1.00,12530,active,self-vote (candidate self-stake)
2,node_0372,node_0398,0.89,4172,active,voter (Total-weighted random choice)
2,node_0373,node_0171,1.49,9294,active,voter (Total-weighted random choice)
2,node_0374,node_0404,1.21,9230,active,voter (Total-weighted random choice)
2,node_0375,node_0375,1.00,9718,active,self-vote (candidate self-stake)
2,node_0376,node_0138,0.74,7820,active,voter (Total-weighted random choice)
2,node_0377,node_0488,1.00,8558,active,voter (Total-weighted random choice)
2,node_0378,node_0168,0.56,2196,active,voter (Total-weighted random choice)
2,node_0379,node_0087,1.14,6110,active,voter (Total-weighted random choice)
2,node_0380,node_0299,0.61,6936,active,voter (Total-weighted random choice)
2,node_0381,node_0093,1.18,5925,active,voter (Total-weighted random choice)
2,node_0382,node_0343,0.77,1453,active,voter (Total-weighted random choice)
2,node_0383,node_0457,0.86,5700,active,voter (Total-weighted random choice)
2,node_0384,node_0450,1.27,7903,active,voter (Total-weighted random choice)
2,node_0385,node_0385,1.00,1216,active,self-vote (candidate self-stake)
2,node_0386,node_0386,1.00,8476,active,self-vote (candidate self-stake)
2,node_0387,node_0168,0.66,7289,active,voter (Total-weighted random choice)
2,node_0388,node_0388,1.00,6688,active,self-vote (candidate self-stake)
2,node_0389,node_0389,1.00,8215,active,self-vote (candidate self-stake)
2,node_0390,node_0323,1.16,4616,active,voter (Total-weighted random choice)
2,node_0391,node_0347,1.43,4801,active,voter (Total-weighted random choice)
2,node_0392,node_0392,1.00,726,active,self-vote (candidate self-stake)
2,node_0393,node_0006,0.95,236,active,voter (Total-weighted random choice)
2,node_0394,node_0244,1.21,2186,active,voter (Total-weighted random choice)
2,node_0395,node_0440,1.19,2183,active,voter (Total-weighted random choice)
2,node_0396,node_0370,1.40,302,active,voter (Total-weighted random choice)
2,node_0397,node_0216,1.45,5555,active,voter (Total-weighted random choice)
2,node_0398,node_0398,1.00,4560,active,self-vote (candidate self-stake)
2,node_0399,node_0084,0.63,3584,active,voter (Total-weighted random choice)
2,node_0400,node_0499,0.95,2398,active,voter (Total-weighted random choice)
2,node_0401,node_0401,1.00,6425,active,self-vote (candidate self-stake)
2,node_0402,node_0340,0.77,2895,active,voter (Total-weighted random choice)
2,node_0403,node_0489,1.48,5889,rejected,voter (Total-weighted random choice)
2,node_0404,node_0404,1.00,121,active,self-vote (candidate self-stake)
2,node_0405,node_0335,1.18,9388,active,voter (Total-weighted random choice)
2,node_0406,node_0406,1.00,2735,active,self-vote (candidate self-stake)
2,node_0407,node_0122,1.03,1103,active,voter (Total-weighted random choice)
2,node_0408,node_0408,1.00,5254,active,self-vote (candidate self-stake)
2,node_0409,node_0409,1.00,2407,active,self-vote (candidate self-stake)
2,node_0410,node_0080,0.93,11233,active,voter (Total-weighted random choice)
2,node_0411,node_0411,1.00,2275,active,self-vote (candidate self-stake)
2,node_0412,node_0204,1.22,2380,active,voter (Total-weighted random choice)
2,node_0413,node_0309,0.79,10562,active,voter (Total-weighted random choice)
2,node_0414,node_0355,0.87,6017,active,voter (Total-weighted random choice)
2,node_0415,node_0415,1.00,4529,active,self-vote (candidate self-stake)
2,node_0416,node_0416,1.00,13242,active,self-vote (candidate self-stake)
2,node_0417,node_0363,0.86,37,active,voter (Total-weighted random choice)
2,node_0418,node_0134,0.53,411,active,voter (Total-weighted random choice)
2,node_0419,node_0369,0.77,1449,active,voter (Total-weighted random choice)
2,node_0420,node_0480,0.63,6090,active,voter (Total-weighted random choice)
2,node_0421,node_0375,0.77,8825,active,voter (Total-weighted random choice)
2,node_0422,node_0422,1.00,7739,active,self-vote (candidate self-stake)
2,node_0423,node_0149,0.85,897,active,voter (Total-weighted random choice)
2,node_0424,node_0424,1.00,6566,active,self-vote (candidate self-stake)
2,node_0425,node_0036,1.22,5444,active,voter (Total-weighted random choice)
2,node_0426,node_0489,1.05,10668,active,voter (Total-weighted random choice)
2,node_0427,node_0068,0.60,879,active,voter (Total-weighted random choice)
2,node_0428,node_0428,1.00,7530,active,self-vote (candidate self-stake)
2,node_0429,node_0179,1.33,878,rejected,voter (Total-weighted random choice)
2,node_0430,node_0309,0.92,2586,active,voter (Total-weighted random choice)
2,node_0431,node_0053,0.69,7524,active,voter (Total-weighted random choice)
2,node_0432,node_0087,1.26,7547,active,voter (Total-weighted random choice)
2,node_0433,node_0433,1.00,86,active,self-vote (candidate self-stake)
2,node_0434,node_0273,1.45,7872,active,voter (Total-weighted random choice)
2,node_0435,node_0435,1.00,4872,active,self-vote (candidate self-stake)
2,node_0436,node_0386,1.19,6326,active,voter (Total-weighted random choice)
2,node_0437,node_0015,0.74,1845,active,voter (Total-weighted random choice)
2,node_0438,node_0048,0.81,1176,active,voter (Total-weighted random choice)
2,node_0439,node_0439,1.00,7918,active,self-vote (candidate self-stake)
2,node_0440,node_0440,1.00,7966,active,self-vote (candidate self-stake)
2,node_0441,node_0441,1.00,9716,active,self-vote (candidate self-stake)
2,node_0442,node_0244,0.86,12222,active,voter (Total-weighted random choice)
2,node_0443,node_0443,1.00,5666,active,self-vote (candidate self-stake)
2,node_0444,node_0444,1.00,11153,active,self-vote (candidate self-stake)
2,node_0445,node_0307,0.67,7363,active,voter (Total-weighted random choice)
2,node_0446,node_0290,1.00,3354,rejected,voter (Total-weighted random choice)
2,node_0447,node_0365,0.73,11518,active,voter (Total-weighted random choice)
2,node_0448,node_0448,1.00,10103,active,self-vote (candidate self-stake)
2,node_0449,node_0178,1.46,8046,active,voter (Total-weighted random choice)
2,node_0450,node_0450,1.00,3987,active,self-vote (candidate self-stake)
2,node_0451,node_0333,1.36,320,active,voter (Total-weighted random choice)
2,node_0452,node_0452,1.00,151,active,self-vote (candidate self-stake)
2,node_0453,node_0355,0.53,532,active,voter (Total-weighted random choice)
2,node_0454,node_0439,1.04,8010,active,voter (Total-weighted random choice)
2,node_0455,node_0122,1.24,4351,active,voter (Total-weighted random choice)
2,node_0456,node_0456,1.00,6825,active,self-vote (candidate self-stake)
2,node_0457,node_0457,1.00,9380,active,self-vote (candidate self-stake)
2,node_0458,node_0340,0.96,326,active,voter (Total-weighted random choice)
2,node_0459,node_0254,0.98,3990,active,voter (Total-weighted random choice)
2,node_0460,node_0484,0.75,6088,active,voter (Total-weighted random choice)
2,node_0461,node_0461,1.00,5097,active,self-vote (candidate self-stake)
2,node_0462,node_0462,1.00,3146,active,self-vote (candidate self-stake)
2,node_0463,node_0463,1.00,4724,active,self-vote (candidate self-stake)
2,node_0464,node_0043,0.77,1540,active,voter (Total-weighted random choice)
2,node_0465,node_0014,0.79,9861,active,voter (Total-weighted random choice)
2,node_0466,node_0242,0.82,5392,active,voter (Total-weighted random choice)
2,node_0467,node_0060,1.10,6125,active,voter (Total-weighted random choice)
2,node_0468,node_0468,1.00,5534,active,self-vote (candidate self-stake)
2,node_0469,node_0024,0.79,2114,active,voter (Total-weighted random choice)
2,node_0470,node_0456,0.58,8805,active,voter (Total-weighted random choice)
2,node_0471,node_0044,1.37,4452,active,voter (Total-weighted random choice)
2,node_0472,node_0489,1.08,12119,active,voter (Total-weighted random choice)
2,node_0473,node_0134,1.06,1776,active,voter (Total-weighted random choice)
2,node_0474,node_0137,0.91,4840,active,voter (Total-weighted random choice)
2,node_0475,node_0401,0.63,3503,active,voter (Total-weighted random choice)
2,node_0476,node_0340,1.11,8296,active,voter (Total-weighted random choice)
2,node_0477,node_0319,0.79,3687,active,voter (Total-weighted random choice)
2,node_0478,node_0077,1.28,2375,active,voter (Total-weighted random choice)
2,node_0479,node_0347,1.17,6837,active,voter (Total-weighted random choice)
2,node_0480,node_0480,1.00,10436,active,self-vote (candidate self-stake)
2,node_0481,node_0340,1.39,3654,rejected,voter (Total-weighted random choice)
2,node_0482,node_0482,1.00,3458,active,self-vote (candidate self-stake)
2,node_0483,node_0311,1.07,5567,active,voter (Total-weighted random choice)
2,node_0484,node_0484,1.00,10207,active,self-vote (candidate self-stake)
2,node_0485,node_0010,1.11,832,active,voter (Total-weighted random choice)
2,node_0486,node_0068,0.73,8565,active,voter (Total-weighted random choice)
2,node_0487,node_0242,0.85,6739,active,voter (Total-weighted random choice)
2,node_0488,node_0488,1.00,7225,active,self-vote (candidate self-stake)
2,node_0489,node_0489,1.00,5540,active,self-vote (candidate self-stake)
2,node_0490,node_0490,1.00,4422,active,self-vote (candidate self-stake)
2,node_0491,node_0331,0.71,4850,active,voter (Total-weighted random choice)
2,node_0492,node_0274,0.86,1245,active,voter (Total-weighted random choice)
2,node_0493,node_0493,1.00,2223,active,self-vote (candidate self-stake)
2,node_0494,node_0019,0.71,6829,active,voter (Total-weighted random choice)
2,node_0495,node_0495,1.00,5980,active,self-vote (candidate self-stake)
2,node_0496,node_0388,0.80,388,active,voter (Total-weighted random choice)
2,node_0497,node_0495,0.64,1327,active,voter (Total-weighted random choice)
2,node_0498,node_0244,0.75,3166,active,voter (Total-weighted random choice)
2,node_0499,node_0499,1.00,4971,active,self-vote (candidate self-stake)
2,node_0500,node_0213,1.02,6110,active,voter (Total-weighted random choice)
3,node_0001,node_0001,1.00,1950,active,self-vote (candidate self-stake)
3,node_0002,node_0002,1.00,3600,active,self-vote (candidate self-stake)
3,node_0003,node_0462,1.46,10644,active,voter (Total-weighted random choice)
3,node_0004,node_0004,1.00,98,active,self-vote (candidate self-stake)
3,node_0005,node_0275,0.78,3836,active,voter (Total-weighted random choice)
3,node_0006,node_0121,1.29,6255,active,voter (Total-weighted random choice)
3,node_0007,node_0007,1.00,4529,active,self-vote (candidate self-stake)
3,node_0008,node_0475,1.35,306,rejected,voter (Total-weighted random choice)
3,node_0009,node_0004,0.60,9095,active,voter (Total-weighted random choice)
3,node_0010,node_0350,0.79,3295,active,voter (Total-weighted random choice)
3,node_0011,node_0170,0.89,22,active,voter (Total-weighted random choice)
3,node_0012,node_0117,0.90,4994,active,voter (Total-weighted random choice)
3,node_0013,node_0013,1.00,1470,active,self-vote (candidate self-stake)
3,node_0014,node_0014,1.00,6219,active,self-vote (candidate self-stake)
3,node_0015,node_0384,0.85,5447,active,voter (Total-weighted random choice)
3,node_0016,node_0229,1.15,335,active,voter (Total-weighted random choice)
3,node_0017,node_0017,1.00,1119,active,self-vote (candidate self-stake)
3,node_0018,node_0384,0.78,5934,active,voter (Total-weighted random choice)
3,node_0019,node_0195,0.57,2884,active,voter (Total-weighted random choice)
3,node_0020,node_0020,1.00,6956,active,self-vote (candidate self-stake)
3,node_0021,node_0055,0.93,1155,active,voter (Total-weighted random choice)
3,node_0022,node_0033,1.14,488,active,voter (Total-weighted random choice)
3,node_0023,node_0486,0.82,9004,active,voter (Total-weighted random choice)
3,node_0024,node_0050,0.60,108,active,voter (Total-weighted random choice)
3,node_0025,node_0025,1.00,4232,active,self-vote (candidate self-stake)
3,node_0026,node_0330,0.62,2315,active,voter (Total-weighted random choice)
3,node_0027,node_0208,1.00,1812,rejected,voter (Total-weighted random choice)
3,node_0028,node_0028,1.00,7790,active,self-vote (candidate self-stake)
3,node_0029,node_0114,1.05,4035,active,voter (Total-weighted random choice)
3,node_0030,node_0030,1.00,15658,active,self-vote (candidate self-stake)
3,node_0031,node_0031,1.00,3796,active,self-vote (candidate self-stake)
3,node_0032,node_0032,1.00,10904,active,self-vote (candidate self-stake)
3,node_0033,node_0033,1.00,948,active,self-vote (candidate self-stake)
3,node_0034,node_0034,1.00,8003,active,self-vote (candidate self-stake)
3,node_0035,node_0263,1.15,5301,active,voter (Total-weighted random choice)
3,node_0036,node_0036,1.00,8816,active,self-vote (candidate self-stake)
3,node_0037,node_0327,1.25,1342,active,voter (Total-weighted random choice)
3,node_0038,node_0207,1.28,5306,active,voter (Total-weighted random choice)
3,node_0039,node_0031,0.91,5554,active,voter (Total-weighted random choice)
3,node_0040,node_0263,1.39,7318,active,voter (Total-weighted random choice)
3,node_0041,node_0475,1.41,2716,rejected,voter (Total-weighted random choice)
3,node_0042,node_0260,0.98,155,active,voter (Total-weighted random choice)
3,node_0043,node_0154,0.85,7212,rejected,voter (Total-weighted random choice)
3,node_0044,node_0044,1.00,10777,active,self-vote (candidate self-stake)
3,node_0045,node_0045,1.00,1475,active,self-vote (candidate self-stake)
3,node_0046,node_0129,0.59,3323,active,voter (Total-weighted random choice)
3,node_0047,node_0396,0.52,239,active,voter (Total-weighted random choice)
3,node_0048,node_0048,1.00,8234,active,self-vote (candidate self-stake)
3,node_0049,node_0475,0.59,11301,active,voter (Total-weighted random choice)
3,node_0050,node_0050,1.00,6318,active,self-vote (candidate self-stake)
3,node_0051,node_0081,0.78,3743,active,voter (Total-weighted random choice)
3,node_0052,node_0052,1.00,5359,active,self-vote (candidate self-stake)
3,node_0053,node_0330,0.72,5823,active,voter (Total-weighted random choice)
3,node_0054,node_0472,0.87,983,active,voter (Total-weighted random choice)
3,node_0055,node_0055,1.00,2562,active,self-vote (candidate self-stake)
3,node_0056,node_0028,0.52,12656,active,voter (Total-weighted random choice)
3,node_0057,node_0224,1.15,1139,active,voter (Total-weighted random choice)
3,node_0058,node_0044,1.15,4533,active,voter (Total-weighted random choice)
3,node_0059,node_0420,0.65,4779,active,voter (Total-weighted random choice)
3,node_0060,node_0044,0.53,8354,active,voter (Total-weighted random choice)
3,node_0061,node_0182,1.26,3057,active,voter (Total-weighted random choice)
3,node_0062,node_0484,0.93,3144,active,voter (Total-weighted random choice)
3,node_0063,node_0423,1.46,3750,rejected,voter (Total-weighted random choice)
3,node_0064,node_0123,0.70,304,active,voter (Total-weighted random choice)
3,node_0065,node_0353,0.61,39,active,voter (Total-weighted random choice)
3,node_0066,node_0066,1.00,571,active,self-vote (candidate self-stake)
3,node_0067,node_0385,1.28,9444,active,voter (Total-weighted random choice)
3,node_0068,node_0068,1.00,1818,active,self-vote (candidate self-stake)
3,node_0069,node_0069,1.00,526,active,self-vote (candidate self-stake)
3,node_0070,node_0070,1.00,1429,active,self-vote (candidate self-stake)
3,node_0071,node_0242,1.06,232,active,voter (Total-weighted random choice)
3,node_0072,node_0072,1.00,2187,active,self-vote (candidate self-stake)
3,node_0073,node_0166,1.43,3431,active,voter (Total-weighted random choice)
3,node_0074,node_0375,0.94,3458,active,voter (Total-weighted random choice)
3,node_0075,node_0471,1.40,4301,active,voter (Total-weighted random choice)
3,node_0076,node_0076,1.00,3774,active,self-vote (candidate self-stake)
3,node_0077,node_0077,1.00,1945,active,self-vote (candidate self-stake)
3,node_0078,node_0318,1.44,20,active,voter (Total-weighted random choice)
3,node_0079,node_0439,0.52,4047,active,voter (Total-weighted random choice)
3,node_0080,node_0452,0.77,12649,active,voter (Total-weighted random choice)
3,node_0081,node_0081,1.00,830,active,self-vote (candidate self-stake)
3,node_0082,node_0137,1.33,1646,active,voter (Total-weighted random choice)
3,node_0083,node_0052,0.50,2992,active,voter (Total-weighted random choice)
3,node_0084,node_0425,0.97,9156,active,voter (Total-weighted random choice)
3,node_0085,node_0170,0.54,6860,active,voter (Total-weighted random choice)
3,node_0086,node_0086,1.00,1740,active,self-vote (candidate self-stake)
3,node_0087,node_0344,1.01,4442,active,voter (Total-weighted random choice)
3,node_0088,node_0476,0.79,5662,active,voter (Total-weighted random choice)
3,node_0089,node_0089,1.00,483,active,self-vote (candidate self-stake)
3,node_0090,node_0420,0.68,734,active,voter (Total-weighted random choice)
3,node_0091,node_0086,1.21,947,active,voter (Total-weighted random choice)
3,node_0092,node_0208,0.81,3604,active,voter (Total-weighted random choice)
3,node_0093,node_0093,1.00,6753,active,self-vote (candidate self-stake)
3,node_0094,node_0025,1.37,10935,active,voter (Total-weighted random choice)
3,node_0095,node_0327,1.10,660,active,voter (Total-weighted random choice)
3,node_0096,node_0096,1.00,4926,active,self-vote (candidate self-stake)
3,node_0097,node_0312,0.82,14138,active,voter (Total-weighted random choice)
3,node_0098,node_0139,0.66,9106,active,voter (Total-weighted random choice)
3,node_0099,node_0201,0.84,433,active,voter (Total-weighted random choice)
3,node_0100,node_0423,0.88,10099,active,voter (Total-weighted random choice)
3,node_0101,node_0101,1.00,1671,active,self-vote (candidate self-stake)
3,node_0102,node_0102,1.00,50,active,self-vote (candidate self-stake)
3,node_0103,node_0238,1.38,2858,rejected,voter (Total-weighted random choice)
3,node_0104,node_0104,1.00,5862,active,self-vote (candidate self-stake)
3,node_0105,node_0233,0.87,3535,active,voter (Total-weighted random choice)
3,node_0106,node_0219,1.24,11921,active,voter (Total-weighted random choice)
3,node_0107,node_0107,1.00,8573,active,self-vote (candidate self-stake)
3,node_0108,node_0447,1.20,1271,rejected,voter (Total-weighted random choice)
3,node_0109,node_0109,1.00,445,active,self-vote (candidate self-stake)
3,node_0110,node_0322,0.95,4110,active,voter (Total-weighted random choice)
3,node_0111,node_0321,0.92,14240,active,voter (Total-weighted random choice)
3,node_0112,node_0048,0.72,1392,active,voter (Total-weighted random choice)
3,node_0113,node_0494,0.53,2475,active,voter (Total-weighted random choice)
3,node_0114,node_0114,1.00,6239,active,self-vote (candidate self-stake)
3,node_0115,node_0224,0.73,8890,active,voter (Total-weighted random choice)
3,node_0116,node_0476,1.05,3953,active,voter (Total-weighted random choice)
3,node_0117,node_0117,1.00,5190,active,self-vote (candidate self-stake)
3,node_0118,node_0118,1.00,4593,active,self-vote (candidate self-stake)
3,node_0119,node_0384,0.80,7520,active,voter (Total-weighted random choice)
3,node_0120,node_0425,0.86,81,active,voter (Total-weighted random choice)
3,node_0121,node_0121,1.00,5762,active,self-vote (candidate self-stake)
3,node_0122,node_0117,1.06,5516,active,voter (Total-weighted random choice)
3,node_0123,node_0123,1.00,6417,active,self-vote (candidate self-stake)
3,node_0124,node_0124,1.00,2982,active,self-vote (candidate self-stake)
3,node_0125,node_0246,0.98,2214,rejected,voter (Total-weighted random choice)
3,node_0126,node_0137,1.08,974,active,voter (Total-weighted random choice)
3,node_0127,node_0185,0.70,4981,active,voter (Total-weighted random choice)
3,node_0128,node_0358,1.21,8222,active,voter (Total-weighted random choice)
3,node_0129,node_0129,1.00,9332,active,self-vote (candidate self-stake)
3,node_0130,node_0371,0.75,2626,active,voter (Total-weighted random choice)
3,node_0131,node_0131,1.00,534,active,self-vote (candidate self-stake)
3,node_0132,node_0132,1.00,4399,active,self-vote (candidate self-stake)
3,node_0133,node_0439,1.28,7820,active,voter (Total-weighted random choice)
3,node_0134,node_0170,1.13,3761,active,voter (Total-weighted random choice)
3,node_0135,node_0175,1.18,4781,active,voter (Total-weighted random choice)
3,node_0136,node_0052,1.17,8772,active,voter (Total-weighted random choice)
3,node_0137,node_0137,1.00,10075,active,self-vote (candidate self-stake)
3,node_0138,node_0138,1.00,17788,active,self-vote (candidate self-stake)
3,node_0139,node_0139,1.00,6092,active,self-vote (candidate self-stake)
3,node_0140,node_0182,1.08,10592,active,voter (Total-weighted random choice)
3,node_0141,node_0013,1.49,7417,active,voter (Total-weighted random choice)
3,node_0142,node_0033,1.26,7499,active,voter (Total-weighted random choice)
3,node_0143,node_0069,1.11,1360,active,voter (Total-weighted random choice)
3,node_0144,node_0482,0.92,281,active,voter (Total-weighted random choice)
3,node_0145,node_0145,1.00,5424,active,self-vote (candidate self-stake)
3,node_0146,node_0030,0.96,2310,active,voter (Total-weighted random choice)
3,node_0147,node_0334,1.02,10855,rejected,voter (Total-weighted random choice)
3,node_0148,node_0299,1.31,7300,active,voter (Total-weighted random choice)
3,node_0149,node_0465,1.01,7998,active,voter (Total-weighted random choice)
3,node_0150,node_0358,0.66,4196,active,voter (Total-weighted random choice)
3,node_0151,node_0014,0.68,1156,active,voter (Total-weighted random choice)
3,node_0152,node_0152,1.00,1936,active,self-vote (candidate self-stake)
3,node_0153,node_0197,0.99,333,active,voter (Total-weighted random choice)
3,node_0154,node_0154,1.00,7158,active,self-vote (candidate self-stake)
3,node_0155,node_0155,1.00,6761,active,self-vote (candidate self-stake)
3,node_0156,node_0156,1.00,5804,active,self-vote (candidate self-stake)
3,node_0157,node_0425,0.54,10061,active,voter (Total-weighted random choice)
3,node_0158,node_0170,1.33,9901,rejected,voter (Total-weighted random choice)
3,node_0159,node_0185,1.15,4031,active,voter (Total-weighted random choice)
3,node_0160,node_0160,1.00,2904,active,self-vote (candidate self-stake)
3,node_0161,node_0002,1.17,3457,active,voter (Total-weighted random choice)
3,node_0162,node_0162,1.00,4375,active,self-vote (candidate self-stake)
3,node_0163,node_0031,0.74,2773,active,voter (Total-weighted random choice)
3,node_0164,node_0164,1.00,2831,active,self-vote (candidate self-stake)
3,node_0165,node_0425,1.25,8100,rejected,voter (Total-weighted random choice)
3,node_0166,node_0166,1.00,6379,active,self-vote (candidate self-stake)
3,node_0167,node_0373,0.97,7566,active,voter (Total-weighted random choice)
3,node_0168,node_0387,0.95,15111,active,voter (Total-weighted random choice)
3,node_0169,node_0072,1.21,4548,active,voter (Total-weighted random choice)
3,node_0170,node_0170,1.00,6030,active,self-vote (candidate self-stake)
3,node_0171,node_0393,1.34,11057,active,voter (Total-weighted random choice)
3,node_0172,node_0172,1.00,9898,active,self-vote (candidate self-stake)
3,node_0173,node_0322,0.54,4975,active,voter (Total-weighted random choice)
3,node_0174,node_0174,1.00,2796,active,self-vote (candidate self-stake)
3,node_0175,node_0175,1.00,7666,active,self-vote (candidate self-stake)
3,node_0176,node_0176,1.00,65,active,self-vote (candidate self-stake)
3,node_0177,node_0356,0.86,8978,active,voter (Total-weighted random choice)
3,node_0178,node_0072,1.01,6594,active,voter (Total-weighted random choice)
3,node_0179,node_0500,1.22,6190,active,voter (Total-weighted random choice)
3,node_0180,node_0321,0.79,4388,active,voter (Total-weighted random choice)
3,node_0181,node_0440,1.00,2433,active,voter (Total-weighted random choice)
3,node_0182,node_0182,1.00,24,active,self-vote (candidate self-stake)
3,node_0183,node_0238,1.02,8281,active,voter (Total-weighted random choice)
3,node_0184,node_0025,1.05,1678,active,voter (Total-weighted random choice)
3,node_0185,node_0185,1.00,6189,active,self-vote (candidate self-stake)
3,node_0186,node_0484,1.15,3077,active,voter (Total-weighted random choice)
3,node_0187,node_0187,1.00,10290,active,self-vote (candidate self-stake)
3,node_0188,node_0121,1.33,7132,active,voter (Total-weighted random choice)
3,node_0189,node_0246,0.88,8034,active,voter (Total-weighted random choice)
3,node_0190,node_0330,1.27,1875,rejected,voter (Total-weighted random choice)
3,node_0191,node_0174,0.51,10363,active,voter (Total-weighted random choice)
3,node_0192,node_0350,0.69,15548,active,voter (Total-weighted random choice)
3,node_0193,node_0447,1.02,6106,active,voter (Total-weighted random choice)
3,node_0194,node_0194,1.00,2335,active,self-vote (candidate self-stake)
3,node_0195,node_0195,1.00,875,active,self-vote (candidate self-stake)
3,node_0196,node_0072,1.45,10372,rejected,voter (Total-weighted random choice)
3,node_0197,node_0197,1.00,6398,active,self-vote (candidate self-stake)
3,node_0198,node_0198,1.00,722,active,self-vote (candidate self-stake)
3,node_0199,node_0199,1.00,843,active,self-vote (candidate self-stake)
3,node_0200,node_0200,1.00,330,active,self-vote (candidate self-stake)
3,node_0201,node_0201,1.00,5706,active,self-vote (candidate self-stake)
3,node_0202,node_0156,0.79,2719,active,voter (Total-weighted random choice)
3,node_0203,node_0203,1.00,11239,active,self-vote (candidate self-stake)
3,node_0204,node_0322,1.08,4608,active,voter (Total-weighted random choice)
3,node_0205,node_0490,1.04,6497,active,voter (Total-weighted random choice)
3,node_0206,node_0185,1.13,3538,active,voter (Total-weighted random choice)
3,node_0207,node_0207,1.00,6517,active,self-vote (candidate self-stake)
3,node_0208,node_0208,1.00,5142,active,self-vote (candidate self-stake)
3,node_0209,node_0233,0.75,5041,active,voter (Total-weighted random choice)
3,node_0210,node_0447,0.78,3154,active,voter (Total-weighted random choice)
3,node_0211,node_0211,1.00,11118,active,self-vote (candidate self-stake)
3,node_0212,node_0494,0.54,1248,active,voter (Total-weighted random choice)
3,node_0213,node_0462,1.31,10991,active,voter (Total-weighted random choice)
3,node_0214,node_0214,1.00,6601,active,self-vote (candidate self-stake)
3,node_0215,node_0170,1.16,10193,rejected,voter (Total-weighted random choice)
3,node_0216,node_0500,1.19,3464,active,voter (Total-weighted random choice)
3,node_0217,node_0242,0.59,7050,active,voter (Total-weighted random choice)
3,node_0218,node_0218,1.00,7911,active,self-vote (candidate self-stake)
3,node_0219,node_0219,1.00,4488,active,self-vote (candidate self-stake)
3,node_0220,node_0123,1.04,4624,active,voter (Total-weighted random choice)
3,node_0221,node_0221,1.00,5991,active,self-vote (candidate self-stake)
3,node_0222,node_0222,1.00,2214,active,self-vote (candidate self-stake)
3,node_0223,node_0223,1.00,1719,active,self-vote (candidate self-stake)
3,node_0224,node_0224,1.00,4840,active,self-vote (candidate self-stake)
3,node_0225,node_0351,0.84,200,active,voter (Total-weighted random choice)
3,node_0226,node_0421,0.67,1895,active,voter (Total-weighted random choice)
3,node_0227,node_0490,1.10,298,active,voter (Total-weighted random choice)
3,node_0228,node_0423,0.83,3863,active,voter (Total-weighted random choice)
3,node_0229,node_0229,1.00,6976,active,self-vote (candidate self-stake)
3,node_0230,node_0274,1.12,9147,active,voter (Total-weighted random choice)
3,node_0231,node_0306,0.51,8157,active,voter (Total-weighted random choice)
3,node_0232,node_0232,1.00,12860,active,self-vote (candidate self-stake)
3,node_0233,node_0233,1.00,1774,active,self-vote (candidate self-stake)
3,node_0234,node_0457,1.23,890,active,voter (Total-weighted random choice)
3,node_0235,node_0465,0.56,5781,active,voter (Total-weighted random choice)
3,node_0236,node_0368,1.08,1135,active,voter (Total-weighted random choice)
3,node_0237,node_0237,1.00,221,active,self-vote (candidate self-stake)
3,node_0238,node_0238,1.00,14738,active,self-vote (candidate self-stake)
3,node_0239,node_0020,1.02,7940,active,voter (Total-weighted random choice)
3,node_0240,node_0460,0.55,5713,active,voter (Total-weighted random choice)
3,node_0241,node_0440,0.74,7647,active,voter (Total-weighted random choice)
3,node_0242,node_0242,1.00,1772,active,self-vote (candidate self-stake)
3,node_0243,node_0387,1.00,4274,rejected,voter (Total-weighted random choice)
3,node_0244,node_0244,1.00,1498,active,self-vote (candidate self-stake)
3,node_0245,node_0036,1.31,1317,rejected,voter (Total-weighted random choice)
3,node_0246,node_0246,1.00,12468,active,self-vote (candidate self-stake)
3,node_0247,node_0198,1.13,3660,active,voter (Total-weighted random choice)
3,node_0248,node_0160,1.22,14516,active,voter (Total-weighted random choice)
3,node_0249,node_0246,0.76,3991,active,voter (Total-weighted random choice)
3,node_0250,node_0387,0.89,8306,active,voter (Total-weighted random choice)
3,node_0251,node_0246,0.63,2547,active,voter (Total-weighted random choice)
3,node_0252,node_0252,1.00,23,active,self-vote (candidate self-stake)
3,node_0253,node_0347,1.35,8897,active,voter (Total-weighted random choice)
3,node_0254,node_0030,1.42,8444,active,voter (Total-weighted random choice)
3,node_0255,node_0475,0.61,7947,active,voter (Total-weighted random choice)
3,node_0256,node_0214,1.47,5520,active,voter (Total-weighted random choice)
3,node_0257,node_0275,0.55,9462,active,voter (Total-weighted random choice)
3,node_0258,node_0258,1.00,997,active,self-vote (candidate self-stake)
3,node_0259,node_0259,1.00,3944,active,self-vote (candidate self-stake)
3,node_0260,node_0260,1.00,6750,active,self-vote (candidate self-stake)
3,node_0261,node_0261,1.00,7144,active,self-vote (candidate self-stake)
3,node_0262,node_0262,1.00,10496,active,self-vote (candidate self-stake)
3,node_0263,node_0263,1.00,5760,active,self-vote (candidate self-stake)
3,node_0264,node_0439,1.30,505,rejected,voter (Total-weighted random choice)
3,node_0265,node_0265,1.00,8617,active,self-vote (candidate self-stake)
3,node_0266,node_0472,0.64,5197,active,voter (Total-weighted random choice)
3,node_0267,node_0077,0.84,7383,active,voter (Total-weighted random choice)
3,node_0268,node_0358,1.43,6531,rejected,voter (Total-weighted random choice)
3,node_0269,node_0031,1.29,6077,active,voter (Total-weighted random choice)
3,node_0270,node_0282,0.62,10118,active,voter (Total-weighted random choice)
3,node_0271,node_0275,1.07,1215,active,voter (Total-weighted random choice)
3,node_0272,node_0001,0.91,11149,active,voter (Total-weighted random choice)
3,node_0273,node_0162,0.62,3845,active,voter (Total-weighted random choice)
3,node_0274,node_0274,1.00,6910,active,self-vote (candidate self-stake)
3,node_0275,node_0275,1.00,2161,active,self-vote (candidate self-stake)
3,node_0276,node_0276,1.00,3248,active,self-vote (candidate self-stake)
3,node_0277,node_0277,1.00,8383,active,self-vote (candidate self-stake)
3,node_0278,node_0261,1.19,54,active,voter (Total-weighted random choice)
3,node_0279,node_0129,0.72,2536,active,voter (Total-weighted random choice)
3,node_0280,node_0280,1.00,12249,active,self-vote (candidate self-stake)
3,node_0281,node_0118,1.45,8946,active,voter (Total-weighted random choice)
3,node_0282,node_0282,1.00,8581,active,self-vote (candidate self-stake)
3,node_0283,node_0283,1.00,1941,active,self-vote (candidate self-stake)
3,node_0284,node_0121,0.78,2568,active,voter (Total-weighted random choice)
3,node_0285,node_0472,1.34,4591,active,voter (Total-weighted random choice)
3,node_0286,node_0327,0.81,755,active,voter (Total-weighted random choice)
3,node_0287,node_0287,1.00,11325,active,self-vote (candidate self-stake)
3,node_0288,node_0030,0.65,1799,active,voter (Total-weighted random choice)
3,node_0289,node_0208,0.68,4463,active,voter (Total-weighted random choice)
3,node_0290,node_0494,0.60,8058,rejected,voter (Total-weighted random choice)
3,node_0291,node_0330,1.18,2033,rejected,voter (Total-weighted random choice)
3,node_0292,node_0292,1.00,6541,active,self-vote (candidate self-stake)
3,node_0293,node_0293,1.00,2706,active,self-vote (candidate self-stake)
3,node_0294,node_0036,0.67,8850,active,voter (Total-weighted random choice)
3,node_0295,node_0494,0.51,10563,active,voter (Total-weighted random choice)
3,node_0296,node_0020,1.16,799,active,voter (Total-weighted random choice)
3,node_0297,node_0297,1.00,334,active,self-vote (candidate self-stake)
3,node_0298,node_0298,1.00,1653,active,self-vote (candidate self-stake)
3,node_0299,node_0299,1.00,2470,active,self-vote (candidate self-stake)
3,node_0300,node_0045,0.56,5394,active,voter (Total-weighted random choice)
3,node_0301,node_0392,0.63,178,active,voter (Total-weighted random choice)
3,node_0302,node_0351,1.31,3988,active,voter (Total-weighted random choice)
3,node_0303,node_0195,0.51,12920,active,voter (Total-weighted random choice)
3,node_0304,node_0393,0.63,4077,active,voter (Total-weighted random choice)
3,node_0305,node_0242,0.87,2833,active,voter (Total-weighted random choice)
3,node_0306,node_0306,1.00,245,active,self-vote (candidate self-stake)
3,node_0307,node_0201,0.78,10957,active,voter (Total-weighted random choice)
3,node_0308,node_0033,1.19,672,active,voter (Total-weighted random choice)
3,node_0309,node_0299,0.76,4925,active,voter (Total-weighted random choice)
3,node_0310,node_0350,1.17,4026,active,voter (Total-weighted random choice)
3,node_0311,node_0311,1.00,13668,active,self-vote (candidate self-stake)
3,node_0312,node_0312,1.00,1313,active,self-vote (candidate self-stake)
3,node_0313,node_0246,0.95,3534,rejected,voter (Total-weighted random choice)
3,node_0314,node_0371,1.04,1754,active,voter (Total-weighted random choice)
3,node_0315,node_0494,0.58,8802,active,voter (Total-weighted random choice)
3,node_0316,node_0032,1.46,11565,rejected,voter (Total-weighted random choice)
3,node_0317,node_0396,1.05,78,active,voter (Total-weighted random choice)
3,node_0318,node_0318,1.00,12677,active,self-vote (candidate self-stake)
3,node_0319,node_0238,0.81,2775,active,voter (Total-weighted random choice)
3,node_0320,node_0306,1.41,1905,active,voter (Total-weighted random choice)
3,node_0321,node_0321,1.00,1647,active,self-vote (candidate self-stake)
3,node_0322,node_0322,1.00,10068,active,self-vote (candidate self-stake)
3,node_0323,node_0323,1.00,348,active,self-vote (candidate self-stake)
3,node_0324,node_0334,0.92,4756,active,voter (Total-weighted random choice)
3,node_0325,node_0423,1.42,9118,active,voter (Total-weighted random choice)
3,node_0326,node_0475,0.76,4509,rejected,voter (Total-weighted random choice)
3,node_0327,node_0327,1.00,2261,active,self-vote (candidate self-stake)
3,node_0328,node_0077,1.01,214,active,voter (Total-weighted random choice)
3,node_0329,node_0139,1.50,6243,rejected,voter (Total-weighted random choice)
3,node_0330,node_0330,1.00,11531,active,self-vote (candidate self-stake)
3,node_0331,node_0351,0.55,270,active,voter (Total-weighted random choice)
3,node_0332,node_0070,0.97,5571,active,voter (Total-weighted random choice)
3,node_0333,node_0439,1.35,16042,rejected,voter (Total-weighted random choice)
3,node_0334,node_0334,1.00,8762,active,self-vote (candidate self-stake)
3,node_0335,node_0174,1.32,4206,rejected,voter (Total-weighted random choice)
3,node_0336,node_0439,0.73,2770,active,voter (Total-weighted random choice)
3,node_0337,node_0434,0.53,788,active,voter (Total-weighted random choice)
3,node_0338,node_0299,0.54,1832,active,voter (Total-weighted random choice)
3,node_0339,node_0476,1.21,6694,active,voter (Total-weighted random choice)
3,node_0340,node_0034,1.14,1800,active,voter (Total-weighted random choice)
3,node_0341,node_0252,0.53,2668,active,voter (Total-weighted random choice)
3,node_0342,node_0104,0.53,3928,active,voter (Total-weighted random choice)
3,node_0343,node_0154,0.84,16653,active,voter (Total-weighted random choice)
3,node_0344,node_0344,1.00,454,active,self-vote (candidate self-stake)
3,node_0345,node_0066,0.59,728,active,voter (Total-weighted random choice)
3,node_0346,node_0014,1.10,4466,active,voter (Total-weighted random choice)
3,node_0347,node_0347,1.00,5618,active,self-vote (candidate self-stake)
3,node_0348,node_0208,0.63,952,active,voter (Total-weighted random choice)
3,node_0349,node_0033,1.33,3854,active,voter (Total-weighted random choice)
3,node_0350,node_0350,1.00,1205,active,self-vote (candidate self-stake)
3,node_0351,node_0351,1.00,7295,active,self-vote (candidate self-stake)
3,node_0352,node_0208,0.72,8875,active,voter (Total-weighted random choice)
3,node_0353,node_0353,1.00,6580,active,self-vote (candidate self-stake)
3,node_0354,node_0354,1.00,6687,active,self-vote (candidate self-stake)
3,node_0355,node_0208,1.41,123,rejected,voter (Total-weighted random choice)
3,node_0356,node_0356,1.00,7449,active,self-vote (candidate self-stake)
3,node_0357,node_0259,1.29,5790,active,voter (Total-weighted random choice)
3,node_0358,node_0358,1.00,13925,active,self-vote (candidate self-stake)
3,node_0359,node_0176,0.90,260,active,voter (Total-weighted random choice)
3,node_0360,node_0124,0.72,1616,active,voter (Total-weighted random choice)
3,node_0361,node_0238,0.83,3198,active,voter (Total-weighted random choice)
3,node_0362,node_0030,0.62,412,active,voter (Total-weighted random choice)
3,node_0363,node_0363,1.00,196,active,self-vote (candidate self-stake)
3,node_0364,node_0124,0.58,660,active,voter (Total-weighted random choice)
3,node_0365,node_0356,1.22,11576,active,voter (Total-weighted random choice)
3,node_0366,node_0199,0.83,6504,active,voter (Total-weighted random choice)
3,node_0367,node_0477,0.93,5440,active,voter (Total-weighted random choice)
3,node_0368,node_0368,1.00,450,active,self-vote (candidate self-stake)
3,node_0369,node_0334,1.08,1188,rejected,voter (Total-weighted random choice)
3,node_0370,node_0370,1.00,2423,active,self-vote (candidate self-stake)
3,node_0371,node_0371,1.00,15777,active,self-vote (candidate self-stake)
3,node_0372,node_0187,0.61,4080,active,voter (Total-weighted random choice)
3,node_0373,node_0373,1.00,10681,active,self-vote (candidate self-stake)
3,node_0374,node_0293,1.36,9353,active,voter (Total-weighted random choice)
3,node_0375,node_0375,1.00,12008,active,self-vote (candidate self-stake)
3,node_0376,node_0393,1.49,10148,active,voter (Total-weighted random choice)
3,node_0377,node_0123,0.92,7831,active,voter (Total-weighted random choice)
3,node_0378,node_0032,1.47,1685,rejected,voter (Total-weighted random choice)
3,node_0379,node_0123,0.60,5382,active,voter (Total-weighted random choice)
3,node_0380,node_0164,1.27,6303,active,voter (Total-weighted random choice)
3,node_0381,node_0381,1.00,5801,active,self-vote (candidate self-stake)
3,node_0382,node_0025,0.79,72,active,voter (Total-weighted random choice)
3,node_0383,node_0036,1.30,4482,active,voter (Total-weighted random choice)
3,node_0384,node_0384,1.00,7921,active,self-vote (candidate self-stake)
3,node_0385,node_0385,1.00,564,active,self-vote (candidate self-stake)
3,node_0386,node_0036,1.37,7776,rejected,voter (Total-weighted random choice)
3,node_0387,node_0387,1.00,8847,active,self-vote (candidate self-stake)
3,node_0388,node_0032,0.52,6764,active,voter (Total-weighted random choice)
3,node_0389,node_0086,0.71,7625,active,voter (Total-weighted random choice)
3,node_0390,node_0207,0.57,3355,active,voter (Total-weighted random choice)
3,node_0391,node_0174,1.28,5637,active,voter (Total-weighted random choice)
3,node_0392,node_0392,1.00,356,active,self-vote (candidate self-stake)
3,node_0393,node_0393,1.00,202,active,self-vote (candidate self-stake)
3,node_0394,node_0392,0.81,796,active,voter (Total-weighted random choice)
3,node_0395,node_0395,1.00,1954,active,self-vote (candidate self-stake)
3,node_0396,node_0396,1.00,485,active,self-vote (candidate self-stake)
3,node_0397,node_0138,1.40,3945,active,voter (Total-weighted random choice)
3,node_0398,node_0475,1.48,5253,rejected,voter (Total-weighted random choice)
3,node_0399,node_0387,1.18,3958,rejected,voter (Total-weighted random choice)
3,node_0400,node_0162,0.59,2621,active,voter (Total-weighted random choice)
3,node_0401,node_0081,1.07,9967,active,voter (Total-weighted random choice)
3,node_0402,node_0118,0.85,2369,active,voter (Total-weighted random choice)
3,node_0403,node_0330,1.13,5530,active,voter (Total-weighted random choice)
3,node_0404,node_0139,0.52,201,active,voter (Total-weighted random choice)
3,node_0405,node_0175,1.32,11649,active,voter (Total-weighted random choice)
3,node_0406,node_0174,0.91,2763,active,voter (Total-weighted random choice)
3,node_0407,node_0174,1.42,1234,rejected,voter (Total-weighted random choice)
3,node_0408,node_0132,0.60,4965,active,voter (Total-weighted random choice)
3,node_0409,node_0081,0.98,999,active,voter (Total-weighted random choice)
3,node_0410,node_0072,1.42,12867,active,voter (Total-weighted random choice)
3,node_0411,node_0214,1.42,1626,active,voter (Total-weighted random choice)
3,node_0412,node_0276,0.71,1740,active,voter (Total-weighted random choice)
3,node_0413,node_0259,0.75,11285,active,voter (Total-weighted random choice)
3,node_0414,node_0170,0.53,7074,active,voter (Total-weighted random choice)
3,node_0415,node_0004,0.58,4440,active,voter (Total-weighted random choice)
3,node_0416,node_0139,1.06,14413,rejected,voter (Total-weighted random choice)
3,node_0417,node_0417,1.00,1140,active,self-vote (candidate self-stake)
3,node_0418,node_0494,0.60,201,rejected,voter (Total-weighted random choice)
3,node_0419,node_0419,1.00,680,active,self-vote (candidate self-stake)
3,node_0420,node_0420,1.00,5102,active,self-vote (candidate self-stake)
3,node_0421,node_0421,1.00,8681,active,self-vote (candidate self-stake)
3,node_0422,node_0443,1.03,7640,active,voter (Total-weighted random choice)
3,node_0423,node_0423,1.00,590,active,self-vote (candidate self-stake)
3,node_0424,node_0447,0.99,5544,active,voter (Total-weighted random choice)
3,node_0425,node_0425,1.00,4539,active,self-vote (candidate self-stake)
3,node_0426,node_0334,0.54,11556,active,voter (Total-weighted random choice)
3,node_0427,node_0260,0.79,1432,active,voter (Total-weighted random choice)
3,node_0428,node_0443,1.08,7265,active,voter (Total-weighted random choice)
3,node_0429,node_0429,1.00,1588,active,self-vote (candidate self-stake)
3,node_0430,node_0387,1.29,2308,rejected,voter (Total-weighted random choice)
3,node_0431,node_0034,0.55,7288,active,voter (Total-weighted random choice)
3,node_0432,node_0176,1.05,7543,active,voter (Total-weighted random choice)
3,node_0433,node_0137,1.40,329,active,voter (Total-weighted random choice)
3,node_0434,node_0434,1.00,9288,active,self-vote (candidate self-stake)
3,node_0435,node_0211,1.20,4714,active,voter (Total-weighted random choice)
3,node_0436,node_0093,0.92,7657,active,voter (Total-weighted random choice)
3,node_0437,node_0425,1.12,1553,rejected,voter (Total-weighted random choice)
3,node_0438,node_0354,1.33,686,active,voter (Total-weighted random choice)
3,node_0439,node_0439,1.00,10327,active,self-vote (candidate self-stake)
3,node_0440,node_0440,1.00,10817,active,self-vote (candidate self-stake)
3,node_0441,node_0139,1.03,8879,active,voter (Total-weighted random choice)
3,node_0442,node_0232,1.38,12412,active,voter (Total-weighted random choice)
3,node_0443,node_0443,1.00,5108,active,self-vote (candidate self-stake)
3,node_0444,node_0200,1.17,13417,active,voter (Total-weighted random choice)
3,node_0445,node_0392,1.05,9452,active,voter (Total-weighted random choice)
3,node_0446,node_0107,1.34,3773,active,voter (Total-weighted random choice)
3,node_0447,node_0447,1.00,12130,active,self-vote (candidate self-stake)
3,node_0448,node_0448,1.00,10794,active,self-vote (candidate self-stake)
3,node_0449,node_0351,0.66,7236,active,voter (Total-weighted random choice)
3,node_0450,node_0072,1.42,3289,rejected,voter (Total-weighted random choice)
3,node_0451,node_0451,1.00,308,active,self-vote (candidate self-stake)
3,node_0452,node_0452,1.00,222,active,self-vote (candidate self-stake)
3,node_0453,node_0334,1.23,961,rejected,voter (Total-weighted random choice)
3,node_0454,node_0262,1.24,8614,active,voter (Total-weighted random choice)
3,node_0455,node_0455,1.00,4395,active,self-vote (candidate self-stake)
3,node_0456,node_0017,1.46,9823,active,voter (Total-weighted random choice)
3,node_0457,node_0457,1.00,8792,active,self-vote (candidate self-stake)
3,node_0458,node_0423,0.59,374,active,voter (Total-weighted random choice)
3,node_0459,node_0020,0.91,3627,active,voter (Total-weighted random choice)
3,node_0460,node_0460,1.00,6900,active,self-vote (candidate self-stake)
3,node_0461,node_0461,1.00,7438,active,self-vote (candidate self-stake)
3,node_0462,node_0462,1.00,2423,active,self-vote (candidate self-stake)
3,node_0463,node_0195,0.68,5138,active,voter (Total-weighted random choice)
3,node_0464,node_0298,0.86,1953,active,voter (Total-weighted random choice)
3,node_0465,node_0465,1.00,11243,active,self-vote (candidate self-stake)
3,node_0466,node_0484,1.49,6432,active,voter (Total-weighted random choice)
3,node_0467,node_0312,0.81,4801,active,voter (Total-weighted random choice)
3,node_0468,node_0172,1.23,3871,active,voter (Total-weighted random choice)
3,node_0469,node_0265,1.32,1191,active,voter (Total-weighted random choice)
3,node_0470,node_0031,0.83,8575,active,voter (Total-weighted random choice)
3,node_0471,node_0471,1.00,3860,active,self-vote (candidate self-stake)
3,node_0472,node_0472,1.00,14049,active,self-vote (candidate self-stake)
3,node_0473,node_0387,1.46,2176,rejected,voter (Total-weighted random choice)
3,node_0474,node_0274,1.21,5929,active,voter (Total-weighted random choice)
3,node_0475,node_0475,1.00,5430,active,self-vote (candidate self-stake)
3,node_0476,node_0476,1.00,8745,active,self-vote (candidate self-stake)
3,node_0477,node_0477,1.00,4315,active,self-vote (candidate self-stake)
3,node_0478,node_0246,0.96,3597,rejected,voter (Total-weighted random choice)
3,node_0479,node_0262,0.69,6676,active,voter (Total-weighted random choice)
3,node_0480,node_0107,1.23,9317,active,voter (Total-weighted random choice)
3,node_0481,node_0486,1.28,3404,active,voter (Total-weighted random choice)
3,node_0482,node_0482,1.00,2006,active,self-vote (candidate self-stake)
3,node_0483,node_0429,1.49,6183,active,voter (Total-weighted random choice)
3,node_0484,node_0484,1.00,11131,active,self-vote (candidate self-stake)
3,node_0485,node_0485,1.00,845,active,self-vote (candidate self-stake)
3,node_0486,node_0486,1.00,8642,active,self-vote (candidate self-stake)
3,node_0487,node_0487,1.00,6449,active,self-vote (candidate self-stake)
3,node_0488,node_0032,0.59,8216,active,voter (Total-weighted random choice)
3,node_0489,node_0154,1.45,6815,rejected,voter (Total-weighted random choice)
3,node_0490,node_0490,1.00,4980,active,self-vote (candidate self-stake)
3,node_0491,node_0282,1.10,4368,active,voter (Total-weighted random choice)
3,node_0492,node_0492,1.00,977,active,self-vote (candidate self-stake)
3,node_0493,node_0493,1.00,1299,active,self-vote (candidate self-stake)
3,node_0494,node_0494,1.00,7160,active,self-vote (candidate self-stake)
3,node_0495,node_0495,1.00,5758,active,self-vote (candidate self-stake)
3,node_0496,node_0033,1.30,1004,active,voter (Total-weighted random choice)
3,node_0497,node_0462,1.28,1430,active,voter (Total-weighted random choice)
3,node_0498,node_0182,1.12,2833,active,voter (Total-weighted random choice)
3,node_0499,node_0032,0.72,4762,rejected,voter (Total-weighted random choice)
3,node_0500,node_0500,1.00,7171,active,self-vote (candidate self-stake)
