Election_ID,account_id,candidate_account_id,Profit_demand,Stakes,Status,Remarks
1,node_0001,node_0477,0.86,1874,active,voter (Total-weighted random choice)
1,node_0002,node_0484,1.15,4062,active,voter (Total-weighted random choice)
1,node_0003,node_0003,1.00,8985,active,self-vote (candidate self-stake)
1,node_0004,node_0029,1.09,570,active,voter (Total-weighted random choice)
1,node_0005,node_0049,1.25,3861,active,voter (Total-weighted random choice)
1,node_0006,node_0297,1.12,9245,active,voter (Total-weighted random choice)
1,node_0007,node_0360,0.65,3661,active,voter (Total-weighted random choice)
1,node_0008,node_0425,0.59,156,active,voter (Total-weighted random choice)
1,node_0009,node_0386,0.94,6974,active,voter (Total-weighted random choice)
1,node_0010,node_0010,1.00,3577,active,self-vote (candidate self-stake)
1,node_0011,node_0011,1.00,1724,active,self-vote (candidate self-stake)
1,node_0012,node_0173,0.85,5931,active,voter (Total-weighted random choice)
1,node_0013,node_0052,1.42,761,active,voter (Total-weighted random choice)
1,node_0014,node_0304,0.75,6251,active,voter (Total-weighted random choice)
1,node_0015,node_0294,0.96,5975,active,voter (Total-weighted random choice)
1,node_0016,node_0016,1.00,800,active,self-vote (candidate self-stake)
1,node_0017,node_0367,1.12,1357,active,voter (Total-weighted random choice)
1,node_0018,node_0192,1.29,6277,rejected,voter (Total-weighted random choice)
1,node_0019,node_0019,1.00,2714,active,self-vote (candidate self-stake)
1,node_0020,node_0020,1.00,4424,active,self-vote (candidate self-stake)
1,node_0021,node_0315,0.66,2853,active,voter (Total-weighted random choice)
1,node_0022,node_0022,1.00,2727,active,self-vote (candidate self-stake)
1,node_0023,node_0363,1.44,9175,active,voter (Total-weighted random choice)
1,node_0024,node_0097,1.30,966,rejected,voter (Total-weighted random choice)
1,node_0025,node_0173,0.81,5218,active,voter (Total-weighted random choice)
1,node_0026,node_0026,1.00,3506,active,self-vote (candidate self-stake)
1,node_0027,node_0276,0.52,3533,active,voter (Total-weighted random choice)
1,node_0028,node_0459,1.32,7567,active,voter (Total-weighted random choice)
1,node_0029,node_0029,1.00,4090,active,self-vote (candidate self-stake)
1,node_0030,node_0076,1.23,9627,active,voter (Total-weighted random choice)
1,node_0031,node_0031,1.00,5980,active,self-vote (candidate self-stake)
1,node_0032,node_0494,1.44,8398,rejected,voter (Total-weighted random choice)
1,node_0033,node_0222,1.42,1846,active,voter (Total-weighted random choice)
1,node_0034,node_0271,1.03,6966,active,voter (Total-weighted random choice)
1,node_0035,node_0494,1.00,6302,active,voter (Total-weighted random choice)
1,node_0036,node_0094,0.77,8719,active,voter (Total-weighted random choice)
1,node_0037,node_0190,1.30,1926,active,voter (Total-weighted random choice)
1,node_0038,node_0494,1.26,5623,active,voter (Total-weighted random choice)
1,node_0039,node_0039,1.00,2641,active,self-vote (candidate self-stake)
1,node_0040,node_0463,1.39,8251,rejected,voter (Total-weighted random choice)
1,node_0041,node_0232,0.95,4939,active,voter (Total-weighted random choice)
1,node_0042,node_0450,1.33,2554,active,voter (Total-weighted random choice)
1,node_0043,node_0459,0.88,8887,active,voter (Total-weighted random choice)
1,node_0044,node_0397,0.69,9863,active,voter (Total-weighted random choice)
1,node_0045,node_0403,0.70,1882,active,voter (Total-weighted random choice)
1,node_0046,node_0046,1.00,3973,active,self-vote (candidate self-stake)
1,node_0047,node_0047,1.00,1453,active,self-vote (candidate self-stake)
1,node_0048,node_0482,0.56,8777,active,voter (Total-weighted random choice)
1,node_0049,node_0049,1.00,7837,active,self-vote (candidate self-stake)
1,node_0050,node_0029,0.70,4392,active,voter (Total-weighted random choice)
1,node_0051,node_0253,0.54,3520,active,voter (Total-weighted random choice)
1,node_0052,node_0052,1.00,5157,active,self-vote (candidate self-stake)
1,node_0053,node_0271,1.39,7227,active,voter (Total-weighted random choice)
1,node_0054,node_0466,0.58,2032,active,voter (Total-weighted random choice)
1,node_0055,node_0463,1.24,5589,active,voter (Total-weighted random choice)
1,node_0056,node_0494,1.09,9691,active,voter (Total-weighted random choice)
1,node_0057,node_0031,1.37,1014,active,voter (Total-weighted random choice)
1,node_0058,node_0071,0.51,5463,active,voter (Total-weighted random choice)
1,node_0059,node_0059,1.00,4612,active,self-vote (candidate self-stake)
1,node_0060,node_0271,0.92,8884,active,voter (Total-weighted random choice)
1,node_0061,node_0312,1.35,4031,active,voter (Total-weighted random choice)
1,node_0062,node_0094,1.14,3169,active,voter (Total-weighted random choice)
1,node_0063,node_0063,1.00,5854,active,self-vote (candidate self-stake)
1,node_0064,node_0192,0.63,937,active,voter (Total-weighted random choice)
1,node_0065,node_0367,1.41,1043,active,voter (Total-weighted random choice)
1,node_0066,node_0066,1.00,1840,active,self-vote (candidate self-stake)
1,node_0067,node_0067,1.00,8836,active,self-vote (candidate self-stake)
1,node_0068,node_0047,0.58,3056,active,voter (Total-weighted random choice)
1,node_0069,node_0253,1.38,1285,active,voter (Total-weighted random choice)
1,node_0070,node_0304,0.93,878,active,voter (Total-weighted random choice)
1,node_0071,node_0071,1.00,1578,active,self-vote (candidate self-stake)
1,node_0072,node_0223,0.64,2774,active,voter (Total-weighted random choice)
1,node_0073,node_0194,1.06,3552,active,voter (Total-weighted random choice)
1,node_0074,node_0498,1.34,2747,active,voter (Total-weighted random choice)
1,node_0075,node_0466,1.39,4395,active,voter (Total-weighted random choice)
1,node_0076,node_0076,1.00,4723,active,self-vote (candidate self-stake)
1,node_0077,node_0077,1.00,2586,active,self-vote (candidate self-stake)
1,node_0078,node_0185,0.86,1008,active,voter (Total-weighted random choice)
1,node_0079,node_0222,1.45,5188,active,voter (Total-weighted random choice)
1,node_0080,node_0223,1.24,8288,active,voter (Total-weighted random choice)
1,node_0081,node_0083,1.23,981,active,voter (Total-weighted random choice)
1,node_0082,node_0285,1.03,3094,active,voter (Total-weighted random choice)
1,node_0083,node_0083,1.00,3903,active,self-vote (candidate self-stake)
1,node_0084,node_0498,1.11,9535,active,voter (Total-weighted random choice)
1,node_0085,node_0463,1.37,6918,rejected,voter (Total-weighted random choice)
1,node_0086,node_0086,1.00,4322,active,self-vote (candidate self-stake)
1,node_0087,node_0447,0.81,3960,active,voter (Total-weighted random choice)
1,node_0088,node_0185,1.36,4965,active,voter (Total-weighted random choice)
1,node_0089,node_0232,0.60,202,active,voter (Total-weighted random choice)
1,node_0090,node_0494,0.90,1250,active,voter (Total-weighted random choice)
1,node_0091,node_0209,0.61,2220,active,voter (Total-weighted random choice)
1,node_0092,node_0495,1.05,4052,active,voter (Total-weighted random choice)
1,node_0093,node_0293,1.01,7229,active,voter (Total-weighted random choice)
1,node_0094,node_0094,1.00,8716,active,self-vote (candidate self-stake)
1,node_0095,node_0336,0.81,1747,active,voter (Total-weighted random choice)
1,node_0096,node_0046,1.25,4383,active,voter (Total-weighted random choice)
1,node_0097,node_0097,1.00,9114,active,self-vote (candidate self-stake)
1,node_0098,node_0047,1.26,9959,active,voter (Total-weighted random choice)
1,node_0099,node_0003,0.52,3385,active,voter (Total-weighted random choice)
1,node_0100,node_0083,0.85,8330,active,voter (Total-weighted random choice)
1,node_0101,node_0276,0.75,1562,active,voter (Total-weighted random choice)
1,node_0102,node_0102,1.00,772,active,self-vote (candidate self-stake)
1,node_0103,node_0103,1.00,4341,active,self-vote (candidate self-stake)
1,node_0104,node_0019,1.40,9088,active,voter (Total-weighted random choice)
1,node_0105,node_0222,1.23,1882,active,voter (Total-weighted random choice)
1,node_0106,node_0397,0.74,8988,active,voter (Total-weighted random choice)
1,node_0107,node_0442,0.68,9593,active,voter (Total-weighted random choice)
1,node_0108,node_0495,1.16,2138,active,voter (Total-weighted random choice)
1,node_0109,node_0109,1.00,703,active,self-vote (candidate self-stake)
1,node_0110,node_0450,0.77,4138,active,voter (Total-weighted random choice)
1,node_0111,node_0185,0.79,9223,active,voter (Total-weighted random choice)
1,node_0112,node_0112,1.00,2582,active,self-vote (candidate self-stake)
1,node_0113,node_0390,1.10,2712,active,voter (Total-weighted random choice)
1,node_0114,node_0285,0.98,6805,active,voter (Total-weighted random choice)
1,node_0115,node_0097,1.07,6795,active,voter (Total-weighted random choice)
1,node_0116,node_0049,1.27,4421,active,voter (Total-weighted random choice)
1,node_0117,node_0314,1.07,6317,active,voter (Total-weighted random choice)
1,node_0118,node_0232,1.25,3694,active,voter (Total-weighted random choice)
1,node_0119,node_0463,1.10,5778,active,voter (Total-weighted random choice)
1,node_0120,node_0120,1.00,3702,active,self-vote (candidate self-stake)
1,node_0121,node_0403,1.22,6578,active,voter (Total-weighted random choice)
1,node_0122,node_0329,1.34,4623,active,voter (Total-weighted random choice)
1,node_0123,node_0222,1.15,8835,active,voter (Total-weighted random choice)
1,node_0124,node_0232,1.39,1939,active,voter (Total-weighted random choice)
1,node_0125,node_0181,1.45,2975,active,voter (Total-weighted random choice)
1,node_0126,node_0447,0.62,676,active,voter (Total-weighted random choice)
1,node_0127,node_0157,0.56,5713,active,voter (Total-weighted random choice)
1,node_0128,node_0097,1.01,7199,active,voter (Total-weighted random choice)
1,node_0129,node_0326,1.07,6361,active,voter (Total-weighted random choice)
1,node_0130,node_0130,1.00,4223,active,self-vote (candidate self-stake)
1,node_0131,node_0066,1.11,77,active,voter (Total-weighted random choice)
1,node_0132,node_0020,1.16,6017,active,voter (Total-weighted random choice)
1,node_0133,node_0450,0.53,5193,active,voter (Total-weighted random choice)
1,node_0134,node_0447,0.67,4970,active,voter (Total-weighted random choice)
1,node_0135,node_0374,1.42,5394,active,voter (Total-weighted random choice)
1,node_0136,node_0390,0.62,9133,active,voter (Total-weighted random choice)
1,node_0137,node_0455,1.35,6261,active,voter (Total-weighted random choice)
1,node_0138,node_0492,0.71,9374,active,voter (Total-weighted random choice)
1,node_0139,node_0173,1.27,5028,active,voter (Total-weighted random choice)
1,node_0140,node_0020,1.50,9552,active,voter (Total-weighted random choice)
1,node_0141,node_0185,0.96,7668,active,voter (Total-weighted random choice)
1,node_0142,node_0067,0.75,8425,active,voter (Total-weighted random choice)
1,node_0143,node_0031,0.59,1439,active,voter (Total-weighted random choice)
1,node_0144,node_0201,0.80,1580,active,voter (Total-weighted random choice)
1,node_0145,node_0353,1.38,5135,rejected,voter (Total-weighted random choice)
1,node_0146,node_0067,0.66,2464,active,voter (Total-weighted random choice)
1,node_0147,node_0097,1.21,7834,active,voter (Total-weighted random choice)
1,node_0148,node_0463,1.25,7511,active,voter (Total-weighted random choice)
1,node_0149,node_0370,0.60,6341,active,voter (Total-weighted random choice)
1,node_0150,node_0285,0.75,2467,active,voter (Total-weighted random choice)
1,node_0151,node_0241,1.00,1796,active,voter (Total-weighted random choice)
1,node_0152,node_0232,1.28,2931,active,voter (Total-weighted random choice)
1,node_0153,node_0016,0.98,872,active,voter (Total-weighted random choice)
1,node_0154,node_0190,1.42,7528,active,voter (Total-weighted random choice)
1,node_0155,node_0157,1.03,8752,active,voter (Total-weighted random choice)
1,node_0156,node_0258,1.17,7301,active,voter (Total-weighted random choice)
1,node_0157,node_0157,1.00,9026,active,self-vote (candidate self-stake)
1,node_0158,node_0258,1.34,7827,active,voter (Total-weighted random choice)
1,node_0159,node_0333,1.25,4593,active,voter (Total-weighted random choice)
1,node_0160,node_0046,1.18,3969,active,voter (Total-weighted random choice)
1,node_0161,node_0363,0.89,4731,active,voter (Total-weighted random choice)
1,node_0162,node_0010,1.16,5288,active,voter (Total-weighted random choice)
1,node_0163,node_0066,0.95,2317,active,voter (Total-weighted random choice)
1,node_0164,node_0400,0.86,2553,active,voter (Total-weighted random choice)
1,node_0165,node_0450,0.72,6847,active,voter (Total-weighted random choice)
1,node_0166,node_0360,0.63,6862,active,voter (Total-weighted random choice)
1,node_0167,node_0367,1.34,6431,active,voter (Total-weighted random choice)
1,node_0168,node_0003,0.52,9482,active,voter (Total-weighted random choice)
1,node_0169,node_0279,1.39,5813,active,voter (Total-weighted random choice)
1,node_0170,node_0477,0.72,6915,active,voter (Total-weighted random choice)
1,node_0171,node_0076,0.81,8049,active,voter (Total-weighted random choice)
1,node_0172,node_0451,1.29,8006,active,voter (Total-weighted random choice)
1,node_0173,node_0173,1.00,6674,active,self-vote (candidate self-stake)
1,node_0174,node_0397,0.68,2141,active,voter (Total-weighted random choice)
1,node_0175,node_0205,1.02,6505,active,voter (Total-weighted random choice)
1,node_0176,node_0020,0.67,1425,active,voter (Total-weighted random choice)
1,node_0177,node_0326,1.19,7614,active,voter (Total-weighted random choice)
1,node_0178,node_0192,1.24,6261,active,voter (Total-weighted random choice)
1,node_0179,node_0179,1.00,5405,active,self-vote (candidate self-stake)
1,node_0180,node_0046,0.98,4608,active,voter (Total-weighted random choice)
1,node_0181,node_0181,1.00,4183,active,self-vote (candidate self-stake)
1,node_0182,node_0312,1.48,367,active,voter (Total-weighted random choice)
1,node_0183,node_0066,0.62,5783,active,voter (Total-weighted random choice)
1,node_0184,node_0173,1.19,709,active,voter (Total-weighted random choice)
1,node_0185,node_0185,1.00,3316,active,self-vote (candidate self-stake)
1,node_0186,node_0459,0.87,3958,active,voter (Total-weighted random choice)
1,node_0187,node_0276,0.50,9290,active,voter (Total-weighted random choice)
1,node_0188,node_0451,1.39,4248,active,voter (Total-weighted random choice)
1,node_0189,node_0463,1.05,9976,active,voter (Total-weighted random choice)
1,node_0190,node_0190,1.00,2733,active,self-vote (candidate self-stake)
1,node_0191,node_0400,0.61,9531,active,voter (Total-weighted random choice)
1,node_0192,node_0192,1.00,9483,active,self-vote (candidate self-stake)
1,node_0193,node_0447,0.65,6548,active,voter (Total-weighted random choice)
1,node_0194,node_0194,1.00,1295,active,self-vote (candidate self-stake)
1,node_0195,node_0419,0.89,1719,active,voter (Total-weighted random choice)
1,node_0196,node_0190,0.51,9887,active,voter (Total-weighted random choice)
1,node_0197,node_0071,1.15,5738,active,voter (Total-weighted random choice)
1,node_0198,node_0352,1.20,1179,active,voter (Total-weighted random choice)
1,node_0199,node_0253,0.67,257,active,voter (Total-weighted random choice)
1,node_0200,node_0076,1.29,1779,active,voter (Total-weighted random choice)
1,node_0201,node_0201,1.00,7582,active,self-vote (candidate self-stake)
1,node_0202,node_0076,1.15,2935,active,voter (Total-weighted random choice)
1,node_0203,node_0059,1.18,8867,active,voter (Total-weighted random choice)
1,node_0204,node_0294,1.45,7186,active,voter (Total-weighted random choice)
1,node_0205,node_0205,1.00,5330,active,self-vote (candidate self-stake)
1,node_0206,node_0206,1.00,4619,active,self-vote (candidate self-stake)
1,node_0207,node_0447,0.81,7663,active,voter (Total-weighted random choice)
1,node_0208,node_0293,1.29,5561,active,voter (Total-weighted random choice)
1,node_0209,node_0209,1.00,3029,active,self-vote (candidate self-stake)
1,node_0210,node_0390,1.17,4282,active,voter (Total-weighted random choice)
1,node_0211,node_0440,1.20,9156,active,voter (Total-weighted random choice)
1,node_0212,node_0097,1.12,1452,active,voter (Total-weighted random choice)
1,node_0213,node_0047,1.28,8054,active,voter (Total-weighted random choice)
1,node_0214,node_0397,1.12,7850,active,voter (Total-weighted random choice)
1,node_0215,node_0494,1.40,7392,rejected,voter (Total-weighted random choice)
1,node_0216,node_0039,1.11,4870,active,voter (Total-weighted random choice)
1,node_0217,node_0285,0.70,5066,active,voter (Total-weighted random choice)
1,node_0218,node_0400,0.56,7803,active,voter (Total-weighted random choice)
1,node_0219,node_0463,0.92,7021,active,voter (Total-weighted random choice)
1,node_0220,node_0076,1.30,5814,active,voter (Total-weighted random choice)
1,node_0221,node_0353,0.57,5073,active,voter (Total-weighted random choice)
1,node_0222,node_0222,1.00,3205,active,self-vote (candidate self-stake)
1,node_0223,node_0223,1.00,3188,active,self-vote (candidate self-stake)
1,node_0224,node_0397,1.50,4580,rejected,voter (Total-weighted random choice)
1,node_0225,node_0228,1.11,1697,active,voter (Total-weighted random choice)
1,node_0226,node_0495,0.69,3777,active,voter (Total-weighted random choice)
1,node_0227,node_0374,1.01,281,active,voter (Total-weighted random choice)
1,node_0228,node_0228,1.00,4544,active,self-vote (candidate self-stake)
1,node_0229,node_0344,1.07,9116,active,voter (Total-weighted random choice)
1,node_0230,node_0333,0.68,8092,active,voter (Total-weighted random choice)
1,node_0231,node_0494,1.27,9455,active,voter (Total-weighted random choice)
1,node_0232,node_0232,1.00,7266,active,self-vote (candidate self-stake)
1,node_0233,node_0201,1.32,4186,active,voter (Total-weighted random choice)
1,node_0234,node_0094,0.98,1919,active,voter (Total-weighted random choice)
1,node_0235,node_0482,0.93,8106,active,voter (Total-weighted random choice)
1,node_0236,node_0083,0.63,2535,active,voter (Total-weighted random choice)
1,node_0237,node_0077,0.70,1445,active,voter (Total-weighted random choice)
1,node_0238,node_0086,1.37,9193,active,voter (Total-weighted random choice)
1,node_0239,node_0205,1.36,8611,active,voter (Total-weighted random choice)
1,node_0240,node_0367,0.54,4921,active,voter (Total-weighted random choice)
1,node_0241,node_0241,1.00,5053,active,self-vote (candidate self-stake)
1,node_0242,node_0173,1.40,1675,active,voter (Total-weighted random choice)
1,node_0243,node_0190,0.90,3507,active,voter (Total-weighted random choice)
1,node_0244,node_0447,1.39,2623,rejected,voter (Total-weighted random choice)
1,node_0245,node_0344,0.70,2614,active,voter (Total-weighted random choice)
1,node_0246,node_0315,0.62,9779,active,voter (Total-weighted random choice)
1,node_0247,node_0374,0.69,3842,active,voter (Total-weighted random choice)
1,node_0248,node_0228,1.31,7488,active,voter (Total-weighted random choice)
1,node_0249,node_0419,1.29,4384,active,voter (Total-weighted random choice)
1,node_0250,node_0390,1.26,7015,active,voter (Total-weighted random choice)
1,node_0251,node_0232,0.58,2491,active,voter (Total-weighted random choice)
1,node_0252,node_0496,1.37,1219,active,voter (Total-weighted random choice)
1,node_0253,node_0253,1.00,9799,active,self-vote (candidate self-stake)
1,node_0254,node_0201,0.92,7245,active,voter (Total-weighted random choice)
1,node_0255,node_0266,0.56,6644,active,voter (Total-weighted random choice)
1,node_0256,node_0353,0.93,7222,active,voter (Total-weighted random choice)
1,node_0257,node_0097,0.65,7128,active,voter (Total-weighted random choice)
1,node_0258,node_0258,1.00,473,active,self-vote (candidate self-stake)
1,node_0259,node_0026,0.99,4465,active,voter (Total-weighted random choice)
1,node_0260,node_0109,0.59,7758,active,voter (Total-weighted random choice)
1,node_0261,node_0016,1.30,4607,active,voter (Total-weighted random choice)
1,node_0262,node_0222,1.31,8106,active,voter (Total-weighted random choice)
1,node_0263,node_0010,1.04,5750,active,voter (Total-weighted random choice)
1,node_0264,node_0071,1.41,1763,active,voter (Total-weighted random choice)
1,node_0265,node_0344,0.99,6794,active,voter (Total-weighted random choice)
1,node_0266,node_0266,1.00,6611,active,self-vote (candidate self-stake)
1,node_0267,node_0383,1.47,7501,active,voter (Total-weighted random choice)
1,node_0268,node_0279,0.98,5346,active,voter (Total-weighted random choice)
1,node_0269,node_0473,1.33,8481,active,voter (Total-weighted random choice)
1,node_0270,node_0353,0.68,8939,active,voter (Total-weighted random choice)
1,node_0271,node_0271,1.00,3123,active,self-vote (candidate self-stake)
1,node_0272,node_0102,1.30,7292,active,voter (Total-weighted random choice)
1,node_0273,node_0353,1.07,4425,active,voter (Total-weighted random choice)
1,node_0274,node_0386,1.31,7228,active,voter (Total-weighted random choice)
1,node_0275,node_0425,1.37,2039,active,voter (Total-weighted random choice)
1,node_0276,node_0276,1.00,2644,active,self-vote (candidate self-stake)
1,node_0277,node_0374,0.50,9098,active,voter (Total-weighted random choice)
1,node_0278,node_0179,0.81,1908,active,voter (Total-weighted random choice)
1,node_0279,node_0279,1.00,2572,active,self-vote (candidate self-stake)
1,node_0280,node_0326,1.42,8387,active,voter (Total-weighted random choice)
1,node_0281,node_0390,0.99,7955,active,voter (Total-weighted random choice)
1,node_0282,node_0484,0.81,7533,active,voter (Total-weighted random choice)
1,node_0283,node_0157,0.83,3172,active,voter (Total-weighted random choice)
1,node_0284,node_0477,1.38,1193,active,voter (Total-weighted random choice)
1,node_0285,node_0285,1.00,5618,active,self-vote (candidate self-stake)
1,node_0286,node_0019,0.72,92,active,voter (Total-weighted random choice)
1,node_0287,node_0397,0.64,9666,active,voter (Total-weighted random choice)
1,node_0288,node_0352,0.65,2484,active,voter (Total-weighted random choice)
1,node_0289,node_0289,1.00,5704,active,self-vote (candidate self-stake)
1,node_0290,node_0130,0.98,7510,active,voter (Total-weighted random choice)
1,node_0291,node_0360,0.60,3962,active,voter (Total-weighted random choice)
1,node_0292,node_0315,0.83,6780,active,voter (Total-weighted random choice)
1,node_0293,node_0293,1.00,6296,active,self-vote (candidate self-stake)
1,node_0294,node_0294,1.00,8165,active,self-vote (candidate self-stake)
1,node_0295,node_0440,1.21,8279,active,voter (Total-weighted random choice)
1,node_0296,node_0103,1.08,1694,active,voter (Total-weighted random choice)
1,node_0297,node_0297,1.00,1683,active,self-vote (candidate self-stake)
1,node_0298,node_0063,1.27,301,active,voter (Total-weighted random choice)
1,node_0299,node_0397,0.53,2579,active,voter (Total-weighted random choice)
1,node_0300,node_0066,1.36,5596,active,voter (Total-weighted random choice)
1,node_0301,node_0066,1.05,1365,active,voter (Total-weighted random choice)
1,node_0302,node_0097,0.91,5238,active,voter (Total-weighted random choice)
1,node_0303,node_0303,1.00,8914,active,self-vote (candidate self-stake)
1,node_0304,node_0304,1.00,3896,active,self-vote (candidate self-stake)
1,node_0305,node_0482,1.17,3777,active,voter (Total-weighted random choice)
1,node_0306,node_0241,1.45,1662,active,voter (Total-weighted random choice)
1,node_0307,node_0222,1.06,7319,active,voter (Total-weighted random choice)
1,node_0308,node_0201,1.33,524,active,voter (Total-weighted random choice)
1,node_0309,node_0336,1.46,4856,active,voter (Total-weighted random choice)
1,node_0310,node_0289,1.02,2435,active,voter (Total-weighted random choice)
1,node_0311,node_0130,1.42,9322,active,voter (Total-weighted random choice)
1,node_0312,node_0312,1.00,2835,active,self-vote (candidate self-stake)
1,node_0313,node_0353,0.63,3995,active,voter (Total-weighted random choice)
1,node_0314,node_0314,1.00,3854,active,self-vote (candidate self-stake)
1,node_0315,node_0315,1.00,7579,active,self-vote (candidate self-stake)
1,node_0316,node_0304,1.20,7672,active,voter (Total-weighted random choice)
1,node_0317,node_0185,1.22,1260,active,voter (Total-weighted random choice)
1,node_0318,node_0440,0.59,9676,active,voter (Total-weighted random choice)
1,node_0319,node_0329,1.36,4147,active,voter (Total-weighted random choice)
1,node_0320,node_0360,0.94,3313,active,voter (Total-weighted random choice)
1,node_0321,node_0451,0.93,1797,active,voter (Total-weighted random choice)
1,node_0322,node_0383,0.60,9467,active,voter (Total-weighted random choice)
1,node_0323,node_0329,1.04,409,active,voter (Total-weighted random choice)
1,node_0324,node_0094,1.49,4547,active,voter (Total-weighted random choice)
1,node_0325,node_0157,0.66,9985,active,voter (Total-weighted random choice)
1,node_0326,node_0326,1.00,3820,active,self-vote (candidate self-stake)
1,node_0327,node_0003,1.01,3638,active,voter (Total-weighted random choice)
1,node_0328,node_0228,0.94,2290,active,voter (Total-weighted random choice)
1,node_0329,node_0329,1.00,5111,active,self-vote (candidate self-stake)
1,node_0330,node_0016,0.67,9545,active,voter (Total-weighted random choice)
1,node_0331,node_0066,1.39,1526,active,voter (Total-weighted random choice)
1,node_0332,node_0466,1.07,6857,active,voter (Total-weighted random choice)
1,node_0333,node_0333,1.00,8887,active,self-vote (candidate self-stake)
1,node_0334,node_0003,1.32,8747,active,voter (Total-weighted random choice)
1,node_0335,node_0266,0.55,2745,active,voter (Total-weighted random choice)
1,node_0336,node_0336,1.00,4885,active,self-vote (candidate self-stake)
1,node_0337,node_0232,0.57,1936,active,voter (Total-weighted random choice)
1,node_0338,node_0314,0.85,2356,active,voter (Total-weighted random choice)
1,node_0339,node_0253,1.04,6561,active,voter (Total-weighted random choice)
1,node_0340,node_0403,1.36,1529,active,voter (Total-weighted random choice)
1,node_0341,node_0253,0.53,4382,active,voter (Total-weighted random choice)
1,node_0342,node_0425,0.97,6088,active,voter (Total-weighted random choice)
1,node_0343,node_0083,0.69,9627,active,voter (Total-weighted random choice)
1,node_0344,node_0344,1.00,1825,active,self-vote (candidate self-stake)
1,node_0345,node_0376,0.72,460,active,voter (Total-weighted random choice)
1,node_0346,node_0003,1.44,3676,rejected,voter (Total-weighted random choice)
1,node_0347,node_0336,0.67,5001,active,voter (Total-weighted random choice)
1,node_0348,node_0102,1.33,2340,active,voter (Total-weighted random choice)
1,node_0349,node_0063,1.43,5036,active,voter (Total-weighted random choice)
1,node_0350,node_0003,1.40,1642,active,voter (Total-weighted random choice)
1,node_0351,node_0294,0.64,6417,active,voter (Total-weighted random choice)
1,node_0352,node_0352,1.00,9672,active,self-vote (candidate self-stake)
1,node_0353,node_0353,1.00,6847,active,self-vote (candidate self-stake)
1,node_0354,node_0022,0.53,6736,active,voter (Total-weighted random choice)
1,node_0355,node_0285,1.16,586,active,voter (Total-weighted random choice)
1,node_0356,node_0440,0.74,7314,active,voter (Total-weighted random choice)
1,node_0357,node_0192,1.12,5992,active,voter (Total-weighted random choice)
1,node_0358,node_0492,0.95,8970,active,voter (Total-weighted random choice)
1,node_0359,node_0484,1.38,1042,active,voter (Total-weighted random choice)
1,node_0360,node_0360,1.00,2051,active,self-vote (candidate self-stake)
1,node_0361,node_0370,1.22,1551,active,voter (Total-weighted random choice)
1,node_0362,node_0455,1.11,878,active,voter (Total-weighted random choice)
1,node_0363,node_0363,1.00,2113,active,self-vote (candidate self-stake)
1,node_0364,node_0232,0.94,1174,active,voter (Total-weighted random choice)
1,node_0365,node_0455,1.49,9657,active,voter (Total-weighted random choice)
1,node_0366,node_0447,1.34,5433,rejected,voter (Total-weighted random choice)
1,node_0367,node_0367,1.00,4592,active,self-vote (candidate self-stake)
1,node_0368,node_0477,0.66,2179,active,voter (Total-weighted random choice)
1,node_0369,node_0477,0.86,1851,active,voter (Total-weighted random choice)
1,node_0370,node_0370,1.00,2209,active,self-vote (candidate self-stake)
1,node_0371,node_0442,1.44,9697,active,voter (Total-weighted random choice)
1,node_0372,node_0206,1.44,4397,active,voter (Total-weighted random choice)
1,node_0373,node_0157,1.44,8669,active,voter (Total-weighted random choice)
1,node_0374,node_0374,1.00,7852,active,self-vote (candidate self-stake)
1,node_0375,node_0496,1.36,8458,active,voter (Total-weighted random choice)
1,node_0376,node_0376,1.00,8304,active,self-vote (candidate self-stake)
1,node_0377,node_0326,1.07,8593,active,voter (Total-weighted random choice)
1,node_0378,node_0378,1.00,1046,active,self-vote (candidate self-stake)
1,node_0379,node_0451,0.59,7034,active,voter (Total-weighted random choice)
1,node_0380,node_0206,1.39,7317,active,voter (Total-weighted random choice)
1,node_0381,node_0353,1.16,5327,active,voter (Total-weighted random choice)
1,node_0382,node_0447,1.19,2117,active,voter (Total-weighted random choice)
1,node_0383,node_0383,1.00,6290,active,self-vote (candidate self-stake)
1,node_0384,node_0473,1.04,7483,active,voter (Total-weighted random choice)
1,node_0385,node_0390,1.34,1674,active,voter (Total-weighted random choice)
1,node_0386,node_0386,1.00,9083,active,self-vote (candidate self-stake)
1,node_0387,node_0223,1.17,7096,active,voter (Total-weighted random choice)
1,node_0388,node_0329,1.21,6829,active,voter (Total-weighted random choice)
1,node_0389,node_0447,0.79,6582,active,voter (Total-weighted random choice)
1,node_0390,node_0390,1.00,5170,active,self-vote (candidate self-stake)
1,node_0391,node_0370,1.17,6182,active,voter (Total-weighted random choice)
1,node_0392,node_0374,0.75,1149,active,voter (Total-weighted random choice)
1,node_0393,node_0393,1.00,1577,active,self-vote (candidate self-stake)
1,node_0394,node_0419,0.62,2181,active,voter (Total-weighted random choice)
1,node_0395,node_0482,0.83,2052,active,voter (Total-weighted random choice)
1,node_0396,node_0076,1.39,892,active,voter (Total-weighted random choice)
1,node_0397,node_0397,1.00,5811,active,self-vote (candidate self-stake)
1,node_0398,node_0463,1.39,2585,rejected,voter (Total-weighted random choice)
1,node_0399,node_0494,0.84,1823,active,voter (Total-weighted random choice)
1,node_0400,node_0400,1.00,1932,active,self-vote (candidate self-stake)
1,node_0401,node_0370,1.00,7080,active,voter (Total-weighted random choice)
1,node_0402,node_0484,1.13,4431,active,voter (Total-weighted random choice)
1,node_0403,node_0403,1.00,5112,active,self-vote (candidate self-stake)
1,node_0404,node_0450,0.84,150,active,voter (Total-weighted random choice)
1,node_0405,node_0425,1.20,9328,active,voter (Total-weighted random choice)
1,node_0406,node_0406,1.00,2374,active,self-vote (candidate self-stake)
1,node_0407,node_0097,0.86,1553,active,voter (Total-weighted random choice)
1,node_0408,node_0063,1.47,6213,active,voter (Total-weighted random choice)
1,node_0409,node_0440,0.55,2628,active,voter (Total-weighted random choice)
1,node_0410,node_0201,0.72,9349,active,voter (Total-weighted random choice)
1,node_0411,node_0459,1.35,2599,active,voter (Total-weighted random choice)
1,node_0412,node_0344,1.42,1386,active,voter (Total-weighted random choice)
1,node_0413,node_0492,0.67,8007,active,voter (Total-weighted random choice)
1,node_0414,node_0039,1.23,4525,active,voter (Total-weighted random choice)
1,node_0415,node_0406,0.59,5705,active,voter (Total-weighted random choice)
1,node_0416,node_0102,0.52,9767,active,voter (Total-weighted random choice)
1,node_0417,node_0258,0.62,794,active,voter (Total-weighted random choice)
1,node_0418,node_0329,0.71,175,active,voter (Total-weighted random choice)
1,node_0419,node_0419,1.00,2298,active,self-vote (candidate self-stake)
1,node_0420,node_0049,0.83,5425,active,voter (Total-weighted random choice)
1,node_0421,node_0066,0.77,7105,active,voter (Total-weighted random choice)
1,node_0422,node_0179,0.83,8775,active,voter (Total-weighted random choice)
1,node_0423,node_0425,0.84,1230,active,voter (Total-weighted random choice)
1,node_0424,node_0173,1.02,7197,active,voter (Total-weighted random choice)
1,node_0425,node_0425,1.00,5179,active,self-vote (candidate self-stake)
1,node_0426,node_0232,1.16,6893,active,voter (Total-weighted random choice)
1,node_0427,node_0228,1.40,391,active,voter (Total-weighted random choice)
1,node_0428,node_0451,1.16,7588,active,voter (Total-weighted random choice)
1,node_0429,node_0440,1.38,1493,rejected,voter (Total-weighted random choice)
1,node_0430,node_0083,1.44,4036,active,voter (Total-weighted random choice)
1,node_0431,node_0326,0.54,8634,active,voter (Total-weighted random choice)
1,node_0432,node_0386,1.13,5612,active,voter (Total-weighted random choice)
1,node_0433,node_0020,1.00,1301,active,voter (Total-weighted random choice)
1,node_0434,node_0049,0.86,8743,active,voter (Total-weighted random choice)
1,node_0435,node_0374,1.10,5802,active,voter (Total-weighted random choice)
1,node_0436,node_0425,0.83,3921,active,voter (Total-weighted random choice)
1,node_0437,node_0016,1.29,3282,active,voter (Total-weighted random choice)
1,node_0438,node_0447,1.43,1284,rejected,voter (Total-weighted random choice)
1,node_0439,node_0083,0.57,7651,active,voter (Total-weighted random choice)
1,node_0440,node_0440,1.00,9298,active,self-vote (candidate self-stake)
1,node_0441,node_0022,1.24,5229,active,voter (Total-weighted random choice)
1,node_0442,node_0442,1.00,7732,active,self-vote (candidate self-stake)
1,node_0443,node_0063,0.56,4550,active,voter (Total-weighted random choice)
1,node_0444,node_0352,0.77,8362,active,voter (Total-weighted random choice)
1,node_0445,node_0442,0.79,7454,active,voter (Total-weighted random choice)
1,node_0446,node_0192,0.62,4753,active,voter (Total-weighted random choice)
1,node_0447,node_0447,1.00,9783,active,self-vote (candidate self-stake)
1,node_0448,node_0276,0.53,9558,active,voter (Total-weighted random choice)
1,node_0449,node_0003,0.57,7418,active,voter (Total-weighted random choice)
1,node_0450,node_0450,1.00,5317,active,self-vote (candidate self-stake)
1,node_0451,node_0451,1.00,1063,active,self-vote (candidate self-stake)
1,node_0452,node_0232,0.70,1431,active,voter (Total-weighted random choice)
1,node_0453,node_0190,1.37,691,active,voter (Total-weighted random choice)
1,node_0454,node_0192,0.52,7249,active,voter (Total-weighted random choice)
1,node_0455,node_0455,1.00,6012,active,self-vote (candidate self-stake)
1,node_0456,node_0077,1.16,6397,active,voter (Total-weighted random choice)
1,node_0457,node_0194,1.14,9845,active,voter (Total-weighted random choice)
1,node_0458,node_0329,1.38,1129,active,voter (Total-weighted random choice)
1,node_0459,node_0459,1.00,4705,active,self-vote (candidate self-stake)
1,node_0460,node_0463,0.73,5511,active,voter (Total-weighted random choice)
1,node_0461,node_0461,1.00,5781,active,self-vote (candidate self-stake)
1,node_0462,node_0039,0.67,2162,active,voter (Total-weighted random choice)
1,node_0463,node_0463,1.00,5122,active,self-vote (candidate self-stake)
1,node_0464,node_0419,0.90,2143,active,voter (Total-weighted random choice)
1,node_0465,node_0425,0.63,6987,active,voter (Total-weighted random choice)
1,node_0466,node_0466,1.00,5990,active,self-vote (candidate self-stake)
1,node_0467,node_0326,0.57,5648,active,voter (Total-weighted random choice)
1,node_0468,node_0130,0.85,3195,active,voter (Total-weighted random choice)
1,node_0469,node_0360,1.13,2588,active,voter (Total-weighted random choice)
1,node_0470,node_0352,0.92,8367,active,voter (Total-weighted random choice)
1,node_0471,node_0047,0.64,5567,active,voter (Total-weighted random choice)
1,node_0472,node_0266,0.85,9835,active,voter (Total-weighted random choice)
1,node_0473,node_0473,1.00,3012,active,self-vote (candidate self-stake)
1,node_0474,node_0476,0.72,7220,active,voter (Total-weighted random choice)
1,node_0475,node_0020,1.23,3941,active,voter (Total-weighted random choice)
1,node_0476,node_0476,1.00,7405,active,self-vote (candidate self-stake)
1,node_0477,node_0477,1.00,5120,active,self-vote (candidate self-stake)
1,node_0478,node_0473,1.14,3228,active,voter (Total-weighted random choice)
1,node_0479,node_0192,0.60,7614,active,voter (Total-weighted random choice)
1,node_0480,node_0459,0.86,8289,active,voter (Total-weighted random choice)
1,node_0481,node_0487,0.69,3321,active,voter (Total-weighted random choice)
1,node_0482,node_0482,1.00,4146,active,self-vote (candidate self-stake)
1,node_0483,node_0376,0.65,6131,active,voter (Total-weighted random choice)
1,node_0484,node_0484,1.00,8502,active,self-vote (candidate self-stake)
1,node_0485,node_0484,1.31,1424,active,voter (Total-weighted random choice)
1,node_0486,node_0499,1.24,7411,active,voter (Total-weighted random choice)
1,node_0487,node_0487,1.00,7217,active,self-vote (candidate self-stake)
1,node_0488,node_0344,0.80,7441,active,voter (Total-weighted random choice)
1,node_0489,node_0019,1.22,6847,active,voter (Total-weighted random choice)
1,node_0490,node_0241,1.05,3912,active,voter (Total-weighted random choice)
1,node_0491,node_0352,0.59,6192,active,voter (Total-weighted random choice)
1,node_0492,node_0492,1.00,1673,active,self-vote (candidate self-stake)
1,node_0493,node_0403,0.66,2442,active,voter (Total-weighted random choice)
1,node_0494,node_0494,1.00,7790,active,self-vote (candidate self-stake)
1,node_0495,node_0495,1.00,7735,active,self-vote (candidate self-stake)
1,node_0496,node_0496,1.00,1348,active,self-vote (candidate self-stake)
1,node_0497,node_0083,0.80,2499,active,voter (Total-weighted random choice)
1,node_0498,node_0498,1.00,1871,active,self-vote (candidate self-stake)
1,node_0499,node_0499,1.00,4984,active,self-vote (candidate self-stake)
1,node_0500,node_0019,1.05,6928,active,voter (Total-weighted random choice)
2,node_0001,node_0044,1.00,1225,active,voter (Total-weighted random choice)
2,node_0002,node_0282,1.06,3990,active,voter (Total-weighted random choice)
2,node_0003,node_0253,1.38,11888,active,voter (Total-weighted random choice)
2,node_0004,node_0036,0.50,854,active,voter (Total-weighted random choice)
2,node_0005,node_0347,1.01,3960,active,voter (Total-weighted random choice)
2,node_0006,node_0043,0.55,8818,active,voter (Total-weighted random choice)
2,node_0007,node_0282,1.38,3580,rejected,voter (Total-weighted random choice)
2,node_0008,node_0114,0.52,275,active,voter (Total-weighted random choice)
2,node_0009,node_0116,0.90,6722,active,voter (Total-weighted random choice)
2,node_0010,node_0401,1.02,3566,active,voter (Total-weighted random choice)
2,node_0011,node_0368,0.90,1289,active,voter (Total-weighted random choice)
2,node_0012,node_0074,1.04,5802,active,voter (Total-weighted random choice)
2,node_0013,node_0461,0.85,723,active,voter (Total-weighted random choice)
2,node_0014,node_0014,1.00,7392,active,self-vote (candidate self-stake)
2,node_0015,node_0015,1.00,4347,active,self-vote (candidate self-stake)
2,node_0016,node_0488,1.35,887,active,voter (Total-weighted random choice)
2,node_0017,node_0107,1.10,1143,active,voter (Total-weighted random choice)
2,node_0018,node_0043,1.29,5921,active,voter (Total-weighted random choice)
2,node_0019,node_0084,0.76,1962,active,voter (Total-weighted random choice)
2,node_0020,node_0333,0.94,4692,active,voter (Total-weighted random choice)
2,node_0021,node_0021,1.00,1380,active,self-vote (candidate self-stake)
2,node_0022,node_0022,1.00,2093,active,self-vote (candidate self-stake)
2,node_0023,node_0074,0.79,7937,active,voter (Total-weighted random choice)
2,node_0024,node_0144,0.98,509,active,voter (Total-weighted random choice)
2,node_0025,node_0025,1.00,5113,active,self-vote (candidate self-stake)
2,node_0026,node_0022,0.58,4982,active,voter (Total-weighted random choice)
2,node_0027,node_0363,0.67,2951,active,voter (Total-weighted random choice)
2,node_0028,node_0074,1.16,8647,rejected,voter (Total-weighted random choice)
2,node_0029,node_0433,0.65,4109,active,voter (Total-weighted random choice)
2,node_0030,node_0290,1.06,11976,active,voter (Total-weighted random choice)
2,node_0031,node_0160,0.77,5812,active,voter (Total-weighted random choice)
2,node_0032,node_0032,1.00,7837,active,self-vote (candidate self-stake)
2,node_0033,node_0499,0.57,1374,active,voter (Total-weighted random choice)
2,node_0034,node_0034,1.00,6720,active,self-vote (candidate self-stake)
2,node_0035,node_0149,1.31,7108,rejected,voter (Total-weighted random choice)
2,node_0036,node_0036,1.00,8424,active,self-vote (candidate self-stake)
2,node_0037,node_0037,1.00,940,active,self-vote (candidate self-stake)
2,node_0038,node_0084,0.82,6856,active,voter (Total-weighted random choice)
2,node_0039,node_0201,0.50,3179,active,voter (Total-weighted random choice)
2,node_0040,node_0201,1.04,8416,active,voter (Total-weighted random choice)
2,node_0041,node_0041,1.00,5112,active,self-vote (candidate self-stake)
2,node_0042,node_0270,1.21,2454,active,voter (Total-weighted random choice)
2,node_0043,node_0043,1.00,9228,active,self-vote (candidate self-stake)
2,node_0044,node_0044,1.00,11008,active,self-vote (candidate self-stake)
2,node_0045,node_0321,1.22,727,active,voter (Total-weighted random choice)
2,node_0046,node_0046,1.00,3925,active,self-vote (candidate self-stake)
2,node_0047,node_0107,1.41,794,rejected,voter (Total-weighted random choice)
2,node_0048,node_0048,1.00,8146,active,self-vote (candidate self-stake)
2,node_0049,node_0138,0.96,9152,active,voter (Total-weighted random choice)
2,node_0050,node_0050,1.00,5095,active,self-vote (candidate self-stake)
2,node_0051,node_0239,1.12,3795,active,voter (Total-weighted random choice)
2,node_0052,node_0052,1.00,4632,active,self-vote (candidate self-stake)
2,node_0053,node_0489,0.91,7197,active,voter (Total-weighted random choice)
2,node_0054,node_0297,0.89,2292,active,voter (Total-weighted random choice)
2,node_0055,node_0046,1.24,5602,active,voter (Total-weighted random choice)
2,node_0056,node_0433,0.86,11093,active,voter (Total-weighted random choice)
2,node_0057,node_0057,1.00,1439,active,self-vote (candidate self-stake)
2,node_0058,node_0336,1.33,5406,active,voter (Total-weighted random choice)
2,node_0059,node_0415,1.50,5037,rejected,voter (Total-weighted random choice)
2,node_0060,node_0014,1.21,8772,active,voter (Total-weighted random choice)
2,node_0061,node_0401,0.80,3862,active,voter (Total-weighted random choice)
2,node_0062,node_0290,0.72,3455,active,voter (Total-weighted random choice)
2,node_0063,node_0050,1.10,5654,active,voter (Total-weighted random choice)
2,node_0064,node_0043,1.20,1205,active,voter (Total-weighted random choice)
2,node_0065,node_0490,0.91,709,active,voter (Total-weighted random choice)
2,node_0066,node_0066,1.00,859,active,self-vote (candidate self-stake)
2,node_0067,node_0067,1.00,8603,active,self-vote (candidate self-stake)
2,node_0068,node_0116,0.67,3348,active,voter (Total-weighted random choice)
2,node_0069,node_0144,1.40,1684,active,voter (Total-weighted random choice)
2,node_0070,node_0440,1.06,384,active,voter (Total-weighted random choice)
2,node_0071,node_0386,0.66,809,active,voter (Total-weighted random choice)
2,node_0072,node_0022,0.73,2630,active,voter (Total-weighted random choice)
2,node_0073,node_0305,0.67,4128,active,voter (Total-weighted random choice)
2,node_0074,node_0074,1.00,2333,active,self-vote (candidate self-stake)
2,node_0075,node_0282,0.84,4716,active,voter (Total-weighted random choice)
2,node_0076,node_0216,1.20,6954,active,voter (Total-weighted random choice)
2,node_0077,node_0457,1.37,3400,rejected,voter (Total-weighted random choice)
2,node_0078,node_0270,1.49,97,active,voter (Total-weighted random choice)
2,node_0079,node_0044,0.86,4881,active,voter (Total-weighted random choice)
2,node_0080,node_0080,1.00,8785,active,self-vote (candidate self-stake)
2,node_0081,node_0333,0.64,1303,active,voter (Total-weighted random choice)
2,node_0082,node_0044,0.54,2615,active,voter (Total-weighted random choice)
2,node_0083,node_0084,1.36,6341,active,voter (Total-weighted random choice)
2,node_0084,node_0084,1.00,9166,active,self-vote (candidate self-stake)
2,node_0085,node_0021,1.43,5854,active,voter (Total-weighted random choice)
2,node_0086,node_0415,1.14,4487,active,voter (Total-weighted random choice)
2,node_0087,node_0046,1.09,3672,active,voter (Total-weighted random choice)
2,node_0088,node_0411,1.33,5206,active,voter (Total-weighted random choice)
2,node_0089,node_0262,1.50,255,rejected,voter (Total-weighted random choice)
2,node_0090,node_0490,0.87,637,active,voter (Total-weighted random choice)
2,node_0091,node_0440,0.77,2043,active,voter (Total-weighted random choice)
2,node_0092,node_0092,1.00,4257,active,self-vote (candidate self-stake)
2,node_0093,node_0093,1.00,7009,active,self-vote (candidate self-stake)
2,node_0094,node_0488,1.04,8889,active,voter (Total-weighted random choice)
2,node_0095,node_0074,1.41,648,rejected,voter (Total-weighted random choice)
2,node_0096,node_0124,1.42,4185,active,voter (Total-weighted random choice)
2,node_0097,node_0282,1.48,10901,rejected,voter (Total-weighted random choice)
2,node_0098,node_0138,0.99,9257,rejected,voter (Total-weighted random choice)
2,node_0099,node_0114,1.32,2677,active,voter (Total-weighted random choice)
2,node_0100,node_0290,1.48,8880,active,voter (Total-weighted random choice)
2,node_0101,node_0270,0.85,2317,active,voter (Total-weighted random choice)
2,node_0102,node_0270,0.66,884,active,voter (Total-weighted random choice)
2,node_0103,node_0386,1.48,3856,active,voter (Total-weighted random choice)
2,node_0104,node_0021,1.31,7899,active,voter (Total-weighted random choice)
2,node_0105,node_0022,1.30,2305,active,voter (Total-weighted random choice)
2,node_0106,node_0305,0.75,9661,active,voter (Total-weighted random choice)
2,node_0107,node_0107,1.00,9728,active,self-vote (candidate self-stake)
2,node_0108,node_0312,1.49,1331,active,voter (Total-weighted random choice)
2,node_0109,node_0050,1.34,807,active,voter (Total-weighted random choice)
2,node_0110,node_0254,1.44,4372,active,voter (Total-weighted random choice)
2,node_0111,node_0116,0.53,8945,active,voter (Total-weighted random choice)
2,node_0112,node_0124,0.50,2650,active,voter (Total-weighted random choice)
2,node_0113,node_0297,0.73,1746,active,voter (Total-weighted random choice)
2,node_0114,node_0114,1.00,7007,active,self-vote (candidate self-stake)
2,node_0115,node_0457,1.02,7391,active,voter (Total-weighted random choice)
2,node_0116,node_0116,1.00,5002,active,self-vote (candidate self-stake)
2,node_0117,node_0066,0.58,7083,active,voter (Total-weighted random choice)
2,node_0118,node_0461,1.26,5107,active,voter (Total-weighted random choice)
2,node_0119,node_0401,1.35,5332,active,voter (Total-weighted random choice)
2,node_0120,node_0144,1.15,2887,active,voter (Total-weighted random choice)
2,node_0121,node_0107,0.63,5958,active,voter (Total-weighted random choice)
2,node_0122,node_0262,1.13,4101,active,voter (Total-weighted random choice)
2,node_0123,node_0415,1.23,9041,active,voter (Total-weighted random choice)
2,node_0124,node_0124,1.00,2500,active,self-vote (candidate self-stake)
2,node_0125,node_0144,0.98,3143,active,voter (Total-weighted random choice)
2,node_0126,node_0386,0.66,528,active,voter (Total-weighted random choice)
2,node_0127,node_0220,0.80,6934,active,voter (Total-weighted random choice)
2,node_0128,node_0067,1.36,8171,active,voter (Total-weighted random choice)
2,node_0129,node_0439,0.56,7097,active,voter (Total-weighted random choice)
2,node_0130,node_0048,1.48,3678,active,voter (Total-weighted random choice)
2,node_0131,node_0269,0.88,327,active,voter (Total-weighted random choice)
2,node_0132,node_0046,0.83,5568,active,voter (Total-weighted random choice)
2,node_0133,node_0440,0.63,4166,active,voter (Total-weighted random choice)
2,node_0134,node_0084,1.24,5220,active,voter (Total-weighted random choice)
2,node_0135,node_0404,0.89,7131,active,voter (Total-weighted random choice)
2,node_0136,node_0074,0.66,9495,active,voter (Total-weighted random choice)
2,node_0137,node_0335,1.16,5625,active,voter (Total-weighted random choice)
2,node_0138,node_0138,1.00,8553,active,self-vote (candidate self-stake)
2,node_0139,node_0493,0.64,5713,active,voter (Total-weighted random choice)
2,node_0140,node_0074,1.11,8613,active,voter (Total-weighted random choice)
2,node_0141,node_0149,1.43,6787,rejected,voter (Total-weighted random choice)
2,node_0142,node_0239,1.03,8206,active,voter (Total-weighted random choice)
2,node_0143,node_0143,1.00,1787,active,self-vote (candidate self-stake)
2,node_0144,node_0144,1.00,851,active,self-vote (candidate self-stake)
2,node_0145,node_0401,1.24,4362,active,voter (Total-weighted random choice)
2,node_0146,node_0149,0.69,3151,active,voter (Total-weighted random choice)
2,node_0147,node_0074,0.97,9648,active,voter (Total-weighted random choice)
2,node_0148,node_0149,0.95,6724,active,voter (Total-weighted random choice)
2,node_0149,node_0149,1.00,6689,active,self-vote (candidate self-stake)
2,node_0150,node_0484,0.93,2667,active,voter (Total-weighted random choice)
2,node_0151,node_0499,0.83,1934,active,voter (Total-weighted random choice)
2,node_0152,node_0401,0.61,3503,active,voter (Total-weighted random choice)
2,node_0153,node_0114,0.64,64,active,voter (Total-weighted random choice)
2,node_0154,node_0365,0.60,8071,active,voter (Total-weighted random choice)
2,node_0155,node_0262,1.33,9975,active,voter (Total-weighted random choice)
2,node_0156,node_0433,0.84,5970,active,voter (Total-weighted random choice)
2,node_0157,node_0415,1.39,11023,active,voter (Total-weighted random choice)
2,node_0158,node_0015,0.74,7355,active,voter (Total-weighted random choice)
2,node_0159,node_0299,0.79,3690,active,voter (Total-weighted random choice)
2,node_0160,node_0160,1.00,4444,active,self-vote (candidate self-stake)
2,node_0161,node_0161,1.00,4440,active,self-vote (candidate self-stake)
2,node_0162,node_0216,0.75,5011,active,voter (Total-weighted random choice)
2,node_0163,node_0269,0.99,2315,active,voter (Total-weighted random choice)
2,node_0164,node_0032,1.02,2364,active,voter (Total-weighted random choice)
2,node_0165,node_0107,1.22,6814,active,voter (Total-weighted random choice)
2,node_0166,node_0160,0.57,6042,active,voter (Total-weighted random choice)
2,node_0167,node_0216,1.44,6033,active,voter (Total-weighted random choice)
2,node_0168,node_0489,0.76,10338,active,voter (Total-weighted random choice)
2,node_0169,node_0462,0.97,4184,active,voter (Total-weighted random choice)
2,node_0170,node_0269,1.37,7604,active,voter (Total-weighted random choice)
2,node_0171,node_0386,1.37,9221,active,voter (Total-weighted random choice)
2,node_0172,node_0354,0.51,8137,active,voter (Total-weighted random choice)
2,node_0173,node_0032,1.19,7004,active,voter (Total-weighted random choice)
2,node_0174,node_0285,1.16,2259,active,voter (Total-weighted random choice)
2,node_0175,node_0219,1.21,5810,active,voter (Total-weighted random choice)
2,node_0176,node_0092,1.08,916,active,voter (Total-weighted random choice)
2,node_0177,node_0333,0.73,8630,active,voter (Total-weighted random choice)
2,node_0178,node_0415,1.10,7445,active,voter (Total-weighted random choice)
2,node_0179,node_0116,1.34,5791,active,voter (Total-weighted random choice)
2,node_0180,node_0084,1.11,4980,active,voter (Total-weighted random choice)
2,node_0181,node_0462,1.43,4931,active,voter (Total-weighted random choice)
2,node_0182,node_0347,1.34,232,active,voter (Total-weighted random choice)
2,node_0183,node_0392,0.94,6777,active,voter (Total-weighted random choice)
2,node_0184,node_0220,0.84,864,active,voter (Total-weighted random choice)
2,node_0185,node_0046,1.43,4546,active,voter (Total-weighted random choice)
2,node_0186,node_0144,1.02,4360,active,voter (Total-weighted random choice)
2,node_0187,node_0149,1.24,9736,active,voter (Total-weighted random choice)
2,node_0188,node_0144,1.40,3726,active,voter (Total-weighted random choice)
2,node_0189,node_0365,1.07,11256,active,voter (Total-weighted random choice)
2,node_0190,node_0462,1.37,3219,active,voter (Total-weighted random choice)
2,node_0191,node_0331,0.91,9587,active,voter (Total-weighted random choice)
2,node_0192,node_0282,0.96,12552,active,voter (Total-weighted random choice)
2,node_0193,node_0365,0.98,7438,active,voter (Total-weighted random choice)
2,node_0194,node_0495,1.07,1325,active,voter (Total-weighted random choice)
2,node_0195,node_0401,0.77,1446,active,voter (Total-weighted random choice)
2,node_0196,node_0269,0.79,10941,active,voter (Total-weighted random choice)
2,node_0197,node_0067,1.37,4883,active,voter (Total-weighted random choice)
2,node_0198,node_0489,1.36,760,rejected,voter (Total-weighted random choice)
2,node_0199,node_0149,1.20,170,active,voter (Total-weighted random choice)
2,node_0200,node_0269,1.22,1700,active,voter (Total-weighted random choice)
2,node_0201,node_0201,1.00,8464,active,self-vote (candidate self-stake)
2,node_0202,node_0220,1.37,4088,active,voter (Total-weighted random choice)
2,node_0203,node_0321,0.94,8426,active,voter (Total-weighted random choice)
2,node_0204,node_0201,1.42,6737,active,voter (Total-weighted random choice)
2,node_0205,node_0219,1.36,5058,active,voter (Total-weighted random choice)
2,node_0206,node_0484,0.82,3584,active,voter (Total-weighted random choice)
2,node_0207,node_0021,0.95,8195,active,voter (Total-weighted random choice)
2,node_0208,node_0488,1.25,4696,active,voter (Total-weighted random choice)
2,node_0209,node_0022,1.40,3745,active,voter (Total-weighted random choice)
2,node_0210,node_0254,0.57,4342,active,voter (Total-weighted random choice)
2,node_0211,node_0499,0.61,8931,active,voter (Total-weighted random choice)
2,node_0212,node_0450,1.24,1948,active,voter (Total-weighted random choice)
2,node_0213,node_0307,0.98,7829,active,voter (Total-weighted random choice)
2,node_0214,node_0214,1.00,8753,active,self-vote (candidate self-stake)
2,node_0215,node_0014,1.04,8419,active,voter (Total-weighted random choice)
2,node_0216,node_0216,1.00,3976,active,self-vote (candidate self-stake)
2,node_0217,node_0080,0.59,5096,active,voter (Total-weighted random choice)
2,node_0218,node_0282,1.05,6875,active,voter (Total-weighted random choice)
2,node_0219,node_0219,1.00,7205,active,self-vote (candidate self-stake)
2,node_0220,node_0220,1.00,6346,active,self-vote (candidate self-stake)
2,node_0221,node_0307,0.68,5756,active,voter (Total-weighted random choice)
2,node_0222,node_0052,1.17,4382,active,voter (Total-weighted random choice)
2,node_0223,node_0223,1.00,2070,active,self-vote (candidate self-stake)
2,node_0224,node_0461,1.46,4425,active,voter (Total-weighted random choice)
2,node_0225,node_0262,0.88,1789,active,voter (Total-weighted random choice)
2,node_0226,node_0226,1.00,3175,active,self-vote (candidate self-stake)
2,node_0227,node_0411,1.34,803,active,voter (Total-weighted random choice)
2,node_0228,node_0092,1.16,4103,active,voter (Total-weighted random choice)
2,node_0229,node_0160,1.01,7876,active,voter (Total-weighted random choice)
2,node_0230,node_0388,0.54,6753,active,voter (Total-weighted random choice)
2,node_0231,node_0048,1.08,11473,active,voter (Total-weighted random choice)
2,node_0232,node_0319,1.23,8991,active,voter (Total-weighted random choice)
2,node_0233,node_0116,1.28,4255,active,voter (Total-weighted random choice)
2,node_0234,node_0443,0.72,1911,active,voter (Total-weighted random choice)
2,node_0235,node_0319,0.70,8130,active,voter (Total-weighted random choice)
2,node_0236,node_0043,1.28,1881,active,voter (Total-weighted random choice)
2,node_0237,node_0307,1.24,1036,active,voter (Total-weighted random choice)
2,node_0238,node_0422,1.35,8542,rejected,voter (Total-weighted random choice)
2,node_0239,node_0239,1.00,8528,active,self-vote (candidate self-stake)
2,node_0240,node_0443,1.31,4327,active,voter (Total-weighted random choice)
2,node_0241,node_0248,0.73,5033,active,voter (Total-weighted random choice)
2,node_0242,node_0043,1.32,766,active,voter (Total-weighted random choice)
2,node_0243,node_0462,1.13,3643,active,voter (Total-weighted random choice)
2,node_0244,node_0440,0.78,2071,active,voter (Total-weighted random choice)
2,node_0245,node_0036,0.57,2145,active,voter (Total-weighted random choice)
2,node_0246,node_0409,1.29,9402,active,voter (Total-weighted random choice)
2,node_0247,node_0422,1.09,4006,active,voter (Total-weighted random choice)
2,node_0248,node_0248,1.00,7483,active,self-vote (candidate self-stake)
2,node_0249,node_0411,1.09,3594,active,voter (Total-weighted random choice)
2,node_0250,node_0299,1.13,7471,active,voter (Total-weighted random choice)
2,node_0251,node_0107,1.40,3555,rejected,voter (Total-weighted random choice)
2,node_0252,node_0269,0.68,944,active,voter (Total-weighted random choice)
2,node_0253,node_0253,1.00,8819,active,self-vote (candidate self-stake)
2,node_0254,node_0254,1.00,7363,active,self-vote (candidate self-stake)
2,node_0255,node_0422,0.92,6481,active,voter (Total-weighted random choice)
2,node_0256,node_0262,0.57,7939,active,voter (Total-weighted random choice)
2,node_0257,node_0409,1.15,7425,active,voter (Total-weighted random choice)
2,node_0258,node_0021,1.06,1,active,voter (Total-weighted random choice)
2,node_0259,node_0092,0.52,4376,active,voter (Total-weighted random choice)
2,node_0260,node_0201,0.67,6177,active,voter (Total-weighted random choice)
2,node_0261,node_0499,0.98,4927,active,voter (Total-weighted random choice)
2,node_0262,node_0262,1.00,9535,active,self-vote (candidate self-stake)
2,node_0263,node_0149,1.26,6609,active,voter (Total-weighted random choice)
2,node_0264,node_0239,1.03,1763,active,voter (Total-weighted random choice)
2,node_0265,node_0461,0.61,6505,active,voter (Total-weighted random choice)
2,node_0266,node_0048,0.77,6431,active,voter (Total-weighted random choice)
2,node_0267,node_0488,0.84,7290,active,voter (Total-weighted random choice)
2,node_0268,node_0067,1.43,4735,active,voter (Total-weighted random choice)
2,node_0269,node_0269,1.00,7014,active,self-vote (candidate self-stake)
2,node_0270,node_0270,1.00,10178,active,self-vote (candidate self-stake)
2,node_0271,node_0160,0.91,2392,active,voter (Total-weighted random choice)
2,node_0272,node_0409,1.13,7668,active,voter (Total-weighted random choice)
2,node_0273,node_0319,1.47,5368,active,voter (Total-weighted random choice)
2,node_0274,node_0282,0.71,8141,active,voter (Total-weighted random choice)
2,node_0275,node_0386,0.70,2764,active,voter (Total-weighted random choice)
2,node_0276,node_0488,0.89,3060,active,voter (Total-weighted random choice)
2,node_0277,node_0080,1.49,9653,active,voter (Total-weighted random choice)
2,node_0278,node_0299,1.21,1230,active,voter (Total-weighted random choice)
2,node_0279,node_0269,0.74,2362,active,voter (Total-weighted random choice)
2,node_0280,node_0489,1.00,8969,active,voter (Total-weighted random choice)
2,node_0281,node_0409,0.56,9159,active,voter (Total-weighted random choice)
2,node_0282,node_0282,1.00,7110,active,self-vote (candidate self-stake)
2,node_0283,node_0365,1.14,1989,active,voter (Total-weighted random choice)
2,node_0284,node_0067,0.61,880,active,voter (Total-weighted random choice)
2,node_0285,node_0285,1.00,4941,active,self-vote (candidate self-stake)
2,node_0286,node_0336,1.18,66,active,voter (Total-weighted random choice)
2,node_0287,node_0433,0.77,10077,active,voter (Total-weighted random choice)
2,node_0288,node_0489,0.86,2347,active,voter (Total-weighted random choice)
2,node_0289,node_0041,1.27,5301,active,voter (Total-weighted random choice)
2,node_0290,node_0290,1.00,7958,active,self-vote (candidate self-stake)
2,node_0291,node_0409,0.66,3289,active,voter (Total-weighted random choice)
2,node_0292,node_0022,1.16,8050,active,voter (Total-weighted random choice)
2,node_0293,node_0223,1.43,4606,active,voter (Total-weighted random choice)
2,node_0294,node_0149,0.95,9295,active,voter (Total-weighted random choice)
2,node_0295,node_0107,1.21,8283,active,voter (Total-weighted random choice)
2,node_0296,node_0401,1.19,1732,active,voter (Total-weighted random choice)
2,node_0297,node_0297,1.00,977,active,self-vote (candidate self-stake)
2,node_0298,node_0254,1.40,832,active,voter (Total-weighted random choice)
2,node_0299,node_0299,1.00,1645,active,self-vote (candidate self-stake)
2,node_0300,node_0305,1.45,5249,active,voter (Total-weighted random choice)
2,node_0301,node_0124,0.63,291,active,voter (Total-weighted random choice)
2,node_0302,node_0319,0.95,5526,active,voter (Total-weighted random choice)
2,node_0303,node_0043,0.77,8113,active,voter (Total-weighted random choice)
2,node_0304,node_0285,1.48,3978,active,voter (Total-weighted random choice)
2,node_0305,node_0305,1.00,4516,active,self-vote (candidate self-stake)
2,node_0306,node_0116,1.18,1431,active,voter (Total-weighted random choice)
2,node_0307,node_0307,1.00,8570,active,self-vote (candidate self-stake)
2,node_0308,node_0149,1.03,754,active,voter (Total-weighted random choice)
2,node_0309,node_0084,0.93,4006,active,voter (Total-weighted random choice)
2,node_0310,node_0052,1.22,2531,active,voter (Total-weighted random choice)
2,node_0311,node_0046,0.79,9022,active,voter (Total-weighted random choice)
2,node_0312,node_0312,1.00,2794,active,self-vote (candidate self-stake)
2,node_0313,node_0138,0.87,4595,active,voter (Total-weighted random choice)
2,node_0314,node_0067,0.86,2744,active,voter (Total-weighted random choice)
2,node_0315,node_0034,0.53,6375,active,voter (Total-weighted random choice)
2,node_0316,node_0080,0.77,8099,active,voter (Total-weighted random choice)
2,node_0317,node_0036,0.63,849,active,voter (Total-weighted random choice)
2,node_0318,node_0493,0.77,9841,active,voter (Total-weighted random choice)
2,node_0319,node_0319,1.00,4143,active,self-vote (candidate self-stake)
2,node_0320,node_0285,0.85,2199,active,voter (Total-weighted random choice)
2,node_0321,node_0321,1.00,2542,active,self-vote (candidate self-stake)
2,node_0322,node_0490,1.22,9037,active,voter (Total-weighted random choice)
2,node_0323,node_0285,1.05,27,active,voter (Total-weighted random choice)
2,node_0324,node_0044,0.60,5160,active,voter (Total-weighted random choice)
2,node_0325,node_0457,1.33,10993,active,voter (Total-weighted random choice)
2,node_0326,node_0046,0.92,3910,active,voter (Total-weighted random choice)
2,node_0327,node_0457,0.69,3543,active,voter (Total-weighted random choice)
2,node_0328,node_0385,1.26,1447,active,voter (Total-weighted random choice)
2,node_0329,node_0365,1.45,5727,active,voter (Total-weighted random choice)
2,node_0330,node_0116,1.19,9055,active,voter (Total-weighted random choice)
2,node_0331,node_0331,1.00,1173,active,self-vote (candidate self-stake)
2,node_0332,node_0048,0.74,6280,active,voter (Total-weighted random choice)
2,node_0333,node_0333,1.00,8101,active,self-vote (candidate self-stake)
2,node_0334,node_0067,0.81,9555,active,voter (Total-weighted random choice)
2,node_0335,node_0335,1.00,2500,active,self-vote (candidate self-stake)
2,node_0336,node_0336,1.00,5119,active,self-vote (candidate self-stake)
2,node_0337,node_0107,0.86,1497,active,voter (Total-weighted random choice)
2,node_0338,node_0160,0.67,2657,active,voter (Total-weighted random choice)
2,node_0339,node_0048,1.00,5628,active,voter (Total-weighted random choice)
2,node_0340,node_0354,0.73,1399,active,voter (Total-weighted random choice)
2,node_0341,node_0214,1.46,3586,active,voter (Total-weighted random choice)
2,node_0342,node_0404,1.36,6161,active,voter (Total-weighted random choice)
2,node_0343,node_0138,0.53,10563,active,voter (Total-weighted random choice)
2,node_0344,node_0499,1.04,1619,active,voter (Total-weighted random choice)
2,node_0345,node_0149,1.24,636,active,voter (Total-weighted random choice)
2,node_0346,node_0043,0.96,3463,active,voter (Total-weighted random choice)
2,node_0347,node_0347,1.00,5683,active,self-vote (candidate self-stake)
2,node_0348,node_0386,0.98,2344,active,voter (Total-weighted random choice)
2,node_0349,node_0422,0.75,4050,active,voter (Total-weighted random choice)
2,node_0350,node_0489,0.77,1446,active,voter (Total-weighted random choice)
2,node_0351,node_0269,0.79,5377,active,voter (Total-weighted random choice)
2,node_0352,node_0220,0.82,10810,active,voter (Total-weighted random choice)
2,node_0353,node_0214,1.10,9715,active,voter (Total-weighted random choice)
2,node_0354,node_0354,1.00,6231,active,self-vote (candidate self-stake)
2,node_0355,node_0415,0.79,615,active,voter (Total-weighted random choice)
2,node_0356,node_0440,0.58,7132,active,voter (Total-weighted random choice)
2,node_0357,node_0335,1.37,8399,active,voter (Total-weighted random choice)
2,node_0358,node_0285,1.08,8403,active,voter (Total-weighted random choice)
2,node_0359,node_0359,1.00,952,active,self-vote (candidate self-stake)
2,node_0360,node_0034,1.06,2280,active,voter (Total-weighted random choice)
2,node_0361,node_0488,0.91,1756,active,voter (Total-weighted random choice)
2,node_0362,node_0116,0.63,202,active,voter (Total-weighted random choice)
2,node_0363,node_0363,1.00,2196,active,self-vote (candidate self-stake)
2,node_0364,node_0043,1.11,1133,active,voter (Total-weighted random choice)
2,node_0365,node_0365,1.00,9654,active,self-vote (candidate self-stake)
2,node_0366,node_0067,0.79,5415,active,voter (Total-weighted random choice)
2,node_0367,node_0036,1.28,4301,active,voter (Total-weighted random choice)
2,node_0368,node_0368,1.00,1204,active,self-vote (candidate self-stake)
2,node_0369,node_0223,1.17,1446,active,voter (Total-weighted random choice)
2,node_0370,node_0043,1.39,3092,rejected,voter (Total-weighted random choice)
2,node_0371,node_0385,1.07,11704,active,voter (Total-weighted random choice)
2,node_0372,node_0034,1.11,4735,active,voter (Total-weighted random choice)
2,node_0373,node_0044,0.73,8070,active,voter (Total-weighted random choice)
2,node_0374,node_0220,0.85,9062,active,voter (Total-weighted random choice)
2,node_0375,node_0388,0.71,8123,active,voter (Total-weighted random choice)
2,node_0376,node_0046,0.86,8116,active,voter (Total-weighted random choice)
2,node_0377,node_0080,0.71,9323,active,voter (Total-weighted random choice)
2,node_0378,node_0262,0.80,1935,active,voter (Total-weighted random choice)
2,node_0379,node_0262,0.64,7602,active,voter (Total-weighted random choice)
2,node_0380,node_0107,0.75,7311,active,voter (Total-weighted random choice)
2,node_0381,node_0415,1.02,5834,active,voter (Total-weighted random choice)
2,node_0382,node_0335,0.95,1155,active,voter (Total-weighted random choice)
2,node_0383,node_0093,0.87,6174,active,voter (Total-weighted random choice)
2,node_0384,node_0321,0.73,6428,active,voter (Total-weighted random choice)
2,node_0385,node_0385,1.00,1829,active,self-vote (candidate self-stake)
2,node_0386,node_0386,1.00,8859,active,self-vote (candidate self-stake)
2,node_0387,node_0415,0.61,6043,active,voter (Total-weighted random choice)
2,node_0388,node_0388,1.00,6509,active,self-vote (candidate self-stake)
2,node_0389,node_0138,0.52,6028,active,voter (Total-weighted random choice)
2,node_0390,node_0214,1.18,5317,active,voter (Total-weighted random choice)
2,node_0391,node_0084,1.43,5313,rejected,voter (Total-weighted random choice)
2,node_0392,node_0392,1.00,245,active,self-vote (candidate self-stake)
2,node_0393,node_0386,1.35,899,active,voter (Total-weighted random choice)
2,node_0394,node_0270,0.92,1655,active,voter (Total-weighted random choice)
2,node_0395,node_0347,0.89,1775,active,voter (Total-weighted random choice)
2,node_0396,node_0021,1.30,945,active,voter (Total-weighted random choice)
2,node_0397,node_0457,1.06,8087,active,voter (Total-weighted random choice)
2,node_0398,node_0201,0.74,2888,active,voter (Total-weighted random choice)
2,node_0399,node_0084,0.93,3509,active,voter (Total-weighted random choice)
2,node_0400,node_0057,0.57,1993,active,voter (Total-weighted random choice)
2,node_0401,node_0401,1.00,5763,active,self-vote (candidate self-stake)
2,node_0402,node_0114,1.00,3724,active,voter (Total-weighted random choice)
2,node_0403,node_0336,0.97,5264,active,voter (Total-weighted random choice)
2,node_0404,node_0404,1.00,42,active,self-vote (candidate self-stake)
2,node_0405,node_0084,1.41,10047,active,voter (Total-weighted random choice)
2,node_0406,node_0285,1.36,1912,active,voter (Total-weighted random choice)
2,node_0407,node_0080,1.13,1517,active,voter (Total-weighted random choice)
2,node_0408,node_0084,1.48,6272,rejected,voter (Total-weighted random choice)
2,node_0409,node_0409,1.00,2930,active,self-vote (candidate self-stake)
2,node_0410,node_0290,1.35,9589,active,voter (Total-weighted random choice)
2,node_0411,node_0411,1.00,3222,active,self-vote (candidate self-stake)
2,node_0412,node_0034,0.92,1092,active,voter (Total-weighted random choice)
2,node_0413,node_0499,0.74,7771,active,voter (Total-weighted random choice)
2,node_0414,node_0138,0.77,4435,active,voter (Total-weighted random choice)
2,node_0415,node_0415,1.00,5375,active,self-vote (candidate self-stake)
2,node_0416,node_0214,1.06,8953,active,voter (Total-weighted random choice)
2,node_0417,node_0248,0.83,487,active,voter (Total-weighted random choice)
2,node_0418,node_0080,0.85,67,active,voter (Total-weighted random choice)
2,node_0419,node_0388,1.09,1933,active,voter (Total-weighted random choice)
2,node_0420,node_0041,0.59,4641,active,voter (Total-weighted random choice)
2,node_0421,node_0052,0.54,6549,active,voter (Total-weighted random choice)
2,node_0422,node_0422,1.00,8160,active,self-vote (candidate self-stake)
2,node_0423,node_0354,0.90,744,active,voter (Total-weighted random choice)
2,node_0424,node_0462,0.77,7658,active,voter (Total-weighted random choice)
2,node_0425,node_0021,0.85,7918,active,voter (Total-weighted random choice)
2,node_0426,node_0201,1.07,7856,active,voter (Total-weighted random choice)
2,node_0427,node_0269,1.47,1605,rejected,voter (Total-weighted random choice)
2,node_0428,node_0269,1.04,7124,active,voter (Total-weighted random choice)
2,node_0429,node_0239,1.47,1165,active,voter (Total-weighted random choice)
2,node_0430,node_0216,0.60,4658,active,voter (Total-weighted random choice)
2,node_0431,node_0489,1.08,8031,active,voter (Total-weighted random choice)
2,node_0432,node_0114,0.89,5812,active,voter (Total-weighted random choice)
2,node_0433,node_0433,1.00,881,active,self-vote (candidate self-stake)
2,node_0434,node_0160,1.42,8926,active,voter (Total-weighted random choice)
2,node_0435,node_0435,1.00,6298,active,self-vote (candidate self-stake)
2,node_0436,node_0025,0.94,4748,active,voter (Total-weighted random choice)
2,node_0437,node_0495,1.02,2362,active,voter (Total-weighted random choice)
2,node_0438,node_0161,1.01,724,active,voter (Total-weighted random choice)
2,node_0439,node_0439,1.00,7537,active,self-vote (candidate self-stake)
2,node_0440,node_0440,1.00,9512,active,self-vote (candidate self-stake)
2,node_0441,node_0354,0.87,6112,active,voter (Total-weighted random choice)
2,node_0442,node_0124,1.38,11119,active,voter (Total-weighted random choice)
2,node_0443,node_0443,1.00,3815,active,self-vote (candidate self-stake)
2,node_0444,node_0084,1.46,10365,rejected,voter (Total-weighted random choice)
2,node_0445,node_0107,1.40,8371,active,voter (Total-weighted random choice)
2,node_0446,node_0404,0.54,4892,active,voter (Total-weighted random choice)
2,node_0447,node_0032,0.68,8848,active,voter (Total-weighted random choice)
2,node_0448,node_0219,1.44,9867,active,voter (Total-weighted random choice)
2,node_0449,node_0015,1.35,6947,active,voter (Total-weighted random choice)
2,node_0450,node_0450,1.00,4860,active,self-vote (candidate self-stake)
2,node_0451,node_0052,0.63,280,active,voter (Total-weighted random choice)
2,node_0452,node_0290,0.65,1171,active,voter (Total-weighted random choice)
2,node_0453,node_0074,0.71,594,active,voter (Total-weighted random choice)
2,node_0454,node_0057,1.12,7936,active,voter (Total-weighted random choice)
2,node_0455,node_0354,0.68,5255,active,voter (Total-weighted random choice)
2,node_0456,node_0307,1.11,5846,active,voter (Total-weighted random choice)
2,node_0457,node_0457,1.00,10197,active,self-vote (candidate self-stake)
2,node_0458,node_0409,1.48,145,active,voter (Total-weighted random choice)
2,node_0459,node_0050,1.48,6648,active,voter (Total-weighted random choice)
2,node_0460,node_0138,1.42,6198,rejected,voter (Total-weighted random choice)
2,node_0461,node_0461,1.00,5640,active,self-vote (candidate self-stake)
2,node_0462,node_0462,1.00,2845,active,self-vote (candidate self-stake)
2,node_0463,node_0457,0.50,7391,active,voter (Total-weighted random choice)
2,node_0464,node_0365,1.32,2029,active,voter (Total-weighted random choice)
2,node_0465,node_0440,0.82,6939,active,voter (Total-weighted random choice)
2,node_0466,node_0160,1.00,5138,active,voter (Total-weighted random choice)
2,node_0467,node_0138,1.21,6621,rejected,voter (Total-weighted random choice)
2,node_0468,node_0015,1.19,3480,active,voter (Total-weighted random choice)
2,node_0469,node_0043,0.93,2071,active,voter (Total-weighted random choice)
2,node_0470,node_0422,0.97,9638,active,voter (Total-weighted random choice)
2,node_0471,node_0015,0.89,3975,active,voter (Total-weighted random choice)
2,node_0472,node_0239,1.25,10975,active,voter (Total-weighted random choice)
2,node_0473,node_0021,1.21,2587,active,voter (Total-weighted random choice)
2,node_0474,node_0092,1.49,6931,active,voter (Total-weighted random choice)
2,node_0475,node_0080,0.64,3477,active,voter (Total-weighted random choice)
2,node_0476,node_0439,1.12,7312,active,voter (Total-weighted random choice)
2,node_0477,node_0422,1.16,4484,active,voter (Total-weighted random choice)
2,node_0478,node_0495,0.92,2401,active,voter (Total-weighted random choice)
2,node_0479,node_0489,1.34,7865,rejected,voter (Total-weighted random choice)
2,node_0480,node_0114,0.88,9678,active,voter (Total-weighted random choice)
2,node_0481,node_0248,1.27,4141,active,voter (Total-weighted random choice)
2,node_0482,node_0124,1.36,3391,active,voter (Total-weighted random choice)
2,node_0483,node_0307,0.95,5552,active,voter (Total-weighted random choice)
2,node_0484,node_0484,1.00,8857,active,self-vote (candidate self-stake)
2,node_0485,node_0336,0.57,730,active,voter (Total-weighted random choice)
2,node_0486,node_0116,1.41,7473,rejected,voter (Total-weighted random choice)
2,node_0487,node_0248,1.03,7464,active,voter (Total-weighted random choice)
2,node_0488,node_0488,1.00,8153,active,self-vote (candidate self-stake)
2,node_0489,node_0489,1.00,6954,active,self-vote (candidate self-stake)
2,node_0490,node_0490,1.00,3488,active,self-vote (candidate self-stake)
2,node_0491,node_0021,0.65,6115,active,voter (Total-weighted random choice)
2,node_0492,node_0254,1.19,1486,active,voter (Total-weighted random choice)
2,node_0493,node_0493,1.00,2036,active,self-vote (candidate self-stake)
2,node_0494,node_0422,0.56,9238,active,voter (Total-weighted random choice)
2,node_0495,node_0495,1.00,7744,active,self-vote (candidate self-stake)
2,node_0496,node_0282,1.38,1419,rejected,voter (Total-weighted random choice)
2,node_0497,node_0052,1.26,2641,active,voter (Total-weighted random choice)
2,node_0498,node_0161,0.87,2603,active,voter (Total-weighted random choice)
2,node_0499,node_0499,1.00,4681,active,self-vote (candidate self-stake)
2,node_0500,node_0262,1.05,6189,active,voter (Total-weighted random choice)
3,node_0001,node_0001,1.00,1796,active,self-vote (candidate self-stake)
3,node_0002,node_0207,1.46,4207,rejected,voter (Total-weighted random choice)
3,node_0003,node_0440,0.78,12607,active,voter (Total-weighted random choice)
3,node_0004,node_0493,1.29,371,active,voter (Total-weighted random choice)
3,node_0005,node_0129,1.35,4010,active,voter (Total-weighted random choice)
3,node_0006,node_0387,0.60,9682,active,voter (Total-weighted random choice)
3,node_0007,node_0034,0.79,3492,active,voter (Total-weighted random choice)
3,node_0008,node_0381,0.89,304,active,voter (Total-weighted random choice)
3,node_0009,node_0172,0.90,7616,active,voter (Total-weighted random choice)
3,node_0010,node_0439,0.85,3427,active,voter (Total-weighted random choice)
3,node_0011,node_0114,1.15,571,active,voter (Total-weighted random choice)
3,node_0012,node_0068,0.78,6918,active,voter (Total-weighted random choice)
3,node_0013,node_0013,1.00,1458,active,self-vote (candidate self-stake)
3,node_0014,node_0014,1.00,7766,active,self-vote (candidate self-stake)
3,node_0015,node_0500,0.57,5253,active,voter (Total-weighted random choice)
3,node_0016,node_0013,0.93,1740,active,voter (Total-weighted random choice)
3,node_0017,node_0017,1.00,1246,active,self-vote (candidate self-stake)
3,node_0018,node_0138,1.14,5684,active,voter (Total-weighted random choice)
3,node_0019,node_0277,0.82,2195,active,voter (Total-weighted random choice)
3,node_0020,node_0494,0.60,4892,active,voter (Total-weighted random choice)
3,node_0021,node_0172,0.62,1680,active,voter (Total-weighted random choice)
3,node_0022,node_0344,1.00,1551,active,voter (Total-weighted random choice)
3,node_0023,node_0185,1.05,8102,active,voter (Total-weighted random choice)
3,node_0024,node_0102,1.15,466,active,voter (Total-weighted random choice)
3,node_0025,node_0072,1.25,4056,rejected,voter (Total-weighted random choice)
3,node_0026,node_0370,1.28,4026,active,voter (Total-weighted random choice)
3,node_0027,node_0124,0.91,3075,active,voter (Total-weighted random choice)
3,node_0028,node_0102,1.39,7462,active,voter (Total-weighted random choice)
3,node_0029,node_0129,1.41,3492,active,voter (Total-weighted random choice)
3,node_0030,node_0014,0.98,13546,active,voter (Total-weighted random choice)
3,node_0031,node_0031,1.00,5354,active,self-vote (candidate self-stake)
3,node_0032,node_0032,1.00,6920,active,self-vote (candidate self-stake)
3,node_0033,node_0175,0.85,303,active,voter (Total-weighted random choice)
3,node_0034,node_0034,1.00,7231,active,self-vote (candidate self-stake)
3,node_0035,node_0118,0.59,6630,active,voter (Total-weighted random choice)
3,node_0036,node_0102,0.52,9268,active,voter (Total-weighted random choice)
3,node_0037,node_0129,0.59,48,active,voter (Total-weighted random choice)
3,node_0038,node_0132,0.78,7578,rejected,voter (Total-weighted random choice)
3,node_0039,node_0353,0.72,3444,active,voter (Total-weighted random choice)
3,node_0040,node_0439,0.87,7747,active,voter (Total-weighted random choice)
3,node_0041,node_0013,0.52,4929,active,voter (Total-weighted random choice)
3,node_0042,node_0299,1.15,2325,active,voter (Total-weighted random choice)
3,node_0043,node_0434,1.15,10302,active,voter (Total-weighted random choice)
3,node_0044,node_0132,0.65,11888,active,voter (Total-weighted random choice)
3,node_0045,node_0045,1.00,982,active,self-vote (candidate self-stake)
3,node_0046,node_0434,0.53,5123,active,voter (Total-weighted random choice)
3,node_0047,node_0069,1.26,1415,active,voter (Total-weighted random choice)
3,node_0048,node_0358,0.93,10280,active,voter (Total-weighted random choice)
3,node_0049,node_0117,1.46,10816,active,voter (Total-weighted random choice)
3,node_0050,node_0050,1.00,5561,active,self-vote (candidate self-stake)
3,node_0051,node_0465,0.70,2826,active,voter (Total-weighted random choice)
3,node_0052,node_0238,0.61,5085,active,voter (Total-weighted random choice)
3,node_0053,node_0440,1.28,8409,rejected,voter (Total-weighted random choice)
3,node_0054,node_0495,1.06,2468,active,voter (Total-weighted random choice)
3,node_0055,node_0208,1.43,4989,active,voter (Total-weighted random choice)
3,node_0056,node_0013,0.94,11409,active,voter (Total-weighted random choice)
3,node_0057,node_0460,1.40,1009,active,voter (Total-weighted random choice)
3,node_0058,node_0164,1.44,5147,active,voter (Total-weighted random choice)
3,node_0059,node_0461,0.52,4796,active,voter (Total-weighted random choice)
3,node_0060,node_0195,0.77,9037,active,voter (Total-weighted random choice)
3,node_0061,node_0187,1.33,4214,active,voter (Total-weighted random choice)
3,node_0062,node_0495,0.50,3034,active,voter (Total-weighted random choice)
3,node_0063,node_0358,0.97,5389,active,voter (Total-weighted random choice)
3,node_0064,node_0381,0.54,951,active,voter (Total-weighted random choice)
3,node_0065,node_0014,1.01,345,active,voter (Total-weighted random choice)
3,node_0066,node_0175,0.79,574,active,voter (Total-weighted random choice)
3,node_0067,node_0132,0.68,8525,active,voter (Total-weighted random choice)
3,node_0068,node_0068,1.00,2777,active,self-vote (candidate self-stake)
3,node_0069,node_0069,1.00,1058,active,self-vote (candidate self-stake)
3,node_0070,node_0070,1.00,363,active,self-vote (candidate self-stake)
3,node_0071,node_0104,1.21,1001,active,voter (Total-weighted random choice)
3,node_0072,node_0072,1.00,2538,active,self-vote (candidate self-stake)
3,node_0073,node_0368,0.81,4014,active,voter (Total-weighted random choice)
3,node_0074,node_0392,1.37,4413,active,voter (Total-weighted random choice)
3,node_0075,node_0283,1.10,4768,active,voter (Total-weighted random choice)
3,node_0076,node_0262,0.82,5908,active,voter (Total-weighted random choice)
3,node_0077,node_0077,1.00,2059,active,self-vote (candidate self-stake)
3,node_0078,node_0395,0.66,35,active,voter (Total-weighted random choice)
3,node_0079,node_0045,0.84,4422,active,voter (Total-weighted random choice)
3,node_0080,node_0330,0.88,11024,active,voter (Total-weighted random choice)
3,node_0081,node_0185,1.38,1156,active,voter (Total-weighted random choice)
3,node_0082,node_0370,0.87,1892,active,voter (Total-weighted random choice)
3,node_0083,node_0356,1.24,6516,active,voter (Total-weighted random choice)
3,node_0084,node_0262,1.20,10450,active,voter (Total-weighted random choice)
3,node_0085,node_0132,0.95,6091,rejected,voter (Total-weighted random choice)
3,node_0086,node_0347,0.92,2556,active,voter (Total-weighted random choice)
3,node_0087,node_0282,0.72,4710,active,voter (Total-weighted random choice)
3,node_0088,node_0448,0.53,4881,active,voter (Total-weighted random choice)
3,node_0089,node_0070,0.73,82,active,voter (Total-weighted random choice)
3,node_0090,node_0175,1.05,165,active,voter (Total-weighted random choice)
3,node_0091,node_0068,0.80,2422,active,voter (Total-weighted random choice)
3,node_0092,node_0358,0.86,3476,active,voter (Total-weighted random choice)
3,node_0093,node_0093,1.00,8047,active,self-vote (candidate self-stake)
3,node_0094,node_0172,1.06,10591,active,voter (Total-weighted random choice)
3,node_0095,node_0440,0.98,933,rejected,voter (Total-weighted random choice)
3,node_0096,node_0187,1.08,3484,active,voter (Total-weighted random choice)
3,node_0097,node_0287,0.70,10717,active,voter (Total-weighted random choice)
3,node_0098,node_0462,1.21,8989,active,voter (Total-weighted random choice)
3,node_0099,node_0102,0.75,1461,active,voter (Total-weighted random choice)
3,node_0100,node_0461,1.28,9766,active,voter (Total-weighted random choice)
3,node_0101,node_0101,1.00,588,active,self-vote (candidate self-stake)
3,node_0102,node_0102,1.00,601,active,self-vote (candidate self-stake)
3,node_0103,node_0318,1.13,4343,rejected,voter (Total-weighted random choice)
3,node_0104,node_0104,1.00,7879,active,self-vote (candidate self-stake)
3,node_0105,node_0283,1.18,3233,active,voter (Total-weighted random choice)
3,node_0106,node_0495,1.17,9984,active,voter (Total-weighted random choice)
3,node_0107,node_0070,1.08,12597,active,voter (Total-weighted random choice)
3,node_0108,node_0351,1.49,1507,active,voter (Total-weighted random choice)
3,node_0109,node_0138,1.26,313,rejected,voter (Total-weighted random choice)
3,node_0110,node_0280,1.11,3840,active,voter (Total-weighted random choice)
3,node_0111,node_0219,0.92,10217,active,voter (Total-weighted random choice)
3,node_0112,node_0129,0.96,1768,active,voter (Total-weighted random choice)
3,node_0113,node_0223,1.02,2190,active,voter (Total-weighted random choice)
3,node_0114,node_0114,1.00,7098,active,self-vote (candidate self-stake)
3,node_0115,node_0032,1.31,8047,active,voter (Total-weighted random choice)
3,node_0116,node_0368,1.01,6253,active,voter (Total-weighted random choice)
3,node_0117,node_0117,1.00,5757,active,self-vote (candidate self-stake)
3,node_0118,node_0118,1.00,4373,active,self-vote (candidate self-stake)
3,node_0119,node_0462,0.66,6021,active,voter (Total-weighted random choice)
3,node_0120,node_0238,0.68,2140,active,voter (Total-weighted random choice)
3,node_0121,node_0493,0.99,4839,active,voter (Total-weighted random choice)
3,node_0122,node_0358,0.54,4343,active,voter (Total-weighted random choice)
3,node_0123,node_0318,1.33,8983,rejected,voter (Total-weighted random choice)
3,node_0124,node_0124,1.00,2697,active,self-vote (candidate self-stake)
3,node_0125,node_0287,1.15,3517,rejected,voter (Total-weighted random choice)
3,node_0126,node_0101,1.17,567,active,voter (Total-weighted random choice)
3,node_0127,node_0494,0.74,7263,active,voter (Total-weighted random choice)
3,node_0128,node_0358,1.25,9106,rejected,voter (Total-weighted random choice)
3,node_0129,node_0129,1.00,8085,active,self-vote (candidate self-stake)
3,node_0130,node_0283,0.97,4057,active,voter (Total-weighted random choice)
3,node_0131,node_0131,1.00,862,active,self-vote (candidate self-stake)
3,node_0132,node_0132,1.00,5403,active,self-vote (candidate self-stake)
3,node_0133,node_0350,0.95,4414,active,voter (Total-weighted random choice)
3,node_0134,node_0045,1.21,5872,active,voter (Total-weighted random choice)
3,node_0135,node_0373,1.34,7345,active,voter (Total-weighted random choice)
3,node_0136,node_0132,0.54,10195,active,voter (Total-weighted random choice)
3,node_0137,node_0353,0.86,5365,active,voter (Total-weighted random choice)
3,node_0138,node_0138,1.00,11307,active,self-vote (candidate self-stake)
3,node_0139,node_0045,1.01,5569,active,voter (Total-weighted random choice)
3,node_0140,node_0232,1.22,9910,active,voter (Total-weighted random choice)
3,node_0141,node_0347,0.79,6354,active,voter (Total-weighted random choice)
3,node_0142,node_0117,1.00,8425,active,voter (Total-weighted random choice)
3,node_0143,node_0185,1.02,1582,active,voter (Total-weighted random choice)
3,node_0144,node_0392,1.05,272,active,voter (Total-weighted random choice)
3,node_0145,node_0358,1.15,4722,active,voter (Total-weighted random choice)
3,node_0146,node_0493,1.33,3425,active,voter (Total-weighted random choice)
3,node_0147,node_0440,0.88,10672,rejected,voter (Total-weighted random choice)
3,node_0148,node_0353,1.27,5181,active,voter (Total-weighted random choice)
3,node_0149,node_0207,0.51,7468,active,voter (Total-weighted random choice)
3,node_0150,node_0034,0.69,3112,active,voter (Total-weighted random choice)
3,node_0151,node_0262,1.02,1812,active,voter (Total-weighted random choice)
3,node_0152,node_0152,1.00,3406,active,self-vote (candidate self-stake)
3,node_0153,node_0045,1.45,11,active,voter (Total-weighted random choice)
3,node_0154,node_0381,0.79,7677,active,voter (Total-weighted random choice)
3,node_0155,node_0132,1.08,11044,rejected,voter (Total-weighted random choice)
3,node_0156,node_0124,1.04,4846,active,voter (Total-weighted random choice)
3,node_0157,node_0287,1.13,10142,active,voter (Total-weighted random choice)
3,node_0158,node_0114,0.75,6865,active,voter (Total-weighted random choice)
3,node_0159,node_0262,0.78,3609,active,voter (Total-weighted random choice)
3,node_0160,node_0448,0.54,3443,active,voter (Total-weighted random choice)
3,node_0161,node_0207,1.31,3853,active,voter (Total-weighted random choice)
3,node_0162,node_0318,1.16,5082,rejected,voter (Total-weighted random choice)
3,node_0163,node_0232,1.19,2444,active,voter (Total-weighted random choice)
3,node_0164,node_0164,1.00,1166,active,self-vote (candidate self-stake)
3,node_0165,node_0495,0.59,6824,active,voter (Total-weighted random choice)
3,node_0166,node_0465,1.04,6020,active,voter (Total-weighted random choice)
3,node_0167,node_0232,0.84,5903,active,voter (Total-weighted random choice)
3,node_0168,node_0387,0.67,12494,active,voter (Total-weighted random choice)
3,node_0169,node_0124,1.10,4072,active,voter (Total-weighted random choice)
3,node_0170,node_0330,0.83,7764,active,voter (Total-weighted random choice)
3,node_0171,node_0318,1.12,9286,rejected,voter (Total-weighted random choice)
3,node_0172,node_0172,1.00,8831,active,self-vote (candidate self-stake)
3,node_0173,node_0387,0.51,5689,active,voter (Total-weighted random choice)
3,node_0174,node_0174,1.00,3142,active,self-vote (candidate self-stake)
3,node_0175,node_0175,1.00,5210,active,self-vote (candidate self-stake)
3,node_0176,node_0176,1.00,431,active,self-vote (candidate self-stake)
3,node_0177,node_0050,1.23,8103,active,voter (Total-weighted random choice)
3,node_0178,node_0368,0.56,8405,active,voter (Total-weighted random choice)
3,node_0179,node_0014,1.08,6407,active,voter (Total-weighted random choice)
3,node_0180,node_0282,1.02,4980,active,voter (Total-weighted random choice)
3,node_0181,node_0277,0.55,3949,active,voter (Total-weighted random choice)
3,node_0182,node_0117,0.74,558,active,voter (Total-weighted random choice)
3,node_0183,node_0350,1.00,6963,active,voter (Total-weighted random choice)
3,node_0184,node_0381,1.31,394,active,voter (Total-weighted random choice)
3,node_0185,node_0185,1.00,5621,active,self-vote (candidate self-stake)
3,node_0186,node_0462,1.13,3915,active,voter (Total-weighted random choice)
3,node_0187,node_0187,1.00,9612,active,self-vote (candidate self-stake)
3,node_0188,node_0050,1.22,3554,active,voter (Total-weighted random choice)
3,node_0189,node_0440,0.76,10542,active,voter (Total-weighted random choice)
3,node_0190,node_0350,0.89,3051,active,voter (Total-weighted random choice)
3,node_0191,node_0440,0.63,8895,active,voter (Total-weighted random choice)
3,node_0192,node_0280,1.35,13887,active,voter (Total-weighted random choice)
3,node_0193,node_0129,1.42,7412,active,voter (Total-weighted random choice)
3,node_0194,node_0194,1.00,1708,active,self-vote (candidate self-stake)
3,node_0195,node_0195,1.00,749,active,self-vote (candidate self-stake)
3,node_0196,node_0129,0.61,12619,active,voter (Total-weighted random choice)
3,node_0197,node_0299,1.47,4925,active,voter (Total-weighted random choice)
3,node_0198,node_0198,1.00,80,active,self-vote (candidate self-stake)
3,node_0199,node_0199,1.00,310,active,self-vote (candidate self-stake)
3,node_0200,node_0440,0.55,2187,active,voter (Total-weighted random choice)
3,node_0201,node_0201,1.00,7065,active,self-vote (candidate self-stake)
3,node_0202,node_0461,1.30,3984,active,voter (Total-weighted random choice)
3,node_0203,node_0439,0.64,9360,active,voter (Total-weighted random choice)
3,node_0204,node_0072,0.84,5750,active,voter (Total-weighted random choice)
3,node_0205,node_0462,1.43,4670,active,voter (Total-weighted random choice)
3,node_0206,node_0494,1.29,3558,rejected,voter (Total-weighted random choice)
3,node_0207,node_0207,1.00,7136,active,self-vote (candidate self-stake)
3,node_0208,node_0208,1.00,4959,active,self-vote (candidate self-stake)
3,node_0209,node_0176,0.62,4183,active,voter (Total-weighted random choice)
3,node_0210,node_0440,1.07,3573,rejected,voter (Total-weighted random choice)
3,node_0211,node_0486,0.91,9326,active,voter (Total-weighted random choice)
3,node_0212,node_0318,0.62,1987,active,voter (Total-weighted random choice)
3,node_0213,node_0465,1.19,8381,active,voter (Total-weighted random choice)
3,node_0214,node_0118,0.72,9021,active,voter (Total-weighted random choice)
3,node_0215,node_0258,1.45,9491,active,voter (Total-weighted random choice)
3,node_0216,node_0493,0.78,3702,active,voter (Total-weighted random choice)
3,node_0217,node_0439,1.34,5700,active,voter (Total-weighted random choice)
3,node_0218,node_0072,0.81,7142,active,voter (Total-weighted random choice)
3,node_0219,node_0219,1.00,7419,active,self-vote (candidate self-stake)
3,node_0220,node_0318,0.65,6646,active,voter (Total-weighted random choice)
3,node_0221,node_0368,0.68,5291,active,voter (Total-weighted random choice)
3,node_0222,node_0448,0.60,4222,active,voter (Total-weighted random choice)
3,node_0223,node_0223,1.00,1808,active,self-vote (candidate self-stake)
3,node_0224,node_0172,1.18,5356,active,voter (Total-weighted random choice)
3,node_0225,node_0381,0.67,2232,active,voter (Total-weighted random choice)
3,node_0226,node_0448,0.51,2723,active,voter (Total-weighted random choice)
3,node_0227,node_0077,1.16,516,active,voter (Total-weighted random choice)
3,node_0228,node_0277,0.56,4497,active,voter (Total-weighted random choice)
3,node_0229,node_0229,1.00,7564,active,self-vote (candidate self-stake)
3,node_0230,node_0330,0.63,5949,active,voter (Total-weighted random choice)
3,node_0231,node_0232,1.31,12348,rejected,voter (Total-weighted random choice)
3,node_0232,node_0232,1.00,9058,active,self-vote (candidate self-stake)
3,node_0233,node_0233,1.00,2984,active,self-vote (candidate self-stake)
3,node_0234,node_0500,0.51,1251,active,voter (Total-weighted random choice)
3,node_0235,node_0175,0.63,6686,active,voter (Total-weighted random choice)
3,node_0236,node_0495,0.87,3175,active,voter (Total-weighted random choice)
3,node_0237,node_0045,0.78,574,active,voter (Total-weighted random choice)
3,node_0238,node_0238,1.00,9806,active,self-vote (candidate self-stake)
3,node_0239,node_0138,1.19,8574,active,voter (Total-weighted random choice)
3,node_0240,node_0032,0.76,3614,active,voter (Total-weighted random choice)
3,node_0241,node_0034,1.17,4464,active,voter (Total-weighted random choice)
3,node_0242,node_0440,0.95,708,rejected,voter (Total-weighted random choice)
3,node_0243,node_0101,1.04,3497,active,voter (Total-weighted random choice)
3,node_0244,node_0244,1.00,1167,active,self-vote (candidate self-stake)
3,node_0245,node_0448,0.58,1599,active,voter (Total-weighted random choice)
3,node_0246,node_0244,1.46,10585,active,voter (Total-weighted random choice)
3,node_0247,node_0102,1.05,4832,active,voter (Total-weighted random choice)
3,node_0248,node_0185,0.81,6754,active,voter (Total-weighted random choice)
3,node_0249,node_0387,1.41,4499,rejected,voter (Total-weighted random choice)
3,node_0250,node_0223,0.92,8488,active,voter (Total-weighted random choice)
3,node_0251,node_0117,1.42,3658,active,voter (Total-weighted random choice)
3,node_0252,node_0129,0.76,346,active,voter (Total-weighted random choice)
3,node_0253,node_0072,1.01,8036,active,voter (Total-weighted random choice)
3,node_0254,node_0395,1.50,8440,active,voter (Total-weighted random choice)
3,node_0255,node_0232,0.55,7941,active,voter (Total-weighted random choice)
3,node_0256,node_0280,0.97,7859,active,voter (Total-weighted random choice)
3,node_0257,node_0461,1.35,7519,active,voter (Total-weighted random choice)
3,node_0258,node_0258,1.00,66,active,self-vote (candidate self-stake)
3,node_0259,node_0233,1.32,4460,active,voter (Total-weighted random choice)
3,node_0260,node_0260,1.00,5148,active,self-vote (candidate self-stake)
3,node_0261,node_0461,0.73,4520,active,voter (Total-weighted random choice)
3,node_0262,node_0262,1.00,11838,active,self-vote (candidate self-stake)
3,node_0263,node_0494,0.53,7130,active,voter (Total-weighted random choice)
3,node_0264,node_0032,0.54,1786,active,voter (Total-weighted random choice)
3,node_0265,node_0495,1.21,7081,active,voter (Total-weighted random choice)
3,node_0266,node_0229,1.14,7022,active,voter (Total-weighted random choice)
3,node_0267,node_0093,0.53,7482,active,voter (Total-weighted random choice)
3,node_0268,node_0500,0.53,5340,active,voter (Total-weighted random choice)
3,node_0269,node_0175,0.84,8840,active,voter (Total-weighted random choice)
3,node_0270,node_0219,0.59,9621,active,voter (Total-weighted random choice)
3,node_0271,node_0370,1.10,1361,active,voter (Total-weighted random choice)
3,node_0272,node_0368,0.63,7869,active,voter (Total-weighted random choice)
3,node_0273,node_0138,1.33,5065,rejected,voter (Total-weighted random choice)
3,node_0274,node_0344,0.72,8464,active,voter (Total-weighted random choice)
3,node_0275,node_0344,1.41,3431,active,voter (Total-weighted random choice)
3,node_0276,node_0276,1.00,3636,active,self-vote (candidate self-stake)
3,node_0277,node_0277,1.00,11688,active,self-vote (candidate self-stake)
3,node_0278,node_0451,1.29,24,active,voter (Total-weighted random choice)
3,node_0279,node_0045,0.90,2095,active,voter (Total-weighted random choice)
3,node_0280,node_0280,1.00,10752,active,self-vote (candidate self-stake)
3,node_0281,node_0174,0.72,9632,active,voter (Total-weighted random choice)
3,node_0282,node_0282,1.00,7155,active,self-vote (candidate self-stake)
3,node_0283,node_0283,1.00,2905,active,self-vote (candidate self-stake)
3,node_0284,node_0185,0.83,1350,active,voter (Total-weighted random choice)
3,node_0285,node_0318,0.62,5065,active,voter (Total-weighted random choice)
3,node_0286,node_0174,0.58,416,active,voter (Total-weighted random choice)
3,node_0287,node_0287,1.00,9332,active,self-vote (candidate self-stake)
3,node_0288,node_0353,1.22,3042,active,voter (Total-weighted random choice)
3,node_0289,node_0494,0.83,4921,rejected,voter (Total-weighted random choice)
3,node_0290,node_0070,0.93,10271,active,voter (Total-weighted random choice)
3,node_0291,node_0262,1.08,2139,active,voter (Total-weighted random choice)
3,node_0292,node_0072,0.61,7556,active,voter (Total-weighted random choice)
3,node_0293,node_0347,1.36,4228,active,voter (Total-weighted random choice)
3,node_0294,node_0175,1.49,8003,active,voter (Total-weighted random choice)
3,node_0295,node_0465,0.92,8887,active,voter (Total-weighted random choice)
3,node_0296,node_0244,1.47,1771,active,voter (Total-weighted random choice)
3,node_0297,node_0138,0.60,487,active,voter (Total-weighted random choice)
3,node_0298,node_0298,1.00,1053,active,self-vote (candidate self-stake)
3,node_0299,node_0299,1.00,1485,active,self-vote (candidate self-stake)
3,node_0300,node_0258,1.27,6444,active,voter (Total-weighted random choice)
3,node_0301,node_0392,0.79,849,active,voter (Total-weighted random choice)
3,node_0302,node_0381,1.30,4704,active,voter (Total-weighted random choice)
3,node_0303,node_0381,1.37,9289,active,voter (Total-weighted random choice)
3,node_0304,node_0244,0.52,4549,active,voter (Total-weighted random choice)
3,node_0305,node_0104,0.71,3905,active,voter (Total-weighted random choice)
3,node_0306,node_0370,0.57,968,active,voter (Total-weighted random choice)
3,node_0307,node_0207,1.28,8415,active,voter (Total-weighted random choice)
3,node_0308,node_0330,0.81,607,active,voter (Total-weighted random choice)
3,node_0309,node_0368,1.40,4065,active,voter (Total-weighted random choice)
3,node_0310,node_0093,1.48,2879,active,voter (Total-weighted random choice)
3,node_0311,node_0350,1.18,10405,active,voter (Total-weighted random choice)
3,node_0312,node_0318,0.59,3145,active,voter (Total-weighted random choice)
3,node_0313,node_0132,1.07,4970,rejected,voter (Total-weighted random choice)
3,node_0314,node_0258,0.85,2448,active,voter (Total-weighted random choice)
3,node_0315,node_0172,1.13,6127,active,voter (Total-weighted random choice)
3,node_0316,node_0395,0.52,8951,active,voter (Total-weighted random choice)
3,node_0317,node_0283,1.32,567,active,voter (Total-weighted random choice)
3,node_0318,node_0318,1.00,9216,active,self-vote (candidate self-stake)
3,node_0319,node_0233,0.91,3657,active,voter (Total-weighted random choice)
3,node_0320,node_0233,1.42,2125,active,voter (Total-weighted random choice)
3,node_0321,node_0330,0.60,1911,active,voter (Total-weighted random choice)
3,node_0322,node_0493,0.98,7315,active,voter (Total-weighted random choice)
3,node_0323,node_0486,1.42,211,active,voter (Total-weighted random choice)
3,node_0324,node_0299,1.42,5655,active,voter (Total-weighted random choice)
3,node_0325,node_0034,0.71,10437,active,voter (Total-weighted random choice)
3,node_0326,node_0451,0.75,3819,active,voter (Total-weighted random choice)
3,node_0327,node_0327,1.00,3165,active,self-vote (candidate self-stake)
3,node_0328,node_0318,0.53,39,active,voter (Total-weighted random choice)
3,node_0329,node_0387,0.58,5384,active,voter (Total-weighted random choice)
3,node_0330,node_0330,1.00,10263,active,self-vote (candidate self-stake)
3,node_0331,node_0395,1.06,647,active,voter (Total-weighted random choice)
3,node_0332,node_0448,0.60,6913,active,voter (Total-weighted random choice)
3,node_0333,node_0104,1.03,7952,active,voter (Total-weighted random choice)
3,node_0334,node_0262,0.99,10249,active,voter (Total-weighted random choice)
3,node_0335,node_0223,0.54,2414,active,voter (Total-weighted random choice)
3,node_0336,node_0014,0.79,2756,active,voter (Total-weighted random choice)
3,node_0337,node_0373,1.08,1450,active,voter (Total-weighted random choice)
3,node_0338,node_0350,1.29,1548,active,voter (Total-weighted random choice)
3,node_0339,node_0229,0.55,6827,active,voter (Total-weighted random choice)
3,node_0340,node_0460,1.05,979,active,voter (Total-weighted random choice)
3,node_0341,node_0187,1.40,3082,active,voter (Total-weighted random choice)
3,node_0342,node_0070,1.20,5654,active,voter (Total-weighted random choice)
3,node_0343,node_0118,0.92,10741,active,voter (Total-weighted random choice)
3,node_0344,node_0344,1.00,568,active,self-vote (candidate self-stake)
3,node_0345,node_0358,1.12,684,active,voter (Total-weighted random choice)
3,node_0346,node_0187,1.33,3235,active,voter (Total-weighted random choice)
3,node_0347,node_0347,1.00,5173,active,self-vote (candidate self-stake)
3,node_0348,node_0395,1.03,1398,active,voter (Total-weighted random choice)
3,node_0349,node_0229,1.38,3876,active,voter (Total-weighted random choice)
3,node_0350,node_0350,1.00,2281,active,self-vote (candidate self-stake)
3,node_0351,node_0351,1.00,5001,active,self-vote (candidate self-stake)
3,node_0352,node_0050,1.17,10928,active,voter (Total-weighted random choice)
3,node_0353,node_0353,1.00,10111,active,self-vote (candidate self-stake)
3,node_0354,node_0330,1.05,6205,active,voter (Total-weighted random choice)
3,node_0355,node_0387,1.34,741,rejected,voter (Total-weighted random choice)
3,node_0356,node_0356,1.00,6685,active,self-vote (candidate self-stake)
3,node_0357,node_0232,0.66,7234,active,voter (Total-weighted random choice)
3,node_0358,node_0358,1.00,8506,active,self-vote (candidate self-stake)
3,node_0359,node_0045,1.42,858,active,voter (Total-weighted random choice)
3,node_0360,node_0262,1.23,2059,rejected,voter (Total-weighted random choice)
3,node_0361,node_0176,1.24,1597,active,voter (Total-weighted random choice)
3,node_0362,node_0353,1.46,327,active,voter (Total-weighted random choice)
3,node_0363,node_0330,0.59,2660,active,voter (Total-weighted random choice)
3,node_0364,node_0282,0.91,200,active,voter (Total-weighted random choice)
3,node_0365,node_0500,0.68,10437,active,voter (Total-weighted random choice)
3,node_0366,node_0207,0.86,5103,active,voter (Total-weighted random choice)
3,node_0367,node_0358,1.49,3836,rejected,voter (Total-weighted random choice)
3,node_0368,node_0368,1.00,1490,active,self-vote (candidate self-stake)
3,node_0369,node_0262,0.81,2609,active,voter (Total-weighted random choice)
3,node_0370,node_0370,1.00,3207,active,self-vote (candidate self-stake)
3,node_0371,node_0238,1.23,10996,active,voter (Total-weighted random choice)
3,node_0372,node_0031,1.32,4172,active,voter (Total-weighted random choice)
3,node_0373,node_0373,1.00,8671,active,self-vote (candidate self-stake)
3,node_0374,node_0494,0.83,9198,active,voter (Total-weighted random choice)
3,node_0375,node_0350,1.46,7891,active,voter (Total-weighted random choice)
3,node_0376,node_0318,1.21,8633,rejected,voter (Total-weighted random choice)
3,node_0377,node_0440,0.96,10207,rejected,voter (Total-weighted random choice)
3,node_0378,node_0471,0.69,2357,active,voter (Total-weighted random choice)
3,node_0379,node_0387,1.23,6753,active,voter (Total-weighted random choice)
3,node_0380,node_0277,1.28,7544,active,voter (Total-weighted random choice)
3,node_0381,node_0381,1.00,5703,active,self-vote (candidate self-stake)
3,node_0382,node_0373,1.49,1498,active,voter (Total-weighted random choice)
3,node_0383,node_0244,0.59,5700,active,voter (Total-weighted random choice)
3,node_0384,node_0175,1.45,7903,active,voter (Total-weighted random choice)
3,node_0385,node_0201,1.10,1434,active,voter (Total-weighted random choice)
3,node_0386,node_0138,1.30,8706,rejected,voter (Total-weighted random choice)
3,node_0387,node_0387,1.00,7330,active,self-vote (candidate self-stake)
3,node_0388,node_0207,1.28,6688,active,voter (Total-weighted random choice)
3,node_0389,node_0070,1.12,6783,active,voter (Total-weighted random choice)
3,node_0390,node_0244,0.72,5736,active,voter (Total-weighted random choice)
3,node_0391,node_0439,0.54,4801,active,voter (Total-weighted random choice)
3,node_0392,node_0392,1.00,820,active,self-vote (candidate self-stake)
3,node_0393,node_0068,1.43,236,active,voter (Total-weighted random choice)
3,node_0394,node_0219,1.07,2227,active,voter (Total-weighted random choice)
3,node_0395,node_0395,1.00,2183,active,self-vote (candidate self-stake)
3,node_0396,node_0233,0.85,586,active,voter (Total-weighted random choice)
3,node_0397,node_0132,0.73,8187,active,voter (Total-weighted random choice)
3,node_0398,node_0282,1.37,4303,active,voter (Total-weighted random choice)
3,node_0399,node_0069,1.16,4095,active,voter (Total-weighted random choice)
3,node_0400,node_0093,1.28,2398,active,voter (Total-weighted random choice)
3,node_0401,node_0287,1.15,5173,active,voter (Total-weighted random choice)
3,node_0402,node_0392,0.70,2846,active,voter (Total-weighted random choice)
3,node_0403,node_0358,1.33,5889,rejected,voter (Total-weighted random choice)
3,node_0404,node_0101,0.57,120,active,voter (Total-weighted random choice)
3,node_0405,node_0287,0.80,11108,active,voter (Total-weighted random choice)
3,node_0406,node_0258,0.66,2735,active,voter (Total-weighted random choice)
3,node_0407,node_0072,0.96,1536,active,voter (Total-weighted random choice)
3,node_0408,node_0223,1.38,5254,active,voter (Total-weighted random choice)
3,node_0409,node_0347,0.73,2826,active,voter (Total-weighted random choice)
3,node_0410,node_0494,1.23,11524,rejected,voter (Total-weighted random choice)
3,node_0411,node_0034,0.60,2802,active,voter (Total-weighted random choice)
3,node_0412,node_0187,1.25,805,active,voter (Total-weighted random choice)
3,node_0413,node_0124,1.08,8030,active,voter (Total-weighted random choice)
3,node_0414,node_0223,1.08,5316,active,voter (Total-weighted random choice)
3,node_0415,node_0032,0.87,4184,active,voter (Total-weighted random choice)
3,node_0416,node_0201,1.01,9183,active,voter (Total-weighted random choice)
3,node_0417,node_0353,0.52,33,active,voter (Total-weighted random choice)
3,node_0418,node_0185,1.15,397,active,voter (Total-weighted random choice)
3,node_0419,node_0350,0.79,1449,active,voter (Total-weighted random choice)
3,node_0420,node_0013,0.88,4491,active,voter (Total-weighted random choice)
3,node_0421,node_0486,1.00,7027,active,voter (Total-weighted random choice)
3,node_0422,node_0381,1.46,9156,rejected,voter (Total-weighted random choice)
3,node_0423,node_0423,1.00,1067,active,self-vote (candidate self-stake)
3,node_0424,node_0229,1.27,6587,active,voter (Total-weighted random choice)
3,node_0425,node_0318,0.78,8210,active,voter (Total-weighted random choice)
3,node_0426,node_0358,1.18,7613,rejected,voter (Total-weighted random choice)
3,node_0427,node_0138,1.31,879,rejected,voter (Total-weighted random choice)
3,node_0428,node_0129,0.68,7035,active,voter (Total-weighted random choice)
3,node_0429,node_0258,0.66,949,active,voter (Total-weighted random choice)
3,node_0430,node_0353,1.10,3647,active,voter (Total-weighted random choice)
3,node_0431,node_0494,1.38,9084,rejected,voter (Total-weighted random choice)
3,node_0432,node_0440,0.79,6165,rejected,voter (Total-weighted random choice)
3,node_0433,node_0287,1.37,86,rejected,voter (Total-weighted random choice)
3,node_0434,node_0434,1.00,8730,active,self-vote (candidate self-stake)
3,node_0435,node_0131,0.76,5714,active,voter (Total-weighted random choice)
3,node_0436,node_0152,0.83,6019,active,voter (Total-weighted random choice)
3,node_0437,node_0014,1.34,1845,active,voter (Total-weighted random choice)
3,node_0438,node_0440,1.43,1212,rejected,voter (Total-weighted random choice)
3,node_0439,node_0439,1.00,6710,active,self-vote (candidate self-stake)
3,node_0440,node_0440,1.00,8789,active,self-vote (candidate self-stake)
3,node_0441,node_0229,1.29,7195,active,voter (Total-weighted random choice)
3,node_0442,node_0101,1.35,11209,active,voter (Total-weighted random choice)
3,node_0443,node_0368,1.33,4997,active,voter (Total-weighted random choice)
3,node_0444,node_0101,1.33,10127,active,voter (Total-weighted random choice)
3,node_0445,node_0072,0.90,9470,active,voter (Total-weighted random choice)
3,node_0446,node_0439,0.54,3878,active,voter (Total-weighted random choice)
3,node_0447,node_0138,0.80,8459,active,voter (Total-weighted random choice)
3,node_0448,node_0448,1.00,10153,active,self-vote (candidate self-stake)
3,node_0449,node_0045,1.31,6730,active,voter (Total-weighted random choice)
3,node_0450,node_0381,0.83,3987,active,voter (Total-weighted random choice)
3,node_0451,node_0451,1.00,361,active,self-vote (candidate self-stake)
3,node_0452,node_0129,1.23,256,active,voter (Total-weighted random choice)
3,node_0453,node_0175,1.43,506,active,voter (Total-weighted random choice)
3,node_0454,node_0494,0.65,8053,active,voter (Total-weighted random choice)
3,node_0455,node_0461,0.95,4351,active,voter (Total-weighted random choice)
3,node_0456,node_0070,1.23,6267,active,voter (Total-weighted random choice)
3,node_0457,node_0034,0.79,8292,active,voter (Total-weighted random choice)
3,node_0458,node_0201,1.39,338,active,voter (Total-weighted random choice)
3,node_0459,node_0138,1.25,6073,rejected,voter (Total-weighted random choice)
3,node_0460,node_0460,1.00,6201,active,self-vote (candidate self-stake)
3,node_0461,node_0461,1.00,4580,active,self-vote (candidate self-stake)
3,node_0462,node_0462,1.00,2744,active,self-vote (candidate self-stake)
3,node_0463,node_0132,1.05,6814,rejected,voter (Total-weighted random choice)
3,node_0464,node_0493,1.13,990,active,voter (Total-weighted random choice)
3,node_0465,node_0465,1.00,7225,active,self-vote (candidate self-stake)
3,node_0466,node_0207,0.69,5619,active,voter (Total-weighted random choice)
3,node_0467,node_0201,1.29,6428,active,voter (Total-weighted random choice)
3,node_0468,node_0471,0.81,3354,active,voter (Total-weighted random choice)
3,node_0469,node_0280,1.11,2346,active,voter (Total-weighted random choice)
3,node_0470,node_0381,0.97,11282,active,voter (Total-weighted random choice)
3,node_0471,node_0471,1.00,4452,active,self-vote (candidate self-stake)
3,node_0472,node_0132,1.30,10913,rejected,voter (Total-weighted random choice)
3,node_0473,node_0132,0.62,2021,active,voter (Total-weighted random choice)
3,node_0474,node_0072,0.60,4840,active,voter (Total-weighted random choice)
3,node_0475,node_0219,1.41,3766,active,voter (Total-weighted random choice)
3,node_0476,node_0223,0.92,8296,active,voter (Total-weighted random choice)
3,node_0477,node_0045,0.56,4428,active,voter (Total-weighted random choice)
3,node_0478,node_0102,1.40,2265,active,voter (Total-weighted random choice)
3,node_0479,node_0185,0.77,7649,active,voter (Total-weighted random choice)
3,node_0480,node_0318,0.52,11068,active,voter (Total-weighted random choice)
3,node_0481,node_0174,0.93,3654,active,voter (Total-weighted random choice)
3,node_0482,node_0344,0.79,3417,active,voter (Total-weighted random choice)
3,node_0483,node_0034,0.81,5845,active,voter (Total-weighted random choice)
3,node_0484,node_0102,1.41,9378,active,voter (Total-weighted random choice)
3,node_0485,node_0351,1.23,832,active,voter (Total-weighted random choice)
3,node_0486,node_0486,1.00,6893,active,self-vote (candidate self-stake)
3,node_0487,node_0104,1.16,6739,active,voter (Total-weighted random choice)
3,node_0488,node_0138,0.53,8553,active,voter (Total-weighted random choice)
3,node_0489,node_0358,0.98,7779,active,voter (Total-weighted random choice)
3,node_0490,node_0031,1.24,4422,active,voter (Total-weighted random choice)
3,node_0491,node_0494,1.43,5705,rejected,voter (Total-weighted random choice)
3,node_0492,node_0282,1.22,1234,active,voter (Total-weighted random choice)
3,node_0493,node_0493,1.00,2223,active,self-vote (candidate self-stake)
3,node_0494,node_0494,1.00,9726,active,self-vote (candidate self-stake)
3,node_0495,node_0495,1.00,5980,active,self-vote (candidate self-stake)
3,node_0496,node_0068,0.59,388,active,voter (Total-weighted random choice)
3,node_0497,node_0132,1.29,1679,rejected,voter (Total-weighted random choice)
3,node_0498,node_0104,1.33,2667,active,voter (Total-weighted random choice)
3,node_0499,node_0395,1.23,4971,active,voter (Total-weighted random choice)
3,node_0500,node_0500,1.00,6198,active,self-vote (candidate self-stake)
4,node_0001,node_0219,1.29,1836,active,voter (Total-weighted random choice)
4,node_0002,node_0334,0.87,3522,active,voter (Total-weighted random choice)
4,node_0003,node_0434,1.11,13840,active,voter (Total-weighted random choice)
4,node_0004,node_0004,1.00,134,active,self-vote (candidate self-stake)
4,node_0005,node_0152,1.40,3734,active,voter (Total-weighted random choice)
4,node_0006,node_0433,1.02,9929,active,voter (Total-weighted random choice)
4,node_0007,node_0068,1.30,3596,active,voter (Total-weighted random choice)
4,node_0008,node_0434,1.39,190,active,voter (Total-weighted random choice)
4,node_0009,node_0009,1.00,8127,active,self-vote (candidate self-stake)
4,node_0010,node_0079,1.12,4215,active,voter (Total-weighted random choice)
4,node_0011,node_0011,1.00,170,active,self-vote (candidate self-stake)
4,node_0012,node_0343,1.13,5854,active,voter (Total-weighted random choice)
4,node_0013,node_0026,0.85,1576,active,voter (Total-weighted random choice)
4,node_0014,node_0014,1.00,6989,active,self-vote (candidate self-stake)
4,node_0015,node_0368,0.61,5506,active,voter (Total-weighted random choice)
4,node_0016,node_0016,1.00,1061,active,self-vote (candidate self-stake)
4,node_0017,node_0343,0.62,12,active,voter (Total-weighted random choice)
4,node_0018,node_0240,1.00,5708,active,voter (Total-weighted random choice)
4,node_0019,node_0415,1.11,1241,active,voter (Total-weighted random choice)
4,node_0020,node_0121,1.06,5725,active,voter (Total-weighted random choice)
4,node_0021,node_0480,0.80,2600,active,voter (Total-weighted random choice)
4,node_0022,node_0062,0.93,1334,active,voter (Total-weighted random choice)
4,node_0023,node_0121,1.09,8223,active,voter (Total-weighted random choice)
4,node_0024,node_0447,1.04,248,active,voter (Total-weighted random choice)
4,node_0025,node_0156,1.45,4270,active,voter (Total-weighted random choice)
4,node_0026,node_0026,1.00,3827,active,self-vote (candidate self-stake)
4,node_0027,node_0061,0.96,3506,active,voter (Total-weighted random choice)
4,node_0028,node_0339,1.06,8226,active,voter (Total-weighted random choice)
4,node_0029,node_0422,1.32,3900,active,voter (Total-weighted random choice)
4,node_0030,node_0030,1.00,14334,active,self-vote (candidate self-stake)
4,node_0031,node_0219,1.37,4182,active,voter (Total-weighted random choice)
4,node_0032,node_0032,1.00,7224,active,self-vote (candidate self-stake)
4,node_0033,node_0127,1.30,798,active,voter (Total-weighted random choice)
4,node_0034,node_0488,0.84,9104,active,voter (Total-weighted random choice)
4,node_0035,node_0167,1.45,6155,active,voter (Total-weighted random choice)
4,node_0036,node_0036,1.00,8707,active,self-vote (candidate self-stake)
4,node_0037,node_0026,1.26,81,active,voter (Total-weighted random choice)
4,node_0038,node_0074,1.02,7040,active,voter (Total-weighted random choice)
4,node_0039,node_0283,0.96,3234,active,voter (Total-weighted random choice)
4,node_0040,node_0079,1.16,8307,active,voter (Total-weighted random choice)
4,node_0041,node_0334,1.31,4841,rejected,voter (Total-weighted random choice)
4,node_0042,node_0004,0.58,1214,active,voter (Total-weighted random choice)
4,node_0043,node_0066,1.28,9530,active,voter (Total-weighted random choice)
4,node_0044,node_0097,1.37,12961,active,voter (Total-weighted random choice)
4,node_0045,node_0085,0.89,606,active,voter (Total-weighted random choice)
4,node_0046,node_0068,1.26,4743,active,voter (Total-weighted random choice)
4,node_0047,node_0394,1.03,191,active,voter (Total-weighted random choice)
4,node_0048,node_0048,1.00,10808,active,self-vote (candidate self-stake)
4,node_0049,node_0327,0.72,11154,active,voter (Total-weighted random choice)
4,node_0050,node_0471,0.81,5647,active,voter (Total-weighted random choice)
4,node_0051,node_0048,1.32,2538,rejected,voter (Total-weighted random choice)
4,node_0052,node_0366,0.90,5269,active,voter (Total-weighted random choice)
4,node_0053,node_0096,0.80,8198,active,voter (Total-weighted random choice)
4,node_0054,node_0434,0.51,1849,active,voter (Total-weighted random choice)
4,node_0055,node_0055,1.00,4337,active,self-vote (candidate self-stake)
4,node_0056,node_0108,0.72,11529,active,voter (Total-weighted random choice)
4,node_0057,node_0026,0.57,1556,active,voter (Total-weighted random choice)
4,node_0058,node_0368,1.41,4751,rejected,voter (Total-weighted random choice)
4,node_0059,node_0327,0.69,6178,active,voter (Total-weighted random choice)
4,node_0060,node_0085,0.92,8498,active,voter (Total-weighted random choice)
4,node_0061,node_0061,1.00,3902,active,self-vote (candidate self-stake)
4,node_0062,node_0062,1.00,2927,active,self-vote (candidate self-stake)
4,node_0063,node_0259,0.99,5427,active,voter (Total-weighted random choice)
4,node_0064,node_0026,0.89,314,active,voter (Total-weighted random choice)
4,node_0065,node_0147,0.98,342,active,voter (Total-weighted random choice)
4,node_0066,node_0066,1.00,584,active,self-vote (candidate self-stake)
4,node_0067,node_0252,1.18,7947,active,voter (Total-weighted random choice)
4,node_0068,node_0068,1.00,2385,active,self-vote (candidate self-stake)
4,node_0069,node_0277,1.50,1477,rejected,voter (Total-weighted random choice)
4,node_0070,node_0369,0.82,2537,active,voter (Total-weighted random choice)
4,node_0071,node_0263,0.69,117,active,voter (Total-weighted random choice)
4,node_0072,node_0368,0.68,4275,active,voter (Total-weighted random choice)
4,node_0073,node_0334,0.52,4235,active,voter (Total-weighted random choice)
4,node_0074,node_0074,1.00,3655,active,self-vote (candidate self-stake)
4,node_0075,node_0156,1.46,4606,active,voter (Total-weighted random choice)
4,node_0076,node_0228,0.93,7012,active,voter (Total-weighted random choice)
4,node_0077,node_0409,0.86,1790,active,voter (Total-weighted random choice)
4,node_0078,node_0078,1.00,1174,active,self-vote (candidate self-stake)
4,node_0079,node_0079,1.00,4212,active,self-vote (candidate self-stake)
4,node_0080,node_0228,1.18,11519,active,voter (Total-weighted random choice)
4,node_0081,node_0081,1.00,1620,active,self-vote (candidate self-stake)
4,node_0082,node_0036,0.72,1409,active,voter (Total-weighted random choice)
4,node_0083,node_0108,0.68,6046,active,voter (Total-weighted random choice)
4,node_0084,node_0277,0.79,11507,active,voter (Total-weighted random choice)
4,node_0085,node_0085,1.00,5923,active,self-vote (candidate self-stake)
4,node_0086,node_0089,1.23,1194,active,voter (Total-weighted random choice)
4,node_0087,node_0147,0.56,3640,active,voter (Total-weighted random choice)
4,node_0088,node_0079,1.44,4338,active,voter (Total-weighted random choice)
4,node_0089,node_0089,1.00,170,active,self-vote (candidate self-stake)
4,node_0090,node_0228,0.96,383,active,voter (Total-weighted random choice)
4,node_0091,node_0447,0.56,1559,active,voter (Total-weighted random choice)
4,node_0092,node_0004,0.96,3604,active,voter (Total-weighted random choice)
4,node_0093,node_0250,1.11,7387,active,voter (Total-weighted random choice)
4,node_0094,node_0314,0.84,11446,active,voter (Total-weighted random choice)
4,node_0095,node_0366,1.43,1208,rejected,voter (Total-weighted random choice)
4,node_0096,node_0096,1.00,2177,active,self-vote (candidate self-stake)
4,node_0097,node_0097,1.00,9802,active,self-vote (candidate self-stake)
4,node_0098,node_0238,1.18,8059,active,voter (Total-weighted random choice)
4,node_0099,node_0422,1.32,708,active,voter (Total-weighted random choice)
4,node_0100,node_0048,1.14,10608,active,voter (Total-weighted random choice)
4,node_0101,node_0457,1.06,942,active,voter (Total-weighted random choice)
4,node_0102,node_0499,1.16,947,active,voter (Total-weighted random choice)
4,node_0103,node_0250,0.95,3037,active,voter (Total-weighted random choice)
4,node_0104,node_0068,0.89,7530,active,voter (Total-weighted random choice)
4,node_0105,node_0238,0.72,3874,active,voter (Total-weighted random choice)
4,node_0106,node_0036,1.34,10748,active,voter (Total-weighted random choice)
4,node_0107,node_0464,1.09,13132,active,voter (Total-weighted random choice)
4,node_0108,node_0108,1.00,1003,active,self-vote (candidate self-stake)
4,node_0109,node_0480,0.74,431,active,voter (Total-weighted random choice)
4,node_0110,node_0074,0.57,4120,active,voter (Total-weighted random choice)
4,node_0111,node_0127,1.41,10377,active,voter (Total-weighted random choice)
4,node_0112,node_0085,1.10,1739,active,voter (Total-weighted random choice)
4,node_0113,node_0314,1.34,2668,active,voter (Total-weighted random choice)
4,node_0114,node_0108,1.27,6291,rejected,voter (Total-weighted random choice)
4,node_0115,node_0221,0.57,8602,active,voter (Total-weighted random choice)
4,node_0116,node_0368,0.83,6524,active,voter (Total-weighted random choice)
4,node_0117,node_0089,1.08,4914,active,voter (Total-weighted random choice)
4,node_0118,node_0334,0.72,5971,active,voter (Total-weighted random choice)
4,node_0119,node_0339,1.32,6189,active,voter (Total-weighted random choice)
4,node_0120,node_0277,1.08,490,active,voter (Total-weighted random choice)
4,node_0121,node_0121,1.00,5654,active,self-vote (candidate self-stake)
4,node_0122,node_0334,0.91,4603,active,voter (Total-weighted random choice)
4,node_0123,node_0167,0.94,8625,active,voter (Total-weighted random choice)
4,node_0124,node_0200,1.43,3509,active,voter (Total-weighted random choice)
4,node_0125,node_0464,1.22,3313,active,voter (Total-weighted random choice)
4,node_0126,node_0457,0.88,538,active,voter (Total-weighted random choice)
4,node_0127,node_0127,1.00,7515,active,self-vote (candidate self-stake)
4,node_0128,node_0358,1.36,9608,active,voter (Total-weighted random choice)
4,node_0129,node_0366,1.28,7457,active,voter (Total-weighted random choice)
4,node_0130,node_0415,0.74,3869,active,voter (Total-weighted random choice)
4,node_0131,node_0480,1.00,1437,active,voter (Total-weighted random choice)
4,node_0132,node_0261,1.13,7288,active,voter (Total-weighted random choice)
4,node_0133,node_0480,0.67,4970,active,voter (Total-weighted random choice)
4,node_0134,node_0434,1.13,5486,active,voter (Total-weighted random choice)
4,node_0135,node_0175,1.01,5843,active,voter (Total-weighted random choice)
4,node_0136,node_0228,0.68,11248,active,voter (Total-weighted random choice)
4,node_0137,node_0359,1.15,5418,active,voter (Total-weighted random choice)
4,node_0138,node_0221,0.69,12620,active,voter (Total-weighted random choice)
4,node_0139,node_0375,1.38,5820,active,voter (Total-weighted random choice)
4,node_0140,node_0175,0.56,10873,active,voter (Total-weighted random choice)
4,node_0141,node_0096,1.43,6356,active,voter (Total-weighted random choice)
4,node_0142,node_0375,0.55,8354,active,voter (Total-weighted random choice)
4,node_0143,node_0367,0.56,359,active,voter (Total-weighted random choice)
4,node_0144,node_0246,1.46,404,rejected,voter (Total-weighted random choice)
4,node_0145,node_0283,1.02,5362,active,voter (Total-weighted random choice)
4,node_0146,node_0175,1.01,2616,active,voter (Total-weighted random choice)
4,node_0147,node_0147,1.00,9995,active,self-vote (candidate self-stake)
4,node_0148,node_0219,0.76,5445,active,voter (Total-weighted random choice)
4,node_0149,node_0250,0.98,7711,active,voter (Total-weighted random choice)
4,node_0150,node_0434,1.15,3968,active,voter (Total-weighted random choice)
4,node_0151,node_0009,0.52,1894,active,voter (Total-weighted random choice)
4,node_0152,node_0152,1.00,2317,active,self-vote (candidate self-stake)
4,node_0153,node_0464,1.02,105,active,voter (Total-weighted random choice)
4,node_0154,node_0242,1.39,7337,active,voter (Total-weighted random choice)
4,node_0155,node_0317,0.99,9658,active,voter (Total-weighted random choice)
4,node_0156,node_0156,1.00,3050,active,self-vote (candidate self-stake)
4,node_0157,node_0089,1.36,10774,active,voter (Total-weighted random choice)
4,node_0158,node_0096,1.06,6397,active,voter (Total-weighted random choice)
4,node_0159,node_0263,1.44,4589,rejected,voter (Total-weighted random choice)
4,node_0160,node_0480,1.28,4322,rejected,voter (Total-weighted random choice)
4,node_0161,node_0478,0.97,4098,active,voter (Total-weighted random choice)
4,node_0162,node_0277,0.95,5102,active,voter (Total-weighted random choice)
4,node_0163,node_0242,0.63,2777,active,voter (Total-weighted random choice)
4,node_0164,node_0238,1.40,1822,rejected,voter (Total-weighted random choice)
4,node_0165,node_0252,1.42,7312,rejected,voter (Total-weighted random choice)
4,node_0166,node_0026,0.69,6152,active,voter (Total-weighted random choice)
4,node_0167,node_0167,1.00,6916,active,self-vote (candidate self-stake)
4,node_0168,node_0036,0.87,12385,active,voter (Total-weighted random choice)
4,node_0169,node_0343,1.27,2703,active,voter (Total-weighted random choice)
4,node_0170,node_0200,1.39,8618,active,voter (Total-weighted random choice)
4,node_0171,node_0217,1.39,8907,active,voter (Total-weighted random choice)
4,node_0172,node_0327,1.12,11175,active,voter (Total-weighted random choice)
4,node_0173,node_0014,0.88,6210,active,voter (Total-weighted random choice)
4,node_0174,node_0434,0.67,2508,active,voter (Total-weighted random choice)
4,node_0175,node_0175,1.00,5297,active,self-vote (candidate self-stake)
4,node_0176,node_0066,0.93,93,active,voter (Total-weighted random choice)
4,node_0177,node_0238,0.63,7654,active,voter (Total-weighted random choice)
4,node_0178,node_0478,0.80,9384,active,voter (Total-weighted random choice)
4,node_0179,node_0004,0.57,6206,active,voter (Total-weighted random choice)
4,node_0180,node_0426,1.38,5326,active,voter (Total-weighted random choice)
4,node_0181,node_0097,1.31,3098,active,voter (Total-weighted random choice)
4,node_0182,node_0175,1.30,1173,active,voter (Total-weighted random choice)
4,node_0183,node_0259,1.42,8064,active,voter (Total-weighted random choice)
4,node_0184,node_0147,1.30,474,active,voter (Total-weighted random choice)
4,node_0185,node_0074,0.79,5739,active,voter (Total-weighted random choice)
4,node_0186,node_0219,1.48,2783,active,voter (Total-weighted random choice)
4,node_0187,node_0202,1.20,8808,active,voter (Total-weighted random choice)
4,node_0188,node_0499,0.78,3527,active,voter (Total-weighted random choice)
4,node_0189,node_0375,1.16,10539,active,voter (Total-weighted random choice)
4,node_0190,node_0190,1.00,2410,active,self-vote (candidate self-stake)
4,node_0191,node_0368,0.56,9722,active,voter (Total-weighted random choice)
4,node_0192,node_0397,1.34,15100,active,voter (Total-weighted random choice)
4,node_0193,node_0011,1.45,7031,active,voter (Total-weighted random choice)
4,node_0194,node_0246,1.29,2151,active,voter (Total-weighted random choice)
4,node_0195,node_0409,0.53,959,active,voter (Total-weighted random choice)
4,node_0196,node_0062,1.31,11598,active,voter (Total-weighted random choice)
4,node_0197,node_0121,0.75,5081,active,voter (Total-weighted random choice)
4,node_0198,node_0263,0.90,27,active,voter (Total-weighted random choice)
4,node_0199,node_0242,1.25,559,active,voter (Total-weighted random choice)
4,node_0200,node_0200,1.00,1385,active,self-vote (candidate self-stake)
4,node_0201,node_0167,0.71,7233,active,voter (Total-weighted random choice)
4,node_0202,node_0202,1.00,3967,active,self-vote (candidate self-stake)
4,node_0203,node_0079,0.70,9583,active,voter (Total-weighted random choice)
4,node_0204,node_0147,1.36,5264,active,voter (Total-weighted random choice)
4,node_0205,node_0228,0.88,4662,active,voter (Total-weighted random choice)
4,node_0206,node_0004,0.91,3957,active,voter (Total-weighted random choice)
4,node_0207,node_0240,0.52,8375,active,voter (Total-weighted random choice)
4,node_0208,node_0011,1.49,4675,active,voter (Total-weighted random choice)
4,node_0209,node_0447,0.77,3417,active,voter (Total-weighted random choice)
4,node_0210,node_0415,1.41,4166,active,voter (Total-weighted random choice)
4,node_0211,node_0009,0.68,8143,active,voter (Total-weighted random choice)
4,node_0212,node_0011,0.89,980,active,voter (Total-weighted random choice)
4,node_0213,node_0480,1.49,9021,rejected,voter (Total-weighted random choice)
4,node_0214,node_0219,1.47,9061,active,voter (Total-weighted random choice)
4,node_0215,node_0030,1.47,8784,active,voter (Total-weighted random choice)
4,node_0216,node_0467,0.50,3038,active,voter (Total-weighted random choice)
4,node_0217,node_0217,1.00,7747,active,self-vote (candidate self-stake)
4,node_0218,node_0246,0.77,7424,active,voter (Total-weighted random choice)
4,node_0219,node_0219,1.00,6274,active,self-vote (candidate self-stake)
4,node_0220,node_0079,1.12,5345,active,voter (Total-weighted random choice)
4,node_0221,node_0221,1.00,6047,active,self-vote (candidate self-stake)
4,node_0222,node_0488,0.76,4211,active,voter (Total-weighted random choice)
4,node_0223,node_0471,1.21,1580,active,voter (Total-weighted random choice)
4,node_0224,node_0436,1.25,6397,active,voter (Total-weighted random choice)
4,node_0225,node_0277,1.35,338,rejected,voter (Total-weighted random choice)
4,node_0226,node_0226,1.00,2411,active,self-vote (candidate self-stake)
4,node_0227,node_0429,1.29,457,active,voter (Total-weighted random choice)
4,node_0228,node_0228,1.00,4249,active,self-vote (candidate self-stake)
4,node_0229,node_0327,0.53,8617,active,voter (Total-weighted random choice)
4,node_0230,node_0317,1.37,6365,active,voter (Total-weighted random choice)
4,node_0231,node_0334,0.77,11183,active,voter (Total-weighted random choice)
4,node_0232,node_0366,1.39,11587,active,voter (Total-weighted random choice)
4,node_0233,node_0334,0.97,2800,active,voter (Total-weighted random choice)
4,node_0234,node_0263,0.64,184,active,voter (Total-weighted random choice)
4,node_0235,node_0108,1.24,5830,rejected,voter (Total-weighted random choice)
4,node_0236,node_0238,0.96,2078,active,voter (Total-weighted random choice)
4,node_0237,node_0004,0.82,193,active,voter (Total-weighted random choice)
4,node_0238,node_0238,1.00,10768,active,self-vote (candidate self-stake)
4,node_0239,node_0327,1.27,7561,rejected,voter (Total-weighted random choice)
4,node_0240,node_0240,1.00,3133,active,self-vote (candidate self-stake)
4,node_0241,node_0221,0.82,6129,active,voter (Total-weighted random choice)
4,node_0242,node_0242,1.00,708,active,self-vote (candidate self-stake)
4,node_0243,node_0066,1.35,3581,active,voter (Total-weighted random choice)
4,node_0244,node_0066,0.75,1054,active,voter (Total-weighted random choice)
4,node_0245,node_0238,1.08,1180,active,voter (Total-weighted random choice)
4,node_0246,node_0246,1.00,10842,active,self-vote (candidate self-stake)
4,node_0247,node_0263,1.42,4807,active,voter (Total-weighted random choice)
4,node_0248,node_0480,0.82,6692,active,voter (Total-weighted random choice)
4,node_0249,node_0283,0.81,3872,active,voter (Total-weighted random choice)
4,node_0250,node_0250,1.00,7956,active,self-vote (candidate self-stake)
4,node_0251,node_0447,0.58,3712,active,voter (Total-weighted random choice)
4,node_0252,node_0252,1.00,584,active,self-vote (candidate self-stake)
4,node_0253,node_0011,0.52,8876,active,voter (Total-weighted random choice)
4,node_0254,node_0314,1.25,8537,active,voter (Total-weighted random choice)
4,node_0255,node_0277,0.77,7743,active,voter (Total-weighted random choice)
4,node_0256,node_0030,1.13,8702,active,voter (Total-weighted random choice)
4,node_0257,node_0283,0.55,10271,active,voter (Total-weighted random choice)
4,node_0258,node_0433,0.76,452,active,voter (Total-weighted random choice)
4,node_0259,node_0259,1.00,3610,active,self-vote (candidate self-stake)
4,node_0260,node_0250,0.88,6043,active,voter (Total-weighted random choice)
4,node_0261,node_0261,1.00,6172,active,self-vote (candidate self-stake)
4,node_0262,node_0283,1.36,12932,active,voter (Total-weighted random choice)
4,node_0263,node_0263,1.00,7551,active,self-vote (candidate self-stake)
4,node_0264,node_0011,0.64,481,active,voter (Total-weighted random choice)
4,node_0265,node_0480,0.91,7279,active,voter (Total-weighted random choice)
4,node_0266,node_0221,0.61,6716,active,voter (Total-weighted random choice)
4,node_0267,node_0415,1.36,7812,active,voter (Total-weighted random choice)
4,node_0268,node_0030,1.24,5639,active,voter (Total-weighted random choice)
4,node_0269,node_0221,1.07,8675,active,voter (Total-weighted random choice)
4,node_0270,node_0422,1.46,9664,rejected,voter (Total-weighted random choice)
4,node_0271,node_0048,0.63,1404,active,voter (Total-weighted random choice)
4,node_0272,node_0108,0.60,8053,active,voter (Total-weighted random choice)
4,node_0273,node_0156,1.03,4707,active,voter (Total-weighted random choice)
4,node_0274,node_0055,0.75,8733,active,voter (Total-weighted random choice)
4,node_0275,node_0175,1.15,3254,active,voter (Total-weighted random choice)
4,node_0276,node_0097,0.66,4031,active,voter (Total-weighted random choice)
4,node_0277,node_0277,1.00,10679,active,self-vote (candidate self-stake)
4,node_0278,node_0228,1.43,45,active,voter (Total-weighted random choice)
4,node_0279,node_0014,1.36,2195,active,voter (Total-weighted random choice)
4,node_0280,node_0263,0.51,11886,active,voter (Total-weighted random choice)
4,node_0281,node_0261,0.80,9715,active,voter (Total-weighted random choice)
4,node_0282,node_0480,1.09,7405,active,voter (Total-weighted random choice)
4,node_0283,node_0283,1.00,2114,active,self-vote (candidate self-stake)
4,node_0284,node_0221,0.81,1443,active,voter (Total-weighted random choice)
4,node_0285,node_0014,0.90,4990,active,voter (Total-weighted random choice)
4,node_0286,node_0359,1.37,836,active,voter (Total-weighted random choice)
4,node_0287,node_0190,0.86,9134,active,voter (Total-weighted random choice)
4,node_0288,node_0327,1.49,3435,rejected,voter (Total-weighted random choice)
4,node_0289,node_0055,0.54,5658,active,voter (Total-weighted random choice)
4,node_0290,node_0108,1.17,10679,active,voter (Total-weighted random choice)
4,node_0291,node_0009,1.37,2329,active,voter (Total-weighted random choice)
4,node_0292,node_0048,1.15,7701,active,voter (Total-weighted random choice)
4,node_0293,node_0375,1.46,3132,active,voter (Total-weighted random choice)
4,node_0294,node_0121,0.58,8163,active,voter (Total-weighted random choice)
4,node_0295,node_0097,1.17,8500,active,voter (Total-weighted random choice)
4,node_0296,node_0004,1.06,1831,active,voter (Total-weighted random choice)
4,node_0297,node_0200,1.32,339,active,voter (Total-weighted random choice)
4,node_0298,node_0334,1.38,1854,rejected,voter (Total-weighted random choice)
4,node_0299,node_0366,0.73,1455,active,voter (Total-weighted random choice)
4,node_0300,node_0246,1.12,6005,active,voter (Total-weighted random choice)
4,node_0301,node_0409,0.95,641,active,voter (Total-weighted random choice)
4,node_0302,node_0011,1.38,5950,active,voter (Total-weighted random choice)
4,node_0303,node_0488,1.30,10789,rejected,voter (Total-weighted random choice)
4,node_0304,node_0259,1.30,4133,active,voter (Total-weighted random choice)
4,node_0305,node_0004,1.06,3019,active,voter (Total-weighted random choice)
4,node_0306,node_0026,0.87,704,active,voter (Total-weighted random choice)
4,node_0307,node_0066,1.43,8042,active,voter (Total-weighted random choice)
4,node_0308,node_0499,1.00,425,active,voter (Total-weighted random choice)
4,node_0309,node_0202,1.29,4930,active,voter (Total-weighted random choice)
4,node_0310,node_0004,0.77,3229,active,voter (Total-weighted random choice)
4,node_0311,node_0422,1.45,10949,active,voter (Total-weighted random choice)
4,node_0312,node_0368,1.00,1875,active,voter (Total-weighted random choice)
4,node_0313,node_0488,0.65,4493,active,voter (Total-weighted random choice)
4,node_0314,node_0314,1.00,2484,active,self-vote (candidate self-stake)
4,node_0315,node_0263,0.71,6518,active,voter (Total-weighted random choice)
4,node_0316,node_0026,0.64,8681,active,voter (Total-weighted random choice)
4,node_0317,node_0317,1.00,981,active,self-vote (candidate self-stake)
4,node_0318,node_0252,0.96,10439,active,voter (Total-weighted random choice)
4,node_0319,node_0343,1.41,3849,active,voter (Total-weighted random choice)
4,node_0320,node_0014,0.53,1634,active,voter (Total-weighted random choice)
4,node_0321,node_0339,0.93,1537,active,voter (Total-weighted random choice)
4,node_0322,node_0411,1.09,6925,active,voter (Total-weighted random choice)
4,node_0323,node_0097,1.49,538,rejected,voter (Total-weighted random choice)
4,node_0324,node_0250,0.65,5159,active,voter (Total-weighted random choice)
4,node_0325,node_0277,1.40,11763,rejected,voter (Total-weighted random choice)
4,node_0326,node_0447,1.33,3806,active,voter (Total-weighted random choice)
4,node_0327,node_0327,1.00,3617,active,self-vote (candidate self-stake)
4,node_0328,node_0014,0.75,520,active,voter (Total-weighted random choice)
4,node_0329,node_0499,1.29,6099,active,voter (Total-weighted random choice)
4,node_0330,node_0014,0.81,11389,active,voter (Total-weighted random choice)
4,node_0331,node_0011,0.50,274,active,voter (Total-weighted random choice)
4,node_0332,node_0250,1.06,7601,active,voter (Total-weighted random choice)
4,node_0333,node_0277,1.10,7684,rejected,voter (Total-weighted random choice)
4,node_0334,node_0334,1.00,10144,active,self-vote (candidate self-stake)
4,node_0335,node_0368,1.19,2012,active,voter (Total-weighted random choice)
4,node_0336,node_0014,1.39,2553,rejected,voter (Total-weighted random choice)
4,node_0337,node_0228,0.78,602,active,voter (Total-weighted random choice)
4,node_0338,node_0200,0.92,1794,active,voter (Total-weighted random choice)
4,node_0339,node_0339,1.00,5826,active,self-vote (candidate self-stake)
4,node_0340,node_0014,1.34,323,active,voter (Total-weighted random choice)
4,node_0341,node_0339,1.44,2841,active,voter (Total-weighted random choice)
4,node_0342,node_0048,0.86,6540,active,voter (Total-weighted random choice)
4,node_0343,node_0343,1.00,10718,active,self-vote (candidate self-stake)
4,node_0344,node_0089,1.05,739,active,voter (Total-weighted random choice)
4,node_0345,node_0055,0.82,317,active,voter (Total-weighted random choice)
4,node_0346,node_0367,0.74,3991,active,voter (Total-weighted random choice)
4,node_0347,node_0036,0.69,4138,active,voter (Total-weighted random choice)
4,node_0348,node_0277,0.64,1495,active,voter (Total-weighted random choice)
4,node_0349,node_0343,1.28,5003,active,voter (Total-weighted random choice)
4,node_0350,node_0415,1.12,1994,active,voter (Total-weighted random choice)
4,node_0351,node_0488,0.91,4782,active,voter (Total-weighted random choice)
4,node_0352,node_0219,1.21,11560,active,voter (Total-weighted random choice)
4,node_0353,node_0014,1.05,9422,active,voter (Total-weighted random choice)
4,node_0354,node_0250,1.33,7299,rejected,voter (Total-weighted random choice)
4,node_0355,node_0355,1.00,148,active,self-vote (candidate self-stake)
4,node_0356,node_0246,1.04,6776,active,voter (Total-weighted random choice)
4,node_0357,node_0156,0.54,7287,active,voter (Total-weighted random choice)
4,node_0358,node_0358,1.00,11945,active,self-vote (candidate self-stake)
4,node_0359,node_0359,1.00,485,active,self-vote (candidate self-stake)
4,node_0360,node_0085,1.08,1387,active,voter (Total-weighted random choice)
4,node_0361,node_0488,1.48,1469,rejected,voter (Total-weighted random choice)
4,node_0362,node_0366,1.02,1088,active,voter (Total-weighted random choice)
4,node_0363,node_0480,1.35,1132,rejected,voter (Total-weighted random choice)
4,node_0364,node_0259,0.72,1099,active,voter (Total-weighted random choice)
4,node_0365,node_0252,0.56,10056,active,voter (Total-weighted random choice)
4,node_0366,node_0366,1.00,6003,active,self-vote (candidate self-stake)
4,node_0367,node_0367,1.00,4527,active,self-vote (candidate self-stake)
4,node_0368,node_0368,1.00,2380,active,self-vote (candidate self-stake)
4,node_0369,node_0369,1.00,2263,active,self-vote (candidate self-stake)
4,node_0370,node_0334,0.73,2573,active,voter (Total-weighted random choice)
4,node_0371,node_0097,0.97,9963,active,voter (Total-weighted random choice)
4,node_0372,node_0358,0.81,3433,active,voter (Total-weighted random choice)
4,node_0373,node_0409,1.47,7184,active,voter (Total-weighted random choice)
4,node_0374,node_0246,0.98,11097,active,voter (Total-weighted random choice)
4,node_0375,node_0375,1.00,7804,active,self-vote (candidate self-stake)
4,node_0376,node_0263,1.24,9549,active,voter (Total-weighted random choice)
4,node_0377,node_0327,1.25,9078,rejected,voter (Total-weighted random choice)
4,node_0378,node_0378,1.00,2726,active,self-vote (candidate self-stake)
4,node_0379,node_0252,1.22,6426,active,voter (Total-weighted random choice)
4,node_0380,node_0026,0.65,6863,active,voter (Total-weighted random choice)
4,node_0381,node_0147,0.59,7924,active,voter (Total-weighted random choice)
4,node_0382,node_0429,0.55,316,active,voter (Total-weighted random choice)
4,node_0383,node_0079,0.54,4770,active,voter (Total-weighted random choice)
4,node_0384,node_0011,0.79,8163,active,voter (Total-weighted random choice)
4,node_0385,node_0061,0.53,636,active,voter (Total-weighted random choice)
4,node_0386,node_0314,0.80,8707,active,voter (Total-weighted random choice)
4,node_0387,node_0422,0.95,9403,active,voter (Total-weighted random choice)
4,node_0388,node_0147,1.04,7199,active,voter (Total-weighted random choice)
4,node_0389,node_0202,0.84,7318,active,voter (Total-weighted random choice)
4,node_0390,node_0422,0.53,4711,active,voter (Total-weighted random choice)
4,node_0391,node_0480,0.62,5450,active,voter (Total-weighted random choice)
4,node_0392,node_0392,1.00,200,active,self-vote (candidate self-stake)
4,node_0393,node_0314,1.02,533,active,voter (Total-weighted random choice)
4,node_0394,node_0394,1.00,1549,active,self-vote (candidate self-stake)
4,node_0395,node_0228,0.97,1922,active,voter (Total-weighted random choice)
4,node_0396,node_0396,1.00,268,active,self-vote (candidate self-stake)
4,node_0397,node_0397,1.00,9004,active,self-vote (candidate self-stake)
4,node_0398,node_0283,0.83,3986,active,voter (Total-weighted random choice)
4,node_0399,node_0334,1.43,3899,rejected,voter (Total-weighted random choice)
4,node_0400,node_0480,1.10,3000,rejected,voter (Total-weighted random choice)
4,node_0401,node_0478,0.84,5389,active,voter (Total-weighted random choice)
4,node_0402,node_0097,1.32,2615,active,voter (Total-weighted random choice)
4,node_0403,node_0108,1.13,5777,active,voter (Total-weighted random choice)
4,node_0404,node_0127,1.45,72,active,voter (Total-weighted random choice)
4,node_0405,node_0368,1.41,11166,active,voter (Total-weighted random choice)
4,node_0406,node_0409,1.39,2970,active,voter (Total-weighted random choice)
4,node_0407,node_0263,0.55,1102,active,voter (Total-weighted random choice)
4,node_0408,node_0317,0.68,5019,active,voter (Total-weighted random choice)
4,node_0409,node_0409,1.00,2656,active,self-vote (candidate self-stake)
4,node_0410,node_0343,0.80,10773,active,voter (Total-weighted random choice)
4,node_0411,node_0411,1.00,2905,active,self-vote (candidate self-stake)
4,node_0412,node_0436,1.07,654,active,voter (Total-weighted random choice)
4,node_0413,node_0394,1.48,7469,active,voter (Total-weighted random choice)
4,node_0414,node_0457,0.59,5937,active,voter (Total-weighted random choice)
4,node_0415,node_0415,1.00,3935,active,self-vote (candidate self-stake)
4,node_0416,node_0447,0.63,9202,active,voter (Total-weighted random choice)
4,node_0417,node_0426,0.55,104,active,voter (Total-weighted random choice)
4,node_0418,node_0026,1.45,701,active,voter (Total-weighted random choice)
4,node_0419,node_0061,0.69,148,active,voter (Total-weighted random choice)
4,node_0420,node_0283,1.45,4718,active,voter (Total-weighted random choice)
4,node_0421,node_0167,0.94,6253,active,voter (Total-weighted random choice)
4,node_0422,node_0422,1.00,9734,active,self-vote (candidate self-stake)
4,node_0423,node_0032,1.06,969,active,voter (Total-weighted random choice)
4,node_0424,node_0108,0.54,6715,active,voter (Total-weighted random choice)
4,node_0425,node_0261,0.73,7748,active,voter (Total-weighted random choice)
4,node_0426,node_0426,1.00,7351,active,self-vote (candidate self-stake)
4,node_0427,node_0334,1.32,789,rejected,voter (Total-weighted random choice)
4,node_0428,node_0447,1.38,5181,active,voter (Total-weighted random choice)
4,node_0429,node_0429,1.00,1020,active,self-vote (candidate self-stake)
4,node_0430,node_0261,1.18,4182,active,voter (Total-weighted random choice)
4,node_0431,node_0478,1.13,8263,active,voter (Total-weighted random choice)
4,node_0432,node_0127,0.80,5574,active,voter (Total-weighted random choice)
4,node_0433,node_0433,1.00,763,active,self-vote (candidate self-stake)
4,node_0434,node_0434,1.00,9780,active,self-vote (candidate self-stake)
4,node_0435,node_0488,1.32,5835,rejected,voter (Total-weighted random choice)
4,node_0436,node_0436,1.00,6317,active,self-vote (candidate self-stake)
4,node_0437,node_0480,0.57,1806,active,voter (Total-weighted random choice)
4,node_0438,node_0375,1.23,945,active,voter (Total-weighted random choice)
4,node_0439,node_0238,1.02,9651,active,voter (Total-weighted random choice)
4,node_0440,node_0085,1.33,10444,active,voter (Total-weighted random choice)
4,node_0441,node_0068,1.22,7880,active,voter (Total-weighted random choice)
4,node_0442,node_0415,1.07,11173,active,voter (Total-weighted random choice)
4,node_0443,node_0366,0.51,5831,active,voter (Total-weighted random choice)
4,node_0444,node_0252,0.52,10799,active,voter (Total-weighted random choice)
4,node_0445,node_0396,1.31,11126,active,voter (Total-weighted random choice)
4,node_0446,node_0263,0.67,4650,active,voter (Total-weighted random choice)
4,node_0447,node_0447,1.00,8908,active,self-vote (candidate self-stake)
4,node_0448,node_0217,1.05,11820,active,voter (Total-weighted random choice)
4,node_0449,node_0259,1.49,6609,active,voter (Total-weighted random choice)
4,node_0450,node_0175,1.40,3962,active,voter (Total-weighted random choice)
4,node_0451,node_0062,0.69,707,active,voter (Total-weighted random choice)
4,node_0452,node_0175,0.84,129,active,voter (Total-weighted random choice)
4,node_0453,node_0252,0.87,90,active,voter (Total-weighted random choice)
4,node_0454,node_0261,1.02,8005,active,voter (Total-weighted random choice)
4,node_0455,node_0097,1.46,4343,rejected,voter (Total-weighted random choice)
4,node_0456,node_0436,0.97,7223,active,voter (Total-weighted random choice)
4,node_0457,node_0457,1.00,8428,active,self-vote (candidate self-stake)
4,node_0458,node_0457,0.64,1309,active,voter (Total-weighted random choice)
4,node_0459,node_0447,0.79,6052,active,voter (Total-weighted random choice)
4,node_0460,node_0066,0.79,6494,active,voter (Total-weighted random choice)
4,node_0461,node_0079,0.72,6159,active,voter (Total-weighted random choice)
4,node_0462,node_0334,1.13,2700,rejected,voter (Total-weighted random choice)
4,node_0463,node_0457,0.75,6397,active,voter (Total-weighted random choice)
4,node_0464,node_0464,1.00,1121,active,self-vote (candidate self-stake)
4,node_0465,node_0048,1.09,7527,active,voter (Total-weighted random choice)
4,node_0466,node_0096,1.40,5814,active,voter (Total-weighted random choice)
4,node_0467,node_0467,1.00,5163,active,self-vote (candidate self-stake)
4,node_0468,node_0422,1.08,2081,active,voter (Total-weighted random choice)
4,node_0469,node_0055,0.73,1513,active,voter (Total-weighted random choice)
4,node_0470,node_0480,1.31,11700,rejected,voter (Total-weighted random choice)
4,node_0471,node_0471,1.00,4013,active,self-vote (candidate self-stake)
4,node_0472,node_0277,1.43,10717,rejected,voter (Total-weighted random choice)
4,node_0473,node_0367,0.62,1849,active,voter (Total-weighted random choice)
4,node_0474,node_0327,1.04,5760,active,voter (Total-weighted random choice)
4,node_0475,node_0394,0.60,4013,active,voter (Total-weighted random choice)
4,node_0476,node_0415,1.35,7351,active,voter (Total-weighted random choice)
4,node_0477,node_0238,0.81,4496,active,voter (Total-weighted random choice)
4,node_0478,node_0478,1.00,2442,active,self-vote (candidate self-stake)
4,node_0479,node_0036,0.93,7299,active,voter (Total-weighted random choice)
4,node_0480,node_0480,1.00,10056,active,self-vote (candidate self-stake)
4,node_0481,node_0334,1.37,4375,rejected,voter (Total-weighted random choice)
4,node_0482,node_0375,1.26,3349,active,voter (Total-weighted random choice)
4,node_0483,node_0436,1.43,6163,active,voter (Total-weighted random choice)
4,node_0484,node_0366,0.90,9067,active,voter (Total-weighted random choice)
4,node_0485,node_0429,0.67,77,active,voter (Total-weighted random choice)
4,node_0486,node_0358,0.74,6431,active,voter (Total-weighted random choice)
4,node_0487,node_0422,1.39,6212,active,voter (Total-weighted random choice)
4,node_0488,node_0488,1.00,8643,active,self-vote (candidate self-stake)
4,node_0489,node_0074,0.98,8301,active,voter (Total-weighted random choice)
4,node_0490,node_0411,1.39,5286,active,voter (Total-weighted random choice)
4,node_0491,node_0394,0.75,5478,active,voter (Total-weighted random choice)
4,node_0492,node_0152,1.25,961,active,voter (Total-weighted random choice)
4,node_0493,node_0121,1.00,1878,active,voter (Total-weighted random choice)
4,node_0494,node_0488,0.98,11587,active,voter (Total-weighted random choice)
4,node_0495,node_0096,0.86,6068,active,voter (Total-weighted random choice)
4,node_0496,node_0009,1.17,1143,active,voter (Total-weighted random choice)
4,node_0497,node_0457,0.53,1580,active,voter (Total-weighted random choice)
4,node_0498,node_0488,1.09,2645,rejected,voter (Total-weighted random choice)
4,node_0499,node_0499,1.00,5063,active,self-vote (candidate self-stake)
4,node_0500,node_0277,0.89,6008,active,voter (Total-weighted random choice)
5,node_0001,node_0105,0.58,1796,active,voter (Total-weighted random choice)
5,node_0002,node_0166,1.15,4206,active,voter (Total-weighted random choice)
5,node_0003,node_0327,0.95,14382,active,voter (Total-weighted random choice)
5,node_0004,node_0313,0.90,108,active,voter (Total-weighted random choice)
5,node_0005,node_0239,0.61,4086,active,voter (Total-weighted random choice)
5,node_0006,node_0282,1.48,7823,active,voter (Total-weighted random choice)
5,node_0007,node_0405,0.76,4537,active,voter (Total-weighted random choice)
5,node_0008,node_0119,0.53,258,active,voter (Total-weighted random choice)
5,node_0009,node_0097,1.45,7559,rejected,voter (Total-weighted random choice)
5,node_0010,node_0010,1.00,4324,active,self-vote (candidate self-stake)
5,node_0011,node_0261,0.54,25,active,voter (Total-weighted random choice)
5,node_0012,node_0119,0.81,6043,active,voter (Total-weighted random choice)
5,node_0013,node_0023,0.50,1470,active,voter (Total-weighted random choice)
5,node_0014,node_0278,1.35,6199,active,voter (Total-weighted random choice)
5,node_0015,node_0425,0.77,5916,active,voter (Total-weighted random choice)
5,node_0016,node_0483,0.97,402,active,voter (Total-weighted random choice)
5,node_0017,node_0010,0.95,1117,active,voter (Total-weighted random choice)
5,node_0018,node_0018,1.00,5676,active,self-vote (candidate self-stake)
5,node_0019,node_0019,1.00,1688,active,self-vote (candidate self-stake)
5,node_0020,node_0425,1.31,6376,active,voter (Total-weighted random choice)
5,node_0021,node_0018,1.18,2386,active,voter (Total-weighted random choice)
5,node_0022,node_0409,1.11,445,active,voter (Total-weighted random choice)
5,node_0023,node_0023,1.00,8302,active,self-vote (candidate self-stake)
5,node_0024,node_0097,0.97,112,active,voter (Total-weighted random choice)
5,node_0025,node_0025,1.00,4394,active,self-vote (candidate self-stake)
5,node_0026,node_0261,0.82,2363,active,voter (Total-weighted random choice)
5,node_0027,node_0414,0.53,1812,active,voter (Total-weighted random choice)
5,node_0028,node_0341,0.96,8280,active,voter (Total-weighted random choice)
5,node_0029,node_0029,1.00,4041,active,self-vote (candidate self-stake)
5,node_0030,node_0366,1.43,14384,rejected,voter (Total-weighted random choice)
5,node_0031,node_0283,1.14,4253,active,voter (Total-weighted random choice)
5,node_0032,node_0493,1.11,6929,active,voter (Total-weighted random choice)
5,node_0033,node_0215,0.84,973,active,voter (Total-weighted random choice)
5,node_0034,node_0347,0.62,9092,active,voter (Total-weighted random choice)
5,node_0035,node_0466,0.57,6111,active,voter (Total-weighted random choice)
5,node_0036,node_0448,1.33,11321,rejected,voter (Total-weighted random choice)
5,node_0037,node_0154,1.37,1365,rejected,voter (Total-weighted random choice)
5,node_0038,node_0154,1.38,6729,rejected,voter (Total-weighted random choice)
5,node_0039,node_0191,1.12,4934,active,voter (Total-weighted random choice)
5,node_0040,node_0107,0.72,9616,active,voter (Total-weighted random choice)
5,node_0041,node_0141,1.02,3445,active,voter (Total-weighted random choice)
5,node_0042,node_0282,0.60,178,active,voter (Total-weighted random choice)
5,node_0043,node_0145,0.72,9548,active,voter (Total-weighted random choice)
5,node_0044,node_0448,1.18,13041,rejected,voter (Total-weighted random choice)
5,node_0045,node_0045,1.00,982,active,self-vote (candidate self-stake)
5,node_0046,node_0435,1.27,5053,active,voter (Total-weighted random choice)
5,node_0047,node_0278,0.66,191,active,voter (Total-weighted random choice)
5,node_0048,node_0488,0.98,12071,active,voter (Total-weighted random choice)
5,node_0049,node_0049,1.00,12726,active,self-vote (candidate self-stake)
5,node_0050,node_0049,0.71,6047,active,voter (Total-weighted random choice)
5,node_0051,node_0107,1.36,2039,rejected,voter (Total-weighted random choice)
5,node_0052,node_0107,0.98,5918,rejected,voter (Total-weighted random choice)
5,node_0053,node_0313,1.09,6662,active,voter (Total-weighted random choice)
5,node_0054,node_0171,1.23,1095,rejected,voter (Total-weighted random choice)
5,node_0055,node_0145,0.58,2693,active,voter (Total-weighted random choice)
5,node_0056,node_0107,1.38,12074,rejected,voter (Total-weighted random choice)
5,node_0057,node_0425,0.72,1139,active,voter (Total-weighted random choice)
5,node_0058,node_0171,1.38,4510,rejected,voter (Total-weighted random choice)
5,node_0059,node_0239,0.55,5724,active,voter (Total-weighted random choice)
5,node_0060,node_0466,1.40,8294,active,voter (Total-weighted random choice)
5,node_0061,node_0294,0.63,3083,active,voter (Total-weighted random choice)
5,node_0062,node_0341,0.53,3486,active,voter (Total-weighted random choice)
5,node_0063,node_0063,1.00,4383,active,self-vote (candidate self-stake)
5,node_0064,node_0215,1.48,317,active,voter (Total-weighted random choice)
5,node_0065,node_0385,0.94,42,active,voter (Total-weighted random choice)
5,node_0066,node_0211,0.86,405,active,voter (Total-weighted random choice)
5,node_0067,node_0183,1.26,8457,active,voter (Total-weighted random choice)
5,node_0068,node_0451,1.39,2110,active,voter (Total-weighted random choice)
5,node_0069,node_0341,0.68,507,active,voter (Total-weighted random choice)
5,node_0070,node_0189,0.81,2667,active,voter (Total-weighted random choice)
5,node_0071,node_0137,1.05,266,active,voter (Total-weighted random choice)
5,node_0072,node_0458,1.12,4267,active,voter (Total-weighted random choice)
5,node_0073,node_0385,1.35,4188,active,voter (Total-weighted random choice)
5,node_0074,node_0228,1.05,4519,active,voter (Total-weighted random choice)
5,node_0075,node_0488,1.31,4507,rejected,voter (Total-weighted random choice)
5,node_0076,node_0018,0.61,6417,active,voter (Total-weighted random choice)
5,node_0077,node_0107,1.30,1767,rejected,voter (Total-weighted random choice)
5,node_0078,node_0078,1.00,4,active,self-vote (candidate self-stake)
5,node_0079,node_0145,1.17,5799,active,voter (Total-weighted random choice)
5,node_0080,node_0359,0.82,11637,active,voter (Total-weighted random choice)
5,node_0081,node_0366,0.98,1089,active,voter (Total-weighted random choice)
5,node_0082,node_0339,1.08,1502,active,voter (Total-weighted random choice)
5,node_0083,node_0407,0.55,6324,active,voter (Total-weighted random choice)
5,node_0084,node_0291,1.31,11514,active,voter (Total-weighted random choice)
5,node_0085,node_0488,0.82,5500,active,voter (Total-weighted random choice)
5,node_0086,node_0294,0.75,1101,active,voter (Total-weighted random choice)
5,node_0087,node_0307,1.41,4234,active,voter (Total-weighted random choice)
5,node_0088,node_0483,1.10,5958,active,voter (Total-weighted random choice)
5,node_0089,node_0137,0.81,477,active,voter (Total-weighted random choice)
5,node_0090,node_0184,0.69,740,active,voter (Total-weighted random choice)
5,node_0091,node_0406,1.34,1043,active,voter (Total-weighted random choice)
5,node_0092,node_0092,1.00,2265,active,self-vote (candidate self-stake)
5,node_0093,node_0396,0.84,7806,active,voter (Total-weighted random choice)
5,node_0094,node_0415,1.16,10732,active,voter (Total-weighted random choice)
5,node_0095,node_0251,0.58,742,active,voter (Total-weighted random choice)
5,node_0096,node_0341,1.11,2126,active,voter (Total-weighted random choice)
5,node_0097,node_0097,1.00,10274,active,self-vote (candidate self-stake)
5,node_0098,node_0145,1.43,8889,rejected,voter (Total-weighted random choice)
5,node_0099,node_0105,1.29,614,active,voter (Total-weighted random choice)
5,node_0100,node_0324,0.90,10637,active,voter (Total-weighted random choice)
5,node_0101,node_0282,1.14,1619,active,voter (Total-weighted random choice)
5,node_0102,node_0228,0.75,52,active,voter (Total-weighted random choice)
5,node_0103,node_0462,0.87,3298,active,voter (Total-weighted random choice)
5,node_0104,node_0029,0.88,6695,active,voter (Total-weighted random choice)
5,node_0105,node_0105,1.00,3650,active,self-vote (candidate self-stake)
5,node_0106,node_0466,0.87,11496,active,voter (Total-weighted random choice)
5,node_0107,node_0107,1.00,13511,active,self-vote (candidate self-stake)
5,node_0108,node_0278,1.49,1906,active,voter (Total-weighted random choice)
5,node_0109,node_0097,1.42,530,rejected,voter (Total-weighted random choice)
5,node_0110,node_0251,0.99,4512,active,voter (Total-weighted random choice)
5,node_0111,node_0157,0.67,10413,active,voter (Total-weighted random choice)
5,node_0112,node_0347,0.81,967,active,voter (Total-weighted random choice)
5,node_0113,node_0283,0.83,2780,active,voter (Total-weighted random choice)
5,node_0114,node_0294,1.19,6258,rejected,voter (Total-weighted random choice)
5,node_0115,node_0333,0.89,8790,active,voter (Total-weighted random choice)
5,node_0116,node_0405,0.97,6759,active,voter (Total-weighted random choice)
5,node_0117,node_0119,1.11,5190,active,voter (Total-weighted random choice)
5,node_0118,node_0097,1.02,5889,active,voter (Total-weighted random choice)
5,node_0119,node_0119,1.00,6398,active,self-vote (candidate self-stake)
5,node_0120,node_0494,0.84,103,active,voter (Total-weighted random choice)
5,node_0121,node_0183,1.36,5349,rejected,voter (Total-weighted random choice)
5,node_0122,node_0294,1.36,4263,rejected,voter (Total-weighted random choice)
5,node_0123,node_0276,1.22,7782,active,voter (Total-weighted random choice)
5,node_0124,node_0189,1.23,3375,active,voter (Total-weighted random choice)
5,node_0125,node_0105,1.20,1619,active,voter (Total-weighted random choice)
5,node_0126,node_0344,0.60,893,active,voter (Total-weighted random choice)
5,node_0127,node_0063,0.90,6683,active,voter (Total-weighted random choice)
5,node_0128,node_0405,1.41,9257,rejected,voter (Total-weighted random choice)
5,node_0129,node_0497,0.56,8816,active,voter (Total-weighted random choice)
5,node_0130,node_0141,1.35,3326,active,voter (Total-weighted random choice)
5,node_0131,node_0251,0.51,759,active,voter (Total-weighted random choice)
5,node_0132,node_0136,0.57,8318,active,voter (Total-weighted random choice)
5,node_0133,node_0191,0.73,5990,active,voter (Total-weighted random choice)
5,node_0134,node_0494,0.94,4484,active,voter (Total-weighted random choice)
5,node_0135,node_0119,0.79,5876,active,voter (Total-weighted random choice)
5,node_0136,node_0136,1.00,11178,active,self-vote (candidate self-stake)
5,node_0137,node_0137,1.00,5705,active,self-vote (candidate self-stake)
5,node_0138,node_0449,1.39,14013,active,voter (Total-weighted random choice)
5,node_0139,node_0239,0.91,6528,active,voter (Total-weighted random choice)
5,node_0140,node_0324,1.35,10013,active,voter (Total-weighted random choice)
5,node_0141,node_0141,1.00,7444,active,self-vote (candidate self-stake)
5,node_0142,node_0313,1.38,7416,active,voter (Total-weighted random choice)
5,node_0143,node_0313,1.33,746,active,voter (Total-weighted random choice)
5,node_0144,node_0344,0.52,279,active,voter (Total-weighted random choice)
5,node_0145,node_0145,1.00,6835,active,self-vote (candidate self-stake)
5,node_0146,node_0185,1.42,1357,active,voter (Total-weighted random choice)
5,node_0147,node_0049,1.30,9193,rejected,voter (Total-weighted random choice)
5,node_0148,node_0148,1.00,5483,active,self-vote (candidate self-stake)
5,node_0149,node_0316,0.70,8241,active,voter (Total-weighted random choice)
5,node_0150,node_0344,0.61,3407,active,voter (Total-weighted random choice)
5,node_0151,node_0313,0.99,1359,active,voter (Total-weighted random choice)
5,node_0152,node_0152,1.00,1694,active,self-vote (candidate self-stake)
5,node_0153,node_0153,1.00,331,active,self-vote (candidate self-stake)
5,node_0154,node_0154,1.00,7684,active,self-vote (candidate self-stake)
5,node_0155,node_0276,0.68,9374,active,voter (Total-weighted random choice)
5,node_0156,node_0019,0.68,1944,active,voter (Total-weighted random choice)
5,node_0157,node_0157,1.00,11129,active,self-vote (candidate self-stake)
5,node_0158,node_0488,1.02,6138,active,voter (Total-weighted random choice)
5,node_0159,node_0239,0.87,4374,active,voter (Total-weighted random choice)
5,node_0160,node_0324,0.84,3142,active,voter (Total-weighted random choice)
5,node_0161,node_0092,0.85,3883,active,voter (Total-weighted random choice)
5,node_0162,node_0282,1.49,4203,active,voter (Total-weighted random choice)
5,node_0163,node_0097,1.36,2395,active,voter (Total-weighted random choice)
5,node_0164,node_0183,1.06,1848,active,voter (Total-weighted random choice)
5,node_0165,node_0294,0.94,7111,active,voter (Total-weighted random choice)
5,node_0166,node_0166,1.00,6609,active,self-vote (candidate self-stake)
5,node_0167,node_0136,0.55,7593,active,voter (Total-weighted random choice)
5,node_0168,node_0385,1.22,12790,active,voter (Total-weighted random choice)
5,node_0169,node_0211,0.72,3518,active,voter (Total-weighted random choice)
5,node_0170,node_0488,0.53,7161,active,voter (Total-weighted random choice)
5,node_0171,node_0171,1.00,8692,active,self-vote (candidate self-stake)
5,node_0172,node_0344,0.62,13543,active,voter (Total-weighted random choice)
5,node_0173,node_0291,0.62,6270,active,voter (Total-weighted random choice)
5,node_0174,node_0157,0.63,2473,active,voter (Total-weighted random choice)
5,node_0175,node_0175,1.00,5884,active,self-vote (candidate self-stake)
5,node_0176,node_0425,1.40,70,active,voter (Total-weighted random choice)
5,node_0177,node_0448,0.66,9069,active,voter (Total-weighted random choice)
5,node_0178,node_0202,1.45,8754,active,voter (Total-weighted random choice)
5,node_0179,node_0261,0.86,6640,active,voter (Total-weighted random choice)
5,node_0180,node_0352,1.28,4247,rejected,voter (Total-weighted random choice)
5,node_0181,node_0166,1.03,2661,active,voter (Total-weighted random choice)
5,node_0182,node_0291,1.00,18,active,voter (Total-weighted random choice)
5,node_0183,node_0183,1.00,8599,active,self-vote (candidate self-stake)
5,node_0184,node_0184,1.00,1640,active,self-vote (candidate self-stake)
5,node_0185,node_0185,1.00,5439,active,self-vote (candidate self-stake)
5,node_0186,node_0405,0.87,3811,active,voter (Total-weighted random choice)
5,node_0187,node_0407,0.64,8345,active,voter (Total-weighted random choice)
5,node_0188,node_0183,1.03,3913,active,voter (Total-weighted random choice)
5,node_0189,node_0189,1.00,9689,active,self-vote (candidate self-stake)
5,node_0190,node_0341,0.77,2007,active,voter (Total-weighted random choice)
5,node_0191,node_0191,1.00,10370,active,self-vote (candidate self-stake)
5,node_0192,node_0171,1.05,15325,active,voter (Total-weighted random choice)
5,node_0193,node_0171,1.03,6408,active,voter (Total-weighted random choice)
5,node_0194,node_0294,0.75,2713,active,voter (Total-weighted random choice)
5,node_0195,node_0339,0.83,920,active,voter (Total-weighted random choice)
5,node_0196,node_0425,0.51,11534,active,voter (Total-weighted random choice)
5,node_0197,node_0407,1.26,4853,active,voter (Total-weighted random choice)
5,node_0198,node_0045,0.79,725,active,voter (Total-weighted random choice)
5,node_0199,node_0166,1.26,831,active,voter (Total-weighted random choice)
5,node_0200,node_0239,1.46,334,active,voter (Total-weighted random choice)
5,node_0201,node_0313,0.85,6269,active,voter (Total-weighted random choice)
5,node_0202,node_0202,1.00,4308,active,self-vote (candidate self-stake)
5,node_0203,node_0049,1.32,9286,rejected,voter (Total-weighted random choice)
5,node_0204,node_0204,1.00,5411,active,self-vote (candidate self-stake)
5,node_0205,node_0205,1.00,4910,active,self-vote (candidate self-stake)
5,node_0206,node_0152,1.00,3564,active,voter (Total-weighted random choice)
5,node_0207,node_0148,1.05,8855,active,voter (Total-weighted random choice)
5,node_0208,node_0152,0.95,3732,active,voter (Total-weighted random choice)
5,node_0209,node_0204,1.19,4431,active,voter (Total-weighted random choice)
5,node_0210,node_0049,1.17,3592,active,voter (Total-weighted random choice)
5,node_0211,node_0211,1.00,7387,active,self-vote (candidate self-stake)
5,node_0212,node_0154,0.67,1411,active,voter (Total-weighted random choice)
5,node_0213,node_0466,1.14,9462,active,voter (Total-weighted random choice)
5,node_0214,node_0049,0.62,9060,active,voter (Total-weighted random choice)
5,node_0215,node_0215,1.00,9112,active,self-vote (candidate self-stake)
5,node_0216,node_0157,1.31,3461,active,voter (Total-weighted random choice)
5,node_0217,node_0141,1.04,6933,active,voter (Total-weighted random choice)
5,node_0218,node_0385,1.34,7795,active,voter (Total-weighted random choice)
5,node_0219,node_0307,0.77,5981,active,voter (Total-weighted random choice)
5,node_0220,node_0105,1.06,6121,active,voter (Total-weighted random choice)
5,node_0221,node_0136,1.42,7530,active,voter (Total-weighted random choice)
5,node_0222,node_0063,0.92,4303,active,voter (Total-weighted random choice)
5,node_0223,node_0171,1.49,1902,rejected,voter (Total-weighted random choice)
5,node_0224,node_0228,0.74,5692,active,voter (Total-weighted random choice)
5,node_0225,node_0347,0.60,164,active,voter (Total-weighted random choice)
5,node_0226,node_0063,0.63,1998,active,voter (Total-weighted random choice)
5,node_0227,node_0063,0.55,300,active,voter (Total-weighted random choice)
5,node_0228,node_0228,1.00,3667,active,self-vote (candidate self-stake)
5,node_0229,node_0316,1.07,8553,active,voter (Total-weighted random choice)
5,node_0230,node_0352,0.60,6538,active,voter (Total-weighted random choice)
5,node_0231,node_0137,0.97,11763,active,voter (Total-weighted random choice)
5,node_0232,node_0294,1.16,12390,rejected,voter (Total-weighted random choice)
5,node_0233,node_0191,1.15,3275,active,voter (Total-weighted random choice)
5,node_0234,node_0234,1.00,906,active,self-vote (candidate self-stake)
5,node_0235,node_0107,0.89,5469,active,voter (Total-weighted random choice)
5,node_0236,node_0145,0.69,2069,active,voter (Total-weighted random choice)
5,node_0237,node_0347,1.13,221,active,voter (Total-weighted random choice)
5,node_0238,node_0493,0.81,11840,active,voter (Total-weighted random choice)
5,node_0239,node_0239,1.00,6758,active,self-vote (candidate self-stake)
5,node_0240,node_0261,0.81,3054,active,voter (Total-weighted random choice)
5,node_0241,node_0366,0.65,6326,active,voter (Total-weighted random choice)
5,node_0242,node_0145,1.29,644,rejected,voter (Total-weighted random choice)
5,node_0243,node_0243,1.00,4228,active,self-vote (candidate self-stake)
5,node_0244,node_0148,0.63,1443,active,voter (Total-weighted random choice)
5,node_0245,node_0105,1.41,1159,active,voter (Total-weighted random choice)
5,node_0246,node_0294,0.60,13554,active,voter (Total-weighted random choice)
5,node_0247,node_0276,1.47,5158,active,voter (Total-weighted random choice)
5,node_0248,node_0141,0.61,7252,active,voter (Total-weighted random choice)
5,node_0249,node_0419,0.86,3241,active,voter (Total-weighted random choice)
5,node_0250,node_0458,0.71,10208,active,voter (Total-weighted random choice)
5,node_0251,node_0251,1.00,2888,active,self-vote (candidate self-stake)
5,node_0252,node_0252,1.00,615,active,self-vote (candidate self-stake)
5,node_0253,node_0119,0.76,9472,active,voter (Total-weighted random choice)
5,node_0254,node_0405,1.11,7172,rejected,voter (Total-weighted random choice)
5,node_0255,node_0488,0.92,7460,active,voter (Total-weighted random choice)
5,node_0256,node_0145,0.73,7788,active,voter (Total-weighted random choice)
5,node_0257,node_0010,1.30,11505,active,voter (Total-weighted random choice)
5,node_0258,node_0344,0.90,830,active,voter (Total-weighted random choice)
5,node_0259,node_0049,1.34,3944,rejected,voter (Total-weighted random choice)
5,node_0260,node_0211,1.26,6405,active,voter (Total-weighted random choice)
5,node_0261,node_0261,1.00,8663,active,self-vote (candidate self-stake)
5,node_0262,node_0107,0.77,15465,active,voter (Total-weighted random choice)
5,node_0263,node_0483,1.49,8995,active,voter (Total-weighted random choice)
5,node_0264,node_0407,1.11,511,active,voter (Total-weighted random choice)
5,node_0265,node_0166,0.56,8466,active,voter (Total-weighted random choice)
5,node_0266,node_0154,1.37,6872,rejected,voter (Total-weighted random choice)
5,node_0267,node_0448,0.63,7732,active,voter (Total-weighted random choice)
5,node_0268,node_0166,1.26,6074,active,voter (Total-weighted random choice)
5,node_0269,node_0458,0.63,9423,active,voter (Total-weighted random choice)
5,node_0270,node_0409,0.87,9844,active,voter (Total-weighted random choice)
5,node_0271,node_0385,0.86,1348,active,voter (Total-weighted random choice)
5,node_0272,node_0366,1.42,7877,active,voter (Total-weighted random choice)
5,node_0273,node_0018,1.28,4574,active,voter (Total-weighted random choice)
5,node_0274,node_0366,0.61,7272,active,voter (Total-weighted random choice)
5,node_0275,node_0049,1.17,2654,active,voter (Total-weighted random choice)
5,node_0276,node_0276,1.00,3560,active,self-vote (candidate self-stake)
5,node_0277,node_0251,0.72,12627,active,voter (Total-weighted random choice)
5,node_0278,node_0278,1.00,55,active,self-vote (candidate self-stake)
5,node_0279,node_0239,0.90,2867,active,voter (Total-weighted random choice)
5,node_0280,node_0189,1.22,12984,active,voter (Total-weighted random choice)
5,node_0281,node_0407,0.52,10760,active,voter (Total-weighted random choice)
5,node_0282,node_0282,1.00,7801,active,self-vote (candidate self-stake)
5,node_0283,node_0283,1.00,3781,active,self-vote (candidate self-stake)
5,node_0284,node_0333,1.42,2724,active,voter (Total-weighted random choice)
5,node_0285,node_0119,0.62,4854,active,voter (Total-weighted random choice)
5,node_0286,node_0045,0.79,755,active,voter (Total-weighted random choice)
5,node_0287,node_0141,1.18,9053,active,voter (Total-weighted random choice)
5,node_0288,node_0344,1.21,2300,active,voter (Total-weighted random choice)
5,node_0289,node_0252,1.35,4498,active,voter (Total-weighted random choice)
5,node_0290,node_0324,0.86,11365,active,voter (Total-weighted random choice)
5,node_0291,node_0291,1.00,2157,active,self-vote (candidate self-stake)
5,node_0292,node_0313,1.03,7409,active,voter (Total-weighted random choice)
5,node_0293,node_0405,0.65,2828,active,voter (Total-weighted random choice)
5,node_0294,node_0294,1.00,9572,active,self-vote (candidate self-stake)
5,node_0295,node_0141,0.74,8448,active,voter (Total-weighted random choice)
5,node_0296,node_0097,0.57,799,active,voter (Total-weighted random choice)
5,node_0297,node_0018,1.12,314,active,voter (Total-weighted random choice)
5,node_0298,node_0298,1.00,1615,active,self-vote (candidate self-stake)
5,node_0299,node_0215,0.98,1238,active,voter (Total-weighted random choice)
5,node_0300,node_0105,0.90,6375,active,voter (Total-weighted random choice)
5,node_0301,node_0175,0.55,175,active,voter (Total-weighted random choice)
5,node_0302,node_0136,1.38,5394,active,voter (Total-weighted random choice)
5,node_0303,node_0352,1.21,10570,active,voter (Total-weighted random choice)
5,node_0304,node_0029,0.96,3615,active,voter (Total-weighted random choice)
5,node_0305,node_0305,1.00,2867,active,self-vote (candidate self-stake)
5,node_0306,node_0306,1.00,342,active,self-vote (candidate self-stake)
5,node_0307,node_0307,1.00,7189,active,self-vote (candidate self-stake)
5,node_0308,node_0339,0.76,688,active,voter (Total-weighted random choice)
5,node_0309,node_0341,1.20,3843,active,voter (Total-weighted random choice)
5,node_0310,node_0251,0.89,3176,active,voter (Total-weighted random choice)
5,node_0311,node_0252,0.74,11756,active,voter (Total-weighted random choice)
5,node_0312,node_0385,0.76,1608,active,voter (Total-weighted random choice)
5,node_0313,node_0313,1.00,4840,active,self-vote (candidate self-stake)
5,node_0314,node_0239,1.32,1300,active,voter (Total-weighted random choice)
5,node_0315,node_0239,1.49,6000,active,voter (Total-weighted random choice)
5,node_0316,node_0316,1.00,8679,active,self-vote (candidate self-stake)
5,node_0317,node_0341,0.62,78,active,voter (Total-weighted random choice)
5,node_0318,node_0141,1.46,10842,rejected,voter (Total-weighted random choice)
5,node_0319,node_0202,0.74,2775,active,voter (Total-weighted random choice)
5,node_0320,node_0184,0.73,1873,active,voter (Total-weighted random choice)
5,node_0321,node_0405,0.59,1357,active,voter (Total-weighted random choice)
5,node_0322,node_0433,1.17,7337,active,voter (Total-weighted random choice)
5,node_0323,node_0148,1.48,348,active,voter (Total-weighted random choice)
5,node_0324,node_0324,1.00,5339,active,self-vote (candidate self-stake)
5,node_0325,node_0366,1.39,11946,active,voter (Total-weighted random choice)
5,node_0326,node_0294,0.59,3804,active,voter (Total-weighted random choice)
5,node_0327,node_0327,1.00,4910,active,self-vote (candidate self-stake)
5,node_0328,node_0405,1.30,231,rejected,voter (Total-weighted random choice)
5,node_0329,node_0405,1.43,6247,rejected,voter (Total-weighted random choice)
5,node_0330,node_0189,1.33,11182,active,voter (Total-weighted random choice)
5,node_0331,node_0405,0.62,256,active,voter (Total-weighted random choice)
5,node_0332,node_0359,0.57,7359,active,voter (Total-weighted random choice)
5,node_0333,node_0333,1.00,8085,active,self-vote (candidate self-stake)
5,node_0334,node_0294,0.95,12531,active,voter (Total-weighted random choice)
5,node_0335,node_0097,0.92,2690,active,voter (Total-weighted random choice)
5,node_0336,node_0049,1.21,2770,rejected,voter (Total-weighted random choice)
5,node_0337,node_0105,0.73,932,active,voter (Total-weighted random choice)
5,node_0338,node_0171,0.56,1476,active,voter (Total-weighted random choice)
5,node_0339,node_0339,1.00,6033,active,self-vote (candidate self-stake)
5,node_0340,node_0184,1.21,312,active,voter (Total-weighted random choice)
5,node_0341,node_0341,1.00,3009,active,self-vote (candidate self-stake)
5,node_0342,node_0282,0.88,5700,active,voter (Total-weighted random choice)
5,node_0343,node_0191,1.08,11340,active,voter (Total-weighted random choice)
5,node_0344,node_0344,1.00,447,active,self-vote (candidate self-stake)
5,node_0345,node_0449,1.32,756,active,voter (Total-weighted random choice)
5,node_0346,node_0023,1.01,3476,active,voter (Total-weighted random choice)
5,node_0347,node_0347,1.00,4421,active,self-vote (candidate self-stake)
5,node_0348,node_0136,1.22,1041,active,voter (Total-weighted random choice)
5,node_0349,node_0261,1.48,4198,active,voter (Total-weighted random choice)
5,node_0350,node_0316,0.56,1414,active,voter (Total-weighted random choice)
5,node_0351,node_0092,0.69,5108,active,voter (Total-weighted random choice)
5,node_0352,node_0352,1.00,11601,active,self-vote (candidate self-stake)
5,node_0353,node_0119,1.32,10093,active,voter (Total-weighted random choice)
5,node_0354,node_0313,1.48,6142,rejected,voter (Total-weighted random choice)
5,node_0355,node_0347,0.87,123,active,voter (Total-weighted random choice)
5,node_0356,node_0183,1.08,7192,active,voter (Total-weighted random choice)
5,node_0357,node_0097,1.13,6704,active,voter (Total-weighted random choice)
5,node_0358,node_0097,1.08,10565,active,voter (Total-weighted random choice)
5,node_0359,node_0359,1.00,302,active,self-vote (candidate self-stake)
5,node_0360,node_0183,1.37,1212,rejected,voter (Total-weighted random choice)
5,node_0361,node_0136,0.78,1491,active,voter (Total-weighted random choice)
5,node_0362,node_0105,1.35,584,active,voter (Total-weighted random choice)
5,node_0363,node_0148,1.35,204,active,voter (Total-weighted random choice)
5,node_0364,node_0466,0.66,758,active,voter (Total-weighted random choice)
5,node_0365,node_0278,1.37,11190,active,voter (Total-weighted random choice)
5,node_0366,node_0366,1.00,8423,active,self-vote (candidate self-stake)
5,node_0367,node_0010,0.79,5222,active,voter (Total-weighted random choice)
5,node_0368,node_0276,0.52,3723,active,voter (Total-weighted random choice)
5,node_0369,node_0282,0.89,1486,active,voter (Total-weighted random choice)
5,node_0370,node_0252,1.22,2613,active,voter (Total-weighted random choice)
5,node_0371,node_0154,0.99,10393,active,voter (Total-weighted random choice)
5,node_0372,node_0252,0.78,3929,active,voter (Total-weighted random choice)
5,node_0373,node_0341,0.75,6835,active,voter (Total-weighted random choice)
5,node_0374,node_0405,0.90,11144,active,voter (Total-weighted random choice)
5,node_0375,node_0018,1.13,7689,active,voter (Total-weighted random choice)
5,node_0376,node_0449,1.37,11048,active,voter (Total-weighted random choice)
5,node_0377,node_0333,1.16,8739,active,voter (Total-weighted random choice)
5,node_0378,node_0407,0.60,1467,active,voter (Total-weighted random choice)
5,node_0379,node_0333,0.91,7315,active,voter (Total-weighted random choice)
5,node_0380,node_0483,1.03,5947,active,voter (Total-weighted random choice)
5,node_0381,node_0189,1.47,7492,active,voter (Total-weighted random choice)
5,node_0382,node_0407,1.32,41,active,voter (Total-weighted random choice)
5,node_0383,node_0049,0.67,4809,active,voter (Total-weighted random choice)
5,node_0384,node_0307,0.55,8366,active,voter (Total-weighted random choice)
5,node_0385,node_0385,1.00,603,active,self-vote (candidate self-stake)
5,node_0386,node_0171,0.78,8017,active,voter (Total-weighted random choice)
5,node_0387,node_0344,0.80,10767,active,voter (Total-weighted random choice)
5,node_0388,node_0493,0.70,7638,active,voter (Total-weighted random choice)
5,node_0389,node_0049,1.43,7089,rejected,voter (Total-weighted random choice)
5,node_0390,node_0341,1.00,4724,active,voter (Total-weighted random choice)
5,node_0391,node_0407,1.02,5507,active,voter (Total-weighted random choice)
5,node_0392,node_0425,0.61,441,active,voter (Total-weighted random choice)
5,node_0393,node_0488,0.88,202,active,voter (Total-weighted random choice)
5,node_0394,node_0282,0.63,837,active,voter (Total-weighted random choice)
5,node_0395,node_0483,1.43,1295,active,voter (Total-weighted random choice)
5,node_0396,node_0396,1.00,490,active,self-vote (candidate self-stake)
5,node_0397,node_0154,0.50,7534,active,voter (Total-weighted random choice)
5,node_0398,node_0097,0.67,4931,active,voter (Total-weighted random choice)
5,node_0399,node_0406,1.26,4375,active,voter (Total-weighted random choice)
5,node_0400,node_0449,0.56,2621,active,voter (Total-weighted random choice)
5,node_0401,node_0136,1.38,5526,active,voter (Total-weighted random choice)
5,node_0402,node_0107,0.53,2199,active,voter (Total-weighted random choice)
5,node_0403,node_0497,0.59,5956,active,voter (Total-weighted random choice)
5,node_0404,node_0414,0.92,45,active,voter (Total-weighted random choice)
5,node_0405,node_0405,1.00,13334,active,self-vote (candidate self-stake)
5,node_0406,node_0406,1.00,2807,active,self-vote (candidate self-stake)
5,node_0407,node_0407,1.00,1758,active,self-vote (candidate self-stake)
5,node_0408,node_0204,1.30,5097,active,voter (Total-weighted random choice)
5,node_0409,node_0409,1.00,1468,active,self-vote (candidate self-stake)
5,node_0410,node_0406,1.16,10906,active,voter (Total-weighted random choice)
5,node_0411,node_0344,1.30,2403,active,voter (Total-weighted random choice)
5,node_0412,node_0097,1.25,556,active,voter (Total-weighted random choice)
5,node_0413,node_0184,1.04,6479,active,voter (Total-weighted random choice)
5,node_0414,node_0414,1.00,6475,active,self-vote (candidate self-stake)
5,node_0415,node_0415,1.00,4055,active,self-vote (candidate self-stake)
5,node_0416,node_0045,1.00,9071,active,voter (Total-weighted random choice)
5,node_0417,node_0417,1.00,1138,active,self-vote (candidate self-stake)
5,node_0418,node_0049,0.76,209,active,voter (Total-weighted random choice)
5,node_0419,node_0419,1.00,682,active,self-vote (candidate self-stake)
5,node_0420,node_0154,1.20,4184,active,voter (Total-weighted random choice)
5,node_0421,node_0405,0.50,5331,active,voter (Total-weighted random choice)
5,node_0422,node_0493,0.73,11331,active,voter (Total-weighted random choice)
5,node_0423,node_0278,1.40,711,active,voter (Total-weighted random choice)
5,node_0424,node_0183,0.67,6459,active,voter (Total-weighted random choice)
5,node_0425,node_0425,1.00,8240,active,self-vote (candidate self-stake)
5,node_0426,node_0294,1.06,6349,rejected,voter (Total-weighted random choice)
5,node_0427,node_0449,0.98,1406,active,voter (Total-weighted random choice)
5,node_0428,node_0414,1.42,4179,active,voter (Total-weighted random choice)
5,node_0429,node_0449,1.45,1610,active,voter (Total-weighted random choice)
5,node_0430,node_0396,1.48,3439,active,voter (Total-weighted random choice)
5,node_0431,node_0105,1.37,8981,active,voter (Total-weighted random choice)
5,node_0432,node_0294,0.99,4871,rejected,voter (Total-weighted random choice)
5,node_0433,node_0433,1.00,329,active,self-vote (candidate self-stake)
5,node_0434,node_0448,0.79,10118,active,voter (Total-weighted random choice)
5,node_0435,node_0435,1.00,5571,active,self-vote (candidate self-stake)
5,node_0436,node_0359,1.13,7400,active,voter (Total-weighted random choice)
5,node_0437,node_0183,0.69,1690,active,voter (Total-weighted random choice)
5,node_0438,node_0359,1.06,719,active,voter (Total-weighted random choice)
5,node_0439,node_0171,0.55,9773,active,voter (Total-weighted random choice)
5,node_0440,node_0341,0.75,10167,active,voter (Total-weighted random choice)
5,node_0441,node_0449,1.32,7065,active,voter (Total-weighted random choice)
5,node_0442,node_0493,1.29,11307,active,voter (Total-weighted random choice)
5,node_0443,node_0448,0.81,5047,active,voter (Total-weighted random choice)
5,node_0444,node_0409,0.51,11474,active,voter (Total-weighted random choice)
5,node_0445,node_0183,1.26,11028,active,voter (Total-weighted random choice)
5,node_0446,node_0352,0.61,5104,active,voter (Total-weighted random choice)
5,node_0447,node_0339,0.95,9049,active,voter (Total-weighted random choice)
5,node_0448,node_0448,1.00,11577,active,self-vote (candidate self-stake)
5,node_0449,node_0449,1.00,5967,active,self-vote (candidate self-stake)
5,node_0450,node_0166,1.04,3681,active,voter (Total-weighted random choice)
5,node_0451,node_0451,1.00,287,active,self-vote (candidate self-stake)
5,node_0452,node_0184,1.27,194,active,voter (Total-weighted random choice)
5,node_0453,node_0261,0.93,967,active,voter (Total-weighted random choice)
5,node_0454,node_0097,1.43,8855,rejected,voter (Total-weighted random choice)
5,node_0455,node_0154,0.52,3930,active,voter (Total-weighted random choice)
5,node_0456,node_0396,0.78,7338,active,voter (Total-weighted random choice)
5,node_0457,node_0154,1.12,8566,active,voter (Total-weighted random choice)
5,node_0458,node_0458,1.00,369,active,self-vote (candidate self-stake)
5,node_0459,node_0234,1.34,5679,active,voter (Total-weighted random choice)
5,node_0460,node_0347,0.92,6200,active,voter (Total-weighted random choice)
5,node_0461,node_0145,1.19,6395,active,voter (Total-weighted random choice)
5,node_0462,node_0462,1.00,1987,active,self-vote (candidate self-stake)
5,node_0463,node_0352,0.53,7261,active,voter (Total-weighted random choice)
5,node_0464,node_0234,0.88,1452,active,voter (Total-weighted random choice)
5,node_0465,node_0313,1.22,8901,active,voter (Total-weighted random choice)
5,node_0466,node_0466,1.00,5919,active,self-vote (candidate self-stake)
5,node_0467,node_0282,0.91,5104,active,voter (Total-weighted random choice)
5,node_0468,node_0183,1.36,1915,rejected,voter (Total-weighted random choice)
5,node_0469,node_0406,1.48,1669,active,voter (Total-weighted random choice)
5,node_0470,node_0307,0.78,11063,active,voter (Total-weighted random choice)
5,node_0471,node_0107,1.13,3851,rejected,voter (Total-weighted random choice)
5,node_0472,node_0462,0.91,10337,active,voter (Total-weighted random choice)
5,node_0473,node_0347,1.04,2676,active,voter (Total-weighted random choice)
5,node_0474,node_0019,0.52,6104,active,voter (Total-weighted random choice)
5,node_0475,node_0344,0.88,5017,active,voter (Total-weighted random choice)
5,node_0476,node_0333,1.43,7476,active,voter (Total-weighted random choice)
5,node_0477,node_0145,0.67,5527,active,voter (Total-weighted random choice)
5,node_0478,node_0419,1.14,3549,active,voter (Total-weighted random choice)
5,node_0479,node_0359,1.10,7160,active,voter (Total-weighted random choice)
5,node_0480,node_0215,0.60,12248,active,voter (Total-weighted random choice)
5,node_0481,node_0010,0.74,3335,active,voter (Total-weighted random choice)
5,node_0482,node_0019,1.47,2099,active,voter (Total-weighted random choice)
5,node_0483,node_0483,1.00,6192,active,self-vote (candidate self-stake)
5,node_0484,node_0433,0.80,9702,active,voter (Total-weighted random choice)
5,node_0485,node_0485,1.00,845,active,self-vote (candidate self-stake)
5,node_0486,node_0497,1.03,6961,active,voter (Total-weighted random choice)
5,node_0487,node_0316,1.24,5870,active,voter (Total-weighted random choice)
5,node_0488,node_0488,1.00,10127,active,self-vote (candidate self-stake)
5,node_0489,node_0239,1.09,7631,active,voter (Total-weighted random choice)
5,node_0490,node_0023,0.69,5030,active,voter (Total-weighted random choice)
5,node_0491,node_0049,0.90,5168,active,voter (Total-weighted random choice)
5,node_0492,node_0184,0.87,980,active,voter (Total-weighted random choice)
5,node_0493,node_0493,1.00,1308,active,self-vote (candidate self-stake)
5,node_0494,node_0494,1.00,12787,active,self-vote (candidate self-stake)
5,node_0495,node_0063,0.90,5722,active,voter (Total-weighted random choice)
5,node_0496,node_0366,0.53,958,active,voter (Total-weighted random choice)
5,node_0497,node_0497,1.00,1852,active,self-vote (candidate self-stake)
5,node_0498,node_0175,1.41,2289,active,voter (Total-weighted random choice)
5,node_0499,node_0352,1.00,4831,active,voter (Total-weighted random choice)
5,node_0500,node_0107,1.26,6867,rejected,voter (Total-weighted random choice)
