Reward_dist_id,Block_id,type,account_id,self.stake,pd_reward_stake,closing_stake,remarks
1,block_0001,PDDPoS,node_0447,9751.0,66.83,9817.83,voter pd share
2,block_0001,PDDPoS,node_0364,1136.0,15.05,1151.05,voter pd share
3,block_0001,PDDPoS,node_0171,8021.0,114.79,8135.79,voter pd share
4,block_0001,PDDPoS,node_0270,8975.0,152.12,9127.12,voter pd share
5,block_0001,PDDPoS,node_0486,7456.0,198.21,7654.21,self 20% + leftover
6,block_0002,PDDPoS,node_0409,2724.0,28.46,2752.46,voter pd share
7,block_0002,PDDPoS,node_0166,6843.0,78.16,6921.16,voter pd share
8,block_0002,PDDPoS,node_0291,3998.0,58.5,4056.5,voter pd share
9,block_0002,PDDPoS,node_0125,2939.0,46.44,2985.44,voter pd share
10,block_0002,PDDPoS,node_0196,9813.0,159.89,9972.89,voter pd share
11,block_0002,PDDPoS,node_0303,8839.0,249.55,9088.55,self 20% + leftover
12,block_0003,PDDPoS,node_0444,8443.0,78.43,8521.43,voter pd share
13,block_0003,PDDPoS,node_0260,7750.0,106.43,7856.43,voter pd share
14,block_0003,PDDPoS,node_0211,9243.0,142.27,9385.27,voter pd share
15,block_0003,PDDPoS,node_0401,7048.0,121.9,7169.9,voter pd share
16,block_0003,PDDPoS,node_0497,2484.0,155.98,2639.98,self 20% + leftover
17,block_0004,PDDPoS,node_0410,9392.0,88.28,9480.28,voter pd share
18,block_0004,PDDPoS,node_0169,5731.0,67.46,5798.46,voter pd share
19,block_0004,PDDPoS,node_0233,4189.0,64.77,4253.77,voter pd share
20,block_0004,PDDPoS,node_0232,7157.0,113.26,7270.26,voter pd share
21,block_0004,PDDPoS,node_0494,7757.0,194.23,7951.23,self 20% + leftover
22,block_0005,PDDPoS,node_0428,7586.0,118.25,7704.25,voter pd share
23,block_0005,PDDPoS,node_0085,6809.0,115.37,6924.37,voter pd share
24,block_0005,PDDPoS,node_0230,8203.0,139.37,8342.37,voter pd share
25,block_0005,PDDPoS,node_0334,8707.0,165.0,8872.0,voter pd share
26,block_0005,PDDPoS,node_0209,2993.0,238.01,3231.01,self 20% + leftover
27,block_0006,PDDPoS,node_0404,212.0,1.27,213.27,voter pd share
28,block_0006,PDDPoS,node_0100,8383.0,92.33,8475.33,voter pd share
29,block_0006,PDDPoS,node_0432,5672.0,72.27,5744.27,voter pd share
30,block_0006,PDDPoS,node_0263,5786.0,121.85,5907.85,voter pd share
31,block_0006,PDDPoS,node_0339,6556.0,142.24,6698.24,voter pd share
32,block_0006,PDDPoS,node_0442,7682.0,265.04,7947.04,self 20% + leftover
33,block_0007,PDDPoS,node_0327,3661.0,43.22,3704.22,voter pd share
34,block_0007,PDDPoS,node_0244,2744.0,31.71,2775.71,voter pd share
35,block_0007,PDDPoS,node_0238,9218.0,134.11,9352.11,voter pd share
36,block_0007,PDDPoS,node_0436,4020.0,57.2,4077.2,voter pd share
37,block_0007,PDDPoS,node_0009,6889.0,136.62,7025.62,voter pd share
38,block_0007,PDDPoS,node_0315,7574.0,298.15,7872.15,self 20% + leftover
39,block_0008,PDDPoS,node_0474,7286.0,98.94,7384.94,voter pd share
40,block_0008,PDDPoS,node_0043,8968.0,129.17,9097.17,voter pd share
41,block_0008,PDDPoS,node_0068,3144.0,67.26,3211.26,voter pd share
42,block_0008,PDDPoS,node_0440,9035.0,220.09,9255.09,voter pd share
43,block_0008,PDDPoS,node_0403,5124.0,261.54,5385.54,self 20% + leftover
44,block_0009,PDDPoS,node_0391,6041.0,100.94,6141.94,voter pd share
45,block_0009,PDDPoS,node_0292,6814.0,117.14,6931.14,voter pd share
46,block_0009,PDDPoS,node_0371,9888.0,191.48,10079.48,voter pd share
47,block_0009,PDDPoS,node_0460,5324.0,119.28,5443.28,voter pd share
48,block_0009,PDDPoS,node_0336,4734.0,248.15,4982.15,self 20% + leftover
49,block_0010,PDDPoS,node_0234,1791.0,24.63,1815.63,voter pd share
50,block_0010,PDDPoS,node_0282,7871.0,107.42,7978.42,voter pd share
51,block_0010,PDDPoS,node_0161,4707.0,70.84,4777.84,voter pd share
52,block_0010,PDDPoS,node_0007,3563.0,56.56,3619.56,voter pd share
53,block_0010,PDDPoS,node_0310,2346.0,54.4,2400.4,voter pd share
54,block_0010,PDDPoS,node_0015,5969.0,159.05,6128.05,voter pd share
55,block_0010,PDDPoS,node_0383,6025.0,305.1,6330.1,self 20% + leftover
56,block_0011,PDDPoS,node_0024,794.0,10.89,804.89,voter pd share
57,block_0011,PDDPoS,node_0011,1724.0,20.39,1744.39,voter pd share
58,block_0011,PDDPoS,node_0412,1552.0,19.67,1571.67,voter pd share
59,block_0011,PDDPoS,node_0177,7567.0,126.1,7693.1,voter pd share
60,block_0011,PDDPoS,node_0134,5042.0,87.84,5129.84,voter pd share
61,block_0011,PDDPoS,node_0235,7959.0,157.94,8116.94,voter pd share
62,block_0011,PDDPoS,node_0479,7404.0,238.16,7642.16,self 20% + leftover
63,block_0012,PDDPoS,node_0473,3050.0,45.94,3095.94,voter pd share
64,block_0012,PDDPoS,node_0280,8308.0,140.93,8448.93,voter pd share
65,block_0012,PDDPoS,node_0465,6823.0,124.63,6947.63,voter pd share
66,block_0012,PDDPoS,node_0431,8753.0,171.86,8924.86,voter pd share
67,block_0012,PDDPoS,node_0450,5252.0,292.65,5544.65,self 20% + leftover
68,block_0013,PDDPoS,node_0186,3982.0,57.64,4039.64,voter pd share
69,block_0013,PDDPoS,node_0492,1810.0,25.49,1835.49,voter pd share
70,block_0013,PDDPoS,node_0034,7050.0,120.16,7170.16,voter pd share
71,block_0013,PDDPoS,node_0080,8109.0,150.4,8259.4,voter pd share
72,block_0013,PDDPoS,node_0199,92.0,4.66,96.66,voter pd share
73,block_0013,PDDPoS,node_0227,503.0,6.17,509.17,voter pd share
74,block_0013,PDDPoS,node_0060,8778.0,226.89,9004.89,voter pd share
75,block_0013,PDDPoS,node_0496,1406.0,185.6,1591.6,self 20% + leftover
76,block_0014,PDDPoS,node_0443,4238.0,47.91,4285.91,voter pd share
77,block_0014,PDDPoS,node_0214,7644.0,104.16,7748.16,voter pd share
78,block_0014,PDDPoS,node_0183,5655.0,87.58,5742.58,voter pd share
79,block_0014,PDDPoS,node_0114,6666.0,107.96,6773.96,voter pd share
80,block_0014,PDDPoS,node_0079,4850.0,102.51,4952.51,voter pd share
81,block_0014,PDDPoS,node_0194,1527.0,135.88,1662.88,self 20% + leftover
82,block_0015,PDDPoS,node_0288,2538.0,30.5,2568.5,voter pd share
83,block_0015,PDDPoS,node_0278,2031.0,28.29,2059.29,voter pd share
84,block_0015,PDDPoS,node_0224,4513.0,72.15,4585.15,voter pd share
85,block_0015,PDDPoS,node_0099,3262.0,58.03,3320.03,voter pd share
86,block_0015,PDDPoS,node_0490,3910.0,82.47,3992.47,voter pd share
87,block_0015,PDDPoS,node_0208,5462.0,144.29,5606.29,voter pd share
88,block_0015,PDDPoS,node_0333,8512.0,361.28,8873.28,self 20% + leftover
89,block_0016,PDDPoS,node_0408,6063.0,105.69,6168.69,voter pd share
90,block_0016,PDDPoS,node_0422,8430.0,154.67,8584.67,voter pd share
91,block_0016,PDDPoS,node_0005,4060.0,98.92,4158.92,voter pd share
92,block_0016,PDDPoS,node_0110,4077.0,107.71,4184.71,voter pd share
93,block_0016,PDDPoS,node_0201,7642.0,311.0,7953.0,self 20% + leftover
94,block_0017,PDDPoS,node_0268,5181.0,68.32,5249.32,voter pd share
95,block_0017,PDDPoS,node_0240,5241.0,86.78,5327.78,voter pd share
96,block_0017,PDDPoS,node_0379,7522.0,134.83,7656.83,voter pd share
97,block_0017,PDDPoS,node_0220,5761.0,150.08,5911.08,voter pd share
98,block_0017,PDDPoS,node_0421,7126.0,336.99,7462.99,self 20% + leftover
99,block_0018,PDDPoS,node_0320,3051.0,48.12,3099.12,voter pd share
100,block_0018,PDDPoS,node_0014,6284.0,92.73,6376.73,voter pd share
101,block_0018,PDDPoS,node_0218,7663.0,133.83,7796.83,voter pd share
102,block_0018,PDDPoS,node_0493,2355.0,43.02,2398.02,voter pd share
103,block_0018,PDDPoS,node_0241,4972.0,102.28,5074.28,voter pd share
104,block_0018,PDDPoS,node_0425,5300.0,205.02,5505.02,self 20% + leftover
105,block_0019,PDDPoS,node_0138,9106.0,125.04,9231.04,voter pd share
106,block_0019,PDDPoS,node_0272,7190.0,163.21,7353.21,voter pd share
107,block_0019,PDDPoS,node_0202,2875.0,77.63,2952.63,voter pd share
108,block_0019,PDDPoS,node_0243,3361.0,99.9,3460.9,voter pd share
109,block_0019,PDDPoS,node_0500,6594.0,312.23,6906.23,self 20% + leftover
110,block_0020,PDDPoS,node_0405,8963.0,111.25,9074.25,voter pd share
111,block_0020,PDDPoS,node_0249,3928.0,54.82,3982.82,voter pd share
112,block_0020,PDDPoS,node_0108,2106.0,44.01,2150.01,voter pd share
113,block_0020,PDDPoS,node_0151,1797.0,40.42,1837.42,voter pd share
114,block_0020,PDDPoS,node_0142,8350.0,196.1,8546.1,voter pd share
115,block_0020,PDDPoS,node_0475,4244.0,206.41,4450.41,self 20% + leftover
116,block_0021,PDDPoS,node_0438,1153.0,14.39,1167.39,voter pd share
117,block_0021,PDDPoS,node_0462,2220.0,27.96,2247.96,voter pd share
118,block_0021,PDDPoS,node_0433,1141.0,17.39,1158.39,voter pd share
119,block_0021,PDDPoS,node_0061,3919.0,54.74,3973.74,voter pd share
120,block_0021,PDDPoS,node_0346,3686.0,88.74,3774.74,voter pd share
121,block_0021,PDDPoS,node_0172,8047.0,213.98,8260.98,voter pd share
122,block_0021,PDDPoS,node_0192,9479.0,359.8,9838.8,self 20% + leftover
123,block_0022,PDDPoS,node_0121,7064.0,79.54,7143.54,voter pd share
124,block_0022,PDDPoS,node_0128,7003.0,94.06,7097.06,voter pd share
125,block_0022,PDDPoS,node_0481,3597.0,46.63,3643.63,voter pd share
126,block_0022,PDDPoS,node_0375,8653.0,130.31,8783.31,voter pd share
127,block_0022,PDDPoS,node_0103,4154.0,193.46,4347.46,self 20% + leftover
128,block_0023,PDDPoS,node_0446,4577.0,54.72,4631.72,voter pd share
129,block_0023,PDDPoS,node_0411,2951.0,39.9,2990.9,voter pd share
130,block_0023,PDDPoS,node_0332,6648.0,121.55,6769.55,voter pd share
131,block_0023,PDDPoS,node_0267,7597.0,187.8,7784.8,voter pd share
132,block_0023,PDDPoS,node_0049,8103.0,280.02,8383.02,self 20% + leftover
133,block_0024,PDDPoS,node_0127,5379.0,61.93,5440.93,voter pd share
134,block_0024,PDDPoS,node_0160,4160.0,58.45,4218.45,voter pd share
135,block_0024,PDDPoS,node_0036,8362.0,224.69,8586.69,voter pd share
136,block_0024,PDDPoS,node_0040,8467.0,224.44,8691.44,voter pd share
137,block_0024,PDDPoS,node_0077,2844.0,208.49,3052.49,self 20% + leftover
138,block_0025,PDDPoS,node_0066,1613.0,21.22,1634.22,voter pd share
139,block_0025,PDDPoS,node_0448,9800.0,146.4,9946.4,voter pd share
140,block_0025,PDDPoS,node_0373,8350.0,182.77,8532.77,voter pd share
141,block_0025,PDDPoS,node_0067,9193.0,286.62,9479.62,self 20% + leftover
142,block_0026,PDDPoS,node_0122,4259.0,72.47,4331.47,voter pd share
143,block_0026,PDDPoS,node_0318,9494.0,178.78,9672.78,voter pd share
144,block_0026,PDDPoS,node_0395,2250.0,41.36,2291.36,voter pd share
145,block_0026,PDDPoS,node_0246,9949.0,251.86,10200.86,voter pd share
146,block_0026,PDDPoS,node_0039,2816.0,228.53,3044.53,self 20% + leftover
147,block_0027,PDDPoS,node_0219,6912.0,112.88,7024.88,voter pd share
148,block_0027,PDDPoS,node_0281,8253.0,181.66,8434.66,voter pd share
149,block_0027,PDDPoS,node_0087,4369.0,96.89,4465.89,voter pd share
150,block_0027,PDDPoS,node_0352,9729.0,379.57,10108.57,self 20% + leftover
151,block_0028,PDDPoS,node_0454,6935.0,108.42,7043.42,voter pd share
152,block_0028,PDDPoS,node_0212,1617.0,23.75,1640.75,voter pd share
153,block_0028,PDDPoS,node_0145,4794.0,90.01,4884.01,voter pd share
154,block_0028,PDDPoS,node_0107,9671.0,219.71,9890.71,voter pd share
155,block_0028,PDDPoS,node_0463,4852.0,260.1,5112.1,self 20% + leftover
156,block_0029,PDDPoS,node_0454,7133.42,120.16,7253.59,voter pd share
157,block_0029,PDDPoS,node_0212,1728.75,26.33,1755.08,voter pd share
158,block_0029,PDDPoS,node_0145,4963.01,99.75,5062.76,voter pd share
159,block_0029,PDDPoS,node_0107,9936.71,243.5,10180.21,voter pd share
160,block_0029,PDDPoS,node_0463,5157.1,288.26,5445.37,self 20% + leftover
161,block_0030,PDDPoS,node_0056,9841.0,134.98,9975.98,voter pd share
162,block_0030,PDDPoS,node_0044,9835.0,150.84,9985.84,voter pd share
163,block_0030,PDDPoS,node_0003,9165.0,378.18,9543.18,self 20% + leftover
164,block_0031,PDDPoS,node_0447,9363.83,81.0,9444.83,voter pd share
165,block_0031,PDDPoS,node_0364,1085.05,18.25,1103.3,voter pd share
166,block_0031,PDDPoS,node_0171,8455.79,139.13,8594.92,voter pd share
167,block_0031,PDDPoS,node_0270,9148.12,184.38,9332.5,voter pd share
168,block_0031,PDDPoS,node_0486,7741.21,240.25,7981.46,self 20% + leftover
169,block_0032,PDDPoS,node_0409,2970.46,28.14,2998.59,voter pd share
170,block_0032,PDDPoS,node_0166,7007.16,77.28,7084.44,voter pd share
171,block_0032,PDDPoS,node_0291,3880.5,57.84,3938.34,voter pd share
172,block_0032,PDDPoS,node_0125,2774.44,45.91,2820.35,voter pd share
173,block_0032,PDDPoS,node_0196,9879.89,158.09,10037.98,voter pd share
174,block_0032,PDDPoS,node_0303,8835.55,246.74,9082.29,self 20% + leftover
175,block_0033,PDDPoS,node_0444,8732.43,100.72,8833.15,voter pd share
176,block_0033,PDDPoS,node_0260,7695.43,136.68,7832.11,voter pd share
177,block_0033,PDDPoS,node_0211,9238.27,182.71,9420.98,voter pd share
178,block_0033,PDDPoS,node_0401,6881.9,156.56,7038.46,voter pd share
179,block_0033,PDDPoS,node_0497,2564.98,200.33,2765.31,self 20% + leftover
180,block_0034,PDDPoS,node_0410,9287.28,101.16,9388.44,voter pd share
181,block_0034,PDDPoS,node_0169,5969.46,77.3,6046.76,voter pd share
182,block_0034,PDDPoS,node_0233,4088.77,74.22,4162.99,voter pd share
183,block_0034,PDDPoS,node_0232,6943.26,129.77,7073.03,voter pd share
184,block_0034,PDDPoS,node_0494,7891.23,222.55,8113.78,self 20% + leftover
185,block_0035,PDDPoS,node_0428,8043.25,86.4,8129.64,voter pd share
186,block_0035,PDDPoS,node_0085,7222.37,84.3,7306.67,voter pd share
187,block_0035,PDDPoS,node_0230,7985.37,101.84,8087.21,voter pd share
188,block_0035,PDDPoS,node_0334,8856.0,120.56,8976.56,voter pd share
189,block_0035,PDDPoS,node_0209,3314.01,173.91,3487.92,self 20% + leftover
190,block_0036,PDDPoS,node_0404,165.27,1.4,166.67,voter pd share
191,block_0036,PDDPoS,node_0100,8177.33,101.77,8279.1,voter pd share
192,block_0036,PDDPoS,node_0432,5805.27,79.65,5884.92,voter pd share
193,block_0036,PDDPoS,node_0263,6250.85,134.3,6385.14,voter pd share
194,block_0036,PDDPoS,node_0339,6713.24,156.77,6870.01,voter pd share
195,block_0036,PDDPoS,node_0442,8004.04,292.11,8296.15,self 20% + leftover
196,block_0037,PDDPoS,node_0327,3543.22,37.79,3581.01,voter pd share
197,block_0037,PDDPoS,node_0244,2675.71,27.73,2703.43,voter pd share
198,block_0037,PDDPoS,node_0238,9249.11,117.27,9366.38,voter pd share
199,block_0037,PDDPoS,node_0436,4553.2,50.02,4603.22,voter pd share
200,block_0037,PDDPoS,node_0009,7133.62,119.47,7253.09,voter pd share
201,block_0037,PDDPoS,node_0315,7445.15,260.72,7705.87,self 20% + leftover
202,block_0038,PDDPoS,node_0474,7340.94,94.74,7435.68,voter pd share
203,block_0038,PDDPoS,node_0043,8790.17,123.68,8913.85,voter pd share
204,block_0038,PDDPoS,node_0068,3314.26,64.4,3378.66,voter pd share
205,block_0038,PDDPoS,node_0440,9446.09,210.74,9656.83,voter pd share
206,block_0038,PDDPoS,node_0403,5545.54,250.43,5795.98,self 20% + leftover
207,block_0039,PDDPoS,node_0391,5958.94,98.34,6057.29,voter pd share
208,block_0039,PDDPoS,node_0292,7487.14,114.13,7601.27,voter pd share
209,block_0039,PDDPoS,node_0371,9803.48,186.55,9990.03,voter pd share
210,block_0039,PDDPoS,node_0460,6158.28,116.21,6274.5,voter pd share
211,block_0039,PDDPoS,node_0336,4814.15,241.76,5055.91,self 20% + leftover
212,block_0040,PDDPoS,node_0234,1582.63,24.6,1607.23,voter pd share
213,block_0040,PDDPoS,node_0282,8033.42,107.29,8140.71,voter pd share
214,block_0040,PDDPoS,node_0161,4965.84,70.75,5036.59,voter pd share
215,block_0040,PDDPoS,node_0007,3754.56,56.49,3811.04,voter pd share
216,block_0040,PDDPoS,node_0310,2430.4,54.33,2484.73,voter pd share
217,block_0040,PDDPoS,node_0015,5958.05,158.85,6116.9,voter pd share
218,block_0040,PDDPoS,node_0383,6239.1,304.7,6543.8,self 20% + leftover
219,block_0041,PDDPoS,node_0024,839.89,12.75,852.64,voter pd share
220,block_0041,PDDPoS,node_0011,1442.39,23.88,1466.27,voter pd share
221,block_0041,PDDPoS,node_0412,1501.67,23.04,1524.71,voter pd share
222,block_0041,PDDPoS,node_0177,8033.1,147.65,8180.75,voter pd share
223,block_0041,PDDPoS,node_0134,4909.84,102.86,5012.7,voter pd share
224,block_0041,PDDPoS,node_0235,8394.94,184.94,8579.87,voter pd share
225,block_0041,PDDPoS,node_0479,7618.16,278.88,7897.04,self 20% + leftover
226,block_0042,PDDPoS,node_0473,3416.94,33.15,3450.09,voter pd share
227,block_0042,PDDPoS,node_0280,8235.93,101.7,8337.63,voter pd share
228,block_0042,PDDPoS,node_0465,7100.63,89.94,7190.56,voter pd share
229,block_0042,PDDPoS,node_0431,8612.86,124.02,8736.88,voter pd share
230,block_0042,PDDPoS,node_0450,5532.65,211.19,5743.84,self 20% + leftover
231,block_0043,PDDPoS,node_0186,3935.64,39.61,3975.25,voter pd share
232,block_0043,PDDPoS,node_0492,1808.49,17.52,1826.0,voter pd share
233,block_0043,PDDPoS,node_0034,7143.16,82.58,7225.75,voter pd share
234,block_0043,PDDPoS,node_0080,8295.4,103.36,8398.76,voter pd share
235,block_0043,PDDPoS,node_0199,82.66,3.21,85.87,voter pd share
236,block_0043,PDDPoS,node_0227,652.17,4.24,656.41,voter pd share
237,block_0043,PDDPoS,node_0060,9145.89,155.93,9301.82,voter pd share
238,block_0043,PDDPoS,node_0496,1749.6,127.55,1877.15,self 20% + leftover
239,block_0044,PDDPoS,node_0443,4203.91,63.52,4267.43,voter pd share
240,block_0044,PDDPoS,node_0214,7498.16,138.11,7636.28,voter pd share
241,block_0044,PDDPoS,node_0183,5532.58,116.12,5648.7,voter pd share
242,block_0044,PDDPoS,node_0114,6933.96,143.15,7077.12,voter pd share
243,block_0044,PDDPoS,node_0079,4452.51,135.92,4588.44,voter pd share
244,block_0044,PDDPoS,node_0194,2145.88,180.17,2326.04,self 20% + leftover
245,block_0045,PDDPoS,node_0288,2516.5,30.54,2547.04,voter pd share
246,block_0045,PDDPoS,node_0278,1776.29,28.33,1804.61,voter pd share
247,block_0045,PDDPoS,node_0224,4580.15,72.24,4652.39,voter pd share
248,block_0045,PDDPoS,node_0099,3251.03,58.1,3309.13,voter pd share
249,block_0045,PDDPoS,node_0490,3822.47,82.58,3905.05,voter pd share
250,block_0045,PDDPoS,node_0208,5591.29,144.47,5735.76,voter pd share
251,block_0045,PDDPoS,node_0333,9128.28,361.74,9490.02,self 20% + leftover
252,block_0046,PDDPoS,node_0408,6068.69,73.09,6141.78,voter pd share
253,block_0046,PDDPoS,node_0422,8274.67,106.96,8381.63,voter pd share
254,block_0046,PDDPoS,node_0005,4441.92,68.4,4510.32,voter pd share
255,block_0046,PDDPoS,node_0110,4089.71,74.48,4164.2,voter pd share
256,block_0046,PDDPoS,node_0201,8125.0,215.06,8340.06,self 20% + leftover
257,block_0047,PDDPoS,node_0268,5404.32,62.43,5466.74,voter pd share
258,block_0047,PDDPoS,node_0240,4984.78,79.3,5064.08,voter pd share
259,block_0047,PDDPoS,node_0379,7794.83,123.2,7918.04,voter pd share
260,block_0047,PDDPoS,node_0220,5827.08,137.14,5964.22,voter pd share
261,block_0047,PDDPoS,node_0421,7064.99,307.93,7372.92,self 20% + leftover
262,block_0048,PDDPoS,node_0320,2917.12,55.82,2972.94,voter pd share
263,block_0048,PDDPoS,node_0014,6372.73,107.56,6480.29,voter pd share
264,block_0048,PDDPoS,node_0218,6976.83,155.25,7132.08,voter pd share
265,block_0048,PDDPoS,node_0493,2153.02,49.9,2202.91,voter pd share
266,block_0048,PDDPoS,node_0241,4968.28,118.65,5086.93,voter pd share
267,block_0048,PDDPoS,node_0425,5495.02,237.83,5732.85,self 20% + leftover
268,block_0049,PDDPoS,node_0138,9233.04,108.96,9342.0,voter pd share
269,block_0049,PDDPoS,node_0272,7411.21,142.23,7553.44,voter pd share
270,block_0049,PDDPoS,node_0202,2974.63,67.65,3042.29,voter pd share
271,block_0049,PDDPoS,node_0243,3539.9,87.06,3626.96,voter pd share
272,block_0049,PDDPoS,node_0500,7139.23,272.09,7411.32,self 20% + leftover
273,block_0050,PDDPoS,node_0405,9188.25,111.76,9300.01,voter pd share
274,block_0050,PDDPoS,node_0249,3761.82,55.07,3816.88,voter pd share
275,block_0050,PDDPoS,node_0108,1975.01,44.21,2019.21,voter pd share
276,block_0050,PDDPoS,node_0151,2096.42,40.61,2137.03,voter pd share
277,block_0050,PDDPoS,node_0142,8918.1,197.0,9115.1,voter pd share
278,block_0050,PDDPoS,node_0475,4350.41,207.36,4557.77,self 20% + leftover
279,block_0051,PDDPoS,node_0438,832.39,14.41,846.8,voter pd share
280,block_0051,PDDPoS,node_0462,2486.96,28.0,2514.96,voter pd share
281,block_0051,PDDPoS,node_0433,931.39,17.41,948.79,voter pd share
282,block_0051,PDDPoS,node_0061,4075.74,54.81,4130.55,voter pd share
283,block_0051,PDDPoS,node_0346,3917.74,88.86,4006.6,voter pd share
284,block_0051,PDDPoS,node_0172,7810.98,214.26,8025.24,voter pd share
285,block_0051,PDDPoS,node_0192,9722.8,360.26,10083.06,self 20% + leftover
286,block_0052,PDDPoS,node_0121,6887.54,102.49,6990.03,voter pd share
287,block_0052,PDDPoS,node_0128,7195.06,121.21,7316.28,voter pd share
288,block_0052,PDDPoS,node_0481,3609.63,60.09,3669.72,voter pd share
289,block_0052,PDDPoS,node_0375,8785.31,167.92,8953.23,voter pd share
290,block_0052,PDDPoS,node_0103,4397.46,249.29,4646.75,self 20% + leftover
291,block_0053,PDDPoS,node_0446,4511.72,52.96,4564.69,voter pd share
292,block_0053,PDDPoS,node_0411,2994.9,38.61,3033.51,voter pd share
293,block_0053,PDDPoS,node_0332,6658.55,117.64,6776.2,voter pd share
294,block_0053,PDDPoS,node_0267,7802.8,181.76,7984.57,voter pd share
295,block_0053,PDDPoS,node_0049,8248.02,271.02,8519.04,self 20% + leftover
296,block_0054,PDDPoS,node_0127,5918.93,54.76,5973.69,voter pd share
297,block_0054,PDDPoS,node_0160,4391.45,51.69,4443.13,voter pd share
298,block_0054,PDDPoS,node_0036,8601.69,198.7,8800.39,voter pd share
299,block_0054,PDDPoS,node_0040,8367.44,198.48,8565.92,voter pd share
300,block_0054,PDDPoS,node_0077,3132.49,184.37,3316.86,self 20% + leftover
301,block_0055,PDDPoS,node_0066,1772.22,22.85,1795.07,voter pd share
302,block_0055,PDDPoS,node_0448,10186.4,157.66,10344.05,voter pd share
303,block_0055,PDDPoS,node_0373,8258.77,196.82,8455.59,voter pd share
304,block_0055,PDDPoS,node_0067,9271.62,308.67,9580.29,self 20% + leftover
305,block_0056,PDDPoS,node_0122,4147.47,57.94,4205.42,voter pd share
306,block_0056,PDDPoS,node_0318,9664.78,142.93,9807.71,voter pd share
307,block_0056,PDDPoS,node_0395,1904.36,33.07,1937.43,voter pd share
308,block_0056,PDDPoS,node_0246,9778.86,201.35,9980.21,voter pd share
309,block_0056,PDDPoS,node_0039,3212.53,182.71,3395.24,self 20% + leftover
310,block_0057,PDDPoS,node_0219,7391.88,83.89,7475.78,voter pd share
311,block_0057,PDDPoS,node_0281,8259.66,135.01,8394.66,voter pd share
312,block_0057,PDDPoS,node_0087,3917.89,72.01,3989.89,voter pd share
313,block_0057,PDDPoS,node_0352,9846.57,282.09,10128.67,self 20% + leftover
314,block_0058,PDDPoS,node_0255,6898.0,131.04,7029.04,voter pd share
315,block_0058,PDDPoS,node_0054,2183.0,42.0,2225.0,voter pd share
316,block_0058,PDDPoS,node_0439,7361.0,168.31,7529.31,voter pd share
317,block_0058,PDDPoS,node_0156,6947.0,160.61,7107.61,voter pd share
318,block_0058,PDDPoS,node_0459,4303.0,237.03,4540.03,self 20% + leftover
319,block_0059,PDDPoS,node_0454,7373.59,120.16,7493.75,voter pd share
320,block_0059,PDDPoS,node_0212,1398.08,26.33,1424.41,voter pd share
321,block_0059,PDDPoS,node_0145,5293.76,99.75,5393.51,voter pd share
322,block_0059,PDDPoS,node_0107,9842.21,243.5,10085.7,voter pd share
323,block_0059,PDDPoS,node_0463,5417.37,288.26,5705.63,self 20% + leftover
324,block_0060,PDDPoS,node_0056,9709.98,123.39,9833.37,voter pd share
325,block_0060,PDDPoS,node_0044,9791.84,137.89,9929.73,voter pd share
326,block_0060,PDDPoS,node_0003,9820.18,345.72,10165.9,self 20% + leftover
327,block_0061,PDDPoS,node_0447,9050.83,88.45,9139.28,voter pd share
328,block_0061,PDDPoS,node_0364,1212.3,19.93,1232.23,voter pd share
329,block_0061,PDDPoS,node_0171,8620.92,151.93,8772.85,voter pd share
330,block_0061,PDDPoS,node_0270,9229.5,201.34,9430.84,voter pd share
331,block_0061,PDDPoS,node_0486,8408.46,262.35,8670.81,self 20% + leftover
332,block_0062,PDDPoS,node_0409,3198.59,25.98,3224.57,voter pd share
333,block_0062,PDDPoS,node_0166,6385.44,71.37,6456.81,voter pd share
334,block_0062,PDDPoS,node_0291,4074.34,53.41,4127.76,voter pd share
335,block_0062,PDDPoS,node_0125,2894.35,42.4,2936.75,voter pd share
336,block_0062,PDDPoS,node_0196,10172.98,145.99,10318.97,voter pd share
337,block_0062,PDDPoS,node_0303,9060.29,227.85,9288.14,self 20% + leftover
338,block_0063,PDDPoS,node_0444,9224.15,100.59,9324.74,voter pd share
339,block_0063,PDDPoS,node_0260,7185.11,136.51,7321.61,voter pd share
340,block_0063,PDDPoS,node_0211,9500.98,182.48,9683.45,voter pd share
341,block_0063,PDDPoS,node_0401,6963.46,156.36,7119.82,voter pd share
342,block_0063,PDDPoS,node_0497,2757.31,200.07,2957.38,self 20% + leftover
343,block_0064,PDDPoS,node_0428,7362.64,118.4,7481.04,voter pd share
344,block_0064,PDDPoS,node_0085,6899.67,115.52,7015.19,voter pd share
345,block_0064,PDDPoS,node_0230,7817.21,139.55,7956.76,voter pd share
346,block_0064,PDDPoS,node_0334,8808.56,165.21,8973.78,voter pd share
347,block_0064,PDDPoS,node_0209,3469.92,238.32,3708.23,self 20% + leftover
348,block_0065,PDDPoS,node_0428,7481.04,118.55,7599.59,voter pd share
349,block_0065,PDDPoS,node_0085,6944.19,115.67,7059.85,voter pd share
350,block_0065,PDDPoS,node_0230,7956.76,139.73,8096.49,voter pd share
351,block_0065,PDDPoS,node_0334,8991.78,165.43,9157.21,voter pd share
352,block_0065,PDDPoS,node_0209,3708.23,238.62,3946.86,self 20% + leftover
353,block_0066,PDDPoS,node_0404,224.67,1.42,226.1,voter pd share
354,block_0066,PDDPoS,node_0100,7996.1,103.36,8099.46,voter pd share
355,block_0066,PDDPoS,node_0432,5835.92,80.9,5916.82,voter pd share
356,block_0066,PDDPoS,node_0263,6713.14,136.4,6849.54,voter pd share
357,block_0066,PDDPoS,node_0339,6180.01,159.23,6339.24,voter pd share
358,block_0066,PDDPoS,node_0442,9008.15,296.69,9304.84,self 20% + leftover
359,block_0067,PDDPoS,node_0327,3575.01,32.61,3607.62,voter pd share
360,block_0067,PDDPoS,node_0244,2269.43,23.93,2293.36,voter pd share
361,block_0067,PDDPoS,node_0238,9155.38,101.2,9256.59,voter pd share
362,block_0067,PDDPoS,node_0436,4486.22,43.17,4529.39,voter pd share
363,block_0067,PDDPoS,node_0009,6993.09,103.1,7096.19,voter pd share
364,block_0067,PDDPoS,node_0315,7628.87,224.99,7853.86,self 20% + leftover
365,block_0068,PDDPoS,node_0474,7711.68,72.2,7783.88,voter pd share
366,block_0068,PDDPoS,node_0043,8827.85,94.26,8922.11,voter pd share
367,block_0068,PDDPoS,node_0068,3582.66,49.08,3631.75,voter pd share
368,block_0068,PDDPoS,node_0440,9087.83,160.6,9248.43,voter pd share
369,block_0068,PDDPoS,node_0403,5687.98,190.86,5878.83,self 20% + leftover
370,block_0069,PDDPoS,node_0391,6184.29,101.07,6285.36,voter pd share
371,block_0069,PDDPoS,node_0292,7670.27,117.29,7787.57,voter pd share
372,block_0069,PDDPoS,node_0371,9887.03,191.72,10078.75,voter pd share
373,block_0069,PDDPoS,node_0460,6263.5,119.44,6382.94,voter pd share
374,block_0069,PDDPoS,node_0336,5045.91,248.47,5294.38,self 20% + leftover
375,block_0070,PDDPoS,node_0234,1623.23,24.6,1647.82,voter pd share
376,block_0070,PDDPoS,node_0282,7938.71,107.29,8046.0,voter pd share
377,block_0070,PDDPoS,node_0161,4789.59,70.75,4860.34,voter pd share
378,block_0070,PDDPoS,node_0007,3849.04,56.49,3905.53,voter pd share
379,block_0070,PDDPoS,node_0310,2405.73,54.33,2460.06,voter pd share
380,block_0070,PDDPoS,node_0015,6095.9,158.85,6254.75,voter pd share
381,block_0070,PDDPoS,node_0383,6840.8,304.7,7145.51,self 20% + leftover
382,block_0071,PDDPoS,node_0024,490.64,11.7,502.34,voter pd share
383,block_0071,PDDPoS,node_0011,1437.27,21.91,1459.18,voter pd share
384,block_0071,PDDPoS,node_0412,1392.71,21.13,1413.85,voter pd share
385,block_0071,PDDPoS,node_0177,8462.75,135.45,8598.2,voter pd share
386,block_0071,PDDPoS,node_0134,5563.7,94.35,5658.06,voter pd share
387,block_0071,PDDPoS,node_0235,8526.87,169.64,8696.52,voter pd share
388,block_0071,PDDPoS,node_0479,7886.04,255.82,8141.86,self 20% + leftover
389,block_0072,PDDPoS,node_0473,3325.09,42.45,3367.54,voter pd share
390,block_0072,PDDPoS,node_0280,8485.63,130.21,8615.84,voter pd share
391,block_0072,PDDPoS,node_0465,6999.56,115.15,7114.72,voter pd share
392,block_0072,PDDPoS,node_0431,8516.88,158.79,8675.68,voter pd share
393,block_0072,PDDPoS,node_0450,5533.84,270.4,5804.24,self 20% + leftover
394,block_0073,PDDPoS,node_0186,3955.25,54.07,4009.32,voter pd share
395,block_0073,PDDPoS,node_0492,2028.0,23.91,2051.91,voter pd share
396,block_0073,PDDPoS,node_0034,7036.75,112.74,7149.49,voter pd share
397,block_0073,PDDPoS,node_0080,8713.76,141.1,8854.86,voter pd share
398,block_0073,PDDPoS,node_0199,52.87,4.38,57.24,voter pd share
399,block_0073,PDDPoS,node_0227,395.41,5.79,401.2,voter pd share
400,block_0073,PDDPoS,node_0060,9026.82,212.87,9239.69,voter pd share
401,block_0073,PDDPoS,node_0496,1824.15,174.13,1998.29,self 20% + leftover
402,block_0074,PDDPoS,node_0443,4573.43,46.52,4619.94,voter pd share
403,block_0074,PDDPoS,node_0214,7390.28,101.14,7491.42,voter pd share
404,block_0074,PDDPoS,node_0183,6068.7,85.04,6153.74,voter pd share
405,block_0074,PDDPoS,node_0114,7184.12,104.83,7288.95,voter pd share
406,block_0074,PDDPoS,node_0079,4218.44,99.54,4317.98,voter pd share
407,block_0074,PDDPoS,node_0194,2035.04,131.94,2166.98,self 20% + leftover
408,block_0075,PDDPoS,node_0288,2703.04,28.77,2731.81,voter pd share
409,block_0075,PDDPoS,node_0278,1877.61,26.69,1904.3,voter pd share
410,block_0075,PDDPoS,node_0224,4489.39,68.06,4557.45,voter pd share
411,block_0075,PDDPoS,node_0099,2915.13,54.74,2969.88,voter pd share
412,block_0075,PDDPoS,node_0490,3684.05,77.8,3761.85,voter pd share
413,block_0075,PDDPoS,node_0208,5806.76,136.12,5942.87,voter pd share
414,block_0075,PDDPoS,node_0333,9525.02,340.82,9865.84,self 20% + leftover
415,block_0076,PDDPoS,node_0408,6509.78,89.93,6599.72,voter pd share
416,block_0076,PDDPoS,node_0422,8475.63,131.61,8607.24,voter pd share
417,block_0076,PDDPoS,node_0005,4226.32,84.17,4310.49,voter pd share
418,block_0076,PDDPoS,node_0110,4892.2,91.65,4983.85,voter pd share
419,block_0076,PDDPoS,node_0201,8717.06,264.63,8981.69,self 20% + leftover
420,block_0077,PDDPoS,node_0268,5334.74,68.4,5403.15,voter pd share
421,block_0077,PDDPoS,node_0240,5049.08,86.89,5135.97,voter pd share
422,block_0077,PDDPoS,node_0379,7904.04,135.0,8039.04,voter pd share
423,block_0077,PDDPoS,node_0220,5801.22,150.27,5951.49,voter pd share
424,block_0077,PDDPoS,node_0421,7169.92,337.42,7507.34,self 20% + leftover
425,block_0078,PDDPoS,node_0320,2856.94,43.04,2899.98,voter pd share
426,block_0078,PDDPoS,node_0014,7087.29,82.93,7170.22,voter pd share
427,block_0078,PDDPoS,node_0218,7062.08,119.7,7181.78,voter pd share
428,block_0078,PDDPoS,node_0493,2257.91,38.47,2296.39,voter pd share
429,block_0078,PDDPoS,node_0241,5219.93,91.48,5311.41,voter pd share
430,block_0078,PDDPoS,node_0425,6331.85,183.37,6515.23,self 20% + leftover
431,block_0079,PDDPoS,node_0138,9219.0,99.48,9318.48,voter pd share
432,block_0079,PDDPoS,node_0272,7771.44,129.85,7901.29,voter pd share
433,block_0079,PDDPoS,node_0202,3035.29,61.77,3097.06,voter pd share
434,block_0079,PDDPoS,node_0243,3542.96,79.48,3622.44,voter pd share
435,block_0079,PDDPoS,node_0500,7214.32,248.42,7462.74,self 20% + leftover
436,block_0080,PDDPoS,node_0405,8809.01,102.39,8911.4,voter pd share
437,block_0080,PDDPoS,node_0249,3570.88,50.45,3621.33,voter pd share
438,block_0080,PDDPoS,node_0108,1989.21,40.5,2029.72,voter pd share
439,block_0080,PDDPoS,node_0151,2142.03,37.2,2179.23,voter pd share
440,block_0080,PDDPoS,node_0142,8782.1,180.48,8962.58,voter pd share
441,block_0080,PDDPoS,node_0475,4225.77,189.97,4415.74,self 20% + leftover
442,block_0081,PDDPoS,node_0438,754.8,13.6,768.4,voter pd share
443,block_0081,PDDPoS,node_0462,2909.96,26.41,2936.37,voter pd share
444,block_0081,PDDPoS,node_0433,536.79,16.42,553.22,voter pd share
445,block_0081,PDDPoS,node_0061,4172.55,51.71,4224.26,voter pd share
446,block_0081,PDDPoS,node_0346,3903.6,83.83,3987.43,voter pd share
447,block_0081,PDDPoS,node_0172,8058.24,202.14,8260.38,voter pd share
448,block_0081,PDDPoS,node_0192,9973.06,339.89,10312.95,self 20% + leftover
449,block_0082,PDDPoS,node_0121,6621.03,98.1,6719.13,voter pd share
450,block_0082,PDDPoS,node_0128,7093.28,116.02,7209.3,voter pd share
451,block_0082,PDDPoS,node_0481,3784.72,57.52,3842.24,voter pd share
452,block_0082,PDDPoS,node_0375,9033.23,160.73,9193.96,voter pd share
453,block_0082,PDDPoS,node_0103,5137.75,238.62,5376.37,self 20% + leftover
454,block_0083,PDDPoS,node_0446,4736.69,56.8,4793.49,voter pd share
455,block_0083,PDDPoS,node_0411,3233.51,41.41,3274.93,voter pd share
456,block_0083,PDDPoS,node_0332,6875.2,126.17,7001.37,voter pd share
457,block_0083,PDDPoS,node_0267,7921.57,194.94,8116.51,voter pd share
458,block_0083,PDDPoS,node_0049,8381.04,290.67,8671.71,self 20% + leftover
459,block_0084,PDDPoS,node_0127,6836.69,43.94,6880.63,voter pd share
460,block_0084,PDDPoS,node_0160,4954.13,41.47,4995.6,voter pd share
461,block_0084,PDDPoS,node_0036,8494.39,159.42,8653.81,voter pd share
462,block_0084,PDDPoS,node_0040,8459.92,159.25,8619.17,voter pd share
463,block_0084,PDDPoS,node_0077,2952.86,147.93,3100.79,self 20% + leftover
464,block_0085,PDDPoS,node_0066,2020.07,18.25,2038.33,voter pd share
465,block_0085,PDDPoS,node_0448,10356.05,125.94,10481.99,voter pd share
466,block_0085,PDDPoS,node_0373,8221.59,157.23,8378.82,voter pd share
467,block_0085,PDDPoS,node_0067,9220.29,246.57,9466.86,self 20% + leftover
468,block_0086,PDDPoS,node_0122,4133.42,72.94,4206.36,voter pd share
469,block_0086,PDDPoS,node_0318,9926.71,179.93,10106.64,voter pd share
470,block_0086,PDDPoS,node_0395,1771.43,41.63,1813.05,voter pd share
471,block_0086,PDDPoS,node_0246,9722.21,253.49,9975.7,voter pd share
472,block_0086,PDDPoS,node_0039,3171.24,230.01,3401.25,self 20% + leftover
473,block_0087,PDDPoS,node_0219,7189.78,82.28,7272.06,voter pd share
474,block_0087,PDDPoS,node_0281,8567.66,132.41,8700.07,voter pd share
475,block_0087,PDDPoS,node_0087,3927.89,70.62,3998.52,voter pd share
476,block_0087,PDDPoS,node_0352,9822.67,276.68,10099.35,self 20% + leftover
477,block_0088,PDDPoS,node_0255,6912.04,129.27,7041.31,voter pd share
478,block_0088,PDDPoS,node_0054,2350.0,41.44,2391.44,voter pd share
479,block_0088,PDDPoS,node_0439,7438.31,166.04,7604.35,voter pd share
480,block_0088,PDDPoS,node_0156,6569.61,158.44,6728.05,voter pd share
481,block_0088,PDDPoS,node_0459,4462.03,233.82,4695.85,self 20% + leftover
482,block_0089,PDDPoS,node_0454,7717.75,120.16,7837.91,voter pd share
483,block_0089,PDDPoS,node_0212,1188.41,26.33,1214.73,voter pd share
484,block_0089,PDDPoS,node_0145,5085.51,99.75,5185.26,voter pd share
485,block_0089,PDDPoS,node_0107,9730.7,243.5,9974.2,voter pd share
486,block_0089,PDDPoS,node_0463,6211.63,288.26,6499.9,self 20% + leftover
487,block_0090,PDDPoS,node_0056,10063.37,157.54,10220.91,voter pd share
488,block_0090,PDDPoS,node_0044,10417.73,176.06,10593.79,voter pd share
489,block_0090,PDDPoS,node_0003,10362.9,441.4,10804.3,self 20% + leftover
490,block_0091,PDDPoS,node_0447,9304.28,93.58,9397.86,voter pd share
491,block_0091,PDDPoS,node_0364,1288.23,21.08,1309.31,voter pd share
492,block_0091,PDDPoS,node_0171,8907.85,160.74,9068.59,voter pd share
493,block_0091,PDDPoS,node_0270,9427.84,213.02,9640.86,voter pd share
494,block_0091,PDDPoS,node_0486,8591.81,277.57,8869.39,self 20% + leftover
495,block_0092,PDDPoS,node_0409,2652.57,35.65,2688.22,voter pd share
496,block_0092,PDDPoS,node_0166,5995.81,97.92,6093.73,voter pd share
497,block_0092,PDDPoS,node_0291,4179.76,73.29,4253.05,voter pd share
498,block_0092,PDDPoS,node_0125,3200.75,58.18,3258.93,voter pd share
499,block_0092,PDDPoS,node_0196,10666.97,200.31,10867.28,voter pd share
500,block_0092,PDDPoS,node_0303,8986.14,312.64,9298.79,self 20% + leftover
501,block_0093,PDDPoS,node_0444,9610.74,89.44,9700.18,voter pd share
502,block_0093,PDDPoS,node_0260,7005.61,121.38,7126.99,voter pd share
503,block_0093,PDDPoS,node_0211,9643.45,162.25,9805.71,voter pd share
504,block_0093,PDDPoS,node_0401,6659.82,139.03,6798.84,voter pd share
505,block_0093,PDDPoS,node_0497,3057.38,177.9,3235.27,self 20% + leftover
506,block_0094,PDDPoS,node_0298,5.0,5.21,10.21,voter pd share
507,block_0094,PDDPoS,node_0117,6627.0,118.66,6745.66,voter pd share
508,block_0094,PDDPoS,node_0098,9843.0,200.09,10043.09,voter pd share
509,block_0094,PDDPoS,node_0254,6877.0,155.03,7032.03,voter pd share
510,block_0094,PDDPoS,node_0086,4376.0,208.0,4584.0,self 20% + leftover
511,block_0095,PDDPoS,node_0428,7528.59,116.87,7645.47,voter pd share
512,block_0095,PDDPoS,node_0085,6769.85,114.03,6883.88,voter pd share
513,block_0095,PDDPoS,node_0230,7982.49,137.76,8120.25,voter pd share
514,block_0095,PDDPoS,node_0334,8628.21,163.09,8791.3,voter pd share
515,block_0095,PDDPoS,node_0209,3868.86,235.25,4104.1,self 20% + leftover
516,block_0096,PDDPoS,node_0404,111.1,1.3,112.39,voter pd share
517,block_0096,PDDPoS,node_0100,8027.46,94.06,8121.52,voter pd share
518,block_0096,PDDPoS,node_0432,6236.82,73.62,6310.44,voter pd share
519,block_0096,PDDPoS,node_0263,7263.54,124.13,7387.67,voter pd share
520,block_0096,PDDPoS,node_0339,6326.24,144.9,6471.15,voter pd share
521,block_0096,PDDPoS,node_0442,8938.84,269.99,9208.83,self 20% + leftover
522,block_0097,PDDPoS,node_0327,3335.62,47.96,3383.58,voter pd share
523,block_0097,PDDPoS,node_0244,2221.36,35.19,2256.54,voter pd share
524,block_0097,PDDPoS,node_0238,9421.59,148.84,9570.43,voter pd share
525,block_0097,PDDPoS,node_0436,4456.39,63.48,4519.87,voter pd share
526,block_0097,PDDPoS,node_0009,7085.19,151.63,7236.81,voter pd share
527,block_0097,PDDPoS,node_0315,7519.86,330.9,7850.76,self 20% + leftover
528,block_0098,PDDPoS,node_0474,7415.88,80.61,7496.49,voter pd share
529,block_0098,PDDPoS,node_0043,9000.11,105.23,9105.34,voter pd share
530,block_0098,PDDPoS,node_0068,3526.75,54.8,3581.54,voter pd share
531,block_0098,PDDPoS,node_0440,9521.43,179.3,9700.73,voter pd share
532,block_0098,PDDPoS,node_0403,5793.83,213.07,6006.91,self 20% + leftover
533,block_0099,PDDPoS,node_0391,6068.36,90.94,6159.3,voter pd share
534,block_0099,PDDPoS,node_0292,7816.57,105.54,7922.1,voter pd share
535,block_0099,PDDPoS,node_0371,9982.75,172.5,10155.26,voter pd share
536,block_0099,PDDPoS,node_0460,6250.94,107.46,6358.4,voter pd share
537,block_0099,PDDPoS,node_0336,5408.38,223.56,5631.94,self 20% + leftover
538,block_0100,PDDPoS,node_0234,1432.82,17.47,1450.3,voter pd share
539,block_0100,PDDPoS,node_0282,8056.0,76.22,8132.21,voter pd share
540,block_0100,PDDPoS,node_0161,4670.34,50.26,4720.6,voter pd share
541,block_0100,PDDPoS,node_0007,4054.53,40.13,4094.66,voter pd share
542,block_0100,PDDPoS,node_0310,2588.06,38.6,2626.66,voter pd share
543,block_0100,PDDPoS,node_0015,5863.75,112.85,5976.59,voter pd share
544,block_0100,PDDPoS,node_0383,6968.51,216.47,7184.98,self 20% + leftover
545,block_0101,PDDPoS,node_0024,457.34,12.78,470.12,voter pd share
546,block_0101,PDDPoS,node_0011,1509.18,23.94,1533.12,voter pd share
547,block_0101,PDDPoS,node_0412,1532.85,23.1,1555.94,voter pd share
548,block_0101,PDDPoS,node_0177,8516.2,148.04,8664.23,voter pd share
549,block_0101,PDDPoS,node_0134,5273.06,103.13,5376.18,voter pd share
550,block_0101,PDDPoS,node_0235,8898.52,185.41,9083.93,voter pd share
551,block_0101,PDDPoS,node_0479,8118.86,279.6,8398.46,self 20% + leftover
552,block_0102,PDDPoS,node_0473,3245.54,46.0,3291.53,voter pd share
553,block_0102,PDDPoS,node_0280,8445.84,141.11,8586.95,voter pd share
554,block_0102,PDDPoS,node_0465,6951.72,124.79,7076.5,voter pd share
555,block_0102,PDDPoS,node_0431,8328.68,172.08,8500.76,voter pd share
556,block_0102,PDDPoS,node_0450,5790.24,293.03,6083.26,self 20% + leftover
557,block_0103,PDDPoS,node_0186,4012.32,48.51,4060.83,voter pd share
558,block_0103,PDDPoS,node_0492,2025.91,21.45,2047.37,voter pd share
559,block_0103,PDDPoS,node_0034,7423.49,101.14,7524.63,voter pd share
560,block_0103,PDDPoS,node_0080,9169.86,126.59,9296.45,voter pd share
561,block_0103,PDDPoS,node_0199,103.24,3.93,107.17,voter pd share
562,block_0103,PDDPoS,node_0227,27.2,5.19,32.39,voter pd share
563,block_0103,PDDPoS,node_0060,9137.69,190.97,9328.66,voter pd share
564,block_0103,PDDPoS,node_0496,1779.29,156.22,1935.5,self 20% + leftover
565,block_0104,PDDPoS,node_0443,4632.94,48.81,4681.75,voter pd share
566,block_0104,PDDPoS,node_0214,7824.42,106.12,7930.53,voter pd share
567,block_0104,PDDPoS,node_0183,6319.74,89.22,6408.96,voter pd share
568,block_0104,PDDPoS,node_0114,7077.95,109.99,7187.94,voter pd share
569,block_0104,PDDPoS,node_0079,4400.98,104.44,4505.41,voter pd share
570,block_0104,PDDPoS,node_0194,2318.98,138.43,2457.41,self 20% + leftover
571,block_0105,PDDPoS,node_0288,2704.81,30.5,2735.31,voter pd share
572,block_0105,PDDPoS,node_0278,1803.3,28.29,1831.59,voter pd share
573,block_0105,PDDPoS,node_0224,4298.45,72.15,4370.6,voter pd share
574,block_0105,PDDPoS,node_0099,3029.88,58.03,3087.9,voter pd share
575,block_0105,PDDPoS,node_0490,3943.85,82.47,4026.32,voter pd share
576,block_0105,PDDPoS,node_0208,5842.87,144.29,5987.16,voter pd share
577,block_0105,PDDPoS,node_0333,9465.84,361.28,9827.12,self 20% + leftover
578,block_0106,PDDPoS,node_0408,6464.72,91.02,6555.74,voter pd share
579,block_0106,PDDPoS,node_0422,8743.24,133.2,8876.45,voter pd share
580,block_0106,PDDPoS,node_0005,4375.49,85.19,4460.68,voter pd share
581,block_0106,PDDPoS,node_0110,5017.85,92.76,5110.61,voter pd share
582,block_0106,PDDPoS,node_0201,8803.69,267.83,9071.52,self 20% + leftover
583,block_0107,PDDPoS,node_0268,5590.15,48.18,5638.33,voter pd share
584,block_0107,PDDPoS,node_0240,5041.97,61.21,5103.18,voter pd share
585,block_0107,PDDPoS,node_0379,7797.04,95.09,7892.13,voter pd share
586,block_0107,PDDPoS,node_0220,6093.49,105.85,6199.34,voter pd share
587,block_0107,PDDPoS,node_0421,7530.34,237.67,7768.02,self 20% + leftover
588,block_0108,PDDPoS,node_0320,2859.98,47.81,2907.79,voter pd share
589,block_0108,PDDPoS,node_0014,6983.22,92.13,7075.35,voter pd share
590,block_0108,PDDPoS,node_0218,7133.78,132.98,7266.75,voter pd share
591,block_0108,PDDPoS,node_0493,2295.39,42.74,2338.13,voter pd share
592,block_0108,PDDPoS,node_0241,5105.41,101.63,5207.04,voter pd share
593,block_0108,PDDPoS,node_0425,6456.23,203.71,6659.94,self 20% + leftover
594,block_0109,PDDPoS,node_0138,9382.48,103.02,9485.5,voter pd share
595,block_0109,PDDPoS,node_0272,8086.29,134.47,8220.75,voter pd share
596,block_0109,PDDPoS,node_0202,3240.06,63.96,3304.02,voter pd share
597,block_0109,PDDPoS,node_0243,3668.44,82.31,3750.75,voter pd share
598,block_0109,PDDPoS,node_0500,7141.74,257.25,7398.98,self 20% + leftover
599,block_0110,PDDPoS,node_0405,8832.4,115.17,8947.57,voter pd share
600,block_0110,PDDPoS,node_0249,3767.33,56.75,3824.08,voter pd share
601,block_0110,PDDPoS,node_0108,1696.72,45.56,1742.27,voter pd share
602,block_0110,PDDPoS,node_0151,2305.23,41.85,2347.08,voter pd share
603,block_0110,PDDPoS,node_0142,8904.58,203.01,9107.58,voter pd share
604,block_0110,PDDPoS,node_0475,4817.74,213.68,5031.42,self 20% + leftover
605,block_0111,PDDPoS,node_0438,943.4,12.71,956.1,voter pd share
606,block_0111,PDDPoS,node_0462,3332.37,24.69,3357.06,voter pd share
607,block_0111,PDDPoS,node_0433,733.22,15.35,748.57,voter pd share
608,block_0111,PDDPoS,node_0061,4083.26,48.33,4131.58,voter pd share
609,block_0111,PDDPoS,node_0346,3803.43,78.35,3881.78,voter pd share
610,block_0111,PDDPoS,node_0172,8348.38,188.92,8537.29,voter pd share
611,block_0111,PDDPoS,node_0192,10390.95,317.66,10708.62,self 20% + leftover
612,block_0112,PDDPoS,node_0121,6206.13,108.19,6314.32,voter pd share
613,block_0112,PDDPoS,node_0128,6893.3,127.96,7021.26,voter pd share
614,block_0112,PDDPoS,node_0481,4002.24,63.43,4065.67,voter pd share
615,block_0112,PDDPoS,node_0375,8776.96,177.26,8954.21,voter pd share
616,block_0112,PDDPoS,node_0103,5475.37,263.16,5738.53,self 20% + leftover
617,block_0113,PDDPoS,node_0446,4474.49,60.56,4535.05,voter pd share
618,block_0113,PDDPoS,node_0411,3186.93,44.16,3231.08,voter pd share
619,block_0113,PDDPoS,node_0332,6903.37,134.53,7037.9,voter pd share
620,block_0113,PDDPoS,node_0267,8146.51,207.85,8354.35,voter pd share
621,block_0113,PDDPoS,node_0049,8830.71,309.91,9140.61,self 20% + leftover
622,block_0114,PDDPoS,node_0127,6755.63,61.69,6817.32,voter pd share
623,block_0114,PDDPoS,node_0160,4682.6,58.22,4740.82,voter pd share
624,block_0114,PDDPoS,node_0036,9111.81,223.82,9335.64,voter pd share
625,block_0114,PDDPoS,node_0040,8698.17,223.58,8921.75,voter pd share
626,block_0114,PDDPoS,node_0077,3652.79,207.69,3860.48,self 20% + leftover
627,block_0115,PDDPoS,node_0066,1880.33,25.82,1906.14,voter pd share
628,block_0115,PDDPoS,node_0448,10297.99,178.11,10476.1,voter pd share
629,block_0115,PDDPoS,node_0373,7875.82,222.36,8098.18,voter pd share
630,block_0115,PDDPoS,node_0067,9257.86,348.71,9606.57,self 20% + leftover
631,block_0116,PDDPoS,node_0122,4324.36,69.57,4393.93,voter pd share
632,block_0116,PDDPoS,node_0318,9777.64,171.61,9949.24,voter pd share
633,block_0116,PDDPoS,node_0395,2271.05,39.7,2310.76,voter pd share
634,block_0116,PDDPoS,node_0246,10166.7,241.76,10408.45,voter pd share
635,block_0116,PDDPoS,node_0039,3790.25,219.37,4009.62,self 20% + leftover
636,block_0117,PDDPoS,node_0219,7314.06,100.15,7414.21,voter pd share
637,block_0117,PDDPoS,node_0281,8730.07,161.16,8891.23,voter pd share
638,block_0117,PDDPoS,node_0087,3963.52,85.95,4049.47,voter pd share
639,block_0117,PDDPoS,node_0352,9863.35,336.74,10200.09,self 20% + leftover
640,block_0118,PDDPoS,node_0255,7025.31,118.1,7143.4,voter pd share
641,block_0118,PDDPoS,node_0054,2098.44,37.85,2136.29,voter pd share
642,block_0118,PDDPoS,node_0439,7954.35,151.69,8106.04,voter pd share
643,block_0118,PDDPoS,node_0156,6499.05,144.75,6643.8,voter pd share
644,block_0118,PDDPoS,node_0459,4635.85,213.61,4849.46,self 20% + leftover
645,block_0119,PDDPoS,node_0454,7813.91,119.85,7933.77,voter pd share
646,block_0119,PDDPoS,node_0212,1244.73,26.26,1270.99,voter pd share
647,block_0119,PDDPoS,node_0145,5270.26,99.49,5369.75,voter pd share
648,block_0119,PDDPoS,node_0107,9926.2,242.87,10169.07,voter pd share
649,block_0119,PDDPoS,node_0463,6549.9,287.52,6837.42,self 20% + leftover
650,block_0120,PDDPoS,node_0056,10043.91,114.24,10158.15,voter pd share
651,block_0120,PDDPoS,node_0044,10764.79,127.67,10892.46,voter pd share
652,block_0120,PDDPoS,node_0003,10842.3,320.09,11162.39,self 20% + leftover
653,block_0121,PDDPoS,node_0447,9341.86,88.33,9430.19,voter pd share
654,block_0121,PDDPoS,node_0364,1727.31,19.9,1747.21,voter pd share
655,block_0121,PDDPoS,node_0171,9134.59,151.72,9286.31,voter pd share
656,block_0121,PDDPoS,node_0270,9820.86,201.06,10021.92,voter pd share
657,block_0121,PDDPoS,node_0486,8944.39,261.99,9206.38,self 20% + leftover
658,block_0122,PDDPoS,node_0409,2586.22,30.29,2616.51,voter pd share
659,block_0122,PDDPoS,node_0166,6147.73,83.2,6230.93,voter pd share
660,block_0122,PDDPoS,node_0291,3925.05,62.27,3987.32,voter pd share
661,block_0122,PDDPoS,node_0125,3239.93,49.43,3289.36,voter pd share
662,block_0122,PDDPoS,node_0196,11304.28,170.19,11474.47,voter pd share
663,block_0122,PDDPoS,node_0303,9091.79,265.63,9357.41,self 20% + leftover
664,block_0123,PDDPoS,node_0444,9823.18,100.46,9923.64,voter pd share
665,block_0123,PDDPoS,node_0260,7045.99,136.33,7182.32,voter pd share
666,block_0123,PDDPoS,node_0211,9308.71,182.24,9490.95,voter pd share
667,block_0123,PDDPoS,node_0401,6464.84,156.16,6621.0,voter pd share
668,block_0123,PDDPoS,node_0497,3290.27,199.81,3490.08,self 20% + leftover
669,block_0124,PDDPoS,node_0298,253.21,4.32,257.54,voter pd share
670,block_0124,PDDPoS,node_0117,6970.66,98.46,7069.12,voter pd share
671,block_0124,PDDPoS,node_0098,9790.09,166.02,9956.11,voter pd share
672,block_0124,PDDPoS,node_0254,6707.03,128.63,6835.66,voter pd share
673,block_0124,PDDPoS,node_0086,4865.0,172.58,5037.57,self 20% + leftover
674,block_0125,PDDPoS,node_0428,8195.47,81.52,8276.99,voter pd share
675,block_0125,PDDPoS,node_0085,7014.88,79.54,7094.42,voter pd share
676,block_0125,PDDPoS,node_0230,7904.25,96.09,8000.34,voter pd share
677,block_0125,PDDPoS,node_0334,9002.3,113.76,9116.05,voter pd share
678,block_0125,PDDPoS,node_0209,4112.1,164.09,4276.2,self 20% + leftover
679,block_0126,PDDPoS,node_0404,86.39,1.21,87.6,voter pd share
680,block_0126,PDDPoS,node_0100,8320.52,87.95,8408.47,voter pd share
681,block_0126,PDDPoS,node_0432,6441.44,68.84,6510.28,voter pd share
682,block_0126,PDDPoS,node_0263,7144.67,116.06,7260.73,voter pd share
683,block_0126,PDDPoS,node_0339,6214.15,135.49,6349.63,voter pd share
684,block_0126,PDDPoS,node_0442,9611.83,252.45,9864.28,self 20% + leftover
685,block_0127,PDDPoS,node_0327,3173.58,39.33,3212.91,voter pd share
686,block_0127,PDDPoS,node_0244,2081.54,28.86,2110.4,voter pd share
687,block_0127,PDDPoS,node_0238,9601.43,122.06,9723.49,voter pd share
688,block_0127,PDDPoS,node_0436,4537.87,52.06,4589.93,voter pd share
689,block_0127,PDDPoS,node_0009,7298.81,124.34,7423.16,voter pd share
690,block_0127,PDDPoS,node_0315,7838.76,271.35,8110.12,self 20% + leftover
691,block_0128,PDDPoS,node_0474,7868.49,74.75,7943.24,voter pd share
692,block_0128,PDDPoS,node_0043,8848.34,97.58,8945.92,voter pd share
693,block_0128,PDDPoS,node_0068,4038.54,50.81,4089.35,voter pd share
694,block_0128,PDDPoS,node_0440,9540.73,166.27,9707.0,voter pd share
695,block_0128,PDDPoS,node_0403,6056.91,197.59,6254.49,self 20% + leftover
696,block_0129,PDDPoS,node_0391,5673.3,100.94,5774.24,voter pd share
697,block_0129,PDDPoS,node_0292,8008.1,117.14,8125.25,voter pd share
698,block_0129,PDDPoS,node_0371,10272.26,191.48,10463.73,voter pd share
699,block_0129,PDDPoS,node_0460,6358.4,119.28,6477.69,voter pd share
700,block_0129,PDDPoS,node_0336,6174.94,248.15,6423.09,self 20% + leftover
701,block_0130,PDDPoS,node_0234,1891.3,20.99,1912.29,voter pd share
702,block_0130,PDDPoS,node_0282,7679.21,91.55,7770.76,voter pd share
703,block_0130,PDDPoS,node_0161,4477.6,60.37,4537.97,voter pd share
704,block_0130,PDDPoS,node_0007,4314.66,48.2,4362.86,voter pd share
705,block_0130,PDDPoS,node_0310,2783.66,46.36,2830.02,voter pd share
706,block_0130,PDDPoS,node_0015,5181.59,135.54,5317.14,voter pd share
707,block_0130,PDDPoS,node_0383,7369.98,260.0,7629.98,self 20% + leftover
708,block_0131,PDDPoS,node_0024,167.12,11.55,178.67,voter pd share
709,block_0131,PDDPoS,node_0011,1401.12,21.63,1422.75,voter pd share
710,block_0131,PDDPoS,node_0412,1406.94,20.87,1427.81,voter pd share
711,block_0131,PDDPoS,node_0177,8327.23,133.73,8460.96,voter pd share
712,block_0131,PDDPoS,node_0134,5259.18,93.16,5352.34,voter pd share
713,block_0131,PDDPoS,node_0235,8934.93,167.49,9102.42,voter pd share
714,block_0131,PDDPoS,node_0479,8498.46,252.58,8751.04,self 20% + leftover
715,block_0132,PDDPoS,node_0473,3030.53,37.47,3068.01,voter pd share
716,block_0132,PDDPoS,node_0280,9081.95,114.96,9196.9,voter pd share
717,block_0132,PDDPoS,node_0465,6810.5,101.66,6912.16,voter pd share
718,block_0132,PDDPoS,node_0431,8057.76,140.19,8197.95,voter pd share
719,block_0132,PDDPoS,node_0450,6232.26,238.72,6470.98,self 20% + leftover
720,block_0133,PDDPoS,node_0186,4031.83,57.41,4089.24,voter pd share
721,block_0133,PDDPoS,node_0492,2172.37,25.39,2197.75,voter pd share
722,block_0133,PDDPoS,node_0034,7626.63,119.7,7746.33,voter pd share
723,block_0133,PDDPoS,node_0080,9319.45,149.81,9469.26,voter pd share
724,block_0133,PDDPoS,node_0199,239.17,4.65,243.81,voter pd share
725,block_0133,PDDPoS,node_0227,14.39,6.15,20.54,voter pd share
726,block_0133,PDDPoS,node_0060,9422.66,226.01,9648.68,voter pd share
727,block_0133,PDDPoS,node_0496,1917.5,184.88,2102.39,self 20% + leftover
728,block_0134,PDDPoS,node_0443,4650.75,56.49,4707.24,voter pd share
729,block_0134,PDDPoS,node_0214,7663.53,122.83,7786.36,voter pd share
730,block_0134,PDDPoS,node_0183,6685.96,103.27,6789.23,voter pd share
731,block_0134,PDDPoS,node_0114,7338.94,127.31,7466.24,voter pd share
732,block_0134,PDDPoS,node_0079,4260.41,120.88,4381.29,voter pd share
733,block_0134,PDDPoS,node_0194,2138.41,160.22,2298.63,self 20% + leftover
734,block_0135,PDDPoS,node_0288,2814.31,30.3,2844.61,voter pd share
735,block_0135,PDDPoS,node_0278,1604.59,28.11,1632.7,voter pd share
736,block_0135,PDDPoS,node_0224,4571.6,71.68,4643.29,voter pd share
737,block_0135,PDDPoS,node_0099,3067.9,57.66,3125.56,voter pd share
738,block_0135,PDDPoS,node_0490,3603.32,81.94,3685.25,voter pd share
739,block_0135,PDDPoS,node_0208,5838.16,143.36,5981.52,voter pd share
740,block_0135,PDDPoS,node_0333,9751.12,358.95,10110.07,self 20% + leftover
741,block_0136,PDDPoS,node_0408,6538.74,73.09,6611.83,voter pd share
742,block_0136,PDDPoS,node_0422,9229.45,106.96,9336.41,voter pd share
743,block_0136,PDDPoS,node_0005,4201.68,68.4,4270.09,voter pd share
744,block_0136,PDDPoS,node_0110,4622.61,74.48,4697.09,voter pd share
745,block_0136,PDDPoS,node_0201,8764.52,215.06,8979.59,self 20% + leftover
746,block_0137,PDDPoS,node_0268,5481.33,68.23,5549.56,voter pd share
747,block_0137,PDDPoS,node_0240,4963.18,86.67,5049.85,voter pd share
748,block_0137,PDDPoS,node_0379,7597.13,134.66,7731.79,voter pd share
749,block_0137,PDDPoS,node_0220,6248.34,149.89,6398.23,voter pd share
750,block_0137,PDDPoS,node_0421,7688.02,336.56,8024.57,self 20% + leftover
751,block_0138,PDDPoS,node_0320,2840.79,47.04,2887.83,voter pd share
752,block_0138,PDDPoS,node_0014,7308.35,90.65,7399.0,voter pd share
753,block_0138,PDDPoS,node_0218,7019.75,130.83,7150.59,voter pd share
754,block_0138,PDDPoS,node_0493,2583.13,42.05,2625.18,voter pd share
755,block_0138,PDDPoS,node_0241,5225.04,99.99,5325.03,voter pd share
756,block_0138,PDDPoS,node_0425,6869.94,200.43,7070.37,self 20% + leftover
757,block_0139,PDDPoS,node_0138,9568.5,118.61,9687.1,voter pd share
758,block_0139,PDDPoS,node_0272,8504.75,154.82,8659.57,voter pd share
759,block_0139,PDDPoS,node_0202,3517.02,73.64,3590.66,voter pd share
760,block_0139,PDDPoS,node_0243,3577.75,94.76,3672.51,voter pd share
761,block_0139,PDDPoS,node_0500,7488.98,296.17,7785.15,self 20% + leftover
762,block_0140,PDDPoS,node_0405,9201.57,109.72,9311.29,voter pd share
763,block_0140,PDDPoS,node_0249,4004.08,54.06,4058.14,voter pd share
764,block_0140,PDDPoS,node_0108,1496.27,43.4,1539.67,voter pd share
765,block_0140,PDDPoS,node_0151,1965.08,39.86,2004.94,voter pd share
766,block_0140,PDDPoS,node_0142,8858.58,193.4,9051.98,voter pd share
767,block_0140,PDDPoS,node_0475,4846.42,203.56,5049.99,self 20% + leftover
768,block_0141,PDDPoS,node_0438,1067.1,12.37,1079.48,voter pd share
769,block_0141,PDDPoS,node_0462,3411.06,24.04,3435.09,voter pd share
770,block_0141,PDDPoS,node_0433,662.57,14.95,677.52,voter pd share
771,block_0141,PDDPoS,node_0061,4009.58,47.06,4056.64,voter pd share
772,block_0141,PDDPoS,node_0346,4079.78,76.29,4156.07,voter pd share
773,block_0141,PDDPoS,node_0172,8589.29,183.96,8773.26,voter pd share
774,block_0141,PDDPoS,node_0192,10860.62,309.33,11169.94,self 20% + leftover
775,block_0142,PDDPoS,node_0121,6392.32,104.1,6496.42,voter pd share
776,block_0142,PDDPoS,node_0128,7546.26,123.11,7669.37,voter pd share
777,block_0142,PDDPoS,node_0481,4192.67,61.03,4253.7,voter pd share
778,block_0142,PDDPoS,node_0375,8754.21,170.55,8924.77,voter pd share
779,block_0142,PDDPoS,node_0103,5198.53,253.2,5451.73,self 20% + leftover
780,block_0143,PDDPoS,node_0356,7361.0,91.62,7452.62,voter pd share
781,block_0143,PDDPoS,node_0165,6879.0,93.57,6972.57,voter pd share
782,block_0143,PDDPoS,node_0357,7086.0,97.81,7183.81,voter pd share
783,block_0143,PDDPoS,node_0001,1678.0,30.59,1708.59,voter pd share
784,block_0143,PDDPoS,node_0275,2337.0,53.41,2390.41,voter pd share
785,block_0143,PDDPoS,node_0046,3707.0,186.01,3893.01,self 20% + leftover
786,block_0144,PDDPoS,node_0066,1251.14,19.32,1270.46,voter pd share
787,block_0144,PDDPoS,node_0448,10262.1,133.3,10395.4,voter pd share
788,block_0144,PDDPoS,node_0373,7805.18,166.41,7971.59,voter pd share
789,block_0144,PDDPoS,node_0067,9962.57,260.97,10223.55,self 20% + leftover
790,block_0145,PDDPoS,node_0066,1179.46,25.92,1205.38,voter pd share
791,block_0145,PDDPoS,node_0448,10326.4,178.8,10505.2,voter pd share
792,block_0145,PDDPoS,node_0373,7982.59,223.22,8205.81,voter pd share
793,block_0145,PDDPoS,node_0067,10223.55,350.06,10573.61,self 20% + leftover
794,block_0146,PDDPoS,node_0122,4824.93,72.66,4897.59,voter pd share
795,block_0146,PDDPoS,node_0318,9881.24,179.24,10060.48,voter pd share
796,block_0146,PDDPoS,node_0395,2164.76,41.47,2206.22,voter pd share
797,block_0146,PDDPoS,node_0246,9976.45,252.51,10228.96,voter pd share
798,block_0146,PDDPoS,node_0039,3733.62,229.12,3962.75,self 20% + leftover
799,block_0147,PDDPoS,node_0219,7033.21,104.1,7137.31,voter pd share
800,block_0147,PDDPoS,node_0281,8717.23,167.52,8884.75,voter pd share
801,block_0147,PDDPoS,node_0087,3930.47,89.35,4019.82,voter pd share
802,block_0147,PDDPoS,node_0352,10716.09,350.03,11066.12,self 20% + leftover
803,block_0148,PDDPoS,node_0255,6894.4,137.96,7032.36,voter pd share
804,block_0148,PDDPoS,node_0054,1639.29,44.22,1683.52,voter pd share
805,block_0148,PDDPoS,node_0439,7849.04,177.2,8026.23,voter pd share
806,block_0148,PDDPoS,node_0156,6585.8,169.09,6754.89,voter pd share
807,block_0148,PDDPoS,node_0459,5085.46,249.54,5335.0,self 20% + leftover
808,block_0149,PDDPoS,node_0454,7755.77,103.02,7858.79,voter pd share
809,block_0149,PDDPoS,node_0212,1334.99,22.57,1357.56,voter pd share
810,block_0149,PDDPoS,node_0145,5282.75,85.52,5368.27,voter pd share
811,block_0149,PDDPoS,node_0107,10146.07,208.76,10354.83,voter pd share
812,block_0149,PDDPoS,node_0463,6739.42,247.14,6986.56,self 20% + leftover
813,block_0150,PDDPoS,node_0056,10403.15,157.95,10561.1,voter pd share
814,block_0150,PDDPoS,node_0044,10856.46,176.51,11032.97,voter pd share
815,block_0150,PDDPoS,node_0003,11011.39,442.54,11453.93,self 20% + leftover
816,block_0151,PDDPoS,node_0447,9206.19,85.89,9292.07,voter pd share
817,block_0151,PDDPoS,node_0364,1583.21,19.35,1602.55,voter pd share
818,block_0151,PDDPoS,node_0171,9088.31,147.52,9235.83,voter pd share
819,block_0151,PDDPoS,node_0270,9958.92,195.5,10154.42,voter pd share
820,block_0151,PDDPoS,node_0486,8779.38,254.74,9034.12,self 20% + leftover
821,block_0152,PDDPoS,node_0409,2552.51,34.37,2586.88,voter pd share
822,block_0152,PDDPoS,node_0166,5911.93,94.4,6006.33,voter pd share
823,block_0152,PDDPoS,node_0291,4139.32,70.65,4209.97,voter pd share
824,block_0152,PDDPoS,node_0125,3280.36,56.08,3336.44,voter pd share
825,block_0152,PDDPoS,node_0196,11162.47,193.1,11355.57,voter pd share
826,block_0152,PDDPoS,node_0303,9241.41,301.39,9542.81,self 20% + leftover
827,block_0153,PDDPoS,node_0444,9777.64,100.72,9878.37,voter pd share
828,block_0153,PDDPoS,node_0260,7254.32,136.68,7391.01,voter pd share
829,block_0153,PDDPoS,node_0211,9524.95,182.71,9707.66,voter pd share
830,block_0153,PDDPoS,node_0401,6715.0,156.56,6871.56,voter pd share
831,block_0153,PDDPoS,node_0497,3263.08,200.33,3463.41,self 20% + leftover
832,block_0154,PDDPoS,node_0298,467.54,4.76,472.29,voter pd share
833,block_0154,PDDPoS,node_0117,7028.12,108.3,7136.42,voter pd share
834,block_0154,PDDPoS,node_0098,10064.11,182.62,10246.73,voter pd share
835,block_0154,PDDPoS,node_0254,6957.66,141.49,7099.15,voter pd share
836,block_0154,PDDPoS,node_0086,5254.57,189.83,5444.41,self 20% + leftover
837,block_0155,PDDPoS,node_0428,7691.99,90.82,7782.8,voter pd share
838,block_0155,PDDPoS,node_0085,7067.42,88.61,7156.03,voter pd share
839,block_0155,PDDPoS,node_0230,7527.34,107.04,7634.38,voter pd share
840,block_0155,PDDPoS,node_0334,9255.05,126.73,9381.78,voter pd share
841,block_0155,PDDPoS,node_0209,4624.2,182.8,4807.0,self 20% + leftover
842,block_0156,PDDPoS,node_0404,130.6,1.38,131.98,voter pd share
843,block_0156,PDDPoS,node_0100,8252.47,100.17,8352.64,voter pd share
844,block_0156,PDDPoS,node_0432,6592.28,78.4,6670.68,voter pd share
845,block_0156,PDDPoS,node_0263,7073.73,132.19,7205.92,voter pd share
846,block_0156,PDDPoS,node_0339,6404.63,154.32,6558.95,voter pd share
847,block_0156,PDDPoS,node_0442,10339.28,287.54,10626.82,self 20% + leftover
848,block_0157,PDDPoS,node_0327,3267.91,47.53,3315.44,voter pd share
849,block_0157,PDDPoS,node_0244,2287.4,34.87,2322.27,voter pd share
850,block_0157,PDDPoS,node_0238,9399.49,147.5,9546.99,voter pd share
851,block_0157,PDDPoS,node_0436,4640.93,62.91,4703.84,voter pd share
852,block_0157,PDDPoS,node_0009,7703.16,150.26,7853.42,voter pd share
853,block_0157,PDDPoS,node_0315,8183.12,327.92,8511.04,self 20% + leftover
854,block_0158,PDDPoS,node_0474,7510.24,79.59,7589.82,voter pd share
855,block_0158,PDDPoS,node_0043,8856.92,103.9,8960.82,voter pd share
856,block_0158,PDDPoS,node_0068,3810.35,54.1,3864.46,voter pd share
857,block_0158,PDDPoS,node_0440,9510.0,177.03,9687.03,voter pd share
858,block_0158,PDDPoS,node_0403,6454.49,210.38,6664.87,self 20% + leftover
859,block_0159,PDDPoS,node_0391,6087.24,91.59,6178.83,voter pd share
860,block_0159,PDDPoS,node_0292,8433.25,106.29,8539.54,voter pd share
861,block_0159,PDDPoS,node_0371,10442.73,173.74,10616.47,voter pd share
862,block_0159,PDDPoS,node_0460,6446.69,108.23,6554.92,voter pd share
863,block_0159,PDDPoS,node_0336,6567.09,225.16,6792.25,self 20% + leftover
864,block_0160,PDDPoS,node_0234,1906.29,23.93,1930.22,voter pd share
865,block_0160,PDDPoS,node_0282,7897.76,104.39,8002.15,voter pd share
866,block_0160,PDDPoS,node_0161,4486.97,68.84,4555.8,voter pd share
867,block_0160,PDDPoS,node_0007,4168.86,54.96,4223.81,voter pd share
868,block_0160,PDDPoS,node_0310,2730.02,52.86,2782.88,voter pd share
869,block_0160,PDDPoS,node_0015,4945.14,154.55,5099.69,voter pd share
870,block_0160,PDDPoS,node_0383,7744.98,296.47,8041.44,self 20% + leftover
871,block_0161,PDDPoS,node_0024,200.67,12.04,212.71,voter pd share
872,block_0161,PDDPoS,node_0011,1541.75,22.55,1564.3,voter pd share
873,block_0161,PDDPoS,node_0412,1051.81,21.76,1073.57,voter pd share
874,block_0161,PDDPoS,node_0177,8592.96,139.45,8732.41,voter pd share
875,block_0161,PDDPoS,node_0134,5383.34,97.15,5480.49,voter pd share
876,block_0161,PDDPoS,node_0235,9016.42,174.66,9191.09,voter pd share
877,block_0161,PDDPoS,node_0479,8971.04,263.39,9234.43,self 20% + leftover
878,block_0162,PDDPoS,node_0473,3074.01,46.0,3120.01,voter pd share
879,block_0162,PDDPoS,node_0280,9034.9,141.11,9176.01,voter pd share
880,block_0162,PDDPoS,node_0465,6585.16,124.79,6709.95,voter pd share
881,block_0162,PDDPoS,node_0431,8114.95,172.08,8287.03,voter pd share
882,block_0162,PDDPoS,node_0450,6449.98,293.03,6743.0,self 20% + leftover
883,block_0163,PDDPoS,node_0186,4056.24,49.25,4105.5,voter pd share
884,block_0163,PDDPoS,node_0492,1878.75,21.78,1900.53,voter pd share
885,block_0163,PDDPoS,node_0034,7657.33,102.69,7760.02,voter pd share
886,block_0163,PDDPoS,node_0080,9666.26,128.52,9794.78,voter pd share
887,block_0163,PDDPoS,node_0199,31.81,3.99,35.8,voter pd share
888,block_0163,PDDPoS,node_0227,432.54,5.27,437.81,voter pd share
889,block_0163,PDDPoS,node_0060,9581.68,193.89,9775.57,voter pd share
890,block_0163,PDDPoS,node_0496,2077.39,158.61,2235.99,self 20% + leftover
891,block_0164,PDDPoS,node_0443,4090.24,63.44,4153.68,voter pd share
892,block_0164,PDDPoS,node_0214,7684.36,137.94,7822.3,voter pd share
893,block_0164,PDDPoS,node_0183,7063.23,115.97,7179.21,voter pd share
894,block_0164,PDDPoS,node_0114,7410.24,142.97,7553.21,voter pd share
895,block_0164,PDDPoS,node_0079,4234.29,135.75,4370.04,voter pd share
896,block_0164,PDDPoS,node_0194,2214.63,179.93,2394.57,self 20% + leftover
897,block_0165,PDDPoS,node_0288,2348.61,25.47,2374.08,voter pd share
898,block_0165,PDDPoS,node_0278,1454.7,23.63,1478.32,voter pd share
899,block_0165,PDDPoS,node_0224,5058.29,60.26,5118.55,voter pd share
900,block_0165,PDDPoS,node_0099,2974.56,48.47,3023.03,voter pd share
901,block_0165,PDDPoS,node_0490,3738.25,68.88,3807.14,voter pd share
902,block_0165,PDDPoS,node_0208,5625.52,120.52,5746.04,voter pd share
903,block_0165,PDDPoS,node_0333,9768.07,301.76,10069.83,self 20% + leftover
904,block_0166,PDDPoS,node_0408,6477.83,105.56,6583.39,voter pd share
905,block_0166,PDDPoS,node_0422,9330.41,154.47,9484.88,voter pd share
906,block_0166,PDDPoS,node_0005,4154.09,98.79,4252.88,voter pd share
907,block_0166,PDDPoS,node_0110,4481.09,107.57,4588.67,voter pd share
908,block_0166,PDDPoS,node_0201,8458.59,310.6,8769.19,self 20% + leftover
909,block_0167,PDDPoS,node_0268,5315.56,59.88,5375.43,voter pd share
910,block_0167,PDDPoS,node_0240,4787.85,76.06,4863.91,voter pd share
911,block_0167,PDDPoS,node_0379,7961.79,118.17,8079.97,voter pd share
912,block_0167,PDDPoS,node_0220,6096.23,131.54,6227.77,voter pd share
913,block_0167,PDDPoS,node_0421,8272.57,295.35,8567.93,self 20% + leftover
914,block_0168,PDDPoS,node_0320,2606.83,54.59,2661.42,voter pd share
915,block_0168,PDDPoS,node_0014,7735.0,105.19,7840.19,voter pd share
916,block_0168,PDDPoS,node_0218,7308.59,151.82,7460.41,voter pd share
917,block_0168,PDDPoS,node_0493,2444.18,48.8,2492.98,voter pd share
918,block_0168,PDDPoS,node_0241,5739.03,116.03,5855.06,voter pd share
919,block_0168,PDDPoS,node_0425,6887.37,232.58,7119.95,self 20% + leftover
920,block_0169,PDDPoS,node_0138,9292.1,125.04,9417.14,voter pd share
921,block_0169,PDDPoS,node_0272,8503.57,163.21,8666.78,voter pd share
922,block_0169,PDDPoS,node_0202,3809.66,77.63,3887.29,voter pd share
923,block_0169,PDDPoS,node_0243,3770.51,99.9,3870.41,voter pd share
924,block_0169,PDDPoS,node_0500,7510.15,312.23,7822.38,self 20% + leftover
925,block_0170,PDDPoS,node_0405,8940.29,92.51,9032.79,voter pd share
926,block_0170,PDDPoS,node_0249,4020.14,45.58,4065.72,voter pd share
927,block_0170,PDDPoS,node_0108,1709.67,36.59,1746.26,voter pd share
928,block_0170,PDDPoS,node_0151,2497.94,33.61,2531.55,voter pd share
929,block_0170,PDDPoS,node_0142,9364.98,163.06,9528.05,voter pd share
930,block_0170,PDDPoS,node_0475,4889.99,171.64,5061.62,self 20% + leftover
931,block_0171,PDDPoS,node_0365,9832.0,118.95,9950.95,voter pd share
932,block_0171,PDDPoS,node_0311,8972.0,181.0,9153.0,voter pd share
933,block_0171,PDDPoS,node_0250,6571.0,144.99,6715.99,voter pd share
934,block_0171,PDDPoS,node_0498,2126.0,160.06,2286.06,self 20% + leftover
935,block_0172,PDDPoS,node_0121,6430.42,111.12,6541.54,voter pd share
936,block_0172,PDDPoS,node_0128,7589.37,131.41,7720.79,voter pd share
937,block_0172,PDDPoS,node_0481,4271.7,65.15,4336.85,voter pd share
938,block_0172,PDDPoS,node_0375,8920.77,182.05,9102.82,voter pd share
939,block_0172,PDDPoS,node_0103,5389.73,270.27,5660.01,self 20% + leftover
940,block_0173,PDDPoS,node_0356,7111.62,108.52,7220.14,voter pd share
941,block_0173,PDDPoS,node_0165,6973.57,110.83,7084.4,voter pd share
942,block_0173,PDDPoS,node_0357,7249.81,115.85,7365.65,voter pd share
943,block_0173,PDDPoS,node_0001,1463.59,36.23,1499.82,voter pd share
944,block_0173,PDDPoS,node_0275,2309.41,63.26,2372.66,voter pd share
945,block_0173,PDDPoS,node_0046,4006.01,220.32,4226.32,self 20% + leftover
946,block_0174,PDDPoS,node_0482,3470.0,73.23,3543.23,voter pd share
947,block_0174,PDDPoS,node_0316,7846.0,151.53,7997.53,voter pd share
948,block_0174,PDDPoS,node_0374,6842.0,180.43,7022.43,voter pd share
949,block_0174,PDDPoS,node_0116,4691.0,112.51,4803.51,voter pd share
950,block_0174,PDDPoS,node_0120,3166.0,217.31,3383.31,self 20% + leftover
951,block_0175,PDDPoS,node_0066,1097.38,25.88,1123.26,voter pd share
952,block_0175,PDDPoS,node_0448,10779.2,178.57,10957.77,voter pd share
953,block_0175,PDDPoS,node_0373,7941.81,222.93,8164.75,voter pd share
954,block_0175,PDDPoS,node_0067,10794.61,349.61,11144.22,self 20% + leftover
955,block_0176,PDDPoS,node_0122,4399.59,60.0,4459.59,voter pd share
956,block_0176,PDDPoS,node_0318,10204.48,148.02,10352.5,voter pd share
957,block_0176,PDDPoS,node_0395,2436.22,34.24,2470.47,voter pd share
958,block_0176,PDDPoS,node_0246,10359.96,208.52,10568.48,voter pd share
959,block_0176,PDDPoS,node_0039,4348.75,189.21,4537.96,self 20% + leftover
960,block_0177,PDDPoS,node_0219,7507.31,92.68,7599.99,voter pd share
961,block_0177,PDDPoS,node_0281,8994.75,149.14,9143.89,voter pd share
962,block_0177,PDDPoS,node_0087,4155.82,79.55,4235.37,voter pd share
963,block_0177,PDDPoS,node_0352,10977.12,311.63,11288.75,self 20% + leftover
964,block_0178,PDDPoS,node_0255,6829.36,96.64,6926.0,voter pd share
965,block_0178,PDDPoS,node_0054,2143.52,30.98,2174.49,voter pd share
966,block_0178,PDDPoS,node_0439,7529.23,124.13,7653.36,voter pd share
967,block_0178,PDDPoS,node_0156,6636.89,118.45,6755.34,voter pd share
968,block_0178,PDDPoS,node_0459,5474.0,174.8,5648.8,self 20% + leftover
969,block_0179,PDDPoS,node_0056,10674.1,157.54,10831.64,voter pd share
970,block_0179,PDDPoS,node_0044,10777.97,176.06,10954.03,voter pd share
971,block_0179,PDDPoS,node_0003,11621.93,441.4,12063.33,self 20% + leftover
972,block_0180,PDDPoS,node_0056,10864.64,122.58,10987.22,voter pd share
973,block_0180,PDDPoS,node_0044,10981.03,136.98,11118.01,voter pd share
974,block_0180,PDDPoS,node_0003,12074.33,343.44,12417.77,self 20% + leftover
975,block_0181,PDDPoS,node_0447,8999.07,94.93,9094.0,voter pd share
976,block_0181,PDDPoS,node_0364,1119.55,21.38,1140.94,voter pd share
977,block_0181,PDDPoS,node_0171,8917.83,163.05,9080.89,voter pd share
978,block_0181,PDDPoS,node_0270,10383.42,216.08,10599.5,voter pd share
979,block_0181,PDDPoS,node_0486,9111.12,281.56,9392.68,self 20% + leftover
980,block_0182,PDDPoS,node_0409,2724.88,29.19,2754.07,voter pd share
981,block_0182,PDDPoS,node_0166,6480.33,80.18,6560.5,voter pd share
982,block_0182,PDDPoS,node_0291,3969.97,60.01,4029.98,voter pd share
983,block_0182,PDDPoS,node_0125,3503.44,47.63,3551.08,voter pd share
984,block_0182,PDDPoS,node_0196,11949.57,164.01,12113.58,voter pd share
985,block_0182,PDDPoS,node_0303,9868.81,255.98,10124.79,self 20% + leftover
986,block_0183,PDDPoS,node_0444,10004.37,72.46,10076.83,voter pd share
987,block_0183,PDDPoS,node_0260,7219.01,98.33,7317.34,voter pd share
988,block_0183,PDDPoS,node_0211,9586.66,131.45,9718.11,voter pd share
989,block_0183,PDDPoS,node_0401,6640.56,112.63,6753.19,voter pd share
990,block_0183,PDDPoS,node_0497,3567.41,144.12,3711.53,self 20% + leftover
991,block_0184,PDDPoS,node_0298,852.29,3.98,856.28,voter pd share
992,block_0184,PDDPoS,node_0117,7432.42,90.68,7523.1,voter pd share
993,block_0184,PDDPoS,node_0098,10148.73,152.91,10301.64,voter pd share
994,block_0184,PDDPoS,node_0254,7357.15,118.47,7475.63,voter pd share
995,block_0184,PDDPoS,node_0086,5354.41,158.95,5513.36,self 20% + leftover
996,block_0185,PDDPoS,node_0418,97.0,1.86,98.86,voter pd share
997,block_0185,PDDPoS,node_0104,7887.0,137.76,8024.76,voter pd share
998,block_0185,PDDPoS,node_0388,6515.0,112.93,6627.93,voter pd share
999,block_0185,PDDPoS,node_0124,1931.0,40.84,1971.84,voter pd share
1000,block_0185,PDDPoS,node_0012,5747.0,165.8,5912.8,voter pd share
1001,block_0185,PDDPoS,node_0010,3921.0,202.82,4123.82,self 20% + leftover
1002,block_0186,PDDPoS,node_0404,208.98,1.42,210.4,voter pd share
1003,block_0186,PDDPoS,node_0100,8448.64,102.83,8551.47,voter pd share
1004,block_0186,PDDPoS,node_0432,6282.68,80.48,6363.16,voter pd share
1005,block_0186,PDDPoS,node_0263,7445.92,135.7,7581.62,voter pd share
1006,block_0186,PDDPoS,node_0339,6558.95,158.41,6717.36,voter pd share
1007,block_0186,PDDPoS,node_0442,10498.82,295.16,10793.98,self 20% + leftover
1008,block_0187,PDDPoS,node_0327,3357.44,47.84,3405.28,voter pd share
1009,block_0187,PDDPoS,node_0244,2379.27,35.1,2414.37,voter pd share
1010,block_0187,PDDPoS,node_0238,9337.99,148.46,9486.44,voter pd share
1011,block_0187,PDDPoS,node_0436,4540.84,63.32,4604.16,voter pd share
1012,block_0187,PDDPoS,node_0009,7635.42,151.24,7786.66,voter pd share
1013,block_0187,PDDPoS,node_0315,7888.04,330.05,8218.08,self 20% + leftover
1014,block_0188,PDDPoS,node_0474,7735.82,69.14,7804.97,voter pd share
1015,block_0188,PDDPoS,node_0043,8792.82,90.27,8883.08,voter pd share
1016,block_0188,PDDPoS,node_0068,3744.46,47.0,3791.46,voter pd share
1017,block_0188,PDDPoS,node_0440,9880.03,153.81,10033.84,voter pd share
1018,block_0188,PDDPoS,node_0403,6869.87,182.78,7052.65,self 20% + leftover
1019,block_0189,PDDPoS,node_0391,5857.83,78.6,5936.43,voter pd share
1020,block_0189,PDDPoS,node_0292,8569.54,91.21,8660.75,voter pd share
1021,block_0189,PDDPoS,node_0371,11005.47,149.09,11154.56,voter pd share
1022,block_0189,PDDPoS,node_0460,6486.92,92.88,6579.8,voter pd share
1023,block_0189,PDDPoS,node_0336,6611.25,193.22,6804.46,self 20% + leftover
1024,block_0190,PDDPoS,node_0234,2146.22,24.5,2170.72,voter pd share
1025,block_0190,PDDPoS,node_0282,7824.15,106.87,7931.02,voter pd share
1026,block_0190,PDDPoS,node_0161,4586.8,70.48,4657.28,voter pd share
1027,block_0190,PDDPoS,node_0007,3954.81,56.27,4011.08,voter pd share
1028,block_0190,PDDPoS,node_0310,2756.88,54.12,2811.01,voter pd share
1029,block_0190,PDDPoS,node_0015,5254.69,158.23,5412.92,voter pd share
1030,block_0190,PDDPoS,node_0383,7740.44,303.53,8043.97,self 20% + leftover
1031,block_0191,PDDPoS,node_0024,550.71,10.02,560.73,voter pd share
1032,block_0191,PDDPoS,node_0011,1667.3,18.76,1686.06,voter pd share
1033,block_0191,PDDPoS,node_0412,1339.57,18.1,1357.67,voter pd share
1034,block_0191,PDDPoS,node_0177,8716.41,115.99,8832.4,voter pd share
1035,block_0191,PDDPoS,node_0134,5745.49,80.8,5826.29,voter pd share
1036,block_0191,PDDPoS,node_0235,9042.09,145.27,9187.36,voter pd share
1037,block_0191,PDDPoS,node_0479,8658.43,219.07,8877.49,self 20% + leftover
1038,block_0192,PDDPoS,node_0473,2835.01,41.97,2876.98,voter pd share
1039,block_0192,PDDPoS,node_0280,8848.01,128.76,8976.77,voter pd share
1040,block_0192,PDDPoS,node_0465,6951.95,113.87,7065.82,voter pd share
1041,block_0192,PDDPoS,node_0431,8510.03,157.02,8667.05,voter pd share
1042,block_0192,PDDPoS,node_0450,6489.0,267.38,6756.39,self 20% + leftover
1043,block_0193,PDDPoS,node_0186,4148.5,57.41,4205.91,voter pd share
1044,block_0193,PDDPoS,node_0492,1618.53,25.39,1643.92,voter pd share
1045,block_0193,PDDPoS,node_0034,7415.02,119.7,7534.72,voter pd share
1046,block_0193,PDDPoS,node_0080,9638.78,149.81,9788.6,voter pd share
1047,block_0193,PDDPoS,node_0199,234.8,4.65,239.45,voter pd share
1048,block_0193,PDDPoS,node_0227,731.81,6.15,737.95,voter pd share
1049,block_0193,PDDPoS,node_0060,10080.57,226.01,10306.58,voter pd share
1050,block_0193,PDDPoS,node_0496,2314.99,184.88,2499.88,self 20% + leftover
1051,block_0194,PDDPoS,node_0443,3957.68,54.04,4011.71,voter pd share
1052,block_0194,PDDPoS,node_0214,8109.3,117.49,8226.79,voter pd share
1053,block_0194,PDDPoS,node_0183,7367.21,98.79,7465.99,voter pd share
1054,block_0194,PDDPoS,node_0114,7611.21,121.78,7732.99,voter pd share
1055,block_0194,PDDPoS,node_0079,4691.04,115.63,4806.67,voter pd share
1056,block_0194,PDDPoS,node_0194,2236.57,153.27,2389.83,self 20% + leftover
1057,block_0195,PDDPoS,node_0288,2424.08,27.4,2451.48,voter pd share
1058,block_0195,PDDPoS,node_0278,1381.32,25.41,1406.74,voter pd share
1059,block_0195,PDDPoS,node_0224,4826.55,64.81,4891.36,voter pd share
1060,block_0195,PDDPoS,node_0099,2809.03,52.13,2861.16,voter pd share
1061,block_0195,PDDPoS,node_0490,3953.14,74.08,4027.22,voter pd share
1062,block_0195,PDDPoS,node_0208,5579.04,129.62,5708.65,voter pd share
1063,block_0195,PDDPoS,node_0333,10228.83,324.55,10553.38,self 20% + leftover
1064,block_0196,PDDPoS,node_0408,6733.39,91.02,6824.41,voter pd share
1065,block_0196,PDDPoS,node_0422,8994.88,133.2,9128.08,voter pd share
1066,block_0196,PDDPoS,node_0005,4362.88,85.19,4448.06,voter pd share
1067,block_0196,PDDPoS,node_0110,4734.67,92.76,4827.43,voter pd share
1068,block_0196,PDDPoS,node_0201,8912.19,267.83,9180.02,self 20% + leftover
1069,block_0197,PDDPoS,node_0268,5225.43,49.24,5274.67,voter pd share
1070,block_0197,PDDPoS,node_0240,4817.91,62.55,4880.46,voter pd share
1071,block_0197,PDDPoS,node_0379,8288.97,97.18,8386.14,voter pd share
1072,block_0197,PDDPoS,node_0220,6081.77,108.17,6189.93,voter pd share
1073,block_0197,PDDPoS,node_0421,8377.93,242.88,8620.8,self 20% + leftover
1074,block_0198,PDDPoS,node_0320,2533.42,59.75,2593.17,voter pd share
1075,block_0198,PDDPoS,node_0014,7996.19,115.13,8111.32,voter pd share
1076,block_0198,PDDPoS,node_0218,7622.41,166.17,7788.58,voter pd share
1077,block_0198,PDDPoS,node_0493,2427.98,53.41,2481.39,voter pd share
1078,block_0198,PDDPoS,node_0241,5725.06,126.99,5852.05,voter pd share
1079,block_0198,PDDPoS,node_0425,7043.95,254.56,7298.51,self 20% + leftover
1080,block_0199,PDDPoS,node_0138,9279.14,85.82,9364.96,voter pd share
1081,block_0199,PDDPoS,node_0272,8551.78,112.02,8663.8,voter pd share
1082,block_0199,PDDPoS,node_0202,4000.29,53.29,4053.58,voter pd share
1083,block_0199,PDDPoS,node_0243,4186.41,68.57,4254.98,voter pd share
1084,block_0199,PDDPoS,node_0500,7940.38,214.3,8154.68,self 20% + leftover
1085,block_0200,PDDPoS,node_0405,8852.79,96.09,8948.88,voter pd share
1086,block_0200,PDDPoS,node_0249,3910.72,47.34,3958.06,voter pd share
1087,block_0200,PDDPoS,node_0108,1585.26,38.01,1623.27,voter pd share
1088,block_0200,PDDPoS,node_0151,2167.55,34.91,2202.46,voter pd share
1089,block_0200,PDDPoS,node_0142,9339.05,169.37,9508.42,voter pd share
1090,block_0200,PDDPoS,node_0475,4669.62,178.28,4847.9,self 20% + leftover
1091,block_0201,PDDPoS,node_0365,9792.95,129.57,9922.52,voter pd share
1092,block_0201,PDDPoS,node_0311,9195.0,197.15,9392.15,voter pd share
1093,block_0201,PDDPoS,node_0250,6821.99,157.93,6979.92,voter pd share
1094,block_0201,PDDPoS,node_0498,2736.06,174.35,2910.41,self 20% + leftover
1095,block_0202,PDDPoS,node_0121,6584.54,112.73,6697.27,voter pd share
1096,block_0202,PDDPoS,node_0128,7847.79,133.32,7981.1,voter pd share
1097,block_0202,PDDPoS,node_0481,4458.85,66.09,4524.94,voter pd share
1098,block_0202,PDDPoS,node_0375,9162.82,184.68,9347.5,voter pd share
1099,block_0202,PDDPoS,node_0103,5201.01,274.18,5475.19,self 20% + leftover
1100,block_0203,PDDPoS,node_0356,7104.14,128.4,7232.54,voter pd share
1101,block_0203,PDDPoS,node_0165,6847.4,131.13,6978.53,voter pd share
1102,block_0203,PDDPoS,node_0357,7485.65,137.07,7622.72,voter pd share
1103,block_0203,PDDPoS,node_0001,1230.82,42.87,1273.69,voter pd share
1104,block_0203,PDDPoS,node_0275,2387.66,74.85,2462.51,voter pd share
1105,block_0203,PDDPoS,node_0046,4195.32,260.68,4456.0,self 20% + leftover
1106,block_0204,PDDPoS,node_0482,3458.23,56.09,3514.32,voter pd share
1107,block_0204,PDDPoS,node_0316,8261.53,116.07,8377.6,voter pd share
1108,block_0204,PDDPoS,node_0374,7067.43,138.21,7205.64,voter pd share
1109,block_0204,PDDPoS,node_0116,4803.51,86.18,4889.68,voter pd share
1110,block_0204,PDDPoS,node_0120,3072.31,166.45,3238.76,self 20% + leftover
1111,block_0205,PDDPoS,node_0066,991.26,20.72,1011.98,voter pd share
1112,block_0205,PDDPoS,node_0448,11029.77,142.95,11172.71,voter pd share
1113,block_0205,PDDPoS,node_0373,7711.75,178.46,7890.21,voter pd share
1114,block_0205,PDDPoS,node_0067,10903.22,279.87,11183.09,self 20% + leftover
1115,block_0206,PDDPoS,node_0122,4484.59,52.79,4537.38,voter pd share
1116,block_0206,PDDPoS,node_0318,10636.5,130.21,10766.71,voter pd share
1117,block_0206,PDDPoS,node_0395,1910.47,30.12,1940.59,voter pd share
1118,block_0206,PDDPoS,node_0246,10890.48,183.43,11073.92,voter pd share
1119,block_0206,PDDPoS,node_0039,4644.96,166.45,4811.41,self 20% + leftover
1120,block_0207,PDDPoS,node_0219,7223.99,104.83,7328.82,voter pd share
1121,block_0207,PDDPoS,node_0281,9298.89,168.7,9467.59,voter pd share
1122,block_0207,PDDPoS,node_0087,4202.37,89.98,4292.34,voter pd share
1123,block_0207,PDDPoS,node_0352,11277.75,352.5,11630.25,self 20% + leftover
1124,block_0208,PDDPoS,node_0255,7026.0,95.04,7121.04,voter pd share
1125,block_0208,PDDPoS,node_0054,2281.49,30.47,2311.96,voter pd share
1126,block_0208,PDDPoS,node_0439,7746.36,122.08,7868.44,voter pd share
1127,block_0208,PDDPoS,node_0156,6538.34,116.49,6654.84,voter pd share
1128,block_0208,PDDPoS,node_0459,5678.8,171.92,5850.72,self 20% + leftover
1129,block_0209,PDDPoS,node_0277,9008.0,123.75,9131.75,voter pd share
1130,block_0209,PDDPoS,node_0477,4512.0,101.56,4613.56,voter pd share
1131,block_0209,PDDPoS,node_0471,3894.0,128.31,4022.31,voter pd share
1132,block_0209,PDDPoS,node_0096,3895.0,115.92,4010.92,voter pd share
1133,block_0209,PDDPoS,node_0406,2000.0,173.45,2173.45,self 20% + leftover
1134,block_0210,PDDPoS,node_0056,10799.22,127.05,10926.27,voter pd share
1135,block_0210,PDDPoS,node_0044,11047.01,141.98,11188.99,voter pd share
1136,block_0210,PDDPoS,node_0003,12165.77,355.97,12521.73,self 20% + leftover
1137,block_0211,PDDPoS,node_0447,9370.0,86.37,9456.37,voter pd share
1138,block_0211,PDDPoS,node_0364,1165.94,19.46,1185.39,voter pd share
1139,block_0211,PDDPoS,node_0171,9295.89,148.36,9444.25,voter pd share
1140,block_0211,PDDPoS,node_0270,10608.5,196.61,10805.12,voter pd share
1141,block_0211,PDDPoS,node_0486,9266.68,256.19,9522.87,self 20% + leftover
1142,block_0212,PDDPoS,node_0409,2992.07,30.84,3022.91,voter pd share
1143,block_0212,PDDPoS,node_0166,6450.5,84.71,6535.21,voter pd share
1144,block_0212,PDDPoS,node_0291,3704.98,63.4,3768.38,voter pd share
1145,block_0212,PDDPoS,node_0125,3398.08,50.33,3448.4,voter pd share
1146,block_0212,PDDPoS,node_0196,12218.58,173.28,12391.86,voter pd share
1147,block_0212,PDDPoS,node_0303,10045.79,270.45,10316.24,self 20% + leftover
1148,block_0213,PDDPoS,node_0444,9870.83,100.59,9971.42,voter pd share
1149,block_0213,PDDPoS,node_0260,6675.34,136.51,6811.85,voter pd share
1150,block_0213,PDDPoS,node_0211,9825.11,182.48,10007.58,voter pd share
1151,block_0213,PDDPoS,node_0401,6733.19,156.36,6889.55,voter pd share
1152,block_0213,PDDPoS,node_0497,3390.53,200.07,3590.6,self 20% + leftover
1153,block_0214,PDDPoS,node_0298,999.28,5.89,1005.16,voter pd share
1154,block_0214,PDDPoS,node_0117,7242.1,134.04,7376.14,voter pd share
1155,block_0214,PDDPoS,node_0098,10151.64,226.02,10377.65,voter pd share
1156,block_0214,PDDPoS,node_0254,7256.63,175.12,7431.74,voter pd share
1157,block_0214,PDDPoS,node_0086,5169.36,234.94,5404.3,self 20% + leftover
1158,block_0215,PDDPoS,node_0418,138.86,1.59,140.45,voter pd share
1159,block_0215,PDDPoS,node_0104,7832.76,117.78,7950.54,voter pd share
1160,block_0215,PDDPoS,node_0388,6663.93,96.55,6760.48,voter pd share
1161,block_0215,PDDPoS,node_0124,2150.84,34.92,2185.76,voter pd share
1162,block_0215,PDDPoS,node_0012,5536.8,141.75,5678.55,voter pd share
1163,block_0215,PDDPoS,node_0010,3595.82,173.41,3769.22,self 20% + leftover
1164,block_0216,PDDPoS,node_0404,164.4,0.98,165.38,voter pd share
1165,block_0216,PDDPoS,node_0100,8334.47,71.08,8405.55,voter pd share
1166,block_0216,PDDPoS,node_0432,6595.16,55.63,6650.8,voter pd share
1167,block_0216,PDDPoS,node_0263,7345.62,93.8,7439.42,voter pd share
1168,block_0216,PDDPoS,node_0339,6513.36,109.5,6622.86,voter pd share
1169,block_0216,PDDPoS,node_0442,10943.98,204.02,11148.01,self 20% + leftover
1170,block_0217,PDDPoS,node_0327,3352.28,36.43,3388.72,voter pd share
1171,block_0217,PDDPoS,node_0244,2354.37,26.73,2381.1,voter pd share
1172,block_0217,PDDPoS,node_0238,9701.44,113.07,9814.51,voter pd share
1173,block_0217,PDDPoS,node_0436,4958.16,48.22,5006.39,voter pd share
1174,block_0217,PDDPoS,node_0009,7571.66,115.18,7686.84,voter pd share
1175,block_0217,PDDPoS,node_0315,8385.08,251.36,8636.45,self 20% + leftover
1176,block_0218,PDDPoS,node_0474,7391.97,99.07,7491.04,voter pd share
1177,block_0218,PDDPoS,node_0043,8693.08,129.33,8822.42,voter pd share
1178,block_0218,PDDPoS,node_0068,3495.46,67.35,3562.81,voter pd share
1179,block_0218,PDDPoS,node_0440,9930.84,220.37,10151.21,voter pd share
1180,block_0218,PDDPoS,node_0403,7078.65,261.88,7340.53,self 20% + leftover
1181,block_0219,PDDPoS,node_0391,5944.43,101.07,6045.5,voter pd share
1182,block_0219,PDDPoS,node_0292,8650.75,117.29,8768.04,voter pd share
1183,block_0219,PDDPoS,node_0371,11233.56,191.72,11425.29,voter pd share
1184,block_0219,PDDPoS,node_0460,6439.8,119.44,6559.23,voter pd share
1185,block_0219,PDDPoS,node_0336,6602.46,248.47,6850.93,self 20% + leftover
1186,block_0220,PDDPoS,node_0234,2026.72,24.63,2051.35,voter pd share
1187,block_0220,PDDPoS,node_0282,7804.02,107.42,7911.44,voter pd share
1188,block_0220,PDDPoS,node_0161,4734.28,70.84,4805.12,voter pd share
1189,block_0220,PDDPoS,node_0007,4048.08,56.56,4104.64,voter pd share
1190,block_0220,PDDPoS,node_0310,2959.01,54.4,3013.41,voter pd share
1191,block_0220,PDDPoS,node_0015,5357.92,159.05,5516.97,voter pd share
1192,block_0220,PDDPoS,node_0383,8293.97,305.1,8599.07,self 20% + leftover
1193,block_0221,PDDPoS,node_0024,477.73,12.78,490.51,voter pd share
1194,block_0221,PDDPoS,node_0011,1282.06,23.94,1306.01,voter pd share
1195,block_0221,PDDPoS,node_0412,1107.67,23.1,1130.76,voter pd share
1196,block_0221,PDDPoS,node_0177,8785.4,148.04,8933.44,voter pd share
1197,block_0221,PDDPoS,node_0134,5690.29,103.13,5793.41,voter pd share
1198,block_0221,PDDPoS,node_0235,9369.36,185.41,9554.77,voter pd share
1199,block_0221,PDDPoS,node_0479,8986.49,279.6,9266.09,self 20% + leftover
1200,block_0222,PDDPoS,node_0473,2840.98,38.78,2879.75,voter pd share
1201,block_0222,PDDPoS,node_0280,8524.77,118.95,8643.72,voter pd share
1202,block_0222,PDDPoS,node_0465,7465.82,105.19,7571.01,voter pd share
1203,block_0222,PDDPoS,node_0431,8839.05,145.06,8984.11,voter pd share
1204,block_0222,PDDPoS,node_0450,6652.39,247.02,6899.4,self 20% + leftover
1205,block_0223,PDDPoS,node_0186,4295.91,56.3,4352.21,voter pd share
1206,block_0223,PDDPoS,node_0492,1569.92,24.9,1594.82,voter pd share
1207,block_0223,PDDPoS,node_0034,7423.72,117.38,7541.1,voter pd share
1208,block_0223,PDDPoS,node_0080,10061.6,146.91,10208.51,voter pd share
1209,block_0223,PDDPoS,node_0199,233.45,4.56,238.0,voter pd share
1210,block_0223,PDDPoS,node_0227,673.95,6.03,679.98,voter pd share
1211,block_0223,PDDPoS,node_0060,10385.58,221.63,10607.21,voter pd share
1212,block_0223,PDDPoS,node_0496,2456.88,181.3,2638.17,self 20% + leftover
1213,block_0224,PDDPoS,node_0443,4380.71,46.43,4427.15,voter pd share
1214,block_0224,PDDPoS,node_0214,8020.79,100.96,8121.75,voter pd share
1215,block_0224,PDDPoS,node_0183,7687.99,84.89,7772.88,voter pd share
1216,block_0224,PDDPoS,node_0114,7817.99,104.65,7922.64,voter pd share
1217,block_0224,PDDPoS,node_0079,5120.67,99.36,5220.04,voter pd share
1218,block_0224,PDDPoS,node_0194,2552.83,131.7,2684.54,self 20% + leftover
1219,block_0225,PDDPoS,node_0288,2332.48,21.08,2353.56,voter pd share
1220,block_0225,PDDPoS,node_0278,1308.74,19.55,1328.29,voter pd share
1221,block_0225,PDDPoS,node_0224,5195.36,49.86,5245.23,voter pd share
1222,block_0225,PDDPoS,node_0099,3304.16,40.11,3344.26,voter pd share
1223,block_0225,PDDPoS,node_0490,4396.22,57.0,4453.22,voter pd share
1224,block_0225,PDDPoS,node_0208,5539.65,99.72,5639.37,voter pd share
1225,block_0225,PDDPoS,node_0333,10400.38,249.69,10650.07,self 20% + leftover
1226,block_0226,PDDPoS,node_0408,7017.41,77.57,7094.98,voter pd share
1227,block_0226,PDDPoS,node_0422,8934.08,113.52,9047.6,voter pd share
1228,block_0226,PDDPoS,node_0005,4617.06,72.6,4689.66,voter pd share
1229,block_0226,PDDPoS,node_0110,4599.43,79.05,4678.48,voter pd share
1230,block_0226,PDDPoS,node_0201,8917.02,228.25,9145.27,self 20% + leftover
1231,block_0227,PDDPoS,node_0268,4895.67,51.44,4947.11,voter pd share
1232,block_0227,PDDPoS,node_0240,4757.46,65.34,4822.79,voter pd share
1233,block_0227,PDDPoS,node_0379,8022.14,101.51,8123.65,voter pd share
1234,block_0227,PDDPoS,node_0220,5753.93,112.99,5866.93,voter pd share
1235,block_0227,PDDPoS,node_0421,8863.8,253.72,9117.52,self 20% + leftover
1236,block_0228,PDDPoS,node_0320,2476.17,59.82,2535.99,voter pd share
1237,block_0228,PDDPoS,node_0014,8016.32,115.28,8131.59,voter pd share
1238,block_0228,PDDPoS,node_0218,7884.58,166.38,8050.96,voter pd share
1239,block_0228,PDDPoS,node_0493,2370.39,53.48,2423.86,voter pd share
1240,block_0228,PDDPoS,node_0241,5717.05,127.16,5844.2,voter pd share
1241,block_0228,PDDPoS,node_0425,7036.51,254.89,7291.4,self 20% + leftover
1242,block_0229,PDDPoS,node_0138,9443.96,124.87,9568.84,voter pd share
1243,block_0229,PDDPoS,node_0272,8356.8,163.0,8519.79,voter pd share
1244,block_0229,PDDPoS,node_0202,4246.58,77.53,4324.11,voter pd share
1245,block_0229,PDDPoS,node_0243,3861.98,99.77,3961.75,voter pd share
1246,block_0229,PDDPoS,node_0500,7923.68,311.82,8235.51,self 20% + leftover
1247,block_0230,PDDPoS,node_0405,8776.88,100.18,8877.06,voter pd share
1248,block_0230,PDDPoS,node_0249,4035.06,49.36,4084.42,voter pd share
1249,block_0230,PDDPoS,node_0108,1460.27,39.63,1499.9,voter pd share
1250,block_0230,PDDPoS,node_0151,1954.46,36.4,1990.86,voter pd share
1251,block_0230,PDDPoS,node_0142,9507.42,176.58,9683.99,voter pd share
1252,block_0230,PDDPoS,node_0475,4956.9,185.86,5142.77,self 20% + leftover
1253,block_0231,PDDPoS,node_0365,9826.52,120.72,9947.24,voter pd share
1254,block_0231,PDDPoS,node_0311,9500.15,183.69,9683.84,voter pd share
1255,block_0231,PDDPoS,node_0250,7044.92,147.15,7192.07,voter pd share
1256,block_0231,PDDPoS,node_0498,3190.41,162.44,3352.85,self 20% + leftover
1257,block_0232,PDDPoS,node_0144,441.0,18.19,459.19,voter pd share
1258,block_0232,PDDPoS,node_0386,8396.0,174.26,8570.26,voter pd share
1259,block_0232,PDDPoS,node_0377,8740.0,192.89,8932.89,voter pd share
1260,block_0232,PDDPoS,node_0349,3700.0,117.88,3817.88,voter pd share
1261,block_0232,PDDPoS,node_0370,2900.0,178.78,3078.78,self 20% + leftover
1262,block_0233,PDDPoS,node_0356,6971.54,107.86,7079.4,voter pd share
1263,block_0233,PDDPoS,node_0165,6807.53,110.15,6917.68,voter pd share
1264,block_0233,PDDPoS,node_0357,7385.72,115.14,7500.86,voter pd share
1265,block_0233,PDDPoS,node_0001,1134.69,36.01,1170.7,voter pd share
1266,block_0233,PDDPoS,node_0275,2455.51,62.87,2518.38,voter pd share
1267,block_0233,PDDPoS,node_0046,4584.0,218.97,4802.98,self 20% + leftover
1268,block_0234,PDDPoS,node_0482,3364.32,69.44,3433.76,voter pd share
1269,block_0234,PDDPoS,node_0316,8380.6,143.69,8524.29,voter pd share
1270,block_0234,PDDPoS,node_0374,7177.64,171.11,7348.75,voter pd share
1271,block_0234,PDDPoS,node_0116,4787.68,106.69,4894.37,voter pd share
1272,block_0234,PDDPoS,node_0120,3007.76,206.07,3213.83,self 20% + leftover
1273,block_0235,PDDPoS,node_0066,1275.98,25.75,1301.73,voter pd share
1274,block_0235,PDDPoS,node_0448,10790.71,177.65,10968.37,voter pd share
1275,block_0235,PDDPoS,node_0373,7754.21,221.79,7976.0,voter pd share
1276,block_0235,PDDPoS,node_0067,11001.09,347.81,11348.9,self 20% + leftover
1277,block_0236,PDDPoS,node_0122,4676.38,65.16,4741.54,voter pd share
1278,block_0236,PDDPoS,node_0318,10697.71,160.74,10858.45,voter pd share
1279,block_0236,PDDPoS,node_0395,2117.59,37.19,2154.78,voter pd share
1280,block_0236,PDDPoS,node_0246,11414.92,226.44,11641.36,voter pd share
1281,block_0236,PDDPoS,node_0039,4810.41,205.47,5015.88,self 20% + leftover
1282,block_0237,PDDPoS,node_0219,7518.82,86.97,7605.79,voter pd share
1283,block_0237,PDDPoS,node_0281,9523.59,139.95,9663.55,voter pd share
1284,block_0237,PDDPoS,node_0087,4467.34,74.64,4541.99,voter pd share
1285,block_0237,PDDPoS,node_0352,11273.25,292.43,11565.68,self 20% + leftover
1286,block_0238,PDDPoS,node_0255,7058.04,137.78,7195.82,voter pd share
1287,block_0238,PDDPoS,node_0054,2238.96,44.16,2283.12,voter pd share
1288,block_0238,PDDPoS,node_0439,7472.44,176.97,7649.41,voter pd share
1289,block_0238,PDDPoS,node_0156,5973.84,168.87,6142.71,voter pd share
1290,block_0238,PDDPoS,node_0459,6015.72,249.22,6264.94,self 20% + leftover
1291,block_0239,PDDPoS,node_0277,8623.75,148.2,8771.95,voter pd share
1292,block_0239,PDDPoS,node_0477,4907.56,121.62,5029.19,voter pd share
1293,block_0239,PDDPoS,node_0471,4128.31,153.65,4281.96,voter pd share
1294,block_0239,PDDPoS,node_0096,4547.92,138.82,4686.75,voter pd share
1295,block_0239,PDDPoS,node_0406,2017.45,207.71,2225.16,self 20% + leftover
1296,block_0240,PDDPoS,node_0056,10982.27,158.15,11140.42,voter pd share
1297,block_0240,PDDPoS,node_0044,11095.99,176.74,11272.73,voter pd share
1298,block_0240,PDDPoS,node_0003,12575.73,443.11,13018.84,self 20% + leftover
1299,block_0241,PDDPoS,node_0447,9144.37,74.89,9219.26,voter pd share
1300,block_0241,PDDPoS,node_0364,1222.39,16.87,1239.26,voter pd share
1301,block_0241,PDDPoS,node_0171,9120.25,128.64,9248.89,voter pd share
1302,block_0241,PDDPoS,node_0270,10952.12,170.47,11122.59,voter pd share
1303,block_0241,PDDPoS,node_0486,9372.87,222.13,9595.0,self 20% + leftover
1304,block_0242,PDDPoS,node_0409,2731.91,35.6,2767.51,voter pd share
1305,block_0242,PDDPoS,node_0166,6550.21,97.8,6648.01,voter pd share
1306,block_0242,PDDPoS,node_0291,3726.38,73.2,3799.58,voter pd share
1307,block_0242,PDDPoS,node_0125,3815.4,58.1,3873.51,voter pd share
1308,block_0242,PDDPoS,node_0196,12253.86,200.06,12453.92,voter pd share
1309,block_0242,PDDPoS,node_0303,10430.24,312.24,10742.48,self 20% + leftover
1310,block_0243,PDDPoS,node_0444,10184.42,89.7,10274.12,voter pd share
1311,block_0243,PDDPoS,node_0260,6781.85,121.73,6903.58,voter pd share
1312,block_0243,PDDPoS,node_0211,10521.58,162.72,10684.31,voter pd share
1313,block_0243,PDDPoS,node_0401,6984.55,139.43,7123.98,voter pd share
1314,block_0243,PDDPoS,node_0497,3994.6,178.41,4173.01,self 20% + leftover
1315,block_0244,PDDPoS,node_0298,823.16,5.79,828.95,voter pd share
1316,block_0244,PDDPoS,node_0117,7140.14,131.79,7271.93,voter pd share
1317,block_0244,PDDPoS,node_0098,10093.65,222.23,10315.88,voter pd share
1318,block_0244,PDDPoS,node_0254,7401.74,172.18,7573.93,voter pd share
1319,block_0244,PDDPoS,node_0086,5056.3,231.01,5287.31,self 20% + leftover
1320,block_0245,PDDPoS,node_0418,451.45,2.18,453.63,voter pd share
1321,block_0245,PDDPoS,node_0104,7735.54,161.06,7896.6,voter pd share
1322,block_0245,PDDPoS,node_0388,7097.48,132.03,7229.51,voter pd share
1323,block_0245,PDDPoS,node_0124,2298.76,47.75,2346.52,voter pd share
1324,block_0245,PDDPoS,node_0012,5951.55,193.85,6145.39,voter pd share
1325,block_0245,PDDPoS,node_0010,3973.22,237.13,4210.35,self 20% + leftover
1326,block_0246,PDDPoS,node_0343,9073.0,106.85,9179.85,voter pd share
1327,block_0246,PDDPoS,node_0187,9371.0,173.15,9544.15,voter pd share
1328,block_0246,PDDPoS,node_0429,896.0,38.77,934.77,voter pd share
1329,block_0246,PDDPoS,node_0031,5854.0,236.23,6090.23,self 20% + leftover
1330,block_0247,PDDPoS,node_0327,3202.72,38.65,3241.37,voter pd share
1331,block_0247,PDDPoS,node_0244,2383.1,28.36,2411.46,voter pd share
1332,block_0247,PDDPoS,node_0238,10419.51,119.95,10539.46,voter pd share
1333,block_0247,PDDPoS,node_0436,4955.39,51.16,5006.55,voter pd share
1334,block_0247,PDDPoS,node_0009,7686.84,122.2,7809.04,voter pd share
1335,block_0247,PDDPoS,node_0315,8737.45,266.68,9004.12,self 20% + leftover
1336,block_0248,PDDPoS,node_0474,6862.04,98.81,6960.85,voter pd share
1337,block_0248,PDDPoS,node_0043,8727.42,129.0,8856.42,voter pd share
1338,block_0248,PDDPoS,node_0068,3259.81,67.17,3326.98,voter pd share
1339,block_0248,PDDPoS,node_0440,9942.21,219.8,10162.01,voter pd share
1340,block_0248,PDDPoS,node_0403,7544.53,261.21,7805.73,self 20% + leftover
1341,block_0249,PDDPoS,node_0391,6055.5,78.73,6134.23,voter pd share
1342,block_0249,PDDPoS,node_0292,8752.04,91.36,8843.41,voter pd share
1343,block_0249,PDDPoS,node_0371,11326.29,149.34,11475.62,voter pd share
1344,block_0249,PDDPoS,node_0460,6298.23,93.03,6391.27,voter pd share
1345,block_0249,PDDPoS,node_0336,6669.93,193.54,6863.47,self 20% + leftover
1346,block_0250,PDDPoS,node_0234,1926.35,24.6,1950.95,voter pd share
1347,block_0250,PDDPoS,node_0282,7567.44,107.29,7674.73,voter pd share
1348,block_0250,PDDPoS,node_0161,4938.12,70.75,5008.87,voter pd share
1349,block_0250,PDDPoS,node_0007,4283.64,56.49,4340.12,voter pd share
1350,block_0250,PDDPoS,node_0310,2983.41,54.33,3037.74,voter pd share
1351,block_0250,PDDPoS,node_0015,5833.97,158.85,5992.82,voter pd share
1352,block_0250,PDDPoS,node_0383,8250.07,304.7,8554.77,self 20% + leftover
1353,block_0251,PDDPoS,node_0024,951.51,12.27,963.79,voter pd share
1354,block_0251,PDDPoS,node_0011,1142.01,22.99,1164.99,voter pd share
1355,block_0251,PDDPoS,node_0412,1180.76,22.18,1202.94,voter pd share
1356,block_0251,PDDPoS,node_0177,8673.44,142.12,8815.56,voter pd share
1357,block_0251,PDDPoS,node_0134,6149.41,99.01,6248.42,voter pd share
1358,block_0251,PDDPoS,node_0235,9396.77,178.01,9574.78,voter pd share
1359,block_0251,PDDPoS,node_0479,9419.09,268.43,9687.53,self 20% + leftover
1360,block_0252,PDDPoS,node_0473,2730.75,46.0,2776.75,voter pd share
1361,block_0252,PDDPoS,node_0280,8418.72,141.11,8559.83,voter pd share
1362,block_0252,PDDPoS,node_0465,7362.01,124.79,7486.8,voter pd share
1363,block_0252,PDDPoS,node_0431,8983.11,172.08,9155.19,voter pd share
1364,block_0252,PDDPoS,node_0450,6224.4,293.03,6517.43,self 20% + leftover
1365,block_0253,PDDPoS,node_0186,4198.21,48.21,4246.43,voter pd share
1366,block_0253,PDDPoS,node_0492,1827.82,21.32,1849.14,voter pd share
1367,block_0253,PDDPoS,node_0034,7495.1,100.52,7595.62,voter pd share
1368,block_0253,PDDPoS,node_0080,9941.51,125.81,10067.32,voter pd share
1369,block_0253,PDDPoS,node_0199,133.0,3.9,136.9,voter pd share
1370,block_0253,PDDPoS,node_0227,327.98,5.16,333.14,voter pd share
1371,block_0253,PDDPoS,node_0060,10649.21,189.8,10839.02,voter pd share
1372,block_0253,PDDPoS,node_0496,2526.17,155.26,2681.44,self 20% + leftover
1373,block_0254,PDDPoS,node_0443,4631.15,52.89,4684.04,voter pd share
1374,block_0254,PDDPoS,node_0214,8116.75,115.01,8231.76,voter pd share
1375,block_0254,PDDPoS,node_0183,7513.88,96.69,7610.58,voter pd share
1376,block_0254,PDDPoS,node_0114,7889.64,119.2,8008.84,voter pd share
1377,block_0254,PDDPoS,node_0079,5186.04,113.18,5299.22,voter pd share
1378,block_0254,PDDPoS,node_0194,2366.54,150.02,2516.56,self 20% + leftover
1379,block_0255,PDDPoS,node_0408,7100.98,84.09,7185.07,voter pd share
1380,block_0255,PDDPoS,node_0422,8994.6,123.06,9117.67,voter pd share
1381,block_0255,PDDPoS,node_0005,4495.66,78.7,4574.37,voter pd share
1382,block_0255,PDDPoS,node_0110,4921.48,85.7,5007.18,voter pd share
1383,block_0255,PDDPoS,node_0201,9153.27,247.44,9400.71,self 20% + leftover
1384,block_0256,PDDPoS,node_0408,7146.07,102.16,7248.24,voter pd share
1385,block_0256,PDDPoS,node_0422,9096.67,149.5,9246.17,voter pd share
1386,block_0256,PDDPoS,node_0005,4675.37,95.61,4770.98,voter pd share
1387,block_0256,PDDPoS,node_0110,4998.18,104.11,5102.29,voter pd share
1388,block_0256,PDDPoS,node_0201,9298.71,300.61,9599.32,self 20% + leftover
1389,block_0257,PDDPoS,node_0268,5308.11,57.94,5366.05,voter pd share
1390,block_0257,PDDPoS,node_0240,4759.79,73.6,4833.4,voter pd share
1391,block_0257,PDDPoS,node_0379,8000.65,114.36,8115.01,voter pd share
1392,block_0257,PDDPoS,node_0220,5592.93,127.29,5720.21,voter pd share
1393,block_0257,PDDPoS,node_0421,8819.52,285.81,9105.33,self 20% + leftover
1394,block_0258,PDDPoS,node_0320,2527.99,59.75,2587.73,voter pd share
1395,block_0258,PDDPoS,node_0014,8338.59,115.13,8453.72,voter pd share
1396,block_0258,PDDPoS,node_0218,8101.96,166.17,8268.12,voter pd share
1397,block_0258,PDDPoS,node_0493,2588.86,53.41,2642.27,voter pd share
1398,block_0258,PDDPoS,node_0241,5879.2,126.99,6006.2,voter pd share
1399,block_0258,PDDPoS,node_0425,6983.4,254.56,7237.95,self 20% + leftover
1400,block_0259,PDDPoS,node_0138,9409.84,124.07,9533.91,voter pd share
1401,block_0259,PDDPoS,node_0272,8531.79,161.95,8693.74,voter pd share
1402,block_0259,PDDPoS,node_0202,4130.11,77.03,4207.15,voter pd share
1403,block_0259,PDDPoS,node_0243,3805.75,99.13,3904.88,voter pd share
1404,block_0259,PDDPoS,node_0500,7826.51,309.82,8136.33,self 20% + leftover
1405,block_0260,PDDPoS,node_0405,8966.06,132.55,9098.6,voter pd share
1406,block_0260,PDDPoS,node_0249,3988.42,65.31,4053.73,voter pd share
1407,block_0260,PDDPoS,node_0108,1650.9,52.43,1703.33,voter pd share
1408,block_0260,PDDPoS,node_0151,2269.86,48.16,2318.02,voter pd share
1409,block_0260,PDDPoS,node_0142,9605.99,233.64,9839.63,voter pd share
1410,block_0260,PDDPoS,node_0475,4894.77,245.92,5140.69,self 20% + leftover
1411,block_0261,PDDPoS,node_0365,9943.24,152.97,10096.21,voter pd share
1412,block_0261,PDDPoS,node_0311,9685.84,232.75,9918.59,voter pd share
1413,block_0261,PDDPoS,node_0250,7349.07,186.45,7535.52,voter pd share
1414,block_0261,PDDPoS,node_0498,3609.85,205.83,3815.68,self 20% + leftover
1415,block_0262,PDDPoS,node_0144,340.19,19.41,359.6,voter pd share
1416,block_0262,PDDPoS,node_0386,8459.26,186.02,8645.28,voter pd share
1417,block_0262,PDDPoS,node_0377,8906.89,205.9,9112.79,voter pd share
1418,block_0262,PDDPoS,node_0349,4204.88,125.83,4330.7,voter pd share
1419,block_0262,PDDPoS,node_0370,3040.78,190.84,3231.62,self 20% + leftover
1420,block_0263,PDDPoS,node_0356,6878.4,128.9,7007.3,voter pd share
1421,block_0263,PDDPoS,node_0165,7203.68,131.64,7335.32,voter pd share
1422,block_0263,PDDPoS,node_0357,7490.86,137.6,7628.46,voter pd share
1423,block_0263,PDDPoS,node_0001,1050.7,43.03,1093.73,voter pd share
1424,block_0263,PDDPoS,node_0275,2550.38,75.14,2625.52,voter pd share
1425,block_0263,PDDPoS,node_0046,4710.98,261.69,4972.66,self 20% + leftover
1426,block_0264,PDDPoS,node_0482,3713.76,63.66,3777.42,voter pd share
1427,block_0264,PDDPoS,node_0316,8740.29,131.74,8872.03,voter pd share
1428,block_0264,PDDPoS,node_0374,7273.75,156.87,7430.62,voter pd share
1429,block_0264,PDDPoS,node_0116,4337.37,97.81,4435.19,voter pd share
1430,block_0264,PDDPoS,node_0120,3267.83,188.92,3456.75,self 20% + leftover
1431,block_0265,PDDPoS,node_0066,1281.73,25.92,1307.65,voter pd share
1432,block_0265,PDDPoS,node_0448,10889.37,178.8,11068.16,voter pd share
1433,block_0265,PDDPoS,node_0373,7871.0,223.22,8094.22,voter pd share
1434,block_0265,PDDPoS,node_0067,11126.9,350.06,11476.97,self 20% + leftover
1435,block_0266,PDDPoS,node_0122,4748.54,60.85,4809.39,voter pd share
1436,block_0266,PDDPoS,node_0318,10643.45,150.1,10793.54,voter pd share
1437,block_0266,PDDPoS,node_0395,2770.78,34.73,2805.5,voter pd share
1438,block_0266,PDDPoS,node_0246,11547.36,211.46,11758.82,voter pd share
1439,block_0266,PDDPoS,node_0039,4745.88,191.87,4937.75,self 20% + leftover
1440,block_0267,PDDPoS,node_0219,7524.79,110.83,7635.62,voter pd share
1441,block_0267,PDDPoS,node_0281,10020.55,178.36,10198.9,voter pd share
1442,block_0267,PDDPoS,node_0087,4674.99,95.13,4770.12,voter pd share
1443,block_0267,PDDPoS,node_0352,11478.68,372.68,11851.36,self 20% + leftover
1444,block_0268,PDDPoS,node_0255,7207.82,137.78,7345.6,voter pd share
1445,block_0268,PDDPoS,node_0054,2431.12,44.16,2475.29,voter pd share
1446,block_0268,PDDPoS,node_0439,7460.41,176.97,7637.38,voter pd share
1447,block_0268,PDDPoS,node_0156,6351.71,168.87,6520.58,voter pd share
1448,block_0268,PDDPoS,node_0459,5973.94,249.22,6223.15,self 20% + leftover
1449,block_0269,PDDPoS,node_0277,8647.95,117.98,8765.93,voter pd share
1450,block_0269,PDDPoS,node_0477,4929.19,96.82,5026.01,voter pd share
1451,block_0269,PDDPoS,node_0471,4576.96,122.32,4699.28,voter pd share
1452,block_0269,PDDPoS,node_0096,4700.75,110.52,4811.26,voter pd share
1453,block_0269,PDDPoS,node_0406,2428.16,165.36,2593.51,self 20% + leftover
1454,block_0270,PDDPoS,node_0056,11522.42,142.09,11664.51,voter pd share
1455,block_0270,PDDPoS,node_0044,11098.73,158.79,11257.53,voter pd share
1456,block_0270,PDDPoS,node_0003,12814.84,398.12,13212.96,self 20% + leftover
1457,block_0271,PDDPoS,node_0447,9319.26,77.94,9397.21,voter pd share
1458,block_0271,PDDPoS,node_0364,948.26,17.56,965.82,voter pd share
1459,block_0271,PDDPoS,node_0171,9130.89,133.88,9264.77,voter pd share
1460,block_0271,PDDPoS,node_0270,10834.59,177.42,11012.01,voter pd share
1461,block_0271,PDDPoS,node_0486,9467.0,231.19,9698.19,self 20% + leftover
1462,block_0272,PDDPoS,node_0409,2638.51,31.57,2670.09,voter pd share
1463,block_0272,PDDPoS,node_0166,6925.01,86.72,7011.73,voter pd share
1464,block_0272,PDDPoS,node_0291,3603.58,64.91,3668.48,voter pd share
1465,block_0272,PDDPoS,node_0125,3707.51,51.52,3759.03,voter pd share
1466,block_0272,PDDPoS,node_0196,12226.92,177.4,12404.32,voter pd share
1467,block_0272,PDDPoS,node_0303,10983.48,276.88,11260.36,self 20% + leftover
1468,block_0273,PDDPoS,node_0444,10033.12,97.87,10130.99,voter pd share
1469,block_0273,PDDPoS,node_0260,6608.58,132.81,6741.39,voter pd share
1470,block_0273,PDDPoS,node_0211,10577.31,177.54,10754.85,voter pd share
1471,block_0273,PDDPoS,node_0401,7243.98,152.13,7396.1,voter pd share
1472,block_0273,PDDPoS,node_0497,4186.01,194.65,4380.67,self 20% + leftover
1473,block_0274,PDDPoS,node_0298,899.95,4.45,904.4,voter pd share
1474,block_0274,PDDPoS,node_0117,7141.93,101.39,7243.32,voter pd share
1475,block_0274,PDDPoS,node_0098,10467.88,170.97,10638.85,voter pd share
1476,block_0274,PDDPoS,node_0254,7761.93,132.47,7894.39,voter pd share
1477,block_0274,PDDPoS,node_0086,4811.31,177.72,4989.03,self 20% + leftover
1478,block_0275,PDDPoS,node_0418,315.63,1.91,317.54,voter pd share
1479,block_0275,PDDPoS,node_0104,7848.6,141.5,7990.11,voter pd share
1480,block_0275,PDDPoS,node_0388,7036.51,116.0,7152.5,voter pd share
1481,block_0275,PDDPoS,node_0124,1970.52,41.95,2012.47,voter pd share
1482,block_0275,PDDPoS,node_0012,5645.39,170.3,5815.7,voter pd share
1483,block_0275,PDDPoS,node_0010,4519.35,208.33,4727.68,self 20% + leftover
1484,block_0276,PDDPoS,node_0343,9245.85,102.62,9348.47,voter pd share
1485,block_0276,PDDPoS,node_0187,9553.15,166.28,9719.43,voter pd share
1486,block_0276,PDDPoS,node_0429,821.77,37.23,859.0,voter pd share
1487,block_0276,PDDPoS,node_0031,5957.23,226.87,6184.1,self 20% + leftover
1488,block_0277,PDDPoS,node_0327,2920.37,47.9,2968.27,voter pd share
1489,block_0277,PDDPoS,node_0244,2180.46,35.14,2215.6,voter pd share
1490,block_0277,PDDPoS,node_0238,10715.46,148.65,10864.11,voter pd share
1491,block_0277,PDDPoS,node_0436,5207.55,63.4,5270.95,voter pd share
1492,block_0277,PDDPoS,node_0009,7730.04,151.43,7881.47,voter pd share
1493,block_0277,PDDPoS,node_0315,8676.12,330.47,9006.6,self 20% + leftover
1494,block_0278,PDDPoS,node_0474,6539.85,98.94,6638.79,voter pd share
1495,block_0278,PDDPoS,node_0043,8997.42,129.17,9126.59,voter pd share
1496,block_0278,PDDPoS,node_0068,3042.98,67.26,3110.24,voter pd share
1497,block_0278,PDDPoS,node_0440,10114.01,220.09,10334.1,voter pd share
1498,block_0278,PDDPoS,node_0403,7900.73,261.54,8162.28,self 20% + leftover
1499,block_0279,PDDPoS,node_0391,5636.23,81.85,5718.08,voter pd share
1500,block_0279,PDDPoS,node_0292,8876.41,94.98,8971.39,voter pd share
1501,block_0279,PDDPoS,node_0371,11380.62,155.25,11535.88,voter pd share
1502,block_0279,PDDPoS,node_0460,6690.27,96.72,6786.98,voter pd share
1503,block_0279,PDDPoS,node_0336,6480.47,201.2,6681.67,self 20% + leftover
1504,block_0280,PDDPoS,node_0234,2065.95,24.57,2090.52,voter pd share
1505,block_0280,PDDPoS,node_0282,7793.73,107.15,7900.87,voter pd share
1506,block_0280,PDDPoS,node_0161,5309.87,70.66,5380.52,voter pd share
1507,block_0280,PDDPoS,node_0007,4247.12,56.41,4303.54,voter pd share
1508,block_0280,PDDPoS,node_0310,3306.74,54.26,3361.0,voter pd share
1509,block_0280,PDDPoS,node_0015,6210.82,158.64,6369.46,voter pd share
1510,block_0280,PDDPoS,node_0383,8060.77,304.31,8365.09,self 20% + leftover
1511,block_0281,PDDPoS,node_0024,871.79,12.78,884.57,voter pd share
1512,block_0281,PDDPoS,node_0011,1242.99,23.94,1266.93,voter pd share
1513,block_0281,PDDPoS,node_0412,1277.94,23.1,1301.04,voter pd share
1514,block_0281,PDDPoS,node_0177,8691.56,148.04,8839.59,voter pd share
1515,block_0281,PDDPoS,node_0134,6121.42,103.13,6224.55,voter pd share
1516,block_0281,PDDPoS,node_0235,9523.78,185.41,9709.19,voter pd share
1517,block_0281,PDDPoS,node_0479,9829.53,279.6,10109.13,self 20% + leftover
1518,block_0282,PDDPoS,node_0473,2937.75,31.49,2969.25,voter pd share
1519,block_0282,PDDPoS,node_0280,8695.83,96.61,8792.44,voter pd share
1520,block_0282,PDDPoS,node_0465,6969.8,85.44,7055.24,voter pd share
1521,block_0282,PDDPoS,node_0431,9001.19,117.82,9119.02,voter pd share
1522,block_0282,PDDPoS,node_0450,6459.43,200.63,6660.06,self 20% + leftover
1523,block_0283,PDDPoS,node_0186,4232.43,39.68,4272.11,voter pd share
1524,block_0283,PDDPoS,node_0492,1914.14,17.55,1931.68,voter pd share
1525,block_0283,PDDPoS,node_0034,7490.62,82.74,7573.36,voter pd share
1526,block_0283,PDDPoS,node_0080,10127.32,103.55,10230.88,voter pd share
1527,block_0283,PDDPoS,node_0199,111.9,3.21,115.11,voter pd share
1528,block_0283,PDDPoS,node_0227,104.14,4.25,108.39,voter pd share
1529,block_0283,PDDPoS,node_0060,10943.02,156.22,11099.24,voter pd share
1530,block_0283,PDDPoS,node_0496,2651.44,127.79,2779.23,self 20% + leftover
1531,block_0284,PDDPoS,node_0443,4986.04,46.27,5032.31,voter pd share
1532,block_0284,PDDPoS,node_0214,8109.76,100.61,8210.37,voter pd share
1533,block_0284,PDDPoS,node_0183,7946.58,84.59,8031.17,voter pd share
1534,block_0284,PDDPoS,node_0114,7755.84,104.28,7860.12,voter pd share
1535,block_0284,PDDPoS,node_0079,4980.22,99.01,5079.23,voter pd share
1536,block_0284,PDDPoS,node_0194,2719.56,131.24,2850.8,self 20% + leftover
1537,block_0285,PDDPoS,node_0136,9251.0,201.09,9452.09,voter pd share
1538,block_0285,PDDPoS,node_0146,2346.0,56.51,2402.51,voter pd share
1539,block_0285,PDDPoS,node_0472,10504.0,236.84,10740.84,voter pd share
1540,block_0285,PDDPoS,node_0296,1383.0,56.33,1439.33,voter pd share
1541,block_0285,PDDPoS,node_0271,2153.0,227.23,2380.23,self 20% + leftover
1542,block_0286,PDDPoS,node_0408,6735.24,104.06,6839.3,voter pd share
1543,block_0286,PDDPoS,node_0422,9174.17,152.29,9326.46,voter pd share
1544,block_0286,PDDPoS,node_0005,4925.98,97.39,5023.37,voter pd share
1545,block_0286,PDDPoS,node_0110,4968.29,106.05,5074.34,voter pd share
1546,block_0286,PDDPoS,node_0201,9601.32,306.2,9907.52,self 20% + leftover
1547,block_0287,PDDPoS,node_0268,5451.05,56.01,5507.05,voter pd share
1548,block_0287,PDDPoS,node_0240,4606.4,71.15,4677.54,voter pd share
1549,block_0287,PDDPoS,node_0379,7574.01,110.54,7684.55,voter pd share
1550,block_0287,PDDPoS,node_0220,5570.21,123.04,5693.25,voter pd share
1551,block_0287,PDDPoS,node_0421,9013.33,276.27,9289.6,self 20% + leftover
1552,block_0288,PDDPoS,node_0320,2371.73,49.89,2421.63,voter pd share
1553,block_0288,PDDPoS,node_0014,8562.72,96.14,8658.86,voter pd share
1554,block_0288,PDDPoS,node_0218,8302.12,138.76,8440.88,voter pd share
1555,block_0288,PDDPoS,node_0493,2828.27,44.6,2872.87,voter pd share
1556,block_0288,PDDPoS,node_0241,5864.2,106.05,5970.24,voter pd share
1557,block_0288,PDDPoS,node_0425,7057.95,212.57,7270.52,self 20% + leftover
1558,block_0289,PDDPoS,node_0466,5412.0,70.51,5482.51,voter pd share
1559,block_0289,PDDPoS,node_0335,2822.0,35.79,2857.79,voter pd share
1560,block_0289,PDDPoS,node_0480,9042.0,196.65,9238.65,voter pd share
1561,block_0289,PDDPoS,node_0097,7923.0,282.05,8205.05,self 20% + leftover
1562,block_0290,PDDPoS,node_0405,9313.6,132.55,9446.15,voter pd share
1563,block_0290,PDDPoS,node_0249,4323.73,65.31,4389.04,voter pd share
1564,block_0290,PDDPoS,node_0108,1613.33,52.43,1665.76,voter pd share
1565,block_0290,PDDPoS,node_0151,2418.02,48.16,2466.18,voter pd share
1566,block_0290,PDDPoS,node_0142,10037.63,233.64,10271.27,voter pd share
1567,block_0290,PDDPoS,node_0475,5133.69,245.92,5379.61,self 20% + leftover
1568,block_0291,PDDPoS,node_0365,9709.21,152.77,9861.98,voter pd share
1569,block_0291,PDDPoS,node_0311,10081.59,232.45,10314.04,voter pd share
1570,block_0291,PDDPoS,node_0250,7644.52,186.21,7830.73,voter pd share
1571,block_0291,PDDPoS,node_0498,3479.68,205.57,3685.25,self 20% + leftover
1572,block_0292,PDDPoS,node_0144,458.6,15.68,474.28,voter pd share
1573,block_0292,PDDPoS,node_0386,8646.28,150.25,8796.53,voter pd share
1574,block_0292,PDDPoS,node_0377,9047.79,166.3,9214.09,voter pd share
1575,block_0292,PDDPoS,node_0349,4353.7,101.63,4455.33,voter pd share
1576,block_0292,PDDPoS,node_0370,3326.62,154.14,3480.76,self 20% + leftover
1577,block_0293,PDDPoS,node_0356,7103.3,99.74,7203.04,voter pd share
1578,block_0293,PDDPoS,node_0165,6826.32,101.86,6928.18,voter pd share
1579,block_0293,PDDPoS,node_0357,7515.46,106.47,7621.94,voter pd share
1580,block_0293,PDDPoS,node_0001,1168.73,33.3,1202.03,voter pd share
1581,block_0293,PDDPoS,node_0275,2976.52,58.14,3034.66,voter pd share
1582,block_0293,PDDPoS,node_0046,4683.66,202.49,4886.15,self 20% + leftover
1583,block_0294,PDDPoS,node_0482,3799.42,72.13,3871.55,voter pd share
1584,block_0294,PDDPoS,node_0316,8498.03,149.26,8647.29,voter pd share
1585,block_0294,PDDPoS,node_0374,7670.62,177.73,7848.35,voter pd share
1586,block_0294,PDDPoS,node_0116,4364.19,110.82,4475.01,voter pd share
1587,block_0294,PDDPoS,node_0120,3270.75,214.05,3484.8,self 20% + leftover
1588,block_0295,PDDPoS,node_0066,1185.65,19.69,1205.34,voter pd share
1589,block_0295,PDDPoS,node_0448,11125.16,135.82,11260.99,voter pd share
1590,block_0295,PDDPoS,node_0373,8211.22,169.57,8380.79,voter pd share
1591,block_0295,PDDPoS,node_0067,11734.97,265.92,12000.89,self 20% + leftover
1592,block_0296,PDDPoS,node_0122,4538.39,57.29,4595.67,voter pd share
1593,block_0296,PDDPoS,node_0318,11034.54,141.31,11175.85,voter pd share
1594,block_0296,PDDPoS,node_0395,2943.5,32.69,2976.19,voter pd share
1595,block_0296,PDDPoS,node_0246,11962.82,199.07,12161.89,voter pd share
1596,block_0296,PDDPoS,node_0039,5373.75,180.64,5554.39,self 20% + leftover
1597,block_0297,PDDPoS,node_0255,7559.6,97.17,7656.77,voter pd share
1598,block_0297,PDDPoS,node_0054,2670.29,31.15,2701.44,voter pd share
1599,block_0297,PDDPoS,node_0439,7350.38,124.81,7475.19,voter pd share
1600,block_0297,PDDPoS,node_0156,6571.58,119.1,6690.68,voter pd share
1601,block_0297,PDDPoS,node_0459,6230.15,175.77,6405.92,self 20% + leftover
1602,block_0298,PDDPoS,node_0255,7641.77,120.05,7761.82,voter pd share
1603,block_0298,PDDPoS,node_0054,2749.44,38.48,2787.92,voter pd share
1604,block_0298,PDDPoS,node_0439,7572.19,154.19,7726.38,voter pd share
1605,block_0298,PDDPoS,node_0156,6690.68,147.14,6837.82,voter pd share
1606,block_0298,PDDPoS,node_0459,6353.92,217.14,6571.06,self 20% + leftover
1607,block_0299,PDDPoS,node_0277,8793.93,142.61,8936.54,voter pd share
1608,block_0299,PDDPoS,node_0477,4778.01,117.04,4895.05,voter pd share
1609,block_0299,PDDPoS,node_0471,4805.28,147.87,4953.15,voter pd share
1610,block_0299,PDDPoS,node_0096,4654.26,133.59,4787.86,voter pd share
1611,block_0299,PDDPoS,node_0406,3003.51,199.89,3203.4,self 20% + leftover
1612,block_0300,PDDPoS,node_0056,11780.51,116.68,11897.2,voter pd share
1613,block_0300,PDDPoS,node_0044,11434.53,130.4,11564.92,voter pd share
1614,block_0300,PDDPoS,node_0003,13904.96,326.92,14231.88,self 20% + leftover
1615,block_0301,PDDPoS,node_0426,6424.0,85.11,6509.11,voter pd share
1616,block_0301,PDDPoS,node_0459,6467.06,111.04,6578.1,voter pd share
1617,block_0301,PDDPoS,node_0208,5905.37,108.08,6013.45,voter pd share
1618,block_0301,PDDPoS,node_0098,10577.85,200.19,10778.04,voter pd share
1619,block_0301,PDDPoS,node_0256,7018.0,273.59,7291.59,self 20% + leftover
1620,block_0302,PDDPoS,node_0129,6781.0,48.36,6829.36,voter pd share
1621,block_0302,PDDPoS,node_0432,6553.8,55.58,6609.38,voter pd share
1622,block_0302,PDDPoS,node_0078,718.0,6.61,724.61,voter pd share
1623,block_0302,PDDPoS,node_0372,4730.0,75.85,4805.85,voter pd share
1624,block_0302,PDDPoS,node_0277,9126.54,155.84,9282.38,voter pd share
1625,block_0302,PDDPoS,node_0084,8438.0,226.76,8664.76,self 20% + leftover
1626,block_0303,PDDPoS,node_0042,2357.0,22.72,2379.72,voter pd share
1627,block_0303,PDDPoS,node_0255,7744.82,80.54,7825.36,voter pd share
1628,block_0303,PDDPoS,node_0491,6014.0,72.3,6086.3,voter pd share
1629,block_0303,PDDPoS,node_0185,4471.0,55.72,4526.72,voter pd share
1630,block_0303,PDDPoS,node_0177,8894.59,125.58,9020.18,voter pd share
1631,block_0303,PDDPoS,node_0401,6996.1,239.14,7235.24,self 20% + leftover
1632,block_0304,PDDPoS,node_0187,9599.43,80.09,9679.52,voter pd share
1633,block_0304,PDDPoS,node_0016,1065.0,9.38,1074.38,voter pd share
1634,block_0304,PDDPoS,node_0136,9458.09,133.09,9591.18,voter pd share
1635,block_0304,PDDPoS,node_0192,10327.95,164.94,10492.89,voter pd share
1636,block_0304,PDDPoS,node_0461,5328.0,171.49,5499.49,self 20% + leftover
1637,block_0305,PDDPoS,node_0466,5525.51,50.48,5575.99,voter pd share
1638,block_0305,PDDPoS,node_0412,1273.04,11.81,1284.85,voter pd share
1639,block_0305,PDDPoS,node_0377,9272.09,141.6,9413.69,voter pd share
1640,block_0305,PDDPoS,node_0058,4936.0,85.49,5021.49,voter pd share
1641,block_0305,PDDPoS,node_0111,9400.0,161.42,9561.42,voter pd share
1642,block_0305,PDDPoS,node_0302,4670.0,217.2,4887.2,self 20% + leftover
1643,block_0306,PDDPoS,node_0007,4255.54,31.38,4286.92,voter pd share
1644,block_0306,PDDPoS,node_0366,4915.0,52.02,4967.02,voter pd share
1645,block_0306,PDDPoS,node_0417,290.0,5.1,295.1,voter pd share
1646,block_0306,PDDPoS,node_0434,7863.0,116.93,7979.93,voter pd share
1647,block_0306,PDDPoS,node_0075,4397.0,68.79,4465.79,voter pd share
1648,block_0306,PDDPoS,node_0280,8724.44,149.23,8873.67,voter pd share
1649,block_0306,PDDPoS,node_0133,4090.0,175.55,4265.55,self 20% + leftover
1650,block_0307,PDDPoS,node_0249,4416.04,67.63,4483.67,voter pd share
1651,block_0307,PDDPoS,node_0311,10239.04,179.53,10418.57,voter pd share
1652,block_0307,PDDPoS,node_0472,10667.84,228.12,10895.96,voter pd share
1653,block_0307,PDDPoS,node_0386,8657.53,299.72,8957.25,self 20% + leftover
1654,block_0308,PDDPoS,node_0373,8637.79,106.63,8744.41,voter pd share
1655,block_0308,PDDPoS,node_0414,4911.0,72.53,4983.53,voter pd share
1656,block_0308,PDDPoS,node_0316,8794.29,132.88,8927.17,voter pd share
1657,block_0308,PDDPoS,node_0047,1391.0,23.53,1414.53,voter pd share
1658,block_0308,PDDPoS,node_0167,5711.0,97.44,5808.44,voter pd share
1659,block_0308,PDDPoS,node_0493,2785.87,152.0,2937.87,self 20% + leftover
1660,block_0309,PDDPoS,node_0191,9402.0,124.63,9526.63,voter pd share
1661,block_0309,PDDPoS,node_0402,3433.0,52.88,3485.88,voter pd share
1662,block_0309,PDDPoS,node_0040,8788.75,165.64,8954.38,voter pd share
1663,block_0309,PDDPoS,node_0059,5392.0,139.55,5531.55,voter pd share
1664,block_0309,PDDPoS,node_0052,5015.0,267.31,5282.31,self 20% + leftover
1665,block_0310,PDDPoS,node_0322,7979.0,98.4,8077.4,voter pd share
1666,block_0310,PDDPoS,node_0337,1098.0,12.71,1110.71,voter pd share
1667,block_0310,PDDPoS,node_0250,8048.73,142.46,8191.2,voter pd share
1668,block_0310,PDDPoS,node_0018,5205.0,102.37,5307.37,voter pd share
1669,block_0310,PDDPoS,node_0343,9235.47,252.06,9487.52,self 20% + leftover
1670,block_0311,PDDPoS,node_0140,8653.0,84.27,8737.27,voter pd share
1671,block_0311,PDDPoS,node_0458,217.0,1.79,218.79,voter pd share
1672,block_0311,PDDPoS,node_0400,2318.0,35.42,2353.42,voter pd share
1673,block_0311,PDDPoS,node_0020,4250.0,73.58,4323.58,voter pd share
1674,block_0311,PDDPoS,node_0356,7035.04,134.09,7169.13,voter pd share
1675,block_0311,PDDPoS,node_0100,8311.55,244.85,8556.39,self 20% + leftover
1676,block_0312,PDDPoS,node_0196,12746.32,225.64,12971.96,voter pd share
1677,block_0312,PDDPoS,node_0289,5514.0,113.33,5627.33,voter pd share
1678,block_0312,PDDPoS,node_0229,7443.0,193.66,7636.66,voter pd share
1679,block_0312,PDDPoS,node_0443,5112.31,244.36,5356.68,self 20% + leftover
1680,block_0313,PDDPoS,node_0150,3161.0,49.45,3210.45,voter pd share
1681,block_0313,PDDPoS,node_0423,1198.0,21.87,1219.87,voter pd share
1682,block_0313,PDDPoS,node_0218,8373.88,132.28,8506.16,voter pd share
1683,block_0313,PDDPoS,node_0447,8992.21,146.47,9138.68,voter pd share
1684,block_0313,PDDPoS,node_0093,8071.0,274.92,8345.92,self 20% + leftover
1685,block_0314,PDDPoS,node_0318,11058.85,133.29,11192.15,voter pd share
1686,block_0314,PDDPoS,node_0477,4867.05,95.77,4962.82,voter pd share
1687,block_0314,PDDPoS,node_0266,6261.0,176.31,6437.31,voter pd share
1688,block_0314,PDDPoS,node_0114,7898.12,292.63,8190.75,self 20% + leftover
1689,block_0315,PDDPoS,node_0179,5650.0,76.63,5726.63,voter pd share
1690,block_0315,PDDPoS,node_0235,9641.19,161.52,9802.71,voter pd share
1691,block_0315,PDDPoS,node_0071,1359.0,21.25,1380.25,voter pd share
1692,block_0315,PDDPoS,node_0357,7541.94,191.59,7733.53,voter pd share
1693,block_0315,PDDPoS,node_0161,5263.52,261.0,5524.53,self 20% + leftover
1694,block_0316,PDDPoS,node_0303,11207.36,185.22,11392.58,voter pd share
1695,block_0316,PDDPoS,node_0421,9705.6,181.24,9886.84,voter pd share
1696,block_0316,PDDPoS,node_0236,2039.0,40.84,2079.84,voter pd share
1697,block_0316,PDDPoS,node_0282,7613.87,330.71,7944.58,self 20% + leftover
1698,block_0317,PDDPoS,node_0383,8661.09,108.51,8769.6,voter pd share
1699,block_0317,PDDPoS,node_0387,7026.0,110.06,7136.06,voter pd share
1700,block_0317,PDDPoS,node_0203,9066.0,152.06,9218.06,voter pd share
1701,block_0317,PDDPoS,node_0435,5517.0,191.37,5708.37,self 20% + leftover
1702,block_0318,PDDPoS,node_0172,9262.26,136.58,9398.84,voter pd share
1703,block_0318,PDDPoS,node_0175,5260.0,107.43,5367.43,voter pd share
1704,block_0318,PDDPoS,node_0355,154.0,4.69,158.69,voter pd share
1705,block_0318,PDDPoS,node_0240,4865.54,121.17,4986.71,voter pd share
1706,block_0318,PDDPoS,node_0225,2008.0,56.12,2064.12,voter pd share
1707,block_0318,PDDPoS,node_0484,8873.0,351.0,9224.0,self 20% + leftover
1708,block_0319,PDDPoS,node_0308,227.0,6.3,233.3,voter pd share
1709,block_0319,PDDPoS,node_0455,4899.0,66.96,4965.96,voter pd share
1710,block_0319,PDDPoS,node_0267,8121.35,153.35,8274.7,voter pd share
1711,block_0319,PDDPoS,node_0142,10075.27,239.26,10314.53,voter pd share
1712,block_0319,PDDPoS,node_0285,4992.0,248.12,5240.12,self 20% + leftover
1713,block_0320,PDDPoS,node_0500,7294.69,80.04,7374.74,voter pd share
1714,block_0320,PDDPoS,node_0147,8180.0,151.72,8331.72,voter pd share
1715,block_0320,PDDPoS,node_0139,5138.0,110.79,5248.79,voter pd share
1716,block_0320,PDDPoS,node_0350,1666.0,33.85,1699.85,voter pd share
1717,block_0320,PDDPoS,node_0307,7253.0,259.6,7512.6,self 20% + leftover
1718,block_0321,PDDPoS,node_0085,5456.03,88.53,5544.57,voter pd share
1719,block_0321,PDDPoS,node_0352,11685.36,291.22,11976.58,voter pd share
1720,block_0321,PDDPoS,node_0060,11437.24,398.25,11835.49,self 20% + leftover
1721,block_0322,PDDPoS,node_0419,1125.0,19.63,1144.63,voter pd share
1722,block_0322,PDDPoS,node_0304,4156.0,72.87,4228.87,voter pd share
1723,block_0322,PDDPoS,node_0294,8428.0,170.07,8598.07,voter pd share
1724,block_0322,PDDPoS,node_0283,2106.0,52.52,2158.52,voter pd share
1725,block_0322,PDDPoS,node_0270,10918.01,335.91,11253.92,self 20% + leftover
1726,block_0323,PDDPoS,node_0038,5629.0,90.22,5719.22,voter pd share
1727,block_0323,PDDPoS,node_0215,9339.0,215.44,9554.44,voter pd share
1728,block_0323,PDDPoS,node_0205,4632.0,140.04,4772.04,voter pd share
1729,block_0323,PDDPoS,node_0424,6838.0,331.31,7169.31,self 20% + leftover
1730,block_0324,PDDPoS,node_0374,8197.35,114.44,8311.79,voter pd share
1731,block_0324,PDDPoS,node_0210,3236.0,58.26,3294.26,voter pd share
1732,block_0324,PDDPoS,node_0096,4551.86,99.79,4651.65,voter pd share
1733,block_0324,PDDPoS,node_0479,9390.13,214.43,9604.56,voter pd share
1734,block_0324,PDDPoS,node_0359,744.0,136.07,880.07,self 20% + leftover
1735,block_0325,PDDPoS,node_0030,10216.0,231.62,10447.62,voter pd share
1736,block_0325,PDDPoS,node_0224,5990.23,148.86,6139.09,voter pd share
1737,block_0325,PDDPoS,node_0080,9912.88,393.52,10306.4,self 20% + leftover
1738,block_0326,PDDPoS,node_0087,4558.12,68.8,4626.91,voter pd share
1739,block_0326,PDDPoS,node_0231,9888.0,169.67,10057.67,voter pd share
1740,block_0326,PDDPoS,node_0002,3721.0,75.07,3796.07,voter pd share
1741,block_0326,PDDPoS,node_0193,6540.0,222.46,6762.46,self 20% + leftover
1742,block_0327,PDDPoS,node_0087,4641.91,98.06,4739.97,voter pd share
1743,block_0327,PDDPoS,node_0231,9993.67,241.85,10235.52,voter pd share
1744,block_0327,PDDPoS,node_0002,3786.07,107.01,3893.08,voter pd share
1745,block_0327,PDDPoS,node_0193,6843.46,317.09,7160.55,self 20% + leftover
1746,block_0328,PDDPoS,node_0158,7152.0,88.81,7240.81,voter pd share
1747,block_0328,PDDPoS,node_0115,6708.0,113.32,6821.32,voter pd share
1748,block_0328,PDDPoS,node_0082,1890.0,44.32,1934.32,voter pd share
1749,block_0328,PDDPoS,node_0054,2664.92,65.24,2730.15,voter pd share
1750,block_0328,PDDPoS,node_0141,7178.0,251.32,7429.32,self 20% + leftover
1751,block_0329,PDDPoS,node_0027,2628.0,59.22,2687.22,voter pd share
1752,block_0329,PDDPoS,node_0326,2266.0,47.35,2313.35,voter pd share
1753,block_0329,PDDPoS,node_0475,5300.61,122.39,5423.0,voter pd share
1754,block_0329,PDDPoS,node_0272,8517.74,217.98,8735.72,voter pd share
1755,block_0329,PDDPoS,node_0468,3494.0,112.27,3606.27,voter pd share
1756,block_0329,PDDPoS,node_0409,2913.09,218.78,3131.87,self 20% + leftover
1757,block_0330,PDDPoS,node_0104,7622.11,166.67,7788.77,voter pd share
1758,block_0330,PDDPoS,node_0076,4256.0,95.08,4351.08,voter pd share
1759,block_0330,PDDPoS,node_0384,7488.0,218.39,7706.39,voter pd share
1760,block_0330,PDDPoS,node_0489,5710.0,293.86,6003.86,self 20% + leftover
1761,block_0331,PDDPoS,node_0426,6690.11,64.65,6754.75,voter pd share
1762,block_0331,PDDPoS,node_0459,7006.1,84.35,7090.45,voter pd share
1763,block_0331,PDDPoS,node_0208,6069.45,82.1,6151.55,voter pd share
1764,block_0331,PDDPoS,node_0098,10535.04,152.07,10687.11,voter pd share
1765,block_0331,PDDPoS,node_0256,7059.59,207.83,7267.42,self 20% + leftover
1766,block_0332,PDDPoS,node_0129,7047.36,50.91,7098.27,voter pd share
1767,block_0332,PDDPoS,node_0432,6383.38,58.51,6441.89,voter pd share
1768,block_0332,PDDPoS,node_0078,573.61,6.96,580.57,voter pd share
1769,block_0332,PDDPoS,node_0372,4258.85,79.85,4338.7,voter pd share
1770,block_0332,PDDPoS,node_0277,9594.38,164.05,9758.43,voter pd share
1771,block_0332,PDDPoS,node_0084,8472.76,238.72,8711.48,self 20% + leftover
1772,block_0333,PDDPoS,node_0042,2388.72,22.95,2411.67,voter pd share
1773,block_0333,PDDPoS,node_0255,7834.36,81.35,7915.71,voter pd share
1774,block_0333,PDDPoS,node_0491,5696.3,73.03,5769.34,voter pd share
1775,block_0333,PDDPoS,node_0185,4294.72,56.28,4350.99,voter pd share
1776,block_0333,PDDPoS,node_0177,8994.18,126.85,9121.03,voter pd share
1777,block_0333,PDDPoS,node_0401,7131.24,241.55,7372.79,self 20% + leftover
1778,block_0334,PDDPoS,node_0187,10061.52,111.04,10172.56,voter pd share
1779,block_0334,PDDPoS,node_0016,1340.38,13.0,1353.38,voter pd share
1780,block_0334,PDDPoS,node_0136,9630.18,184.52,9814.7,voter pd share
1781,block_0334,PDDPoS,node_0192,10421.89,228.68,10650.57,voter pd share
1782,block_0334,PDDPoS,node_0461,5624.49,237.76,5862.26,self 20% + leftover
1783,block_0335,PDDPoS,node_0466,5502.99,58.79,5561.78,voter pd share
1784,block_0335,PDDPoS,node_0412,1354.85,13.75,1368.6,voter pd share
1785,block_0335,PDDPoS,node_0377,9385.69,164.91,9550.6,voter pd share
1786,block_0335,PDDPoS,node_0058,5036.49,99.57,5136.06,voter pd share
1787,block_0335,PDDPoS,node_0111,9460.42,188.0,9648.42,voter pd share
1788,block_0335,PDDPoS,node_0302,4814.2,252.97,5067.17,self 20% + leftover
1789,block_0336,PDDPoS,node_0007,4046.92,29.39,4076.31,voter pd share
1790,block_0336,PDDPoS,node_0366,4793.02,48.72,4841.74,voter pd share
1791,block_0336,PDDPoS,node_0417,150.1,4.78,154.88,voter pd share
1792,block_0336,PDDPoS,node_0434,8092.93,109.51,8202.44,voter pd share
1793,block_0336,PDDPoS,node_0075,4520.79,64.42,4585.21,voter pd share
1794,block_0336,PDDPoS,node_0280,9125.67,139.76,9265.43,voter pd share
1795,block_0336,PDDPoS,node_0133,4258.55,164.42,4422.97,self 20% + leftover
1796,block_0337,PDDPoS,node_0249,3993.67,62.39,4056.06,voter pd share
1797,block_0337,PDDPoS,node_0311,10092.57,165.63,10258.21,voter pd share
1798,block_0337,PDDPoS,node_0472,10787.96,210.46,10998.42,voter pd share
1799,block_0337,PDDPoS,node_0386,9356.25,276.52,9632.77,self 20% + leftover
1800,block_0338,PDDPoS,node_0373,8678.41,107.17,8785.59,voter pd share
1801,block_0338,PDDPoS,node_0414,4818.53,72.91,4891.44,voter pd share
1802,block_0338,PDDPoS,node_0316,8729.17,133.56,8862.73,voter pd share
1803,block_0338,PDDPoS,node_0047,1597.53,23.65,1621.18,voter pd share
1804,block_0338,PDDPoS,node_0167,6186.44,97.94,6284.37,voter pd share
1805,block_0338,PDDPoS,node_0493,3104.87,152.78,3257.64,self 20% + leftover
1806,block_0339,PDDPoS,node_0191,9322.63,102.86,9425.49,voter pd share
1807,block_0339,PDDPoS,node_0402,3420.88,43.64,3464.52,voter pd share
1808,block_0339,PDDPoS,node_0040,8764.38,136.7,8901.09,voter pd share
1809,block_0339,PDDPoS,node_0059,5624.55,115.17,5739.72,voter pd share
1810,block_0339,PDDPoS,node_0052,5195.31,220.62,5415.93,self 20% + leftover
1811,block_0340,PDDPoS,node_0322,8088.4,122.19,8210.58,voter pd share
1812,block_0340,PDDPoS,node_0337,1084.71,15.79,1100.5,voter pd share
1813,block_0340,PDDPoS,node_0250,8081.2,176.91,8258.1,voter pd share
1814,block_0340,PDDPoS,node_0018,5297.37,127.12,5424.49,voter pd share
1815,block_0340,PDDPoS,node_0343,9282.52,313.0,9595.52,self 20% + leftover
1816,block_0341,PDDPoS,node_0342,4640.0,61.01,4701.01,voter pd share
1817,block_0341,PDDPoS,node_0351,4780.0,76.12,4856.12,voter pd share
1818,block_0341,PDDPoS,node_0327,2813.27,78.08,2891.35,voter pd share
1819,block_0341,PDDPoS,node_0310,3087.0,83.1,3170.1,voter pd share
1820,block_0341,PDDPoS,node_0138,9342.91,335.68,9678.59,self 20% + leftover
1821,block_0342,PDDPoS,node_0196,13150.96,168.72,13319.69,voter pd share
1822,block_0342,PDDPoS,node_0289,5345.33,84.74,5430.07,voter pd share
1823,block_0342,PDDPoS,node_0229,7554.66,144.81,7699.47,voter pd share
1824,block_0342,PDDPoS,node_0443,5595.68,182.72,5778.4,self 20% + leftover
1825,block_0343,PDDPoS,node_0150,3292.45,54.44,3346.89,voter pd share
1826,block_0343,PDDPoS,node_0423,1066.87,24.08,1090.95,voter pd share
1827,block_0343,PDDPoS,node_0218,8610.16,145.62,8755.78,voter pd share
1828,block_0343,PDDPoS,node_0447,8763.68,161.24,8924.92,voter pd share
1829,block_0343,PDDPoS,node_0093,8454.92,302.63,8757.54,self 20% + leftover
1830,block_0344,PDDPoS,node_0318,10942.15,115.34,11057.49,voter pd share
1831,block_0344,PDDPoS,node_0477,5097.82,82.87,5180.7,voter pd share
1832,block_0344,PDDPoS,node_0266,6341.31,152.56,6493.87,voter pd share
1833,block_0344,PDDPoS,node_0114,8428.75,253.22,8681.97,self 20% + leftover
1834,block_0345,PDDPoS,node_0179,5612.63,72.76,5685.39,voter pd share
1835,block_0345,PDDPoS,node_0235,9385.71,153.35,9539.07,voter pd share
1836,block_0345,PDDPoS,node_0071,1403.25,20.18,1423.43,voter pd share
1837,block_0345,PDDPoS,node_0357,7826.53,181.91,8008.44,voter pd share
1838,block_0345,PDDPoS,node_0161,5348.53,247.81,5596.33,self 20% + leftover
1839,block_0346,PDDPoS,node_0303,11456.58,166.65,11623.22,voter pd share
1840,block_0346,PDDPoS,node_0421,9888.84,163.07,10051.91,voter pd share
1841,block_0346,PDDPoS,node_0236,2196.84,36.74,2233.58,voter pd share
1842,block_0346,PDDPoS,node_0282,7988.58,297.55,8286.12,self 20% + leftover
1843,block_0347,PDDPoS,node_0383,8733.6,102.34,8835.94,voter pd share
1844,block_0347,PDDPoS,node_0387,7374.06,103.79,7477.85,voter pd share
1845,block_0347,PDDPoS,node_0203,9393.06,143.4,9536.46,voter pd share
1846,block_0347,PDDPoS,node_0435,5176.37,180.47,5356.84,self 20% + leftover
1847,block_0348,PDDPoS,node_0172,9671.84,93.34,9765.18,voter pd share
1848,block_0348,PDDPoS,node_0175,5384.43,73.42,5457.85,voter pd share
1849,block_0348,PDDPoS,node_0355,581.69,3.2,584.89,voter pd share
1850,block_0348,PDDPoS,node_0240,4735.71,82.81,4818.52,voter pd share
1851,block_0348,PDDPoS,node_0225,2110.12,38.35,2148.48,voter pd share
1852,block_0348,PDDPoS,node_0484,9806.0,239.88,10045.88,self 20% + leftover
1853,block_0349,PDDPoS,node_0308,336.3,5.03,341.33,voter pd share
1854,block_0349,PDDPoS,node_0455,4744.96,53.46,4798.42,voter pd share
1855,block_0349,PDDPoS,node_0267,8065.7,122.42,8188.13,voter pd share
1856,block_0349,PDDPoS,node_0142,10479.53,191.01,10670.54,voter pd share
1857,block_0349,PDDPoS,node_0285,5519.12,198.08,5717.21,self 20% + leftover
1858,block_0350,PDDPoS,node_0500,7157.74,66.32,7224.06,voter pd share
1859,block_0350,PDDPoS,node_0147,8016.72,125.71,8142.43,voter pd share
1860,block_0350,PDDPoS,node_0139,5182.79,91.8,5274.59,voter pd share
1861,block_0350,PDDPoS,node_0350,1965.85,28.05,1993.9,voter pd share
1862,block_0350,PDDPoS,node_0307,7498.6,215.11,7713.72,self 20% + leftover
1863,block_0351,PDDPoS,node_0085,5909.57,82.73,5992.3,voter pd share
1864,block_0351,PDDPoS,node_0352,11681.58,272.13,11953.71,voter pd share
1865,block_0351,PDDPoS,node_0060,12007.49,372.14,12379.63,self 20% + leftover
1866,block_0352,PDDPoS,node_0419,1184.63,17.82,1202.45,voter pd share
1867,block_0352,PDDPoS,node_0304,4145.87,66.15,4212.03,voter pd share
1868,block_0352,PDDPoS,node_0294,8162.07,154.4,8316.47,voter pd share
1869,block_0352,PDDPoS,node_0283,2265.52,47.68,2313.2,voter pd share
1870,block_0352,PDDPoS,node_0270,11211.92,304.95,11516.87,self 20% + leftover
1871,block_0353,PDDPoS,node_0038,5849.22,81.86,5931.07,voter pd share
1872,block_0353,PDDPoS,node_0215,9245.44,195.48,9440.92,voter pd share
1873,block_0353,PDDPoS,node_0205,4630.04,127.06,4757.1,voter pd share
1874,block_0353,PDDPoS,node_0424,6964.31,300.61,7264.91,self 20% + leftover
1875,block_0354,PDDPoS,node_0374,8317.79,142.36,8460.15,voter pd share
1876,block_0354,PDDPoS,node_0210,3195.26,72.48,3267.74,voter pd share
1877,block_0354,PDDPoS,node_0096,4218.65,124.14,4342.79,voter pd share
1878,block_0354,PDDPoS,node_0479,9711.56,266.75,9978.31,voter pd share
1879,block_0354,PDDPoS,node_0359,731.07,169.27,900.33,self 20% + leftover
1880,block_0355,PDDPoS,node_0030,10133.62,201.09,10334.71,voter pd share
1881,block_0355,PDDPoS,node_0224,6575.09,129.24,6704.33,voter pd share
1882,block_0355,PDDPoS,node_0080,10565.4,341.66,10907.06,self 20% + leftover
1883,block_0356,PDDPoS,node_0180,4285.0,59.98,4344.98,voter pd share
1884,block_0356,PDDPoS,node_0163,1864.0,30.25,1894.25,voter pd share
1885,block_0356,PDDPoS,node_0029,3994.0,72.18,4066.18,voter pd share
1886,block_0356,PDDPoS,node_0013,1466.0,21.09,1487.09,voter pd share
1887,block_0356,PDDPoS,node_0108,1832.76,56.96,1889.72,voter pd share
1888,block_0356,PDDPoS,node_0067,11753.89,389.55,12143.43,self 20% + leftover
1889,block_0357,PDDPoS,node_0087,5044.97,72.26,5117.23,voter pd share
1890,block_0357,PDDPoS,node_0231,10167.52,178.22,10345.74,voter pd share
1891,block_0357,PDDPoS,node_0002,4218.08,78.85,4296.93,voter pd share
1892,block_0357,PDDPoS,node_0193,7505.55,233.67,7739.21,self 20% + leftover
1893,block_0358,PDDPoS,node_0158,7215.81,98.12,7313.93,voter pd share
1894,block_0358,PDDPoS,node_0115,6594.32,125.19,6719.51,voter pd share
1895,block_0358,PDDPoS,node_0082,1661.32,48.97,1710.29,voter pd share
1896,block_0358,PDDPoS,node_0054,2569.15,72.07,2641.22,voter pd share
1897,block_0358,PDDPoS,node_0141,7002.32,277.65,7279.97,self 20% + leftover
1898,block_0359,PDDPoS,node_0027,3017.22,43.77,3061.0,voter pd share
1899,block_0359,PDDPoS,node_0326,2575.35,34.99,2610.34,voter pd share
1900,block_0359,PDDPoS,node_0475,5673.0,90.46,5763.45,voter pd share
1901,block_0359,PDDPoS,node_0272,8731.72,161.11,8892.83,voter pd share
1902,block_0359,PDDPoS,node_0468,3452.27,82.98,3535.25,voter pd share
1903,block_0359,PDDPoS,node_0409,3135.87,161.7,3297.57,self 20% + leftover
1904,block_0360,PDDPoS,node_0104,7686.77,167.1,7853.87,voter pd share
1905,block_0360,PDDPoS,node_0076,4086.08,95.33,4181.41,voter pd share
1906,block_0360,PDDPoS,node_0384,8055.39,218.95,8274.34,voter pd share
1907,block_0360,PDDPoS,node_0489,6079.86,294.62,6374.48,self 20% + leftover
1908,block_0361,PDDPoS,node_0426,6625.75,84.12,6709.88,voter pd share
1909,block_0361,PDDPoS,node_0459,6987.45,109.75,7097.2,voter pd share
1910,block_0361,PDDPoS,node_0208,6331.55,106.83,6438.38,voter pd share
1911,block_0361,PDDPoS,node_0098,10742.11,197.87,10939.98,voter pd share
1912,block_0361,PDDPoS,node_0256,6641.42,270.43,6911.85,self 20% + leftover
1913,block_0362,PDDPoS,node_0129,7472.27,57.28,7529.55,voter pd share
1914,block_0362,PDDPoS,node_0432,6472.89,65.84,6538.72,voter pd share
1915,block_0362,PDDPoS,node_0078,566.57,7.83,574.4,voter pd share
1916,block_0362,PDDPoS,node_0372,4345.7,89.85,4435.55,voter pd share
1917,block_0362,PDDPoS,node_0277,10294.43,184.59,10479.02,voter pd share
1918,block_0362,PDDPoS,node_0084,8641.48,268.61,8910.09,self 20% + leftover
1919,block_0363,PDDPoS,node_0042,2280.67,29.16,2309.83,voter pd share
1920,block_0363,PDDPoS,node_0255,8246.71,103.37,8350.08,voter pd share
1921,block_0363,PDDPoS,node_0491,5514.34,92.81,5607.14,voter pd share
1922,block_0363,PDDPoS,node_0185,4563.99,71.51,4635.5,voter pd share
1923,block_0363,PDDPoS,node_0177,8916.03,161.2,9077.22,voter pd share
1924,block_0363,PDDPoS,node_0401,7094.79,306.95,7401.74,self 20% + leftover
1925,block_0364,PDDPoS,node_0187,9910.56,85.39,9995.95,voter pd share
1926,block_0364,PDDPoS,node_0016,1738.38,10.0,1748.38,voter pd share
1927,block_0364,PDDPoS,node_0136,9600.7,141.9,9742.61,voter pd share
1928,block_0364,PDDPoS,node_0192,11079.57,175.86,11255.43,voter pd share
1929,block_0364,PDDPoS,node_0461,5577.26,182.85,5760.1,self 20% + leftover
1930,block_0365,PDDPoS,node_0466,5112.78,54.26,5167.04,voter pd share
1931,block_0365,PDDPoS,node_0412,1211.6,12.69,1224.29,voter pd share
1932,block_0365,PDDPoS,node_0377,9613.6,152.19,9765.8,voter pd share
1933,block_0365,PDDPoS,node_0058,5298.06,91.89,5389.95,voter pd share
1934,block_0365,PDDPoS,node_0111,9683.42,173.5,9856.92,voter pd share
1935,block_0365,PDDPoS,node_0302,4957.17,233.46,5190.63,self 20% + leftover
1936,block_0366,PDDPoS,node_0007,3873.31,39.19,3912.5,voter pd share
1937,block_0366,PDDPoS,node_0366,5030.74,64.96,5095.7,voter pd share
1938,block_0366,PDDPoS,node_0417,55.88,6.37,62.25,voter pd share
1939,block_0366,PDDPoS,node_0434,8012.44,146.01,8158.45,voter pd share
1940,block_0366,PDDPoS,node_0075,4737.21,85.9,4823.11,voter pd share
1941,block_0366,PDDPoS,node_0280,9704.43,186.35,9890.78,voter pd share
1942,block_0366,PDDPoS,node_0133,4864.97,219.22,5084.19,self 20% + leftover
1943,block_0367,PDDPoS,node_0249,4666.06,59.08,4725.14,voter pd share
1944,block_0367,PDDPoS,node_0311,10458.21,156.83,10615.04,voter pd share
1945,block_0367,PDDPoS,node_0472,10959.42,199.27,11158.69,voter pd share
1946,block_0367,PDDPoS,node_0386,9606.77,261.82,9868.59,self 20% + leftover
1947,block_0368,PDDPoS,node_0373,8711.59,113.01,8824.59,voter pd share
1948,block_0368,PDDPoS,node_0414,4644.44,76.87,4721.32,voter pd share
1949,block_0368,PDDPoS,node_0316,9129.73,140.83,9270.55,voter pd share
1950,block_0368,PDDPoS,node_0047,1667.18,24.94,1692.11,voter pd share
1951,block_0368,PDDPoS,node_0167,6277.37,103.27,6380.64,voter pd share
1952,block_0368,PDDPoS,node_0493,3180.64,161.09,3341.73,self 20% + leftover
1953,block_0369,PDDPoS,node_0376,8286.0,185.83,8471.83,voter pd share
1954,block_0369,PDDPoS,node_0230,6762.38,179.32,6941.7,voter pd share
1955,block_0369,PDDPoS,node_0393,302.0,11.25,313.25,voter pd share
1956,block_0369,PDDPoS,node_0457,8208.0,396.6,8604.6,self 20% + leftover
1957,block_0370,PDDPoS,node_0322,7761.58,125.1,7886.68,voter pd share
1958,block_0370,PDDPoS,node_0337,1272.5,16.16,1288.66,voter pd share
1959,block_0370,PDDPoS,node_0250,8713.1,181.13,8894.23,voter pd share
1960,block_0370,PDDPoS,node_0018,5165.49,130.15,5295.65,voter pd share
1961,block_0370,PDDPoS,node_0343,9125.52,320.46,9445.98,self 20% + leftover
1962,block_0371,PDDPoS,node_0342,4779.01,74.58,4853.59,voter pd share
1963,block_0371,PDDPoS,node_0351,4794.12,93.05,4887.18,voter pd share
1964,block_0371,PDDPoS,node_0327,2725.35,95.44,2820.8,voter pd share
1965,block_0371,PDDPoS,node_0310,3072.1,101.58,3173.69,voter pd share
1966,block_0371,PDDPoS,node_0138,9420.59,410.33,9830.92,self 20% + leftover
1967,block_0372,PDDPoS,node_0196,13773.69,194.86,13968.55,voter pd share
1968,block_0372,PDDPoS,node_0289,5377.07,97.87,5474.94,voter pd share
1969,block_0372,PDDPoS,node_0229,7435.47,167.24,7602.71,voter pd share
1970,block_0372,PDDPoS,node_0443,5893.4,211.03,6104.43,self 20% + leftover
1971,block_0373,PDDPoS,node_0150,3335.89,57.05,3392.95,voter pd share
1972,block_0373,PDDPoS,node_0423,866.95,25.23,892.18,voter pd share
1973,block_0373,PDDPoS,node_0218,8432.78,152.6,8585.39,voter pd share
1974,block_0373,PDDPoS,node_0447,9010.92,168.97,9179.89,voter pd share
1975,block_0373,PDDPoS,node_0093,8670.54,317.14,8987.69,self 20% + leftover
1976,block_0374,PDDPoS,node_0318,11074.49,130.43,11204.92,voter pd share
1977,block_0374,PDDPoS,node_0477,4661.7,93.71,4755.41,voter pd share
1978,block_0374,PDDPoS,node_0266,6952.87,172.52,7125.39,voter pd share
1979,block_0374,PDDPoS,node_0114,8807.97,286.34,9094.31,self 20% + leftover
1980,block_0375,PDDPoS,node_0179,5700.39,83.63,5784.02,voter pd share
1981,block_0375,PDDPoS,node_0235,8630.07,176.26,8806.33,voter pd share
1982,block_0375,PDDPoS,node_0071,1506.43,23.19,1529.62,voter pd share
1983,block_0375,PDDPoS,node_0357,7639.44,209.08,7848.52,voter pd share
1984,block_0375,PDDPoS,node_0161,5249.33,284.83,5534.16,self 20% + leftover
1985,block_0376,PDDPoS,node_0303,11552.22,194.5,11746.73,voter pd share
1986,block_0376,PDDPoS,node_0421,10377.91,190.33,10568.24,voter pd share
1987,block_0376,PDDPoS,node_0236,2543.58,42.88,2586.46,voter pd share
1988,block_0376,PDDPoS,node_0282,7861.12,347.29,8208.41,self 20% + leftover
1989,block_0377,PDDPoS,node_0383,8801.94,129.37,8931.3,voter pd share
1990,block_0377,PDDPoS,node_0387,7264.85,131.21,7396.06,voter pd share
1991,block_0377,PDDPoS,node_0203,9771.46,181.28,9952.74,voter pd share
1992,block_0377,PDDPoS,node_0435,5142.84,228.14,5370.98,self 20% + leftover
1993,block_0378,PDDPoS,node_0172,9528.18,136.06,9664.24,voter pd share
1994,block_0378,PDDPoS,node_0175,5082.85,107.01,5189.86,voter pd share
1995,block_0378,PDDPoS,node_0355,560.89,4.67,565.56,voter pd share
1996,block_0378,PDDPoS,node_0240,4680.52,120.7,4801.23,voter pd share
1997,block_0378,PDDPoS,node_0225,1898.48,55.91,1954.38,voter pd share
1998,block_0378,PDDPoS,node_0484,10185.88,349.65,10535.53,self 20% + leftover
1999,block_0379,PDDPoS,node_0308,382.33,6.51,388.84,voter pd share
2000,block_0379,PDDPoS,node_0455,4592.42,69.21,4661.63,voter pd share
2001,block_0379,PDDPoS,node_0267,7941.13,158.51,8099.64,voter pd share
2002,block_0379,PDDPoS,node_0142,10576.54,247.31,10823.84,voter pd share
2003,block_0379,PDDPoS,node_0285,5815.21,256.46,6071.67,self 20% + leftover
2004,block_0380,PDDPoS,node_0500,7271.06,73.75,7344.81,voter pd share
2005,block_0380,PDDPoS,node_0147,8058.43,139.79,8198.22,voter pd share
2006,block_0380,PDDPoS,node_0139,5292.59,102.08,5394.66,voter pd share
2007,block_0380,PDDPoS,node_0350,1637.9,31.19,1669.09,voter pd share
2008,block_0380,PDDPoS,node_0307,7361.72,239.19,7600.91,self 20% + leftover
2009,block_0381,PDDPoS,node_0085,6017.3,73.29,6090.58,voter pd share
2010,block_0381,PDDPoS,node_0352,12331.71,241.06,12572.77,voter pd share
2011,block_0381,PDDPoS,node_0060,12168.63,329.66,12498.28,self 20% + leftover
2012,block_0382,PDDPoS,node_0419,1384.45,22.95,1407.4,voter pd share
2013,block_0382,PDDPoS,node_0304,4696.03,85.18,4781.21,voter pd share
2014,block_0382,PDDPoS,node_0294,8090.47,198.81,8289.28,voter pd share
2015,block_0382,PDDPoS,node_0283,2533.2,61.4,2594.6,voter pd share
2016,block_0382,PDDPoS,node_0270,11287.87,392.67,11680.54,self 20% + leftover
2017,block_0383,PDDPoS,node_0038,6221.07,89.87,6310.94,voter pd share
2018,block_0383,PDDPoS,node_0215,9687.92,214.61,9902.53,voter pd share
2019,block_0383,PDDPoS,node_0205,4734.1,139.5,4873.59,voter pd share
2020,block_0383,PDDPoS,node_0424,6977.91,330.03,7307.94,self 20% + leftover
2021,block_0384,PDDPoS,node_0374,8098.15,105.99,8204.15,voter pd share
2022,block_0384,PDDPoS,node_0210,3201.74,53.96,3255.71,voter pd share
2023,block_0384,PDDPoS,node_0096,4289.79,92.43,4382.22,voter pd share
2024,block_0384,PDDPoS,node_0479,9953.31,198.6,10151.9,voter pd share
2025,block_0384,PDDPoS,node_0359,965.33,126.02,1091.36,self 20% + leftover
2026,block_0385,PDDPoS,node_0030,10874.71,220.54,11095.25,voter pd share
2027,block_0385,PDDPoS,node_0224,6169.33,141.75,6311.08,voter pd share
2028,block_0385,PDDPoS,node_0080,10992.06,374.71,11366.77,self 20% + leftover
2029,block_0386,PDDPoS,node_0180,4440.98,73.59,4514.57,voter pd share
2030,block_0386,PDDPoS,node_0163,1902.25,37.12,1939.37,voter pd share
2031,block_0386,PDDPoS,node_0029,3435.18,88.56,3523.73,voter pd share
2032,block_0386,PDDPoS,node_0013,1272.09,25.88,1297.97,voter pd share
2033,block_0386,PDDPoS,node_0108,1696.72,69.89,1766.6,voter pd share
2034,block_0386,PDDPoS,node_0067,11836.43,477.97,12314.4,self 20% + leftover
2035,block_0387,PDDPoS,node_0087,4934.23,94.21,5028.44,voter pd share
2036,block_0387,PDDPoS,node_0231,9973.74,232.35,10206.09,voter pd share
2037,block_0387,PDDPoS,node_0002,4523.93,102.8,4626.73,voter pd share
2038,block_0387,PDDPoS,node_0193,7629.21,304.64,7933.85,self 20% + leftover
2039,block_0388,PDDPoS,node_0158,7432.93,87.71,7520.64,voter pd share
2040,block_0388,PDDPoS,node_0115,6734.51,111.91,6846.41,voter pd share
2041,block_0388,PDDPoS,node_0082,1977.29,43.77,2021.06,voter pd share
2042,block_0388,PDDPoS,node_0054,2866.22,64.42,2930.65,voter pd share
2043,block_0388,PDDPoS,node_0141,7146.97,248.19,7395.16,self 20% + leftover
2044,block_0389,PDDPoS,node_0027,3276.0,40.8,3316.8,voter pd share
2045,block_0389,PDDPoS,node_0326,2481.34,32.62,2513.97,voter pd share
2046,block_0389,PDDPoS,node_0475,5717.45,84.32,5801.77,voter pd share
2047,block_0389,PDDPoS,node_0272,8878.83,150.18,9029.01,voter pd share
2048,block_0389,PDDPoS,node_0468,3495.25,77.35,3572.59,voter pd share
2049,block_0389,PDDPoS,node_0409,3034.57,150.73,3185.3,self 20% + leftover
2050,block_0390,PDDPoS,node_0104,7809.87,142.33,7952.21,voter pd share
2051,block_0390,PDDPoS,node_0076,4051.41,81.2,4132.62,voter pd share
2052,block_0390,PDDPoS,node_0384,8359.34,186.51,8545.85,voter pd share
2053,block_0390,PDDPoS,node_0489,6197.48,250.96,6448.44,self 20% + leftover
2054,block_0391,PDDPoS,node_0426,6632.88,75.81,6708.68,voter pd share
2055,block_0391,PDDPoS,node_0459,6485.2,98.91,6584.11,voter pd share
2056,block_0391,PDDPoS,node_0208,6119.38,96.27,6215.65,voter pd share
2057,block_0391,PDDPoS,node_0098,10769.98,178.32,10948.29,voter pd share
2058,block_0391,PDDPoS,node_0256,6882.85,243.7,7126.55,self 20% + leftover
2059,block_0392,PDDPoS,node_0129,7502.55,66.12,7568.67,voter pd share
2060,block_0392,PDDPoS,node_0432,6858.72,75.99,6934.72,voter pd share
2061,block_0392,PDDPoS,node_0078,68.4,9.04,77.45,voter pd share
2062,block_0392,PDDPoS,node_0372,4407.55,103.71,4511.26,voter pd share
2063,block_0392,PDDPoS,node_0277,10357.02,213.08,10570.1,voter pd share
2064,block_0392,PDDPoS,node_0084,8787.09,310.06,9097.14,self 20% + leftover
2065,block_0393,PDDPoS,node_0042,2533.83,29.58,2563.41,voter pd share
2066,block_0393,PDDPoS,node_0255,8393.08,104.86,8497.94,voter pd share
2067,block_0393,PDDPoS,node_0491,5081.14,94.14,5175.28,voter pd share
2068,block_0393,PDDPoS,node_0185,4967.5,72.54,5040.05,voter pd share
2069,block_0393,PDDPoS,node_0177,9056.22,163.51,9219.74,voter pd share
2070,block_0393,PDDPoS,node_0401,7405.74,311.36,7717.1,self 20% + leftover
2071,block_0394,PDDPoS,node_0466,5533.04,57.13,5590.17,voter pd share
2072,block_0394,PDDPoS,node_0412,1234.29,13.37,1247.66,voter pd share
2073,block_0394,PDDPoS,node_0377,9632.8,160.25,9793.05,voter pd share
2074,block_0394,PDDPoS,node_0058,5318.95,96.75,5415.71,voter pd share
2075,block_0394,PDDPoS,node_0111,10142.92,182.69,10325.61,voter pd share
2076,block_0394,PDDPoS,node_0302,4928.63,245.82,5174.45,self 20% + leftover
2077,block_0395,PDDPoS,node_0466,5625.17,58.56,5683.73,voter pd share
2078,block_0395,PDDPoS,node_0412,1199.66,13.7,1213.36,voter pd share
2079,block_0395,PDDPoS,node_0377,9817.05,164.28,9981.33,voter pd share
2080,block_0395,PDDPoS,node_0058,5364.71,99.19,5463.9,voter pd share
2081,block_0395,PDDPoS,node_0111,10337.61,187.28,10524.89,voter pd share
2082,block_0395,PDDPoS,node_0302,5236.45,251.99,5488.44,self 20% + leftover
2083,block_0396,PDDPoS,node_0007,4173.5,29.44,4202.94,voter pd share
2084,block_0396,PDDPoS,node_0366,4970.7,48.81,5019.51,voter pd share
2085,block_0396,PDDPoS,node_0417,52.25,4.79,57.04,voter pd share
2086,block_0396,PDDPoS,node_0434,8172.45,109.71,8282.16,voter pd share
2087,block_0396,PDDPoS,node_0075,4790.11,64.54,4854.64,voter pd share
2088,block_0396,PDDPoS,node_0280,10227.78,140.01,10367.79,voter pd share
2089,block_0396,PDDPoS,node_0133,4918.19,164.71,5082.9,self 20% + leftover
2090,block_0397,PDDPoS,node_0249,5182.14,67.8,5249.94,voter pd share
2091,block_0397,PDDPoS,node_0311,11103.04,180.0,11283.03,voter pd share
2092,block_0397,PDDPoS,node_0472,11260.69,228.71,11489.39,voter pd share
2093,block_0397,PDDPoS,node_0386,9772.59,300.5,10073.09,self 20% + leftover
2094,block_0398,PDDPoS,node_0373,9159.59,100.25,9259.84,voter pd share
2095,block_0398,PDDPoS,node_0414,4923.32,68.19,4991.51,voter pd share
2096,block_0398,PDDPoS,node_0316,9320.55,124.93,9445.48,voter pd share
2097,block_0398,PDDPoS,node_0047,1542.11,22.12,1564.23,voter pd share
2098,block_0398,PDDPoS,node_0167,6173.64,91.61,6265.25,voter pd share
2099,block_0398,PDDPoS,node_0493,3181.73,142.9,3324.63,self 20% + leftover
2100,block_0399,PDDPoS,node_0376,8005.83,162.27,8168.09,voter pd share
2101,block_0399,PDDPoS,node_0230,7003.7,156.59,7160.29,voter pd share
2102,block_0399,PDDPoS,node_0393,254.25,9.82,264.07,voter pd share
2103,block_0399,PDDPoS,node_0457,8429.6,346.32,8775.93,self 20% + leftover
2104,block_0400,PDDPoS,node_0322,7628.68,85.77,7714.45,voter pd share
2105,block_0400,PDDPoS,node_0337,1149.66,11.08,1160.75,voter pd share
2106,block_0400,PDDPoS,node_0250,8989.23,124.19,9113.42,voter pd share
2107,block_0400,PDDPoS,node_0018,5122.65,89.24,5211.88,voter pd share
2108,block_0400,PDDPoS,node_0343,9642.98,219.72,9862.7,self 20% + leftover
2109,block_0401,PDDPoS,node_0342,4802.59,74.58,4877.17,voter pd share
2110,block_0401,PDDPoS,node_0351,4724.18,93.05,4817.23,voter pd share
2111,block_0401,PDDPoS,node_0327,3085.8,95.44,3181.24,voter pd share
2112,block_0401,PDDPoS,node_0310,3513.69,101.58,3615.27,voter pd share
2113,block_0401,PDDPoS,node_0138,10035.92,410.33,10446.26,self 20% + leftover
2114,block_0402,PDDPoS,node_0196,13811.55,207.35,14018.9,voter pd share
2115,block_0402,PDDPoS,node_0289,5190.94,104.14,5295.08,voter pd share
2116,block_0402,PDDPoS,node_0229,7261.71,177.96,7439.67,voter pd share
2117,block_0402,PDDPoS,node_0443,6350.43,224.55,6574.98,self 20% + leftover
2118,block_0403,PDDPoS,node_0150,3201.95,47.71,3249.66,voter pd share
2119,block_0403,PDDPoS,node_0423,952.18,21.1,973.28,voter pd share
2120,block_0403,PDDPoS,node_0218,8674.39,127.63,8802.01,voter pd share
2121,block_0403,PDDPoS,node_0447,9318.89,141.32,9460.2,voter pd share
2122,block_0403,PDDPoS,node_0093,9012.69,265.24,9277.93,self 20% + leftover
2123,block_0404,PDDPoS,node_0318,10853.92,116.3,10970.22,voter pd share
2124,block_0404,PDDPoS,node_0477,4303.41,83.56,4386.96,voter pd share
2125,block_0404,PDDPoS,node_0266,6878.39,153.83,7032.22,voter pd share
2126,block_0404,PDDPoS,node_0114,9321.31,255.32,9576.63,self 20% + leftover
2127,block_0405,PDDPoS,node_0012,6484.7,94.48,6579.18,voter pd share
2128,block_0405,PDDPoS,node_0063,5256.0,126.91,5382.91,voter pd share
2129,block_0405,PDDPoS,node_0222,2485.0,61.41,2546.41,voter pd share
2130,block_0405,PDDPoS,node_0365,9689.98,296.2,9986.18,self 20% + leftover
2131,block_0406,PDDPoS,node_0303,11803.73,140.8,11944.53,voter pd share
2132,block_0406,PDDPoS,node_0421,10375.24,137.77,10513.01,voter pd share
2133,block_0406,PDDPoS,node_0236,2771.46,31.04,2802.5,voter pd share
2134,block_0406,PDDPoS,node_0282,8318.41,251.39,8569.8,self 20% + leftover
2135,block_0407,PDDPoS,node_0383,8817.3,101.37,8918.67,voter pd share
2136,block_0407,PDDPoS,node_0387,7430.06,102.81,7532.88,voter pd share
2137,block_0407,PDDPoS,node_0203,9689.74,142.05,9831.79,voter pd share
2138,block_0407,PDDPoS,node_0435,5403.98,178.77,5582.74,self 20% + leftover
2139,block_0408,PDDPoS,node_0172,10037.24,102.31,10139.54,voter pd share
2140,block_0408,PDDPoS,node_0175,5707.86,80.47,5788.33,voter pd share
2141,block_0408,PDDPoS,node_0355,692.56,3.51,696.08,voter pd share
2142,block_0408,PDDPoS,node_0240,4543.23,90.76,4633.99,voter pd share
2143,block_0408,PDDPoS,node_0225,1928.38,42.04,1970.42,voter pd share
2144,block_0408,PDDPoS,node_0484,10242.53,262.91,10505.44,self 20% + leftover
2145,block_0409,PDDPoS,node_0308,331.84,5.75,337.59,voter pd share
2146,block_0409,PDDPoS,node_0455,4521.63,61.15,4582.78,voter pd share
2147,block_0409,PDDPoS,node_0267,8440.64,140.04,8580.67,voter pd share
2148,block_0409,PDDPoS,node_0142,10840.84,218.49,11059.33,voter pd share
2149,block_0409,PDDPoS,node_0285,5817.67,226.58,6044.25,self 20% + leftover
2150,block_0410,PDDPoS,node_0500,7532.81,96.66,7629.47,voter pd share
2151,block_0410,PDDPoS,node_0147,8555.22,183.2,8738.43,voter pd share
2152,block_0410,PDDPoS,node_0139,5532.66,133.78,5666.44,voter pd share
2153,block_0410,PDDPoS,node_0350,1695.09,40.88,1735.97,voter pd share
2154,block_0410,PDDPoS,node_0307,7329.91,313.48,7643.39,self 20% + leftover
2155,block_0411,PDDPoS,node_0085,6526.58,81.25,6607.83,voter pd share
2156,block_0411,PDDPoS,node_0352,12640.77,267.26,12908.03,voter pd share
2157,block_0411,PDDPoS,node_0060,12159.28,365.49,12524.77,self 20% + leftover
2158,block_0412,PDDPoS,node_0419,1393.4,21.74,1415.14,voter pd share
2159,block_0412,PDDPoS,node_0304,4684.21,80.71,4764.91,voter pd share
2160,block_0412,PDDPoS,node_0294,8222.28,188.36,8410.63,voter pd share
2161,block_0412,PDDPoS,node_0283,2643.6,58.17,2701.77,voter pd share
2162,block_0412,PDDPoS,node_0270,11608.54,372.03,11980.56,self 20% + leftover
2163,block_0413,PDDPoS,node_0038,6344.94,76.63,6421.57,voter pd share
2164,block_0413,PDDPoS,node_0215,10114.53,183.0,10297.53,voter pd share
2165,block_0413,PDDPoS,node_0205,5290.59,118.95,5409.54,voter pd share
2166,block_0413,PDDPoS,node_0424,7070.94,281.42,7352.36,self 20% + leftover
2167,block_0414,PDDPoS,node_0374,7557.15,116.83,7673.98,voter pd share
2168,block_0414,PDDPoS,node_0210,3598.71,59.48,3658.18,voter pd share
2169,block_0414,PDDPoS,node_0096,4334.22,101.88,4436.1,voter pd share
2170,block_0414,PDDPoS,node_0479,10113.9,218.91,10332.81,voter pd share
2171,block_0414,PDDPoS,node_0359,1159.36,138.91,1298.26,self 20% + leftover
2172,block_0415,PDDPoS,node_0030,11112.25,190.32,11302.57,voter pd share
2173,block_0415,PDDPoS,node_0224,6403.08,122.32,6525.4,voter pd share
2174,block_0415,PDDPoS,node_0080,10995.77,323.36,11319.13,self 20% + leftover
2175,block_0416,PDDPoS,node_0180,4534.57,63.6,4598.16,voter pd share
2176,block_0416,PDDPoS,node_0163,2056.37,32.08,2088.44,voter pd share
2177,block_0416,PDDPoS,node_0029,3595.73,76.53,3672.26,voter pd share
2178,block_0416,PDDPoS,node_0013,1570.97,22.36,1593.33,voter pd share
2179,block_0416,PDDPoS,node_0108,2355.6,60.4,2416.0,voter pd share
2180,block_0416,PDDPoS,node_0067,12285.4,413.04,12698.45,self 20% + leftover
2181,block_0417,PDDPoS,node_0087,5308.44,98.83,5407.27,voter pd share
2182,block_0417,PDDPoS,node_0231,10035.09,243.75,10278.84,voter pd share
2183,block_0417,PDDPoS,node_0002,4348.73,107.85,4456.58,voter pd share
2184,block_0417,PDDPoS,node_0193,8144.85,319.58,8464.43,self 20% + leftover
2185,block_0418,PDDPoS,node_0158,7003.64,111.84,7115.48,voter pd share
2186,block_0418,PDDPoS,node_0115,6670.41,142.7,6813.12,voter pd share
2187,block_0418,PDDPoS,node_0082,1884.06,55.81,1939.87,voter pd share
2188,block_0418,PDDPoS,node_0054,2950.65,82.15,3032.8,voter pd share
2189,block_0418,PDDPoS,node_0141,7372.16,316.49,7688.65,self 20% + leftover
2190,block_0419,PDDPoS,node_0027,3268.8,54.66,3323.46,voter pd share
2191,block_0419,PDDPoS,node_0326,2264.97,43.7,2308.66,voter pd share
2192,block_0419,PDDPoS,node_0475,5902.77,112.95,6015.72,voter pd share
2193,block_0419,PDDPoS,node_0272,9173.01,201.17,9374.18,voter pd share
2194,block_0419,PDDPoS,node_0468,3441.59,103.61,3545.2,voter pd share
2195,block_0419,PDDPoS,node_0409,3391.3,201.91,3593.21,self 20% + leftover
2196,block_0420,PDDPoS,node_0104,7878.21,140.18,8018.39,voter pd share
2197,block_0420,PDDPoS,node_0076,3497.62,79.97,3577.59,voter pd share
2198,block_0420,PDDPoS,node_0384,8594.85,183.68,8778.53,voter pd share
2199,block_0420,PDDPoS,node_0489,6253.44,247.16,6500.6,self 20% + leftover
2200,block_0421,PDDPoS,node_0426,6469.68,84.67,6554.35,voter pd share
2201,block_0421,PDDPoS,node_0459,6666.11,110.47,6776.58,voter pd share
2202,block_0421,PDDPoS,node_0208,6200.65,107.52,6308.18,voter pd share
2203,block_0421,PDDPoS,node_0098,10802.29,199.16,11001.45,voter pd share
2204,block_0421,PDDPoS,node_0256,7387.55,272.18,7659.73,self 20% + leftover
2205,block_0422,PDDPoS,node_0129,7467.67,65.61,7533.29,voter pd share
2206,block_0422,PDDPoS,node_0432,6873.72,75.41,6949.12,voter pd share
2207,block_0422,PDDPoS,node_0078,417.45,8.97,426.42,voter pd share
2208,block_0422,PDDPoS,node_0372,4528.26,102.91,4631.17,voter pd share
2209,block_0422,PDDPoS,node_0277,10316.1,211.43,10527.53,voter pd share
2210,block_0422,PDDPoS,node_0084,9021.14,307.66,9328.81,self 20% + leftover
2211,block_0423,PDDPoS,node_0042,2352.41,21.27,2373.68,voter pd share
2212,block_0423,PDDPoS,node_0255,8501.94,75.4,8577.34,voter pd share
2213,block_0423,PDDPoS,node_0491,4781.28,67.69,4848.98,voter pd share
2214,block_0423,PDDPoS,node_0185,4912.05,52.16,4964.21,voter pd share
2215,block_0423,PDDPoS,node_0177,9529.74,117.58,9647.32,voter pd share
2216,block_0423,PDDPoS,node_0401,7765.1,223.89,7988.99,self 20% + leftover
2217,block_0424,PDDPoS,node_0420,4292.0,58.02,4350.02,voter pd share
2218,block_0424,PDDPoS,node_0238,11074.11,247.61,11321.72,voter pd share
2219,block_0424,PDDPoS,node_0034,8521.36,236.37,8757.72,self 20% + leftover
2220,block_0425,PDDPoS,node_0007,4083.94,32.8,4116.74,voter pd share
2221,block_0425,PDDPoS,node_0366,5056.51,54.37,5110.87,voter pd share
2222,block_0425,PDDPoS,node_0417,3.04,5.33,8.37,voter pd share
2223,block_0425,PDDPoS,node_0434,8874.16,122.2,8996.36,voter pd share
2224,block_0425,PDDPoS,node_0075,4930.64,71.89,5002.53,voter pd share
2225,block_0425,PDDPoS,node_0280,9610.79,155.95,9766.74,voter pd share
2226,block_0425,PDDPoS,node_0133,5309.9,183.47,5493.37,self 20% + leftover
2227,block_0426,PDDPoS,node_0007,4152.74,33.48,4186.22,voter pd share
2228,block_0426,PDDPoS,node_0366,5192.87,55.49,5248.37,voter pd share
2229,block_0426,PDDPoS,node_0417,68.37,5.44,73.81,voter pd share
2230,block_0426,PDDPoS,node_0434,8991.36,124.74,9116.09,voter pd share
2231,block_0426,PDDPoS,node_0075,5003.53,73.38,5076.91,voter pd share
2232,block_0426,PDDPoS,node_0280,9720.74,159.19,9879.93,voter pd share
2233,block_0426,PDDPoS,node_0133,5518.37,187.28,5705.64,self 20% + leftover
2234,block_0427,PDDPoS,node_0249,5233.94,47.73,5281.67,voter pd share
2235,block_0427,PDDPoS,node_0311,11321.03,126.72,11447.75,voter pd share
2236,block_0427,PDDPoS,node_0472,11563.39,161.01,11724.4,voter pd share
2237,block_0427,PDDPoS,node_0386,10371.09,211.55,10582.63,self 20% + leftover
2238,block_0428,PDDPoS,node_0373,8955.84,101.52,9057.36,voter pd share
2239,block_0428,PDDPoS,node_0414,5568.51,69.06,5637.57,voter pd share
2240,block_0428,PDDPoS,node_0316,8959.48,126.52,9086.0,voter pd share
2241,block_0428,PDDPoS,node_0047,1392.23,22.4,1414.63,voter pd share
2242,block_0428,PDDPoS,node_0167,6315.25,92.77,6408.02,voter pd share
2243,block_0428,PDDPoS,node_0493,3643.63,144.72,3788.36,self 20% + leftover
2244,block_0429,PDDPoS,node_0376,8568.09,185.59,8753.68,voter pd share
2245,block_0429,PDDPoS,node_0230,7198.29,179.09,7377.38,voter pd share
2246,block_0429,PDDPoS,node_0393,205.07,11.23,216.3,voter pd share
2247,block_0429,PDDPoS,node_0457,8552.93,396.09,8949.02,self 20% + leftover
2248,block_0430,PDDPoS,node_0342,4749.17,55.43,4804.61,voter pd share
2249,block_0430,PDDPoS,node_0351,4689.23,69.16,4758.4,voter pd share
2250,block_0430,PDDPoS,node_0327,3053.24,70.94,3124.18,voter pd share
2251,block_0430,PDDPoS,node_0310,4037.27,75.5,4112.77,voter pd share
2252,block_0430,PDDPoS,node_0138,10553.26,304.97,10858.23,self 20% + leftover
2253,block_0431,PDDPoS,node_0342,4810.61,74.77,4885.38,voter pd share
2254,block_0431,PDDPoS,node_0351,4761.4,93.29,4854.69,voter pd share
2255,block_0431,PDDPoS,node_0327,3089.18,95.69,3184.87,voter pd share
2256,block_0431,PDDPoS,node_0310,4143.77,101.85,4245.62,voter pd share
2257,block_0431,PDDPoS,node_0138,10833.23,411.39,11244.62,self 20% + leftover
2258,block_0432,PDDPoS,node_0196,13519.9,170.76,13690.65,voter pd share
2259,block_0432,PDDPoS,node_0289,5169.08,85.76,5254.85,voter pd share
2260,block_0432,PDDPoS,node_0229,7416.67,146.55,7563.23,voter pd share
2261,block_0432,PDDPoS,node_0443,6774.98,184.92,6959.9,self 20% + leftover
2262,block_0433,PDDPoS,node_0150,3550.66,42.1,3592.76,voter pd share
2263,block_0433,PDDPoS,node_0423,930.28,18.62,948.9,voter pd share
2264,block_0433,PDDPoS,node_0218,8890.01,112.6,9002.61,voter pd share
2265,block_0433,PDDPoS,node_0447,9570.2,124.68,9694.88,voter pd share
2266,block_0433,PDDPoS,node_0093,8994.93,234.01,9228.93,self 20% + leftover
2267,block_0434,PDDPoS,node_0318,10925.22,129.09,11054.31,voter pd share
2268,block_0434,PDDPoS,node_0477,4704.96,92.75,4797.72,voter pd share
2269,block_0434,PDDPoS,node_0266,6557.22,170.75,6727.97,voter pd share
2270,block_0434,PDDPoS,node_0114,9508.63,283.41,9792.03,self 20% + leftover
2271,block_0435,PDDPoS,node_0012,6438.18,119.12,6557.3,voter pd share
2272,block_0435,PDDPoS,node_0063,5530.91,160.01,5690.92,voter pd share
2273,block_0435,PDDPoS,node_0222,2637.41,77.42,2714.83,voter pd share
2274,block_0435,PDDPoS,node_0365,10033.18,373.45,10406.63,self 20% + leftover
2275,block_0436,PDDPoS,node_0303,11764.53,164.14,11928.66,voter pd share
2276,block_0436,PDDPoS,node_0421,10337.01,160.61,10497.62,voter pd share
2277,block_0436,PDDPoS,node_0236,2617.5,36.19,2653.69,voter pd share
2278,block_0436,PDDPoS,node_0282,8108.8,293.06,8401.86,self 20% + leftover
2279,block_0437,PDDPoS,node_0383,8445.67,149.45,8595.12,voter pd share
2280,block_0437,PDDPoS,node_0387,8002.88,151.58,8154.45,voter pd share
2281,block_0437,PDDPoS,node_0203,9446.79,209.42,9656.21,voter pd share
2282,block_0437,PDDPoS,node_0435,5906.74,263.55,6170.3,self 20% + leftover
2283,block_0438,PDDPoS,node_0172,10000.54,136.58,10137.12,voter pd share
2284,block_0438,PDDPoS,node_0175,5852.33,107.43,5959.76,voter pd share
2285,block_0438,PDDPoS,node_0355,527.08,4.69,531.77,voter pd share
2286,block_0438,PDDPoS,node_0240,4534.99,121.17,4656.16,voter pd share
2287,block_0438,PDDPoS,node_0225,1668.42,56.12,1724.54,voter pd share
2288,block_0438,PDDPoS,node_0484,10640.44,351.0,10991.45,self 20% + leftover
2289,block_0439,PDDPoS,node_0308,107.59,6.65,114.25,voter pd share
2290,block_0439,PDDPoS,node_0455,4694.78,70.71,4765.49,voter pd share
2291,block_0439,PDDPoS,node_0267,8581.67,161.94,8743.61,voter pd share
2292,block_0439,PDDPoS,node_0142,11196.33,252.67,11449.0,voter pd share
2293,block_0439,PDDPoS,node_0285,6086.25,262.02,6348.27,self 20% + leftover
2294,block_0440,PDDPoS,node_0500,7231.47,76.52,7307.98,voter pd share
2295,block_0440,PDDPoS,node_0147,8457.43,145.04,8602.46,voter pd share
2296,block_0440,PDDPoS,node_0139,5871.44,105.91,5977.35,voter pd share
2297,block_0440,PDDPoS,node_0350,1747.97,32.36,1780.33,voter pd share
2298,block_0440,PDDPoS,node_0307,7429.39,248.17,7677.57,self 20% + leftover
2299,block_0441,PDDPoS,node_0085,6310.83,88.08,6398.91,voter pd share
2300,block_0441,PDDPoS,node_0352,13298.03,289.72,13587.75,voter pd share
2301,block_0441,PDDPoS,node_0060,12304.77,396.2,12700.97,self 20% + leftover
2302,block_0442,PDDPoS,node_0162,5055.0,87.15,5142.15,voter pd share
2303,block_0442,PDDPoS,node_0410,9585.44,254.49,9839.94,voter pd share
2304,block_0442,PDDPoS,node_0239,7573.0,300.35,7873.35,self 20% + leftover
2305,block_0443,PDDPoS,node_0038,6477.57,89.98,6567.56,voter pd share
2306,block_0443,PDDPoS,node_0215,9886.53,214.89,10101.41,voter pd share
2307,block_0443,PDDPoS,node_0205,5434.54,139.68,5574.22,voter pd share
2308,block_0443,PDDPoS,node_0424,7217.36,330.45,7547.81,self 20% + leftover
2309,block_0444,PDDPoS,node_0374,7741.98,138.14,7880.11,voter pd share
2310,block_0444,PDDPoS,node_0210,3759.18,70.33,3829.51,voter pd share
2311,block_0444,PDDPoS,node_0096,4505.1,120.46,4625.55,voter pd share
2312,block_0444,PDDPoS,node_0479,10632.81,258.83,10891.64,voter pd share
2313,block_0444,PDDPoS,node_0359,1040.26,164.24,1204.51,self 20% + leftover
2314,block_0445,PDDPoS,node_0030,11308.57,168.48,11477.05,voter pd share
2315,block_0445,PDDPoS,node_0224,6781.4,108.28,6889.68,voter pd share
2316,block_0445,PDDPoS,node_0080,11180.13,286.24,11466.38,self 20% + leftover
2317,block_0446,PDDPoS,node_0180,4845.16,53.69,4898.86,voter pd share
2318,block_0446,PDDPoS,node_0163,1983.44,27.08,2010.53,voter pd share
2319,block_0446,PDDPoS,node_0029,3861.26,64.61,3925.88,voter pd share
2320,block_0446,PDDPoS,node_0013,1436.33,18.88,1455.21,voter pd share
2321,block_0446,PDDPoS,node_0108,2402.0,50.99,2452.99,voter pd share
2322,block_0446,PDDPoS,node_0067,12295.45,348.74,12644.18,self 20% + leftover
2323,block_0447,PDDPoS,node_0087,5288.27,69.05,5357.32,voter pd share
2324,block_0447,PDDPoS,node_0231,10252.84,170.31,10423.15,voter pd share
2325,block_0447,PDDPoS,node_0002,4219.58,75.35,4294.93,voter pd share
2326,block_0447,PDDPoS,node_0193,8517.43,223.29,8740.72,self 20% + leftover
2327,block_0448,PDDPoS,node_0158,6895.48,91.97,6987.44,voter pd share
2328,block_0448,PDDPoS,node_0115,6872.12,117.34,6989.46,voter pd share
2329,block_0448,PDDPoS,node_0082,2290.87,45.9,2336.77,voter pd share
2330,block_0448,PDDPoS,node_0054,2818.8,67.55,2886.35,voter pd share
2331,block_0448,PDDPoS,node_0141,7204.65,260.24,7464.89,self 20% + leftover
2332,block_0449,PDDPoS,node_0027,3113.46,40.8,3154.26,voter pd share
2333,block_0449,PDDPoS,node_0326,2302.66,32.62,2335.28,voter pd share
2334,block_0449,PDDPoS,node_0475,5696.72,84.32,5781.04,voter pd share
2335,block_0449,PDDPoS,node_0272,9227.18,150.18,9377.35,voter pd share
2336,block_0449,PDDPoS,node_0468,3684.2,77.35,3761.55,voter pd share
2337,block_0449,PDDPoS,node_0409,3974.21,150.73,4124.94,self 20% + leftover
2338,block_0450,PDDPoS,node_0104,7748.39,114.56,7862.94,voter pd share
2339,block_0450,PDDPoS,node_0076,3495.59,65.35,3560.94,voter pd share
2340,block_0450,PDDPoS,node_0384,8881.53,150.11,9031.64,voter pd share
2341,block_0450,PDDPoS,node_0489,6284.6,201.98,6486.58,self 20% + leftover
2342,block_0451,PDDPoS,node_0426,6606.35,64.21,6670.56,voter pd share
2343,block_0451,PDDPoS,node_0459,6669.58,83.78,6753.35,voter pd share
2344,block_0451,PDDPoS,node_0208,6500.18,81.55,6581.72,voter pd share
2345,block_0451,PDDPoS,node_0098,10731.45,151.04,10882.49,voter pd share
2346,block_0451,PDDPoS,node_0256,7748.73,206.42,7955.15,self 20% + leftover
2347,block_0452,PDDPoS,node_0129,7582.29,65.87,7648.15,voter pd share
2348,block_0452,PDDPoS,node_0432,7192.12,75.7,7267.82,voter pd share
2349,block_0452,PDDPoS,node_0078,76.42,9.01,85.42,voter pd share
2350,block_0452,PDDPoS,node_0372,4135.17,103.31,4238.49,voter pd share
2351,block_0452,PDDPoS,node_0277,10236.53,212.25,10448.79,voter pd share
2352,block_0452,PDDPoS,node_0084,9269.81,308.86,9578.67,self 20% + leftover
2353,block_0453,PDDPoS,node_0042,2072.68,23.37,2096.05,voter pd share
2354,block_0453,PDDPoS,node_0255,8763.34,82.83,8846.18,voter pd share
2355,block_0453,PDDPoS,node_0491,4790.98,74.37,4865.34,voter pd share
2356,block_0453,PDDPoS,node_0185,4900.21,57.3,4957.51,voter pd share
2357,block_0453,PDDPoS,node_0177,9395.32,129.17,9524.48,voter pd share
2358,block_0453,PDDPoS,node_0401,8031.99,245.96,8277.95,self 20% + leftover
2359,block_0454,PDDPoS,node_0420,4635.02,83.07,4718.1,voter pd share
2360,block_0454,PDDPoS,node_0238,11950.72,354.51,12305.23,voter pd share
2361,block_0454,PDDPoS,node_0034,8409.72,338.41,8748.14,self 20% + leftover
2362,block_0455,PDDPoS,node_0445,7416.0,175.15,7591.15,voter pd share
2363,block_0455,PDDPoS,node_0246,11837.89,367.68,12205.57,voter pd share
2364,block_0455,PDDPoS,node_0370,3971.76,228.18,4199.94,self 20% + leftover
2365,block_0456,PDDPoS,node_0007,4338.22,40.6,4378.82,voter pd share
2366,block_0456,PDDPoS,node_0366,5357.37,67.3,5424.67,voter pd share
2367,block_0456,PDDPoS,node_0417,234.81,6.6,241.41,voter pd share
2368,block_0456,PDDPoS,node_0434,9130.09,151.28,9281.38,voter pd share
2369,block_0456,PDDPoS,node_0075,4902.91,89.0,4991.91,voter pd share
2370,block_0456,PDDPoS,node_0280,9696.93,193.07,9890.01,voter pd share
2371,block_0456,PDDPoS,node_0133,5896.64,227.14,6123.78,self 20% + leftover
2372,block_0457,PDDPoS,node_0249,5177.67,63.18,5240.85,voter pd share
2373,block_0457,PDDPoS,node_0311,11412.75,167.72,11580.47,voter pd share
2374,block_0457,PDDPoS,node_0472,11675.4,213.11,11888.5,voter pd share
2375,block_0457,PDDPoS,node_0386,10305.63,280.0,10585.63,self 20% + leftover
2376,block_0458,PDDPoS,node_0373,9268.36,106.44,9374.81,voter pd share
2377,block_0458,PDDPoS,node_0414,5506.57,72.41,5578.98,voter pd share
2378,block_0458,PDDPoS,node_0316,9159.0,132.65,9291.65,voter pd share
2379,block_0458,PDDPoS,node_0047,1457.63,23.49,1481.12,voter pd share
2380,block_0458,PDDPoS,node_0167,6213.02,97.27,6310.29,voter pd share
2381,block_0458,PDDPoS,node_0493,3797.36,151.74,3949.09,self 20% + leftover
2382,block_0459,PDDPoS,node_0376,8707.68,185.59,8893.27,voter pd share
2383,block_0459,PDDPoS,node_0230,7366.38,179.09,7545.48,voter pd share
2384,block_0459,PDDPoS,node_0393,59.3,11.23,70.53,voter pd share
2385,block_0459,PDDPoS,node_0457,8924.02,396.09,9320.11,self 20% + leftover
2386,block_0460,PDDPoS,node_0431,8757.02,242.9,8999.92,voter pd share
2387,block_0460,PDDPoS,node_0106,8603.0,265.56,8868.56,voter pd share
2388,block_0460,PDDPoS,node_0482,3975.55,265.54,4241.09,self 20% + leftover
2389,block_0461,PDDPoS,node_0342,4626.38,59.09,4685.47,voter pd share
2390,block_0461,PDDPoS,node_0351,5103.69,73.72,5177.41,voter pd share
2391,block_0461,PDDPoS,node_0327,3040.87,75.62,3116.49,voter pd share
2392,block_0461,PDDPoS,node_0310,4223.62,80.48,4304.1,voter pd share
2393,block_0461,PDDPoS,node_0138,11431.62,325.09,11756.71,self 20% + leftover
2394,block_0462,PDDPoS,node_0196,13825.65,224.77,14050.43,voter pd share
2395,block_0462,PDDPoS,node_0289,5656.85,112.89,5769.74,voter pd share
2396,block_0462,PDDPoS,node_0229,7664.23,192.91,7857.14,voter pd share
2397,block_0462,PDDPoS,node_0443,6557.9,243.42,6801.32,self 20% + leftover
2398,block_0463,PDDPoS,node_0150,4010.76,46.21,4056.97,voter pd share
2399,block_0463,PDDPoS,node_0423,1168.9,20.44,1189.34,voter pd share
2400,block_0463,PDDPoS,node_0218,9016.61,123.61,9140.22,voter pd share
2401,block_0463,PDDPoS,node_0447,9949.88,136.86,10086.74,voter pd share
2402,block_0463,PDDPoS,node_0093,9165.93,256.88,9422.82,self 20% + leftover
2403,block_0464,PDDPoS,node_0318,10870.31,136.54,11006.85,voter pd share
2404,block_0464,PDDPoS,node_0477,4342.72,98.1,4440.82,voter pd share
2405,block_0464,PDDPoS,node_0266,6438.97,180.6,6619.57,voter pd share
2406,block_0464,PDDPoS,node_0114,9679.03,299.76,9978.79,self 20% + leftover
2407,block_0465,PDDPoS,node_0012,6517.3,87.46,6604.76,voter pd share
2408,block_0465,PDDPoS,node_0063,5326.92,117.49,5444.4,voter pd share
2409,block_0465,PDDPoS,node_0222,2628.83,56.85,2685.68,voter pd share
2410,block_0465,PDDPoS,node_0365,10679.63,274.2,10953.83,self 20% + leftover
2411,block_0466,PDDPoS,node_0303,11919.66,140.04,12059.71,voter pd share
2412,block_0466,PDDPoS,node_0421,10364.62,137.04,10501.66,voter pd share
2413,block_0466,PDDPoS,node_0236,2375.69,30.88,2406.56,voter pd share
2414,block_0466,PDDPoS,node_0282,8004.86,250.05,8254.91,self 20% + leftover
2415,block_0467,PDDPoS,node_0383,8474.12,141.92,8616.04,voter pd share
2416,block_0467,PDDPoS,node_0387,8010.45,143.94,8154.39,voter pd share
2417,block_0467,PDDPoS,node_0203,9427.21,198.87,9626.08,voter pd share
2418,block_0467,PDDPoS,node_0435,6301.3,250.27,6551.57,self 20% + leftover
2419,block_0468,PDDPoS,node_0172,10171.12,111.8,10282.92,voter pd share
2420,block_0468,PDDPoS,node_0175,5768.76,87.93,5856.69,voter pd share
2421,block_0468,PDDPoS,node_0355,619.77,3.84,623.6,voter pd share
2422,block_0468,PDDPoS,node_0240,4822.16,99.18,4921.34,voter pd share
2423,block_0468,PDDPoS,node_0225,1659.54,45.94,1705.48,voter pd share
2424,block_0468,PDDPoS,node_0484,10805.45,287.31,11092.76,self 20% + leftover
2425,block_0469,PDDPoS,node_0308,326.25,5.07,331.32,voter pd share
2426,block_0469,PDDPoS,node_0455,4640.49,53.93,4694.42,voter pd share
2427,block_0469,PDDPoS,node_0267,9021.61,123.5,9145.11,voter pd share
2428,block_0469,PDDPoS,node_0142,11464.0,192.68,11656.68,voter pd share
2429,block_0469,PDDPoS,node_0285,6334.27,199.82,6534.09,self 20% + leftover
2430,block_0470,PDDPoS,node_0500,7251.98,85.33,7337.31,voter pd share
2431,block_0470,PDDPoS,node_0147,8710.46,161.74,8872.2,voter pd share
2432,block_0470,PDDPoS,node_0139,5800.35,118.1,5918.45,voter pd share
2433,block_0470,PDDPoS,node_0350,1879.33,36.09,1915.41,voter pd share
2434,block_0470,PDDPoS,node_0307,7659.57,276.75,7936.32,self 20% + leftover
2435,block_0471,PDDPoS,node_0085,6055.91,78.18,6134.09,voter pd share
2436,block_0471,PDDPoS,node_0352,13693.75,257.16,13950.91,voter pd share
2437,block_0471,PDDPoS,node_0060,12576.97,351.67,12928.64,self 20% + leftover
2438,block_0472,PDDPoS,node_0162,5620.15,104.8,5724.96,voter pd share
2439,block_0472,PDDPoS,node_0410,9801.94,306.02,10107.96,voter pd share
2440,block_0472,PDDPoS,node_0239,7563.35,361.17,7924.53,self 20% + leftover
2441,block_0473,PDDPoS,node_0038,6619.56,83.37,6702.92,voter pd share
2442,block_0473,PDDPoS,node_0215,10077.41,199.08,10276.5,voter pd share
2443,block_0473,PDDPoS,node_0205,5761.22,129.4,5890.62,voter pd share
2444,block_0473,PDDPoS,node_0424,7239.81,306.15,7545.96,self 20% + leftover
2445,block_0474,PDDPoS,node_0374,8129.11,101.4,8230.51,voter pd share
2446,block_0474,PDDPoS,node_0210,3860.51,51.62,3912.14,voter pd share
2447,block_0474,PDDPoS,node_0096,4529.55,88.42,4617.98,voter pd share
2448,block_0474,PDDPoS,node_0479,10777.64,189.99,10967.64,voter pd share
2449,block_0474,PDDPoS,node_0359,1076.51,120.56,1197.07,self 20% + leftover
2450,block_0475,PDDPoS,node_0030,11559.05,191.52,11750.57,voter pd share
2451,block_0475,PDDPoS,node_0224,6760.68,123.09,6883.77,voter pd share
2452,block_0475,PDDPoS,node_0080,11339.38,325.39,11664.77,self 20% + leftover
2453,block_0476,PDDPoS,node_0180,4671.86,52.27,4724.12,voter pd share
2454,block_0476,PDDPoS,node_0163,1823.53,26.36,1849.89,voter pd share
2455,block_0476,PDDPoS,node_0029,3920.88,62.9,3983.77,voter pd share
2456,block_0476,PDDPoS,node_0013,1589.21,18.38,1607.58,voter pd share
2457,block_0476,PDDPoS,node_0108,2160.99,49.64,2210.63,voter pd share
2458,block_0476,PDDPoS,node_0067,12384.18,339.46,12723.65,self 20% + leftover
2459,block_0477,PDDPoS,node_0087,5033.32,99.73,5133.05,voter pd share
2460,block_0477,PDDPoS,node_0231,9801.15,245.96,10047.11,voter pd share
2461,block_0477,PDDPoS,node_0002,3794.93,108.83,3903.76,voter pd share
2462,block_0477,PDDPoS,node_0193,8703.72,322.48,9026.2,self 20% + leftover
2463,block_0478,PDDPoS,node_0158,7009.44,97.33,7106.77,voter pd share
2464,block_0478,PDDPoS,node_0115,6856.46,124.18,6980.64,voter pd share
2465,block_0478,PDDPoS,node_0082,2280.77,48.57,2329.34,voter pd share
2466,block_0478,PDDPoS,node_0054,2699.35,71.49,2770.85,voter pd share
2467,block_0478,PDDPoS,node_0141,7090.89,275.42,7366.32,self 20% + leftover
2468,block_0479,PDDPoS,node_0027,3550.26,59.07,3609.33,voter pd share
2469,block_0479,PDDPoS,node_0326,2746.28,47.23,2793.51,voter pd share
2470,block_0479,PDDPoS,node_0475,5932.04,122.08,6054.12,voter pd share
2471,block_0479,PDDPoS,node_0272,9697.35,217.42,9914.78,voter pd share
2472,block_0479,PDDPoS,node_0468,4057.55,111.98,4169.53,voter pd share
2473,block_0479,PDDPoS,node_0409,3682.94,218.22,3901.16,self 20% + leftover
2474,block_0480,PDDPoS,node_0104,8162.94,129.63,8292.57,voter pd share
2475,block_0480,PDDPoS,node_0076,3634.94,73.95,3708.9,voter pd share
2476,block_0480,PDDPoS,node_0384,8660.64,169.86,8830.5,voter pd share
2477,block_0480,PDDPoS,node_0489,6797.58,228.56,7026.14,self 20% + leftover
2478,block_0481,PDDPoS,node_0426,6711.56,80.62,6792.18,voter pd share
2479,block_0481,PDDPoS,node_0459,6683.35,105.19,6788.54,voter pd share
2480,block_0481,PDDPoS,node_0208,6493.72,102.38,6596.11,voter pd share
2481,block_0481,PDDPoS,node_0098,10727.49,189.64,10917.13,voter pd share
2482,block_0481,PDDPoS,node_0256,7937.15,259.17,8196.33,self 20% + leftover
2483,block_0482,PDDPoS,node_0129,7508.15,45.81,7553.96,voter pd share
2484,block_0482,PDDPoS,node_0432,7167.82,52.65,7220.47,voter pd share
2485,block_0482,PDDPoS,node_0078,37.42,6.26,43.69,voter pd share
2486,block_0482,PDDPoS,node_0372,3931.49,71.85,4003.34,voter pd share
2487,block_0482,PDDPoS,node_0277,10698.79,147.62,10846.4,voter pd share
2488,block_0482,PDDPoS,node_0084,9519.67,214.81,9734.48,self 20% + leftover
2489,block_0483,PDDPoS,node_0042,1974.05,26.49,2000.55,voter pd share
2490,block_0483,PDDPoS,node_0255,8769.18,93.92,8863.09,voter pd share
2491,block_0483,PDDPoS,node_0491,4347.34,84.31,4431.65,voter pd share
2492,block_0483,PDDPoS,node_0185,4927.51,64.97,4992.48,voter pd share
2493,block_0483,PDDPoS,node_0177,9381.48,146.45,9527.93,voter pd share
2494,block_0483,PDDPoS,node_0401,8346.95,278.86,8625.81,self 20% + leftover
2495,block_0484,PDDPoS,node_0420,4845.1,68.51,4913.61,voter pd share
2496,block_0484,PDDPoS,node_0238,12416.23,292.38,12708.61,voter pd share
2497,block_0484,PDDPoS,node_0034,8992.14,279.1,9271.24,self 20% + leftover
2498,block_0485,PDDPoS,node_0445,7800.15,167.42,7967.57,voter pd share
2499,block_0485,PDDPoS,node_0246,12302.57,351.46,12654.03,voter pd share
2500,block_0485,PDDPoS,node_0370,3878.94,218.12,4097.05,self 20% + leftover
2501,block_0486,PDDPoS,node_0007,4049.82,40.71,4090.53,voter pd share
2502,block_0486,PDDPoS,node_0366,5467.67,67.48,5535.15,voter pd share
2503,block_0486,PDDPoS,node_0417,133.41,6.62,140.03,voter pd share
2504,block_0486,PDDPoS,node_0434,9474.38,151.67,9626.05,voter pd share
2505,block_0486,PDDPoS,node_0075,4903.91,89.23,4993.14,voter pd share
2506,block_0486,PDDPoS,node_0280,9988.01,193.57,10181.58,voter pd share
2507,block_0486,PDDPoS,node_0133,6114.78,227.72,6342.5,self 20% + leftover
2508,block_0487,PDDPoS,node_0249,5199.85,52.1,5251.94,voter pd share
2509,block_0487,PDDPoS,node_0311,11652.47,138.3,11790.77,voter pd share
2510,block_0487,PDDPoS,node_0472,12068.5,175.72,12244.23,voter pd share
2511,block_0487,PDDPoS,node_0386,10417.63,230.88,10648.51,self 20% + leftover
2512,block_0488,PDDPoS,node_0373,9323.81,137.79,9461.6,voter pd share
2513,block_0488,PDDPoS,node_0414,5624.98,93.74,5718.72,voter pd share
2514,block_0488,PDDPoS,node_0316,9473.65,171.72,9645.37,voter pd share
2515,block_0488,PDDPoS,node_0047,1356.12,30.41,1386.53,voter pd share
2516,block_0488,PDDPoS,node_0167,6293.29,125.92,6419.21,voter pd share
2517,block_0488,PDDPoS,node_0493,4056.09,196.43,4252.52,self 20% + leftover
2518,block_0489,PDDPoS,node_0376,9143.27,144.72,9287.99,voter pd share
2519,block_0489,PDDPoS,node_0230,7759.48,139.65,7899.13,voter pd share
2520,block_0489,PDDPoS,node_0393,162.53,8.76,171.29,voter pd share
2521,block_0489,PDDPoS,node_0457,9271.11,308.87,9579.97,self 20% + leftover
2522,block_0490,PDDPoS,node_0431,8628.92,188.61,8817.52,voter pd share
2523,block_0490,PDDPoS,node_0106,9081.56,206.2,9287.76,voter pd share
2524,block_0490,PDDPoS,node_0482,3938.09,206.19,4144.28,self 20% + leftover
2525,block_0491,PDDPoS,node_0342,5288.47,52.83,5341.3,voter pd share
2526,block_0491,PDDPoS,node_0351,5440.41,65.92,5506.33,voter pd share
2527,block_0491,PDDPoS,node_0327,3008.49,67.61,3076.1,voter pd share
2528,block_0491,PDDPoS,node_0310,4131.1,71.96,4203.06,voter pd share
2529,block_0491,PDDPoS,node_0138,11715.71,290.68,12006.39,self 20% + leftover
2530,block_0492,PDDPoS,node_0196,13941.43,212.87,14154.29,voter pd share
2531,block_0492,PDDPoS,node_0289,5746.74,106.91,5853.65,voter pd share
2532,block_0492,PDDPoS,node_0229,7557.14,182.69,7739.83,voter pd share
2533,block_0492,PDDPoS,node_0443,6537.32,230.53,6767.85,self 20% + leftover
2534,block_0493,PDDPoS,node_0150,3723.97,44.31,3768.28,voter pd share
2535,block_0493,PDDPoS,node_0423,1034.34,19.6,1053.94,voter pd share
2536,block_0493,PDDPoS,node_0218,9003.22,118.53,9121.75,voter pd share
2537,block_0493,PDDPoS,node_0447,10156.74,131.24,10287.98,voter pd share
2538,block_0493,PDDPoS,node_0093,9162.82,246.32,9409.14,self 20% + leftover
2539,block_0494,PDDPoS,node_0318,11383.85,102.93,11486.78,voter pd share
2540,block_0494,PDDPoS,node_0477,4569.82,73.95,4643.77,voter pd share
2541,block_0494,PDDPoS,node_0266,6642.57,136.15,6778.72,voter pd share
2542,block_0494,PDDPoS,node_0114,9908.79,225.97,10134.76,self 20% + leftover
2543,block_0495,PDDPoS,node_0012,6082.76,109.49,6192.25,voter pd share
2544,block_0495,PDDPoS,node_0063,5316.4,147.08,5463.48,voter pd share
2545,block_0495,PDDPoS,node_0222,2918.68,71.17,2989.85,voter pd share
2546,block_0495,PDDPoS,node_0365,10903.83,343.27,11247.1,self 20% + leftover
2547,block_0496,PDDPoS,node_0303,11817.71,153.09,11970.8,voter pd share
2548,block_0496,PDDPoS,node_0421,10217.66,149.81,10367.46,voter pd share
2549,block_0496,PDDPoS,node_0236,1992.56,33.75,2026.32,voter pd share
2550,block_0496,PDDPoS,node_0282,8244.91,273.35,8518.26,self 20% + leftover
2551,block_0497,PDDPoS,node_0383,8539.04,114.11,8653.15,voter pd share
2552,block_0497,PDDPoS,node_0387,8043.39,115.74,8159.13,voter pd share
2553,block_0497,PDDPoS,node_0203,9301.08,159.91,9460.99,voter pd share
2554,block_0497,PDDPoS,node_0435,6395.57,201.24,6596.81,self 20% + leftover
2555,block_0498,PDDPoS,node_0172,10447.92,108.63,10556.56,voter pd share
2556,block_0498,PDDPoS,node_0175,5845.69,85.45,5931.14,voter pd share
2557,block_0498,PDDPoS,node_0355,695.6,3.73,699.33,voter pd share
2558,block_0498,PDDPoS,node_0240,4431.34,96.38,4527.72,voter pd share
2559,block_0498,PDDPoS,node_0225,1423.48,44.64,1468.12,voter pd share
2560,block_0498,PDDPoS,node_0484,11276.76,279.18,11555.94,self 20% + leftover
2561,block_0499,PDDPoS,node_0308,206.32,5.59,211.91,voter pd share
2562,block_0499,PDDPoS,node_0455,4603.42,59.46,4662.88,voter pd share
2563,block_0499,PDDPoS,node_0267,9213.11,136.17,9349.28,voter pd share
2564,block_0499,PDDPoS,node_0142,11701.68,212.45,11914.14,voter pd share
2565,block_0499,PDDPoS,node_0285,6473.09,220.32,6693.41,self 20% + leftover
2566,block_0500,PDDPoS,node_0500,7543.31,92.75,7636.07,voter pd share
2567,block_0500,PDDPoS,node_0147,8903.2,175.81,9079.01,voter pd share
2568,block_0500,PDDPoS,node_0139,5757.45,128.38,5885.83,voter pd share
2569,block_0500,PDDPoS,node_0350,1405.41,39.23,1444.64,voter pd share
2570,block_0500,PDDPoS,node_0307,7894.32,300.83,8195.15,self 20% + leftover
2571,block_0501,PDDPoS,node_0085,6284.09,88.19,6372.28,voter pd share
2572,block_0501,PDDPoS,node_0352,13857.91,290.1,14148.0,voter pd share
2573,block_0501,PDDPoS,node_0060,12809.64,396.71,13206.35,self 20% + leftover
2574,block_0502,PDDPoS,node_0162,5714.96,96.66,5811.62,voter pd share
2575,block_0502,PDDPoS,node_0410,9769.96,282.24,10052.2,voter pd share
2576,block_0502,PDDPoS,node_0239,7822.53,333.1,8155.63,self 20% + leftover
2577,block_0503,PDDPoS,node_0038,6546.92,89.52,6636.44,voter pd share
2578,block_0503,PDDPoS,node_0215,10235.5,213.78,10449.27,voter pd share
2579,block_0503,PDDPoS,node_0205,5350.62,138.95,5489.57,voter pd share
2580,block_0503,PDDPoS,node_0424,7184.96,328.75,7513.71,self 20% + leftover
2581,block_0504,PDDPoS,node_0374,8603.51,117.56,8721.08,voter pd share
2582,block_0504,PDDPoS,node_0210,4253.14,59.85,4312.99,voter pd share
2583,block_0504,PDDPoS,node_0096,4455.98,102.52,4558.49,voter pd share
2584,block_0504,PDDPoS,node_0479,10773.64,220.28,10993.92,voter pd share
2585,block_0504,PDDPoS,node_0359,1060.07,139.78,1199.85,self 20% + leftover
2586,block_0505,PDDPoS,node_0030,12109.57,208.28,12317.84,voter pd share
2587,block_0505,PDDPoS,node_0224,6926.77,133.86,7060.63,voter pd share
2588,block_0505,PDDPoS,node_0080,11643.77,353.86,11997.63,self 20% + leftover
2589,block_0506,PDDPoS,node_0180,4912.12,56.17,4968.29,voter pd share
2590,block_0506,PDDPoS,node_0163,2118.89,28.33,2147.22,voter pd share
2591,block_0506,PDDPoS,node_0029,4209.77,67.59,4277.37,voter pd share
2592,block_0506,PDDPoS,node_0013,1805.58,19.75,1825.33,voter pd share
2593,block_0506,PDDPoS,node_0108,2310.63,53.34,2363.97,voter pd share
2594,block_0506,PDDPoS,node_0067,12528.65,364.81,12893.46,self 20% + leftover
2595,block_0507,PDDPoS,node_0087,5307.05,87.41,5394.45,voter pd share
2596,block_0507,PDDPoS,node_0231,10061.11,215.57,10276.68,voter pd share
2597,block_0507,PDDPoS,node_0002,3656.76,95.38,3752.14,voter pd share
2598,block_0507,PDDPoS,node_0193,8769.2,282.64,9051.84,self 20% + leftover
2599,block_0508,PDDPoS,node_0158,7378.77,121.62,7500.39,voter pd share
2600,block_0508,PDDPoS,node_0115,7267.64,155.18,7422.82,voter pd share
2601,block_0508,PDDPoS,node_0082,2309.34,60.7,2370.03,voter pd share
2602,block_0508,PDDPoS,node_0054,2803.85,89.34,2893.18,voter pd share
2603,block_0508,PDDPoS,node_0141,7822.32,344.17,8166.48,self 20% + leftover
2604,block_0509,PDDPoS,node_0027,3689.33,58.92,3748.25,voter pd share
2605,block_0509,PDDPoS,node_0326,2559.51,47.11,2606.62,voter pd share
2606,block_0509,PDDPoS,node_0475,6333.12,121.76,6454.88,voter pd share
2607,block_0509,PDDPoS,node_0272,9777.78,216.86,9994.64,voter pd share
2608,block_0509,PDDPoS,node_0468,4017.53,111.69,4129.23,voter pd share
2609,block_0509,PDDPoS,node_0409,3933.16,217.66,4150.82,self 20% + leftover
2610,block_0510,PDDPoS,node_0104,8247.57,147.5,8395.08,voter pd share
2611,block_0510,PDDPoS,node_0076,4217.9,84.15,4302.05,voter pd share
2612,block_0510,PDDPoS,node_0384,8956.5,193.28,9149.78,voter pd share
2613,block_0510,PDDPoS,node_0489,6886.14,260.07,7146.21,self 20% + leftover
2614,block_0511,PDDPoS,node_0426,6489.18,58.74,6547.93,voter pd share
2615,block_0511,PDDPoS,node_0459,6608.54,76.64,6685.18,voter pd share
2616,block_0511,PDDPoS,node_0208,6247.11,74.6,6321.71,voter pd share
2617,block_0511,PDDPoS,node_0098,10652.13,138.18,10790.3,voter pd share
2618,block_0511,PDDPoS,node_0256,8069.33,188.84,8258.17,self 20% + leftover
2619,block_0512,PDDPoS,node_0129,7704.96,60.34,7765.31,voter pd share
2620,block_0512,PDDPoS,node_0432,7125.47,69.35,7194.83,voter pd share
2621,block_0512,PDDPoS,node_0078,242.69,8.25,250.94,voter pd share
2622,block_0512,PDDPoS,node_0372,4273.34,94.65,4367.98,voter pd share
2623,block_0512,PDDPoS,node_0277,10418.4,194.45,10612.86,voter pd share
2624,block_0512,PDDPoS,node_0084,10015.48,282.96,10298.43,self 20% + leftover
2625,block_0513,PDDPoS,node_0042,1967.55,29.62,1997.17,voter pd share
2626,block_0513,PDDPoS,node_0255,8547.09,105.0,8652.09,voter pd share
2627,block_0513,PDDPoS,node_0491,4794.65,94.26,4888.92,voter pd share
2628,block_0513,PDDPoS,node_0185,5312.48,72.64,5385.12,voter pd share
2629,block_0513,PDDPoS,node_0177,9569.93,163.72,9733.65,voter pd share
2630,block_0513,PDDPoS,node_0401,8750.81,311.76,9062.58,self 20% + leftover
2631,block_0514,PDDPoS,node_0445,8245.57,154.25,8399.82,voter pd share
2632,block_0514,PDDPoS,node_0246,12935.03,323.8,13258.83,voter pd share
2633,block_0514,PDDPoS,node_0370,4196.05,200.95,4397.0,self 20% + leftover
2634,block_0515,PDDPoS,node_0445,8377.82,162.2,8540.01,voter pd share
2635,block_0515,PDDPoS,node_0246,13245.83,340.49,13586.32,voter pd share
2636,block_0515,PDDPoS,node_0370,4357.0,211.31,4568.31,self 20% + leftover
2637,block_0516,PDDPoS,node_0007,3954.53,31.12,3985.65,voter pd share
2638,block_0516,PDDPoS,node_0366,5659.15,51.59,5710.74,voter pd share
2639,block_0516,PDDPoS,node_0417,180.03,5.06,185.09,voter pd share
2640,block_0516,PDDPoS,node_0434,9721.05,115.95,9837.0,voter pd share
2641,block_0516,PDDPoS,node_0075,5118.14,68.21,5186.35,voter pd share
2642,block_0516,PDDPoS,node_0280,10051.58,147.98,10199.56,voter pd share
2643,block_0516,PDDPoS,node_0133,6582.5,174.09,6756.59,self 20% + leftover
2644,block_0517,PDDPoS,node_0249,5107.94,50.61,5158.55,voter pd share
2645,block_0517,PDDPoS,node_0311,11888.77,134.36,12023.13,voter pd share
2646,block_0517,PDDPoS,node_0472,12214.23,170.72,12384.95,voter pd share
2647,block_0517,PDDPoS,node_0386,10933.51,224.31,11157.82,self 20% + leftover
2648,block_0518,PDDPoS,node_0373,9413.6,128.13,9541.74,voter pd share
2649,block_0518,PDDPoS,node_0414,5351.72,87.17,5438.89,voter pd share
2650,block_0518,PDDPoS,node_0316,9528.37,159.68,9688.05,voter pd share
2651,block_0518,PDDPoS,node_0047,899.53,28.27,927.8,voter pd share
2652,block_0518,PDDPoS,node_0167,6834.21,117.09,6951.3,voter pd share
2653,block_0518,PDDPoS,node_0493,3978.52,182.66,4161.17,self 20% + leftover
2654,block_0519,PDDPoS,node_0376,9507.99,149.77,9657.75,voter pd share
2655,block_0519,PDDPoS,node_0230,8177.13,144.53,8321.66,voter pd share
2656,block_0519,PDDPoS,node_0393,283.29,9.06,292.36,voter pd share
2657,block_0519,PDDPoS,node_0457,9871.97,319.64,10191.62,self 20% + leftover
2658,block_0520,PDDPoS,node_0431,8575.52,219.68,8795.2,voter pd share
2659,block_0520,PDDPoS,node_0106,9471.76,240.17,9711.93,voter pd share
2660,block_0520,PDDPoS,node_0482,4518.28,240.15,4758.44,self 20% + leftover
2661,block_0521,PDDPoS,node_0342,5613.3,52.64,5665.94,voter pd share
2662,block_0521,PDDPoS,node_0351,5246.33,65.68,5312.01,voter pd share
2663,block_0521,PDDPoS,node_0327,3118.1,67.37,3185.46,voter pd share
2664,block_0521,PDDPoS,node_0310,4221.06,71.7,4292.76,voter pd share
2665,block_0521,PDDPoS,node_0138,11995.39,289.62,12285.0,self 20% + leftover
2666,block_0522,PDDPoS,node_0196,14201.29,166.98,14368.28,voter pd share
2667,block_0522,PDDPoS,node_0289,5880.65,83.87,5964.52,voter pd share
2668,block_0522,PDDPoS,node_0229,7727.83,143.31,7871.15,voter pd share
2669,block_0522,PDDPoS,node_0443,6532.85,180.84,6713.68,self 20% + leftover
2670,block_0523,PDDPoS,node_0150,3582.28,42.57,3624.85,voter pd share
2671,block_0523,PDDPoS,node_0423,1284.94,18.83,1303.77,voter pd share
2672,block_0523,PDDPoS,node_0218,9145.75,113.87,9259.62,voter pd share
2673,block_0523,PDDPoS,node_0447,10294.98,126.08,10421.07,voter pd share
2674,block_0523,PDDPoS,node_0093,9482.14,236.65,9718.79,self 20% + leftover
2675,block_0524,PDDPoS,node_0318,11780.78,109.42,11890.2,voter pd share
2676,block_0524,PDDPoS,node_0477,4693.77,78.62,4772.39,voter pd share
2677,block_0524,PDDPoS,node_0266,6752.72,144.73,6897.45,voter pd share
2678,block_0524,PDDPoS,node_0114,9822.76,240.22,10062.98,self 20% + leftover
2679,block_0525,PDDPoS,node_0012,6164.25,126.3,6290.55,voter pd share
2680,block_0525,PDDPoS,node_0063,5581.48,169.65,5751.13,voter pd share
2681,block_0525,PDDPoS,node_0222,2801.85,82.09,2883.94,voter pd share
2682,block_0525,PDDPoS,node_0365,11095.1,395.96,11491.06,self 20% + leftover
2683,block_0526,PDDPoS,node_0303,12346.8,194.0,12540.8,voter pd share
2684,block_0526,PDDPoS,node_0421,10237.46,189.84,10427.3,voter pd share
2685,block_0526,PDDPoS,node_0236,1925.32,42.77,1968.09,voter pd share
2686,block_0526,PDDPoS,node_0282,9046.26,346.39,9392.65,self 20% + leftover
2687,block_0527,PDDPoS,node_0383,8389.15,149.64,8538.79,voter pd share
2688,block_0527,PDDPoS,node_0387,8053.13,151.77,8204.9,voter pd share
2689,block_0527,PDDPoS,node_0203,9589.99,209.69,9799.68,voter pd share
2690,block_0527,PDDPoS,node_0435,6655.81,263.89,6919.71,self 20% + leftover
2691,block_0528,PDDPoS,node_0172,10541.56,92.46,10634.02,voter pd share
2692,block_0528,PDDPoS,node_0175,5431.14,72.73,5503.87,voter pd share
2693,block_0528,PDDPoS,node_0355,378.33,3.17,381.51,voter pd share
2694,block_0528,PDDPoS,node_0240,4426.72,82.03,4508.75,voter pd share
2695,block_0528,PDDPoS,node_0225,1215.12,37.99,1253.11,voter pd share
2696,block_0528,PDDPoS,node_0484,11438.94,237.62,11676.55,self 20% + leftover
2697,block_0529,PDDPoS,node_0308,6.91,5.57,12.48,voter pd share
2698,block_0529,PDDPoS,node_0455,4500.88,59.18,4560.05,voter pd share
2699,block_0529,PDDPoS,node_0267,9124.28,135.53,9259.81,voter pd share
2700,block_0529,PDDPoS,node_0142,11612.14,211.45,11823.59,voter pd share
2701,block_0529,PDDPoS,node_0285,6803.41,219.28,7022.69,self 20% + leftover
2702,block_0530,PDDPoS,node_0500,7493.07,84.95,7578.02,voter pd share
2703,block_0530,PDDPoS,node_0147,8822.01,161.02,8983.03,voter pd share
2704,block_0530,PDDPoS,node_0139,5908.83,117.58,6026.41,voter pd share
2705,block_0530,PDDPoS,node_0350,1587.64,35.93,1623.57,voter pd share
2706,block_0530,PDDPoS,node_0307,7967.15,275.52,8242.67,self 20% + leftover
2707,block_0531,PDDPoS,node_0085,6302.28,87.96,6390.25,voter pd share
2708,block_0531,PDDPoS,node_0352,14111.0,289.35,14400.35,voter pd share
2709,block_0531,PDDPoS,node_0060,13083.35,395.69,13479.04,self 20% + leftover
2710,block_0532,PDDPoS,node_0162,5793.62,96.93,5890.54,voter pd share
2711,block_0532,PDDPoS,node_0410,10110.2,283.03,10393.23,voter pd share
2712,block_0532,PDDPoS,node_0239,7750.63,334.04,8084.67,self 20% + leftover
2713,block_0533,PDDPoS,node_0038,6757.44,85.8,6843.25,voter pd share
2714,block_0533,PDDPoS,node_0215,10560.27,204.9,10765.18,voter pd share
2715,block_0533,PDDPoS,node_0205,4948.57,133.19,5081.76,voter pd share
2716,block_0533,PDDPoS,node_0424,7519.71,315.1,7834.82,self 20% + leftover
2717,block_0534,PDDPoS,node_0374,8949.08,142.36,9091.44,voter pd share
2718,block_0534,PDDPoS,node_0210,4101.99,72.48,4174.47,voter pd share
2719,block_0534,PDDPoS,node_0096,4437.49,124.14,4561.64,voter pd share
2720,block_0534,PDDPoS,node_0479,10408.92,266.75,10675.67,voter pd share
2721,block_0534,PDDPoS,node_0359,1269.85,169.27,1439.11,self 20% + leftover
2722,block_0535,PDDPoS,node_0180,5298.29,56.84,5355.13,voter pd share
2723,block_0535,PDDPoS,node_0163,2398.22,28.67,2426.88,voter pd share
2724,block_0535,PDDPoS,node_0029,4147.37,68.39,4215.76,voter pd share
2725,block_0535,PDDPoS,node_0013,1691.33,19.98,1711.32,voter pd share
2726,block_0535,PDDPoS,node_0108,2089.97,53.98,2143.95,voter pd share
2727,block_0535,PDDPoS,node_0067,12929.46,369.14,13298.6,self 20% + leftover
2728,block_0536,PDDPoS,node_0180,5282.13,73.69,5355.82,voter pd share
2729,block_0536,PDDPoS,node_0163,2412.88,37.17,2450.05,voter pd share
2730,block_0536,PDDPoS,node_0029,4209.76,88.67,4298.43,voter pd share
2731,block_0536,PDDPoS,node_0013,1715.32,25.91,1741.23,voter pd share
2732,block_0536,PDDPoS,node_0108,2250.95,69.98,2320.93,voter pd share
2733,block_0536,PDDPoS,node_0067,13298.6,478.59,13777.19,self 20% + leftover
2734,block_0537,PDDPoS,node_0087,5053.45,70.85,5124.3,voter pd share
2735,block_0537,PDDPoS,node_0231,10255.68,174.74,10430.42,voter pd share
2736,block_0537,PDDPoS,node_0002,3724.14,77.31,3801.45,voter pd share
2737,block_0537,PDDPoS,node_0193,9108.84,229.1,9337.94,self 20% + leftover
2738,block_0538,PDDPoS,node_0158,7574.39,98.12,7672.51,voter pd share
2739,block_0538,PDDPoS,node_0115,7514.82,125.19,7640.01,voter pd share
2740,block_0538,PDDPoS,node_0082,1779.03,48.97,1828.0,voter pd share
2741,block_0538,PDDPoS,node_0054,3162.18,72.07,3234.25,voter pd share
2742,block_0538,PDDPoS,node_0141,8021.48,277.65,8299.13,self 20% + leftover
2743,block_0539,PDDPoS,node_0027,3478.25,50.7,3528.95,voter pd share
2744,block_0539,PDDPoS,node_0326,2447.62,40.53,2488.15,voter pd share
2745,block_0539,PDDPoS,node_0475,6265.88,104.77,6370.65,voter pd share
2746,block_0539,PDDPoS,node_0272,10070.64,186.6,10257.24,voter pd share
2747,block_0539,PDDPoS,node_0468,3712.23,96.11,3808.33,voter pd share
2748,block_0539,PDDPoS,node_0409,4025.82,187.29,4213.11,self 20% + leftover
2749,block_0540,PDDPoS,node_0104,8038.08,162.14,8200.22,voter pd share
2750,block_0540,PDDPoS,node_0076,4583.05,92.5,4675.55,voter pd share
2751,block_0540,PDDPoS,node_0384,9290.78,212.46,9503.24,voter pd share
2752,block_0540,PDDPoS,node_0489,7174.21,285.89,7460.09,self 20% + leftover
2753,block_0541,PDDPoS,node_0426,7100.93,76.68,7177.61,voter pd share
2754,block_0541,PDDPoS,node_0459,6749.18,100.05,6849.23,voter pd share
2755,block_0541,PDDPoS,node_0208,6355.71,97.38,6453.09,voter pd share
2756,block_0541,PDDPoS,node_0098,10795.3,180.37,10975.68,voter pd share
2757,block_0541,PDDPoS,node_0256,8530.17,246.51,8776.68,self 20% + leftover
2758,block_0542,PDDPoS,node_0129,7718.31,65.78,7784.09,voter pd share
2759,block_0542,PDDPoS,node_0432,7015.83,75.6,7091.43,voter pd share
2760,block_0542,PDDPoS,node_0078,573.94,8.99,582.93,voter pd share
2761,block_0542,PDDPoS,node_0372,4390.98,103.18,4494.16,voter pd share
2762,block_0542,PDDPoS,node_0277,10518.86,211.98,10730.84,voter pd share
2763,block_0542,PDDPoS,node_0084,10187.43,308.46,10495.89,self 20% + leftover
2764,block_0543,PDDPoS,node_0042,1958.17,21.42,1979.59,voter pd share
2765,block_0543,PDDPoS,node_0255,8783.09,75.94,8859.03,voter pd share
2766,block_0543,PDDPoS,node_0491,4877.92,68.18,4946.1,voter pd share
2767,block_0543,PDDPoS,node_0185,5343.12,52.54,5395.66,voter pd share
2768,block_0543,PDDPoS,node_0177,9633.65,118.42,9752.07,voter pd share
2769,block_0543,PDDPoS,node_0401,9119.58,225.5,9345.07,self 20% + leftover
2770,block_0544,PDDPoS,node_0465,7418.24,117.15,7535.39,voter pd share
2771,block_0544,PDDPoS,node_0125,3868.03,167.03,4035.06,voter pd share
2772,block_0544,PDDPoS,node_0069,1065.0,58.6,1123.6,voter pd share
2773,block_0544,PDDPoS,node_0168,10044.0,432.23,10476.23,self 20% + leftover
2774,block_0545,PDDPoS,node_0445,8778.01,164.47,8942.48,voter pd share
2775,block_0545,PDDPoS,node_0246,13477.32,345.26,13822.59,voter pd share
2776,block_0545,PDDPoS,node_0370,4280.31,214.27,4494.58,self 20% + leftover
2777,block_0546,PDDPoS,node_0007,3907.65,29.71,3937.36,voter pd share
2778,block_0546,PDDPoS,node_0366,5777.74,49.24,5826.98,voter pd share
2779,block_0546,PDDPoS,node_0417,66.09,4.83,70.92,voter pd share
2780,block_0546,PDDPoS,node_0434,9574.0,110.68,9684.69,voter pd share
2781,block_0546,PDDPoS,node_0075,4954.35,65.11,5019.46,voter pd share
2782,block_0546,PDDPoS,node_0280,10382.56,141.26,10523.82,voter pd share
2783,block_0546,PDDPoS,node_0133,6619.59,166.18,6785.76,self 20% + leftover
2784,block_0547,PDDPoS,node_0249,5049.55,55.32,5104.88,voter pd share
2785,block_0547,PDDPoS,node_0311,12063.13,146.87,12210.0,voter pd share
2786,block_0547,PDDPoS,node_0472,12093.95,186.61,12280.56,voter pd share
2787,block_0547,PDDPoS,node_0386,10740.82,245.19,10986.02,self 20% + leftover
2788,block_0548,PDDPoS,node_0373,9104.74,140.89,9245.63,voter pd share
2789,block_0548,PDDPoS,node_0414,5560.89,95.84,5656.73,voter pd share
2790,block_0548,PDDPoS,node_0316,9899.05,175.58,10074.63,voter pd share
2791,block_0548,PDDPoS,node_0047,723.8,31.09,754.89,voter pd share
2792,block_0548,PDDPoS,node_0167,7367.3,128.75,7496.05,voter pd share
2793,block_0548,PDDPoS,node_0493,4028.17,200.84,4229.02,self 20% + leftover
2794,block_0549,PDDPoS,node_0376,9886.75,159.62,10046.38,voter pd share
2795,block_0549,PDDPoS,node_0230,8151.66,154.04,8305.69,voter pd share
2796,block_0549,PDDPoS,node_0393,689.36,9.66,699.02,voter pd share
2797,block_0549,PDDPoS,node_0457,9639.62,340.68,9980.29,self 20% + leftover
2798,block_0550,PDDPoS,node_0431,8825.2,194.26,9019.46,voter pd share
2799,block_0550,PDDPoS,node_0106,10217.93,212.38,10430.3,voter pd share
2800,block_0550,PDDPoS,node_0482,4262.44,212.37,4474.8,self 20% + leftover
2801,block_0551,PDDPoS,node_0342,5415.94,71.02,5486.96,voter pd share
2802,block_0551,PDDPoS,node_0351,5482.01,88.61,5570.62,voter pd share
2803,block_0551,PDDPoS,node_0327,3444.46,90.89,3535.35,voter pd share
2804,block_0551,PDDPoS,node_0310,4237.76,96.74,4334.5,voter pd share
2805,block_0551,PDDPoS,node_0138,11853.0,390.74,12243.75,self 20% + leftover
2806,block_0552,PDDPoS,node_0196,13951.28,171.34,14122.61,voter pd share
2807,block_0552,PDDPoS,node_0289,6199.52,86.06,6285.57,voter pd share
2808,block_0552,PDDPoS,node_0229,8064.15,147.05,8211.2,voter pd share
2809,block_0552,PDDPoS,node_0443,6629.68,185.55,6815.24,self 20% + leftover
2810,block_0553,PDDPoS,node_0318,12156.2,124.13,12280.33,voter pd share
2811,block_0553,PDDPoS,node_0477,4941.39,89.18,5030.57,voter pd share
2812,block_0553,PDDPoS,node_0266,7079.45,164.18,7243.64,voter pd share
2813,block_0553,PDDPoS,node_0114,10045.98,272.51,10318.49,self 20% + leftover
2814,block_0554,PDDPoS,node_0318,12279.33,106.56,12385.89,voter pd share
2815,block_0554,PDDPoS,node_0477,4942.57,76.56,5019.13,voter pd share
2816,block_0554,PDDPoS,node_0266,7253.64,140.95,7394.58,voter pd share
2817,block_0554,PDDPoS,node_0114,10303.49,233.94,10537.42,self 20% + leftover
2818,block_0555,PDDPoS,node_0012,6119.55,120.42,6239.97,voter pd share
2819,block_0555,PDDPoS,node_0063,5569.13,161.76,5730.89,voter pd share
2820,block_0555,PDDPoS,node_0222,2900.94,78.27,2979.21,voter pd share
2821,block_0555,PDDPoS,node_0365,11503.06,377.54,11880.6,self 20% + leftover
2822,block_0556,PDDPoS,node_0303,12504.8,168.4,12673.21,voter pd share
2823,block_0556,PDDPoS,node_0421,10362.3,164.79,10527.08,voter pd share
2824,block_0556,PDDPoS,node_0236,2062.09,37.13,2099.22,voter pd share
2825,block_0556,PDDPoS,node_0282,9277.65,300.68,9578.33,self 20% + leftover
2826,block_0557,PDDPoS,node_0383,8628.79,149.83,8778.63,voter pd share
2827,block_0557,PDDPoS,node_0387,8124.9,151.97,8276.87,voter pd share
2828,block_0557,PDDPoS,node_0203,9706.68,209.96,9916.64,voter pd share
2829,block_0557,PDDPoS,node_0435,6982.71,264.24,7246.94,self 20% + leftover
2830,block_0558,PDDPoS,node_0172,10427.02,128.5,10555.51,voter pd share
2831,block_0558,PDDPoS,node_0175,5346.87,101.07,5447.93,voter pd share
2832,block_0558,PDDPoS,node_0355,311.51,4.41,315.92,voter pd share
2833,block_0558,PDDPoS,node_0240,4562.75,114.0,4676.74,voter pd share
2834,block_0558,PDDPoS,node_0225,538.11,52.8,590.91,voter pd share
2835,block_0558,PDDPoS,node_0484,11887.55,330.22,12217.78,self 20% + leftover
2836,block_0559,PDDPoS,node_0308,30.48,6.86,37.34,voter pd share
2837,block_0559,PDDPoS,node_0455,4655.05,72.87,4727.92,voter pd share
2838,block_0559,PDDPoS,node_0267,9500.81,166.88,9667.69,voter pd share
2839,block_0559,PDDPoS,node_0142,12103.59,260.37,12363.96,voter pd share
2840,block_0559,PDDPoS,node_0285,6557.69,270.02,6827.71,self 20% + leftover
2841,block_0560,PDDPoS,node_0500,7839.02,94.14,7933.16,voter pd share
2842,block_0560,PDDPoS,node_0147,8476.03,178.43,8654.46,voter pd share
2843,block_0560,PDDPoS,node_0139,5945.41,130.3,6075.71,voter pd share
2844,block_0560,PDDPoS,node_0350,1410.57,39.81,1450.38,voter pd share
2845,block_0560,PDDPoS,node_0307,7840.67,305.32,8145.99,self 20% + leftover
2846,block_0561,PDDPoS,node_0085,6478.25,79.43,6557.68,voter pd share
2847,block_0561,PDDPoS,node_0352,14526.35,261.27,14787.62,voter pd share
2848,block_0561,PDDPoS,node_0060,13323.04,357.3,13680.34,self 20% + leftover
2849,block_0562,PDDPoS,node_0162,5743.54,96.39,5839.93,voter pd share
2850,block_0562,PDDPoS,node_0410,10044.23,281.45,10325.68,voter pd share
2851,block_0562,PDDPoS,node_0239,7745.67,332.17,8077.84,self 20% + leftover
2852,block_0563,PDDPoS,node_0038,6554.25,85.57,6639.82,voter pd share
2853,block_0563,PDDPoS,node_0215,10610.18,204.35,10814.53,voter pd share
2854,block_0563,PDDPoS,node_0205,5446.76,132.83,5579.59,voter pd share
2855,block_0563,PDDPoS,node_0424,8099.82,314.25,8414.07,self 20% + leftover
2856,block_0564,PDDPoS,node_0374,9284.44,103.05,9387.49,voter pd share
2857,block_0564,PDDPoS,node_0210,4123.47,52.47,4175.94,voter pd share
2858,block_0564,PDDPoS,node_0096,4122.64,89.86,4212.5,voter pd share
2859,block_0564,PDDPoS,node_0479,10767.67,193.09,10960.76,voter pd share
2860,block_0564,PDDPoS,node_0359,1415.11,122.53,1537.64,self 20% + leftover
2861,block_0565,PDDPoS,node_0180,5158.82,56.36,5215.18,voter pd share
2862,block_0565,PDDPoS,node_0163,2508.05,28.43,2536.48,voter pd share
2863,block_0565,PDDPoS,node_0029,4640.43,67.82,4708.26,voter pd share
2864,block_0565,PDDPoS,node_0013,1661.23,19.82,1681.05,voter pd share
2865,block_0565,PDDPoS,node_0108,2287.93,53.52,2341.45,voter pd share
2866,block_0565,PDDPoS,node_0067,13761.19,366.05,14127.24,self 20% + leftover
2867,block_0566,PDDPoS,node_0180,5116.18,55.03,5171.2,voter pd share
2868,block_0566,PDDPoS,node_0163,2500.48,27.75,2528.23,voter pd share
2869,block_0566,PDDPoS,node_0029,4718.26,66.22,4784.47,voter pd share
2870,block_0566,PDDPoS,node_0013,1672.05,19.35,1691.39,voter pd share
2871,block_0566,PDDPoS,node_0108,2309.45,52.26,2361.71,voter pd share
2872,block_0566,PDDPoS,node_0067,14127.24,357.39,14484.63,self 20% + leftover
2873,block_0567,PDDPoS,node_0087,4820.3,98.83,4919.13,voter pd share
2874,block_0567,PDDPoS,node_0231,10066.42,243.75,10310.17,voter pd share
2875,block_0567,PDDPoS,node_0002,3851.45,107.85,3959.29,voter pd share
2876,block_0567,PDDPoS,node_0193,9021.94,319.58,9341.52,self 20% + leftover
2877,block_0568,PDDPoS,node_0158,7561.51,108.69,7670.2,voter pd share
2878,block_0568,PDDPoS,node_0115,7629.01,138.68,7767.69,voter pd share
2879,block_0568,PDDPoS,node_0082,1781.0,54.24,1835.24,voter pd share
2880,block_0568,PDDPoS,node_0054,2800.25,79.84,2880.09,voter pd share
2881,block_0568,PDDPoS,node_0141,8351.13,307.56,8658.7,self 20% + leftover
2882,block_0569,PDDPoS,node_0027,3630.95,50.85,3681.8,voter pd share
2883,block_0569,PDDPoS,node_0326,2642.15,40.65,2682.81,voter pd share
2884,block_0569,PDDPoS,node_0475,6596.65,105.09,6701.74,voter pd share
2885,block_0569,PDDPoS,node_0272,10136.24,187.16,10323.4,voter pd share
2886,block_0569,PDDPoS,node_0468,3141.33,96.4,3237.73,voter pd share
2887,block_0569,PDDPoS,node_0409,3850.11,187.85,4037.96,self 20% + leftover
2888,block_0570,PDDPoS,node_0104,8124.22,167.31,8291.53,voter pd share
2889,block_0570,PDDPoS,node_0076,4795.55,95.45,4891.0,voter pd share
2890,block_0570,PDDPoS,node_0384,9569.24,219.24,9788.48,voter pd share
2891,block_0570,PDDPoS,node_0489,7472.09,295.0,7767.09,self 20% + leftover
2892,block_0571,PDDPoS,node_0426,6969.61,63.77,7033.38,voter pd share
2893,block_0571,PDDPoS,node_0459,7162.23,83.21,7245.44,voter pd share
2894,block_0571,PDDPoS,node_0208,6280.09,80.99,6361.08,voter pd share
2895,block_0571,PDDPoS,node_0098,11100.68,150.01,11250.69,voter pd share
2896,block_0571,PDDPoS,node_0256,8569.68,205.02,8774.7,self 20% + leftover
2897,block_0572,PDDPoS,node_0129,7481.09,57.03,7538.12,voter pd share
2898,block_0572,PDDPoS,node_0432,6547.43,65.54,6612.97,voter pd share
2899,block_0572,PDDPoS,node_0078,783.93,7.8,791.73,voter pd share
2900,block_0572,PDDPoS,node_0372,4619.16,89.45,4708.61,voter pd share
2901,block_0572,PDDPoS,node_0277,10602.84,183.77,10786.61,voter pd share
2902,block_0572,PDDPoS,node_0084,10277.89,267.41,10545.3,self 20% + leftover
2903,block_0573,PDDPoS,node_0042,1875.59,28.78,1904.37,voter pd share
2904,block_0573,PDDPoS,node_0255,8561.03,102.02,8663.05,voter pd share
2905,block_0573,PDDPoS,node_0491,5326.1,91.59,5417.69,voter pd share
2906,block_0573,PDDPoS,node_0185,5290.66,70.58,5361.23,voter pd share
2907,block_0573,PDDPoS,node_0177,9928.07,159.09,10087.16,voter pd share
2908,block_0573,PDDPoS,node_0401,9059.07,302.94,9362.01,self 20% + leftover
2909,block_0574,PDDPoS,node_0465,7824.39,81.62,7906.01,voter pd share
2910,block_0574,PDDPoS,node_0125,4208.06,116.38,4324.45,voter pd share
2911,block_0574,PDDPoS,node_0069,1323.6,40.83,1364.42,voter pd share
2912,block_0574,PDDPoS,node_0168,9986.23,301.16,10287.39,self 20% + leftover
2913,block_0575,PDDPoS,node_0445,9051.48,145.61,9197.1,voter pd share
2914,block_0575,PDDPoS,node_0246,14019.59,305.68,14325.27,voter pd share
2915,block_0575,PDDPoS,node_0370,4395.58,189.7,4585.28,self 20% + leftover
2916,block_0576,PDDPoS,node_0334,8241.78,190.49,8432.27,voter pd share
2917,block_0576,PDDPoS,node_0169,2975.76,121.83,3097.59,voter pd share
2918,block_0576,PDDPoS,node_0118,5007.0,161.45,5168.45,voter pd share
2919,block_0576,PDDPoS,node_0046,4255.15,302.23,4557.38,self 20% + leftover
2920,block_0577,PDDPoS,node_0249,4886.88,48.95,4935.83,voter pd share
2921,block_0577,PDDPoS,node_0311,11866.0,129.96,11995.96,voter pd share
2922,block_0577,PDDPoS,node_0472,12245.56,165.13,12410.69,voter pd share
2923,block_0577,PDDPoS,node_0386,11343.02,216.96,11559.98,self 20% + leftover
2924,block_0578,PDDPoS,node_0373,9010.63,112.28,9122.91,voter pd share
2925,block_0578,PDDPoS,node_0414,5755.73,76.38,5832.11,voter pd share
2926,block_0578,PDDPoS,node_0316,10214.63,139.92,10354.55,voter pd share
2927,block_0578,PDDPoS,node_0047,432.89,24.77,457.67,voter pd share
2928,block_0578,PDDPoS,node_0167,7189.05,102.6,7291.65,voter pd share
2929,block_0578,PDDPoS,node_0493,4236.02,160.05,4396.07,self 20% + leftover
2930,block_0579,PDDPoS,node_0376,9992.38,184.87,10177.24,voter pd share
2931,block_0579,PDDPoS,node_0230,8054.69,178.4,8233.09,voter pd share
2932,block_0579,PDDPoS,node_0393,690.02,11.19,701.21,voter pd share
2933,block_0579,PDDPoS,node_0457,9793.29,394.55,10187.85,self 20% + leftover
2934,block_0580,PDDPoS,node_0431,9061.46,181.7,9243.16,voter pd share
2935,block_0580,PDDPoS,node_0106,10276.3,198.65,10474.96,voter pd share
2936,block_0580,PDDPoS,node_0482,4517.8,198.64,4716.44,self 20% + leftover
2937,block_0581,PDDPoS,node_0342,5324.96,74.68,5399.64,voter pd share
2938,block_0581,PDDPoS,node_0351,5147.62,93.17,5240.8,voter pd share
2939,block_0581,PDDPoS,node_0327,3870.35,95.57,3965.92,voter pd share
2940,block_0581,PDDPoS,node_0310,4387.5,101.72,4489.21,voter pd share
2941,block_0581,PDDPoS,node_0138,12332.75,410.86,12743.61,self 20% + leftover
2942,block_0582,PDDPoS,node_0196,13888.61,189.92,14078.54,voter pd share
2943,block_0582,PDDPoS,node_0289,6425.57,95.39,6520.96,voter pd share
2944,block_0582,PDDPoS,node_0229,7852.2,163.0,8015.21,voter pd share
2945,block_0582,PDDPoS,node_0443,7212.24,205.68,7417.92,self 20% + leftover
2946,block_0583,PDDPoS,node_0471,4419.15,109.21,4528.36,voter pd share
2947,block_0583,PDDPoS,node_0005,4501.37,125.95,4627.32,voter pd share
2948,block_0583,PDDPoS,node_0212,884.56,57.78,942.34,voter pd share
2949,block_0583,PDDPoS,node_0422,8793.46,362.06,9155.52,self 20% + leftover
2950,block_0584,PDDPoS,node_0094,9614.0,231.37,9845.37,voter pd share
2951,block_0584,PDDPoS,node_0028,6520.0,260.5,6780.5,voter pd share
2952,block_0584,PDDPoS,node_0312,2079.0,278.13,2357.13,self 20% + leftover
2953,block_0585,PDDPoS,node_0012,6252.97,122.87,6375.85,voter pd share
2954,block_0585,PDDPoS,node_0063,5551.89,165.05,5716.94,voter pd share
2955,block_0585,PDDPoS,node_0222,2994.21,79.86,3074.07,voter pd share
2956,block_0585,PDDPoS,node_0365,11607.6,385.22,11992.82,self 20% + leftover
2957,block_0586,PDDPoS,node_0303,12547.21,194.0,12741.21,voter pd share
2958,block_0586,PDDPoS,node_0421,10355.08,189.84,10544.92,voter pd share
2959,block_0586,PDDPoS,node_0236,1641.22,42.77,1683.99,voter pd share
2960,block_0586,PDDPoS,node_0282,9950.33,346.39,10296.72,self 20% + leftover
2961,block_0587,PDDPoS,node_0383,8497.63,149.64,8647.27,voter pd share
2962,block_0587,PDDPoS,node_0387,8063.87,151.77,8215.65,voter pd share
2963,block_0587,PDDPoS,node_0203,9969.64,209.69,10179.34,voter pd share
2964,block_0587,PDDPoS,node_0435,7117.94,263.89,7381.84,self 20% + leftover
2965,block_0588,PDDPoS,node_0172,10405.51,136.41,10541.92,voter pd share
2966,block_0588,PDDPoS,node_0175,5588.93,107.29,5696.23,voter pd share
2967,block_0588,PDDPoS,node_0355,220.92,4.68,225.6,voter pd share
2968,block_0588,PDDPoS,node_0240,4694.74,121.02,4815.76,voter pd share
2969,block_0588,PDDPoS,node_0225,635.91,56.05,691.96,voter pd share
2970,block_0588,PDDPoS,node_0484,11647.78,350.55,11998.33,self 20% + leftover
2971,block_0589,PDDPoS,node_0308,180.34,6.61,186.94,voter pd share
2972,block_0589,PDDPoS,node_0455,4442.92,70.24,4513.17,voter pd share
2973,block_0589,PDDPoS,node_0267,9594.69,160.87,9755.56,voter pd share
2974,block_0589,PDDPoS,node_0142,12030.96,250.99,12281.95,voter pd share
2975,block_0589,PDDPoS,node_0285,6768.71,260.29,7029.0,self 20% + leftover
2976,block_0590,PDDPoS,node_0500,7728.16,78.03,7806.18,voter pd share
2977,block_0590,PDDPoS,node_0147,8747.46,147.9,8895.36,voter pd share
2978,block_0590,PDDPoS,node_0139,6426.71,108.0,6534.71,voter pd share
2979,block_0590,PDDPoS,node_0350,1348.38,33.0,1381.38,voter pd share
2980,block_0590,PDDPoS,node_0307,7985.99,253.07,8239.06,self 20% + leftover
2981,block_0591,PDDPoS,node_0085,6790.68,86.49,6877.16,voter pd share
2982,block_0591,PDDPoS,node_0352,14962.62,284.48,15247.1,voter pd share
2983,block_0591,PDDPoS,node_0060,13971.34,389.03,14360.37,self 20% + leftover
2984,block_0592,PDDPoS,node_0162,5678.93,104.94,5783.87,voter pd share
2985,block_0592,PDDPoS,node_0410,10234.68,306.42,10541.1,voter pd share
2986,block_0592,PDDPoS,node_0239,7816.84,361.64,8178.48,self 20% + leftover
2987,block_0593,PDDPoS,node_0038,6619.82,82.2,6702.02,voter pd share
2988,block_0593,PDDPoS,node_0215,10577.53,196.31,10773.84,voter pd share
2989,block_0593,PDDPoS,node_0205,5801.59,127.6,5929.19,voter pd share
2990,block_0593,PDDPoS,node_0424,8502.07,301.89,8803.95,self 20% + leftover
2991,block_0594,PDDPoS,node_0374,9167.49,136.12,9303.61,voter pd share
2992,block_0594,PDDPoS,node_0210,4311.94,69.3,4381.24,voter pd share
2993,block_0594,PDDPoS,node_0096,3581.5,118.7,3700.2,voter pd share
2994,block_0594,PDDPoS,node_0479,11109.76,255.05,11364.8,voter pd share
2995,block_0594,PDDPoS,node_0359,1698.64,161.84,1860.48,self 20% + leftover
2996,block_0595,PDDPoS,node_0460,7270.98,164.77,7435.76,voter pd share
2997,block_0595,PDDPoS,node_0011,133.93,39.55,173.49,voter pd share
2998,block_0595,PDDPoS,node_0164,1823.0,40.1,1863.1,voter pd share
2999,block_0595,PDDPoS,node_0201,9598.52,372.57,9971.1,self 20% + leftover
3000,block_0596,PDDPoS,node_0180,5227.2,53.69,5280.9,voter pd share
3001,block_0596,PDDPoS,node_0163,2365.23,27.08,2392.31,voter pd share
3002,block_0596,PDDPoS,node_0029,4580.47,64.61,4645.09,voter pd share
3003,block_0596,PDDPoS,node_0013,1904.39,18.88,1923.27,voter pd share
3004,block_0596,PDDPoS,node_0108,2029.71,50.99,2080.7,voter pd share
3005,block_0596,PDDPoS,node_0067,13962.63,348.74,14311.37,self 20% + leftover
3006,block_0597,PDDPoS,node_0087,4720.13,77.14,4797.27,voter pd share
3007,block_0597,PDDPoS,node_0231,10315.17,190.25,10505.42,voter pd share
3008,block_0597,PDDPoS,node_0002,4158.29,84.18,4242.47,voter pd share
3009,block_0597,PDDPoS,node_0193,9153.52,249.44,9402.96,self 20% + leftover
3010,block_0598,PDDPoS,node_0158,7475.2,88.81,7564.01,voter pd share
3011,block_0598,PDDPoS,node_0115,8264.69,113.32,8378.01,voter pd share
3012,block_0598,PDDPoS,node_0082,1768.24,44.32,1812.56,voter pd share
3013,block_0598,PDDPoS,node_0054,2738.09,65.24,2803.33,voter pd share
3014,block_0598,PDDPoS,node_0141,8924.7,251.32,9176.01,self 20% + leftover
3015,block_0599,PDDPoS,node_0027,4044.8,50.24,4095.04,voter pd share
3016,block_0599,PDDPoS,node_0326,2726.81,40.17,2766.97,voter pd share
3017,block_0599,PDDPoS,node_0475,6778.74,103.83,6882.56,voter pd share
3018,block_0599,PDDPoS,node_0272,9964.4,184.92,10149.32,voter pd share
3019,block_0599,PDDPoS,node_0468,2927.73,95.24,3022.97,voter pd share
3020,block_0599,PDDPoS,node_0409,4172.96,185.6,4358.56,self 20% + leftover
3021,block_0600,PDDPoS,node_0104,8594.53,166.02,8760.55,voter pd share
3022,block_0600,PDDPoS,node_0076,5007.0,94.72,5101.72,voter pd share
3023,block_0600,PDDPoS,node_0384,9442.48,217.54,9660.02,voter pd share
3024,block_0600,PDDPoS,node_0489,7351.09,292.72,7643.81,self 20% + leftover
3025,block_0601,PDDPoS,node_0141,9139.01,83.49,9222.5,voter pd share
3026,block_0601,PDDPoS,node_0106,10476.96,152.23,10629.19,voter pd share
3027,block_0601,PDDPoS,node_0056,11820.2,184.88,12005.07,voter pd share
3028,block_0601,PDDPoS,node_0104,8813.55,290.4,9103.96,self 20% + leftover
3029,block_0602,PDDPoS,node_0053,7423.0,81.06,7504.06,voter pd share
3030,block_0602,PDDPoS,node_0466,5641.73,66.12,5707.85,voter pd share
3031,block_0602,PDDPoS,node_0349,4467.33,59.61,4526.94,voter pd share
3032,block_0602,PDDPoS,node_0160,4335.82,75.91,4411.74,voter pd share
3033,block_0602,PDDPoS,node_0084,10485.3,240.01,10725.31,voter pd share
3034,block_0602,PDDPoS,node_0261,5830.0,252.29,6082.29,self 20% + leftover
3035,block_0603,PDDPoS,node_0213,8369.0,85.77,8454.77,voter pd share
3036,block_0603,PDDPoS,node_0496,2738.23,30.28,2768.51,voter pd share
3037,block_0603,PDDPoS,node_0226,2155.0,28.33,2183.33,voter pd share
3038,block_0603,PDDPoS,node_0148,4118.0,56.25,4174.25,voter pd share
3039,block_0603,PDDPoS,node_0215,10860.84,149.3,11010.14,voter pd share
3040,block_0603,PDDPoS,node_0439,7725.38,223.07,7948.45,self 20% + leftover
3041,block_0604,PDDPoS,node_0413,7480.0,84.36,7564.36,voter pd share
3042,block_0604,PDDPoS,node_0192,10622.43,151.91,10774.34,voter pd share
3043,block_0604,PDDPoS,node_0189,7794.0,157.49,7951.49,voter pd share
3044,block_0604,PDDPoS,node_0280,10496.82,321.24,10818.05,self 20% + leftover
3045,block_0605,PDDPoS,node_0168,10082.39,68.45,10150.84,voter pd share
3046,block_0605,PDDPoS,node_0456,5939.0,67.62,6006.62,voter pd share
3047,block_0605,PDDPoS,node_0360,1369.0,23.55,1392.55,voter pd share
3048,block_0605,PDDPoS,node_0377,8643.33,165.31,8808.64,voter pd share
3049,block_0605,PDDPoS,node_0486,8867.19,229.07,9096.26,self 20% + leftover
3050,block_0606,PDDPoS,node_0043,7133.59,64.08,7197.66,voter pd share
3051,block_0606,PDDPoS,node_0291,2524.48,46.34,2570.83,voter pd share
3052,block_0606,PDDPoS,node_0028,6744.5,134.53,6879.03,voter pd share
3053,block_0606,PDDPoS,node_0038,6413.02,154.23,6567.25,voter pd share
3054,block_0606,PDDPoS,node_0484,11936.33,354.82,12291.15,self 20% + leftover
3055,block_0607,PDDPoS,node_0476,6980.0,88.37,7068.37,voter pd share
3056,block_0607,PDDPoS,node_0157,7911.0,103.19,8014.19,voter pd share
3057,block_0607,PDDPoS,node_0097,7183.05,107.91,7290.96,voter pd share
3058,block_0607,PDDPoS,node_0311,12332.96,329.53,12662.49,self 20% + leftover
3059,block_0608,PDDPoS,node_0151,1974.18,21.67,1995.85,voter pd share
3060,block_0608,PDDPoS,node_0080,11699.63,153.71,11853.34,voter pd share
3061,block_0608,PDDPoS,node_0095,1339.0,21.02,1360.02,voter pd share
3062,block_0608,PDDPoS,node_0367,4683.0,92.57,4775.57,voter pd share
3063,block_0608,PDDPoS,node_0178,7330.0,149.09,7479.09,voter pd share
3064,block_0608,PDDPoS,node_0123,7200.0,282.94,7482.94,self 20% + leftover
3065,block_0609,PDDPoS,node_0243,4669.88,48.55,4718.43,voter pd share
3066,block_0609,PDDPoS,node_0488,7013.0,125.85,7138.85,voter pd share
3067,block_0609,PDDPoS,node_0445,9079.1,171.87,9250.97,voter pd share
3068,block_0609,PDDPoS,node_0416,8584.0,187.96,8771.96,voter pd share
3069,block_0609,PDDPoS,node_0381,4892.0,243.78,5135.78,self 20% + leftover
3070,block_0610,PDDPoS,node_0279,1910.0,26.35,1936.35,voter pd share
3071,block_0610,PDDPoS,node_0088,4129.0,60.54,4189.54,voter pd share
3072,block_0610,PDDPoS,node_0331,300.0,4.19,304.19,voter pd share
3073,block_0610,PDDPoS,node_0154,6319.0,109.22,6428.22,voter pd share
3074,block_0610,PDDPoS,node_0149,6949.0,144.05,7093.05,voter pd share
3075,block_0610,PDDPoS,node_0414,6257.11,144.71,6401.81,voter pd share
3076,block_0610,PDDPoS,node_0500,7788.18,288.93,8077.12,self 20% + leftover
3077,block_0611,PDDPoS,node_0366,5791.98,96.39,5888.37,voter pd share
3078,block_0611,PDDPoS,node_0334,8098.27,138.03,8236.3,voter pd share
3079,block_0611,PDDPoS,node_0248,6713.0,114.67,6827.67,voter pd share
3080,block_0611,PDDPoS,node_0256,8576.7,158.45,8735.14,voter pd share
3081,block_0611,PDDPoS,node_0007,3937.36,267.46,4204.81,self 20% + leftover
3082,block_0612,PDDPoS,node_0346,3786.07,28.95,3815.03,voter pd share
3083,block_0612,PDDPoS,node_0021,1598.0,23.2,1621.2,voter pd share
3084,block_0612,PDDPoS,node_0281,10113.9,146.84,10260.74,voter pd share
3085,block_0612,PDDPoS,node_0446,4167.05,63.51,4230.56,voter pd share
3086,block_0612,PDDPoS,node_0325,9048.0,145.43,9193.43,voter pd share
3087,block_0612,PDDPoS,node_0327,4140.92,166.07,4306.99,self 20% + leftover
3088,block_0613,PDDPoS,node_0183,8996.17,116.9,9113.06,voter pd share
3089,block_0613,PDDPoS,node_0429,1388.0,14.19,1402.19,voter pd share
3090,block_0613,PDDPoS,node_0086,2789.03,35.18,2824.21,voter pd share
3091,block_0613,PDDPoS,node_0394,1483.0,25.52,1508.52,voter pd share
3092,block_0613,PDDPoS,node_0171,9419.77,163.21,9582.98,voter pd share
3093,block_0613,PDDPoS,node_0036,9439.64,290.0,9729.64,self 20% + leftover
3094,block_0614,PDDPoS,node_0352,15171.1,303.25,15474.35,voter pd share
3095,block_0614,PDDPoS,node_0216,3159.0,61.28,3220.28,voter pd share
3096,block_0614,PDDPoS,node_0354,6423.0,138.22,6561.22,voter pd share
3097,block_0614,PDDPoS,node_0263,7646.42,275.25,7921.66,self 20% + leftover
3098,block_0615,PDDPoS,node_0374,9292.61,106.27,9398.88,voter pd share
3099,block_0615,PDDPoS,node_0087,5097.27,70.51,5167.78,voter pd share
3100,block_0615,PDDPoS,node_0408,5657.3,135.37,5792.67,voter pd share
3101,block_0615,PDDPoS,node_0390,3558.0,84.63,3642.63,voter pd share
3102,block_0615,PDDPoS,node_0373,8388.91,336.22,8725.13,self 20% + leftover
3103,block_0616,PDDPoS,node_0310,4695.21,47.16,4742.38,voter pd share
3104,block_0616,PDDPoS,node_0145,5361.27,74.1,5435.37,voter pd share
3105,block_0616,PDDPoS,node_0432,6519.97,108.33,6628.3,voter pd share
3106,block_0616,PDDPoS,node_0037,298.0,1.43,299.43,voter pd share
3107,block_0616,PDDPoS,node_0179,5230.02,111.32,5341.34,voter pd share
3108,block_0616,PDDPoS,node_0093,9281.79,316.66,9598.44,self 20% + leftover
3109,block_0617,PDDPoS,node_0397,5458.0,46.88,5504.88,voter pd share
3110,block_0617,PDDPoS,node_0296,1690.33,28.08,1718.42,voter pd share
3111,block_0617,PDDPoS,node_0133,6093.19,99.2,6192.39,voter pd share
3112,block_0617,PDDPoS,node_0483,5345.0,91.18,5436.18,voter pd share
3113,block_0617,PDDPoS,node_0474,6263.79,139.24,6403.04,voter pd share
3114,block_0617,PDDPoS,node_0170,6340.0,236.42,6576.42,self 20% + leftover
3115,block_0618,PDDPoS,node_0204,4700.0,55.26,4755.26,voter pd share
3116,block_0618,PDDPoS,node_0235,7886.33,104.02,7990.35,voter pd share
3117,block_0618,PDDPoS,node_0389,5847.0,80.34,5927.34,voter pd share
3118,block_0618,PDDPoS,node_0472,12267.69,428.38,12696.07,self 20% + leftover
3119,block_0619,PDDPoS,node_0058,4965.9,79.8,5045.69,voter pd share
3120,block_0619,PDDPoS,node_0343,9889.7,197.54,10087.24,voter pd share
3121,block_0619,PDDPoS,node_0191,9249.49,211.07,9460.57,voter pd share
3122,block_0619,PDDPoS,node_0495,6573.0,287.59,6860.59,self 20% + leftover
3123,block_0620,PDDPoS,node_0480,8980.65,157.7,9138.35,voter pd share
3124,block_0620,PDDPoS,node_0073,3735.0,70.39,3805.39,voter pd share
3125,block_0620,PDDPoS,node_0403,8222.28,157.11,8379.38,voter pd share
3126,block_0620,PDDPoS,node_0211,9325.85,259.81,9585.65,self 20% + leftover
3127,block_0621,PDDPoS,node_0359,2146.48,16.9,2163.38,voter pd share
3128,block_0621,PDDPoS,node_0137,5593.0,56.44,5649.44,voter pd share
3129,block_0621,PDDPoS,node_0181,3172.0,35.74,3207.74,voter pd share
3130,block_0621,PDDPoS,node_0091,1140.0,20.29,1160.29,voter pd share
3131,block_0621,PDDPoS,node_0320,2312.63,36.54,2349.17,voter pd share
3132,block_0621,PDDPoS,node_0035,5149.0,105.24,5254.24,voter pd share
3133,block_0621,PDDPoS,node_0277,10869.61,273.84,11143.45,self 20% + leftover
3134,block_0622,PDDPoS,node_0355,33.6,1.83,35.43,voter pd share
3135,block_0622,PDDPoS,node_0443,7039.92,95.51,7135.43,voter pd share
3136,block_0622,PDDPoS,node_0450,6115.06,97.21,6212.26,voter pd share
3137,block_0622,PDDPoS,node_0290,7379.0,232.03,7611.03,voter pd share
3138,block_0622,PDDPoS,node_0330,8807.0,349.42,9156.42,self 20% + leftover
3139,block_0623,PDDPoS,node_0067,13691.37,149.32,13840.69,voter pd share
3140,block_0623,PDDPoS,node_0326,2371.97,39.25,2411.22,voter pd share
3141,block_0623,PDDPoS,node_0309,3794.0,54.87,3848.87,voter pd share
3142,block_0623,PDDPoS,node_0358,9104.0,294.56,9398.56,self 20% + leftover
3143,block_0624,PDDPoS,node_0378,2437.0,32.68,2469.68,voter pd share
3144,block_0624,PDDPoS,node_0270,10961.51,145.14,11106.64,voter pd share
3145,block_0624,PDDPoS,node_0361,1813.0,23.51,1836.51,voter pd share
3146,block_0624,PDDPoS,node_0411,2486.08,51.39,2537.47,voter pd share
3147,block_0624,PDDPoS,node_0138,12497.61,400.28,12897.89,self 20% + leftover
3148,block_0625,PDDPoS,node_0273,3742.0,37.75,3779.75,voter pd share
3149,block_0625,PDDPoS,node_0317,712.0,12.4,724.4,voter pd share
3150,block_0625,PDDPoS,node_0041,4194.0,52.6,4246.6,voter pd share
3151,block_0625,PDDPoS,node_0444,10667.99,235.58,10903.57,voter pd share
3152,block_0625,PDDPoS,node_0107,9860.83,264.67,10125.5,self 20% + leftover
3153,block_0626,PDDPoS,node_0044,11447.92,187.64,11635.56,voter pd share
3154,block_0626,PDDPoS,node_0231,10486.42,175.26,10661.68,voter pd share
3155,block_0626,PDDPoS,node_0322,7156.45,343.1,7499.55,self 20% + leftover
3156,block_0627,PDDPoS,node_0286,1096.0,12.68,1108.68,voter pd share
3157,block_0627,PDDPoS,node_0436,6608.95,96.13,6705.08,voter pd share
3158,block_0627,PDDPoS,node_0109,679.0,6.74,685.74,voter pd share
3159,block_0627,PDDPoS,node_0060,13958.37,292.35,14250.72,voter pd share
3160,block_0627,PDDPoS,node_0166,6857.73,237.11,7094.84,self 20% + leftover
3161,block_0628,PDDPoS,node_0316,9935.55,130.41,10065.95,voter pd share
3162,block_0628,PDDPoS,node_0147,8835.36,211.08,9046.45,voter pd share
3163,block_0628,PDDPoS,node_0440,9603.1,378.51,9981.61,self 20% + leftover
3164,block_0629,PDDPoS,node_0098,10591.69,204.33,10796.02,voter pd share
3165,block_0629,PDDPoS,node_0424,8685.95,206.99,8892.94,voter pd share
3166,block_0629,PDDPoS,node_0210,3909.24,113.25,4022.49,voter pd share
3167,block_0629,PDDPoS,node_0096,4032.2,250.43,4282.63,self 20% + leftover
3168,block_0630,PDDPoS,node_0136,9437.61,142.27,9579.88,voter pd share
3169,block_0630,PDDPoS,node_0112,1602.0,46.43,1648.43,voter pd share
3170,block_0630,PDDPoS,node_0241,6513.24,207.55,6720.8,voter pd share
3171,block_0630,PDDPoS,node_0201,9628.1,377.75,10005.85,self 20% + leftover
3172,block_0631,PDDPoS,node_0141,9586.5,88.89,9675.39,voter pd share
3173,block_0631,PDDPoS,node_0106,10385.19,162.08,10547.28,voter pd share
3174,block_0631,PDDPoS,node_0056,12181.07,196.84,12377.91,voter pd share
3175,block_0631,PDDPoS,node_0104,8647.96,309.19,8957.15,self 20% + leftover
3176,block_0632,PDDPoS,node_0053,7382.06,80.74,7462.8,voter pd share
3177,block_0632,PDDPoS,node_0466,5607.85,65.86,5673.72,voter pd share
3178,block_0632,PDDPoS,node_0349,4411.94,59.38,4471.32,voter pd share
3179,block_0632,PDDPoS,node_0160,4336.74,75.62,4412.36,voter pd share
3180,block_0632,PDDPoS,node_0084,10746.31,239.08,10985.39,voter pd share
3181,block_0632,PDDPoS,node_0261,6277.29,251.31,6528.6,self 20% + leftover
3182,block_0633,PDDPoS,node_0213,8453.77,80.53,8534.3,voter pd share
3183,block_0633,PDDPoS,node_0496,2779.51,28.43,2807.94,voter pd share
3184,block_0633,PDDPoS,node_0226,2026.33,26.6,2052.93,voter pd share
3185,block_0633,PDDPoS,node_0148,4040.25,52.81,4093.06,voter pd share
3186,block_0633,PDDPoS,node_0215,10839.14,140.18,10979.32,voter pd share
3187,block_0633,PDDPoS,node_0439,7797.45,209.45,8006.9,self 20% + leftover
3188,block_0634,PDDPoS,node_0413,7346.36,83.54,7429.9,voter pd share
3189,block_0634,PDDPoS,node_0192,10581.34,150.43,10731.77,voter pd share
3190,block_0634,PDDPoS,node_0189,7930.49,155.94,8086.43,voter pd share
3191,block_0634,PDDPoS,node_0280,10830.05,318.09,11148.15,self 20% + leftover
3192,block_0635,PDDPoS,node_0168,9908.84,65.24,9974.08,voter pd share
3193,block_0635,PDDPoS,node_0456,5917.62,64.45,5982.07,voter pd share
3194,block_0635,PDDPoS,node_0360,1017.55,22.44,1039.99,voter pd share
3195,block_0635,PDDPoS,node_0377,8525.64,157.55,8683.19,voter pd share
3196,block_0635,PDDPoS,node_0486,9025.26,218.32,9243.58,self 20% + leftover
3197,block_0636,PDDPoS,node_0043,7343.66,62.12,7405.79,voter pd share
3198,block_0636,PDDPoS,node_0291,2342.83,44.93,2387.76,voter pd share
3199,block_0636,PDDPoS,node_0028,6688.03,130.43,6818.45,voter pd share
3200,block_0636,PDDPoS,node_0038,6147.25,149.53,6296.78,voter pd share
3201,block_0636,PDDPoS,node_0484,12412.15,344.0,12756.15,self 20% + leftover
3202,block_0637,PDDPoS,node_0476,6840.37,94.83,6935.2,voter pd share
3203,block_0637,PDDPoS,node_0157,7903.19,110.74,8013.93,voter pd share
3204,block_0637,PDDPoS,node_0097,7147.96,115.8,7263.76,voter pd share
3205,block_0637,PDDPoS,node_0311,12849.49,353.63,13203.12,self 20% + leftover
3206,block_0638,PDDPoS,node_0151,1756.85,20.71,1777.56,voter pd share
3207,block_0638,PDDPoS,node_0080,11686.34,146.89,11833.23,voter pd share
3208,block_0638,PDDPoS,node_0095,1151.02,20.09,1171.11,voter pd share
3209,block_0638,PDDPoS,node_0367,4638.57,88.46,4727.02,voter pd share
3210,block_0638,PDDPoS,node_0178,7557.09,142.48,7699.57,voter pd share
3211,block_0638,PDDPoS,node_0123,7055.94,270.38,7326.32,self 20% + leftover
3212,block_0639,PDDPoS,node_0243,4605.43,38.44,4643.87,voter pd share
3213,block_0639,PDDPoS,node_0488,6961.85,99.64,7061.49,voter pd share
3214,block_0639,PDDPoS,node_0445,9422.97,136.08,9559.05,voter pd share
3215,block_0639,PDDPoS,node_0416,8862.96,148.82,9011.78,voter pd share
3216,block_0639,PDDPoS,node_0381,5313.78,193.02,5506.79,self 20% + leftover
3217,block_0640,PDDPoS,node_0279,1811.35,26.05,1837.4,voter pd share
3218,block_0640,PDDPoS,node_0088,4494.54,59.84,4554.39,voter pd share
3219,block_0640,PDDPoS,node_0331,432.19,4.14,436.33,voter pd share
3220,block_0640,PDDPoS,node_0154,6530.22,107.96,6638.18,voter pd share
3221,block_0640,PDDPoS,node_0149,7002.05,142.39,7144.44,voter pd share
3222,block_0640,PDDPoS,node_0414,6611.81,143.03,6754.85,voter pd share
3223,block_0640,PDDPoS,node_0500,8470.12,285.59,8755.7,self 20% + leftover
3224,block_0641,PDDPoS,node_0366,5847.37,80.22,5927.59,voter pd share
3225,block_0641,PDDPoS,node_0334,8192.3,114.88,8307.18,voter pd share
3226,block_0641,PDDPoS,node_0248,6448.67,95.44,6544.11,voter pd share
3227,block_0641,PDDPoS,node_0256,8509.14,131.87,8641.01,voter pd share
3228,block_0641,PDDPoS,node_0007,4519.81,222.59,4742.41,self 20% + leftover
3229,block_0642,PDDPoS,node_0346,3665.03,35.41,3700.44,voter pd share
3230,block_0642,PDDPoS,node_0021,1675.2,28.38,1703.58,voter pd share
3231,block_0642,PDDPoS,node_0281,9817.74,179.58,9997.32,voter pd share
3232,block_0642,PDDPoS,node_0446,4099.56,77.67,4177.24,voter pd share
3233,block_0642,PDDPoS,node_0325,9231.43,177.86,9409.28,voter pd share
3234,block_0642,PDDPoS,node_0327,4147.99,203.1,4351.09,self 20% + leftover
3235,block_0643,PDDPoS,node_0183,9253.06,126.32,9379.38,voter pd share
3236,block_0643,PDDPoS,node_0429,1563.19,15.33,1578.53,voter pd share
3237,block_0643,PDDPoS,node_0086,2596.21,38.02,2634.23,voter pd share
3238,block_0643,PDDPoS,node_0394,1441.52,27.57,1469.09,voter pd share
3239,block_0643,PDDPoS,node_0171,9898.98,176.37,10075.35,voter pd share
3240,block_0643,PDDPoS,node_0036,10016.64,313.38,10330.02,self 20% + leftover
3241,block_0644,PDDPoS,node_0352,15211.35,273.24,15484.59,voter pd share
3242,block_0644,PDDPoS,node_0216,3157.28,55.21,3212.49,voter pd share
3243,block_0644,PDDPoS,node_0354,6403.22,124.54,6527.76,voter pd share
3244,block_0644,PDDPoS,node_0263,7799.66,248.01,8047.67,self 20% + leftover
3245,block_0645,PDDPoS,node_0374,9027.88,112.21,9140.09,voter pd share
3246,block_0645,PDDPoS,node_0087,4952.78,74.46,5027.23,voter pd share
3247,block_0645,PDDPoS,node_0408,5866.67,142.94,6009.61,voter pd share
3248,block_0645,PDDPoS,node_0390,3599.63,89.36,3688.99,voter pd share
3249,block_0645,PDDPoS,node_0373,8487.13,355.03,8842.16,self 20% + leftover
3250,block_0646,PDDPoS,node_0310,4602.38,40.01,4642.38,voter pd share
3251,block_0646,PDDPoS,node_0145,5415.37,62.85,5478.22,voter pd share
3252,block_0646,PDDPoS,node_0432,6908.3,91.89,7000.19,voter pd share
3253,block_0646,PDDPoS,node_0037,261.43,1.21,262.65,voter pd share
3254,block_0646,PDDPoS,node_0179,5522.34,94.43,5616.77,voter pd share
3255,block_0646,PDDPoS,node_0093,9660.44,268.61,9929.05,self 20% + leftover
3256,block_0647,PDDPoS,node_0397,5262.88,41.84,5304.72,voter pd share
3257,block_0647,PDDPoS,node_0296,1579.42,25.06,1604.48,voter pd share
3258,block_0647,PDDPoS,node_0133,6070.39,88.52,6158.91,voter pd share
3259,block_0647,PDDPoS,node_0483,5596.18,81.36,5677.54,voter pd share
3260,block_0647,PDDPoS,node_0474,6552.04,124.26,6676.29,voter pd share
3261,block_0647,PDDPoS,node_0170,6546.42,210.97,6757.38,self 20% + leftover
3262,block_0648,PDDPoS,node_0204,4374.26,48.4,4422.66,voter pd share
3263,block_0648,PDDPoS,node_0235,7931.35,91.09,8022.44,voter pd share
3264,block_0648,PDDPoS,node_0389,6009.34,70.36,6079.7,voter pd share
3265,block_0648,PDDPoS,node_0472,12544.07,375.15,12919.22,self 20% + leftover
3266,block_0649,PDDPoS,node_0058,4915.69,70.64,4986.34,voter pd share
3267,block_0649,PDDPoS,node_0343,10113.24,174.89,10288.12,voter pd share
3268,block_0649,PDDPoS,node_0191,9640.57,186.86,9827.43,voter pd share
3269,block_0649,PDDPoS,node_0495,6726.59,254.61,6981.2,self 20% + leftover
3270,block_0650,PDDPoS,node_0480,9136.35,179.7,9316.05,voter pd share
3271,block_0650,PDDPoS,node_0073,4191.39,80.21,4271.59,voter pd share
3272,block_0650,PDDPoS,node_0403,8755.38,179.03,8934.41,voter pd share
3273,block_0650,PDDPoS,node_0211,9478.65,296.06,9774.71,self 20% + leftover
3274,block_0651,PDDPoS,node_0359,2532.38,16.78,2549.16,voter pd share
3275,block_0651,PDDPoS,node_0137,5374.44,56.03,5430.47,voter pd share
3276,block_0651,PDDPoS,node_0181,3009.74,35.48,3045.22,voter pd share
3277,block_0651,PDDPoS,node_0091,881.29,20.14,901.43,voter pd share
3278,block_0651,PDDPoS,node_0320,2220.17,36.28,2256.44,voter pd share
3279,block_0651,PDDPoS,node_0035,5446.24,104.47,5550.71,voter pd share
3280,block_0651,PDDPoS,node_0277,11237.45,271.83,11509.27,self 20% + leftover
3281,block_0652,PDDPoS,node_0355,24.43,1.28,25.71,voter pd share
3282,block_0652,PDDPoS,node_0443,6983.43,66.83,7050.26,voter pd share
3283,block_0652,PDDPoS,node_0450,6047.26,68.02,6115.28,voter pd share
3284,block_0652,PDDPoS,node_0290,7358.03,162.36,7520.39,voter pd share
3285,block_0652,PDDPoS,node_0330,9099.42,244.51,9343.93,self 20% + leftover
3286,block_0653,PDDPoS,node_0067,13929.69,205.39,14135.08,voter pd share
3287,block_0653,PDDPoS,node_0326,2159.22,53.99,2213.21,voter pd share
3288,block_0653,PDDPoS,node_0309,3612.87,75.47,3688.34,voter pd share
3289,block_0653,PDDPoS,node_0358,9301.56,405.15,9706.71,self 20% + leftover
3290,block_0654,PDDPoS,node_0378,2107.68,32.58,2140.26,voter pd share
3291,block_0654,PDDPoS,node_0270,11035.64,144.69,11180.33,voter pd share
3292,block_0654,PDDPoS,node_0361,1830.51,23.44,1853.95,voter pd share
3293,block_0654,PDDPoS,node_0411,2675.47,51.24,2726.71,voter pd share
3294,block_0654,PDDPoS,node_0138,13160.89,399.05,13559.95,self 20% + leftover
3295,block_0655,PDDPoS,node_0273,4168.75,33.37,4202.12,voter pd share
3296,block_0655,PDDPoS,node_0317,859.4,10.96,870.36,voter pd share
3297,block_0655,PDDPoS,node_0041,3820.6,46.49,3867.09,voter pd share
3298,block_0655,PDDPoS,node_0444,11208.57,208.23,11416.8,voter pd share
3299,block_0655,PDDPoS,node_0107,9968.5,233.95,10202.45,self 20% + leftover
3300,block_0656,PDDPoS,node_0286,1260.68,13.46,1274.14,voter pd share
3301,block_0656,PDDPoS,node_0436,7109.08,102.09,7211.17,voter pd share
3302,block_0656,PDDPoS,node_0109,781.74,7.16,788.9,voter pd share
3303,block_0656,PDDPoS,node_0060,14103.72,310.48,14414.19,voter pd share
3304,block_0656,PDDPoS,node_0166,7164.84,251.81,7416.65,self 20% + leftover
3305,block_0657,PDDPoS,node_0286,1266.14,15.23,1281.37,voter pd share
3306,block_0657,PDDPoS,node_0436,7226.17,115.5,7341.67,voter pd share
3307,block_0657,PDDPoS,node_0109,788.9,8.1,797.0,voter pd share
3308,block_0657,PDDPoS,node_0060,14454.19,351.27,14805.46,voter pd share
3309,block_0657,PDDPoS,node_0166,7508.65,284.9,7793.55,self 20% + leftover
3310,block_0658,PDDPoS,node_0316,10226.95,136.38,10363.33,voter pd share
3311,block_0658,PDDPoS,node_0147,9071.45,220.76,9292.21,voter pd share
3312,block_0658,PDDPoS,node_0440,10297.61,395.86,10693.47,self 20% + leftover
3313,block_0659,PDDPoS,node_0098,11000.02,145.01,11145.03,voter pd share
3314,block_0659,PDDPoS,node_0424,8645.94,146.89,8792.83,voter pd share
3315,block_0659,PDDPoS,node_0210,3873.49,80.37,3953.86,voter pd share
3316,block_0659,PDDPoS,node_0096,3742.63,177.73,3920.35,self 20% + leftover
3317,block_0660,PDDPoS,node_0136,9434.88,142.82,9577.7,voter pd share
3318,block_0660,PDDPoS,node_0112,1317.43,46.61,1364.03,voter pd share
3319,block_0660,PDDPoS,node_0241,6656.8,208.36,6865.16,voter pd share
3320,block_0660,PDDPoS,node_0201,9937.85,379.21,10317.06,self 20% + leftover
3321,block_0661,PDDPoS,node_0141,9843.39,66.23,9909.61,voter pd share
3322,block_0661,PDDPoS,node_0106,10561.28,120.76,10682.04,voter pd share
3323,block_0661,PDDPoS,node_0056,12418.91,146.65,12565.57,voter pd share
3324,block_0661,PDDPoS,node_0104,9210.15,230.36,9440.51,self 20% + leftover
3325,block_0662,PDDPoS,node_0053,6772.8,64.64,6837.44,voter pd share
3326,block_0662,PDDPoS,node_0466,5720.72,52.73,5773.44,voter pd share
3327,block_0662,PDDPoS,node_0349,4174.32,47.53,4221.86,voter pd share
3328,block_0662,PDDPoS,node_0160,4205.36,60.54,4265.89,voter pd share
3329,block_0662,PDDPoS,node_0084,10963.39,191.39,11154.78,voter pd share
3330,block_0662,PDDPoS,node_0261,6715.6,201.18,6916.78,self 20% + leftover
3331,block_0663,PDDPoS,node_0213,8265.3,95.2,8360.49,voter pd share
3332,block_0663,PDDPoS,node_0496,2775.94,33.61,2809.55,voter pd share
3333,block_0663,PDDPoS,node_0226,2170.93,31.44,2202.37,voter pd share
3334,block_0663,PDDPoS,node_0148,4177.06,62.43,4239.49,voter pd share
3335,block_0663,PDDPoS,node_0215,10990.32,165.72,11156.04,voter pd share
3336,block_0663,PDDPoS,node_0439,8008.9,247.6,8256.5,self 20% + leftover
3337,block_0664,PDDPoS,node_0413,7111.9,62.18,7174.08,voter pd share
3338,block_0664,PDDPoS,node_0192,11187.77,111.97,11299.74,voter pd share
3339,block_0664,PDDPoS,node_0189,7868.43,116.08,7984.51,voter pd share
3340,block_0664,PDDPoS,node_0280,11066.15,236.77,11302.92,self 20% + leftover
3341,block_0665,PDDPoS,node_0168,9602.08,75.86,9677.94,voter pd share
3342,block_0665,PDDPoS,node_0456,6423.07,74.94,6498.01,voter pd share
3343,block_0665,PDDPoS,node_0360,852.99,26.1,879.09,voter pd share
3344,block_0665,PDDPoS,node_0377,8967.19,183.21,9150.4,voter pd share
3345,block_0665,PDDPoS,node_0486,9380.58,253.88,9634.46,self 20% + leftover
3346,block_0666,PDDPoS,node_0043,7374.79,56.85,7431.64,voter pd share
3347,block_0666,PDDPoS,node_0291,2648.76,41.12,2689.88,voter pd share
3348,block_0666,PDDPoS,node_0028,6949.45,119.36,7068.82,voter pd share
3349,block_0666,PDDPoS,node_0038,6465.78,136.84,6602.62,voter pd share
3350,block_0666,PDDPoS,node_0484,12788.15,314.82,13102.97,self 20% + leftover
3351,block_0667,PDDPoS,node_0476,7242.2,74.6,7316.8,voter pd share
3352,block_0667,PDDPoS,node_0157,8727.93,87.11,8815.04,voter pd share
3353,block_0667,PDDPoS,node_0097,7479.76,91.1,7570.86,voter pd share
3354,block_0667,PDDPoS,node_0311,13239.12,278.19,13517.31,self 20% + leftover
3355,block_0668,PDDPoS,node_0151,1580.56,16.38,1596.94,voter pd share
3356,block_0668,PDDPoS,node_0080,12377.23,116.19,12493.42,voter pd share
3357,block_0668,PDDPoS,node_0095,1436.11,15.89,1452.0,voter pd share
3358,block_0668,PDDPoS,node_0367,4814.02,69.97,4883.99,voter pd share
3359,block_0668,PDDPoS,node_0178,7669.57,112.7,7782.27,voter pd share
3360,block_0668,PDDPoS,node_0123,7243.32,213.87,7457.19,self 20% + leftover
3361,block_0669,PDDPoS,node_0243,4273.87,43.12,4316.99,voter pd share
3362,block_0669,PDDPoS,node_0488,7217.49,111.77,7329.26,voter pd share
3363,block_0669,PDDPoS,node_0445,9254.05,152.65,9406.7,voter pd share
3364,block_0669,PDDPoS,node_0416,8822.78,166.94,8989.72,voter pd share
3365,block_0669,PDDPoS,node_0381,5437.79,216.52,5654.31,self 20% + leftover
3366,block_0670,PDDPoS,node_0279,1867.4,25.61,1893.01,voter pd share
3367,block_0670,PDDPoS,node_0088,4574.39,58.83,4633.22,voter pd share
3368,block_0670,PDDPoS,node_0331,202.33,4.07,206.41,voter pd share
3369,block_0670,PDDPoS,node_0154,6885.18,106.13,6991.31,voter pd share
3370,block_0670,PDDPoS,node_0149,7059.44,139.98,7199.42,voter pd share
3371,block_0670,PDDPoS,node_0414,6714.85,140.61,6855.46,voter pd share
3372,block_0670,PDDPoS,node_0500,8425.7,280.76,8706.46,self 20% + leftover
3373,block_0671,PDDPoS,node_0366,6092.59,69.52,6162.11,voter pd share
3374,block_0671,PDDPoS,node_0334,8050.18,99.56,8149.74,voter pd share
3375,block_0671,PDDPoS,node_0248,6486.11,82.71,6568.83,voter pd share
3376,block_0671,PDDPoS,node_0256,8433.01,114.29,8547.3,voter pd share
3377,block_0671,PDDPoS,node_0007,4877.41,192.91,5070.32,self 20% + leftover
3378,block_0672,PDDPoS,node_0346,3506.44,33.04,3539.48,voter pd share
3379,block_0672,PDDPoS,node_0021,1604.58,26.48,1631.06,voter pd share
3380,block_0672,PDDPoS,node_0281,10162.32,167.56,10329.87,voter pd share
3381,block_0672,PDDPoS,node_0446,4258.24,72.47,4330.71,voter pd share
3382,block_0672,PDDPoS,node_0325,9528.28,165.95,9694.23,voter pd share
3383,block_0672,PDDPoS,node_0327,4109.09,189.5,4298.59,self 20% + leftover
3384,block_0673,PDDPoS,node_0183,9389.38,139.55,9528.94,voter pd share
3385,block_0673,PDDPoS,node_0429,1351.53,16.94,1368.47,voter pd share
3386,block_0673,PDDPoS,node_0086,2612.23,42.0,2654.23,voter pd share
3387,block_0673,PDDPoS,node_0394,1526.09,30.46,1556.55,voter pd share
3388,block_0673,PDDPoS,node_0171,9540.35,194.84,9735.2,voter pd share
3389,block_0673,PDDPoS,node_0036,10555.02,346.2,10901.22,self 20% + leftover
3390,block_0674,PDDPoS,node_0352,15363.59,246.73,15610.33,voter pd share
3391,block_0674,PDDPoS,node_0216,3381.49,49.86,3431.35,voter pd share
3392,block_0674,PDDPoS,node_0354,6355.76,112.46,6468.22,voter pd share
3393,block_0674,PDDPoS,node_0263,7992.67,223.95,8216.62,self 20% + leftover
3394,block_0675,PDDPoS,node_0374,9047.09,95.97,9143.06,voter pd share
3395,block_0675,PDDPoS,node_0087,5142.23,63.68,5205.92,voter pd share
3396,block_0675,PDDPoS,node_0408,5879.61,122.26,6001.87,voter pd share
3397,block_0675,PDDPoS,node_0390,3600.99,76.43,3677.42,voter pd share
3398,block_0675,PDDPoS,node_0373,8945.16,303.66,9248.82,self 20% + leftover
3399,block_0676,PDDPoS,node_0310,4476.38,38.22,4514.6,voter pd share
3400,block_0676,PDDPoS,node_0145,5371.22,60.04,5431.27,voter pd share
3401,block_0676,PDDPoS,node_0432,6763.19,87.78,6850.97,voter pd share
3402,block_0676,PDDPoS,node_0037,598.65,1.16,599.8,voter pd share
3403,block_0676,PDDPoS,node_0179,5282.77,90.21,5372.98,voter pd share
3404,block_0676,PDDPoS,node_0093,9842.05,256.59,10098.64,self 20% + leftover
3405,block_0677,PDDPoS,node_0397,5289.72,51.93,5341.65,voter pd share
3406,block_0677,PDDPoS,node_0296,1611.48,31.11,1642.58,voter pd share
3407,block_0677,PDDPoS,node_0133,6777.91,109.88,6887.78,voter pd share
3408,block_0677,PDDPoS,node_0483,5058.54,100.99,5159.54,voter pd share
3409,block_0677,PDDPoS,node_0474,6689.29,154.23,6843.53,voter pd share
3410,block_0677,PDDPoS,node_0170,6165.38,261.86,6427.25,self 20% + leftover
3411,block_0678,PDDPoS,node_0058,4906.34,59.85,4966.18,voter pd share
3412,block_0678,PDDPoS,node_0343,10184.12,148.16,10332.28,voter pd share
3413,block_0678,PDDPoS,node_0191,9462.43,158.3,9620.73,voter pd share
3414,block_0678,PDDPoS,node_0495,6747.2,215.69,6962.89,self 20% + leftover
3415,block_0679,PDDPoS,node_0058,4949.18,54.91,5004.09,voter pd share
3416,block_0679,PDDPoS,node_0343,10332.28,135.94,10468.22,voter pd share
3417,block_0679,PDDPoS,node_0191,9690.73,145.25,9835.98,voter pd share
3418,block_0679,PDDPoS,node_0495,6967.89,197.9,7165.8,self 20% + leftover
3419,block_0680,PDDPoS,node_0480,9335.05,166.26,9501.31,voter pd share
3420,block_0680,PDDPoS,node_0073,3951.59,74.21,4025.8,voter pd share
3421,block_0680,PDDPoS,node_0403,8555.41,165.63,8721.04,voter pd share
3422,block_0680,PDDPoS,node_0211,9438.71,273.91,9712.62,self 20% + leftover
3423,block_0681,PDDPoS,node_0359,2056.16,16.84,2073.0,voter pd share
3424,block_0681,PDDPoS,node_0137,5292.47,56.24,5348.71,voter pd share
3425,block_0681,PDDPoS,node_0181,2746.22,35.61,2781.83,voter pd share
3426,block_0681,PDDPoS,node_0091,1002.43,20.21,1022.64,voter pd share
3427,block_0681,PDDPoS,node_0320,2370.44,36.41,2406.85,voter pd share
3428,block_0681,PDDPoS,node_0035,5785.71,104.86,5890.57,voter pd share
3429,block_0681,PDDPoS,node_0277,11112.27,272.83,11385.1,self 20% + leftover
3430,block_0682,PDDPoS,node_0355,125.71,1.4,127.11,voter pd share
3431,block_0682,PDDPoS,node_0443,7073.26,72.86,7146.13,voter pd share
3432,block_0682,PDDPoS,node_0450,6082.28,74.16,6156.44,voter pd share
3433,block_0682,PDDPoS,node_0290,7607.39,177.01,7784.41,voter pd share
3434,block_0682,PDDPoS,node_0330,9190.93,266.57,9457.5,self 20% + leftover
3435,block_0683,PDDPoS,node_0067,14242.08,172.64,14414.72,voter pd share
3436,block_0683,PDDPoS,node_0326,1865.21,45.38,1910.59,voter pd share
3437,block_0683,PDDPoS,node_0309,3558.34,63.44,3621.78,voter pd share
3438,block_0683,PDDPoS,node_0358,9632.71,340.55,9973.26,self 20% + leftover
3439,block_0684,PDDPoS,node_0378,1752.26,38.73,1790.99,voter pd share
3440,block_0684,PDDPoS,node_0270,11306.33,172.03,11478.36,voter pd share
3441,block_0684,PDDPoS,node_0361,1602.95,27.87,1630.82,voter pd share
3442,block_0684,PDDPoS,node_0411,2991.71,60.92,3052.63,voter pd share
3443,block_0684,PDDPoS,node_0138,13431.95,474.45,13906.4,self 20% + leftover
3444,block_0685,PDDPoS,node_0273,3921.12,48.52,3969.64,voter pd share
3445,block_0685,PDDPoS,node_0317,645.36,15.94,661.3,voter pd share
3446,block_0685,PDDPoS,node_0041,3530.09,67.6,3597.69,voter pd share
3447,block_0685,PDDPoS,node_0444,11376.8,302.77,11679.57,voter pd share
3448,block_0685,PDDPoS,node_0107,10437.45,340.17,10777.62,self 20% + leftover
3449,block_0686,PDDPoS,node_0479,11042.8,152.06,11194.86,voter pd share
3450,block_0686,PDDPoS,node_0383,8725.27,141.63,8866.9,voter pd share
3451,block_0686,PDDPoS,node_0356,6786.13,279.31,7065.44,self 20% + leftover
3452,block_0687,PDDPoS,node_0286,1234.37,14.82,1249.19,voter pd share
3453,block_0687,PDDPoS,node_0436,7130.67,112.37,7243.04,voter pd share
3454,block_0687,PDDPoS,node_0109,1046.0,7.88,1053.88,voter pd share
3455,block_0687,PDDPoS,node_0060,15150.46,341.75,15492.21,voter pd share
3456,block_0687,PDDPoS,node_0166,7746.55,277.18,8023.73,self 20% + leftover
3457,block_0688,PDDPoS,node_0316,10650.33,103.6,10753.93,voter pd share
3458,block_0688,PDDPoS,node_0147,9172.21,167.7,9339.9,voter pd share
3459,block_0688,PDDPoS,node_0440,10854.47,300.7,11155.17,self 20% + leftover
3460,block_0689,PDDPoS,node_0098,11155.03,168.21,11323.24,voter pd share
3461,block_0689,PDDPoS,node_0424,8824.83,170.4,8995.23,voter pd share
3462,block_0689,PDDPoS,node_0210,3588.86,93.23,3682.09,voter pd share
3463,block_0689,PDDPoS,node_0096,3752.35,206.16,3958.51,self 20% + leftover
3464,block_0690,PDDPoS,node_0136,9624.7,129.04,9753.74,voter pd share
3465,block_0690,PDDPoS,node_0112,931.03,42.11,973.14,voter pd share
3466,block_0690,PDDPoS,node_0241,6729.16,188.25,6917.4,voter pd share
3467,block_0690,PDDPoS,node_0201,10254.06,342.61,10596.67,self 20% + leftover
3468,block_0691,PDDPoS,node_0141,10220.61,79.02,10299.63,voter pd share
3469,block_0691,PDDPoS,node_0106,10255.04,144.1,10399.13,voter pd share
3470,block_0691,PDDPoS,node_0056,12517.57,175.0,12692.57,voter pd share
3471,block_0691,PDDPoS,node_0104,9058.51,274.88,9333.39,self 20% + leftover
3472,block_0692,PDDPoS,node_0053,6747.44,62.96,6810.4,voter pd share
3473,block_0692,PDDPoS,node_0466,5795.44,51.36,5846.8,voter pd share
3474,block_0692,PDDPoS,node_0349,4162.86,46.3,4209.16,voter pd share
3475,block_0692,PDDPoS,node_0160,3614.89,58.97,3673.86,voter pd share
3476,block_0692,PDDPoS,node_0084,11097.78,186.43,11284.21,voter pd share
3477,block_0692,PDDPoS,node_0261,7195.78,195.97,7391.76,self 20% + leftover
3478,block_0693,PDDPoS,node_0213,8676.49,114.06,8790.55,voter pd share
3479,block_0693,PDDPoS,node_0496,3015.55,40.27,3055.82,voter pd share
3480,block_0693,PDDPoS,node_0226,2276.37,37.67,2314.04,voter pd share
3481,block_0693,PDDPoS,node_0148,4063.49,74.8,4138.28,voter pd share
3482,block_0693,PDDPoS,node_0215,11059.04,198.55,11257.59,voter pd share
3483,block_0693,PDDPoS,node_0439,8346.5,296.65,8643.16,self 20% + leftover
3484,block_0694,PDDPoS,node_0413,7101.08,90.73,7191.82,voter pd share
3485,block_0694,PDDPoS,node_0192,11058.74,163.39,11222.12,voter pd share
3486,block_0694,PDDPoS,node_0189,7475.51,169.38,7644.89,voter pd share
3487,block_0694,PDDPoS,node_0280,11687.92,345.5,12033.42,self 20% + leftover
3488,block_0695,PDDPoS,node_0168,9588.94,95.39,9684.33,voter pd share
3489,block_0695,PDDPoS,node_0456,6408.01,94.23,6502.24,voter pd share
3490,block_0695,PDDPoS,node_0360,607.09,32.81,639.9,voter pd share
3491,block_0695,PDDPoS,node_0377,8951.4,230.36,9181.77,voter pd share
3492,block_0695,PDDPoS,node_0486,10042.46,319.21,10361.67,self 20% + leftover
3493,block_0696,PDDPoS,node_0043,7597.64,58.21,7655.85,voter pd share
3494,block_0696,PDDPoS,node_0291,2646.88,42.1,2688.98,voter pd share
3495,block_0696,PDDPoS,node_0028,7355.82,122.22,7478.04,voter pd share
3496,block_0696,PDDPoS,node_0038,6418.62,140.12,6558.74,voter pd share
3497,block_0696,PDDPoS,node_0484,12658.97,322.35,12981.32,self 20% + leftover
3498,block_0697,PDDPoS,node_0476,7865.8,108.88,7974.67,voter pd share
3499,block_0697,PDDPoS,node_0157,8789.04,127.14,8916.19,voter pd share
3500,block_0697,PDDPoS,node_0097,7776.86,132.96,7909.82,voter pd share
3501,block_0697,PDDPoS,node_0311,13270.31,406.02,13676.33,self 20% + leftover
3502,block_0698,PDDPoS,node_0151,1400.94,21.19,1422.14,voter pd share
3503,block_0698,PDDPoS,node_0080,12231.42,150.3,12381.71,voter pd share
3504,block_0698,PDDPoS,node_0095,1410.0,20.56,1430.56,voter pd share
3505,block_0698,PDDPoS,node_0367,4587.99,90.51,4678.5,voter pd share
3506,block_0698,PDDPoS,node_0178,7728.27,145.78,7874.05,voter pd share
3507,block_0698,PDDPoS,node_0123,7270.19,276.66,7546.85,self 20% + leftover
3508,block_0699,PDDPoS,node_0243,4820.99,48.05,4869.03,voter pd share
3509,block_0699,PDDPoS,node_0488,7212.26,124.55,7336.82,voter pd share
3510,block_0699,PDDPoS,node_0445,9500.7,170.1,9670.8,voter pd share
3511,block_0699,PDDPoS,node_0416,9014.72,186.03,9200.75,voter pd share
3512,block_0699,PDDPoS,node_0381,5492.31,241.27,5733.58,self 20% + leftover
3513,block_0700,PDDPoS,node_0279,1922.01,26.08,1948.09,voter pd share
3514,block_0700,PDDPoS,node_0088,4597.22,59.92,4657.14,voter pd share
3515,block_0700,PDDPoS,node_0331,69.41,4.15,73.55,voter pd share
3516,block_0700,PDDPoS,node_0154,7343.31,108.1,7451.41,voter pd share
3517,block_0700,PDDPoS,node_0149,7360.42,142.57,7502.99,voter pd share
3518,block_0700,PDDPoS,node_0414,6925.46,143.22,7068.68,voter pd share
3519,block_0700,PDDPoS,node_0500,8616.46,285.96,8902.42,self 20% + leftover
3520,block_0701,PDDPoS,node_0366,5824.11,87.31,5911.42,voter pd share
3521,block_0701,PDDPoS,node_0334,7978.74,125.03,8103.77,voter pd share
3522,block_0701,PDDPoS,node_0248,6759.83,103.87,6863.7,voter pd share
3523,block_0701,PDDPoS,node_0256,8715.3,143.52,8858.82,voter pd share
3524,block_0701,PDDPoS,node_0007,5190.32,242.26,5432.59,self 20% + leftover
3525,block_0702,PDDPoS,node_0346,4026.48,39.09,4065.57,voter pd share
3526,block_0702,PDDPoS,node_0021,1672.06,31.33,1703.39,voter pd share
3527,block_0702,PDDPoS,node_0281,10183.87,198.25,10382.13,voter pd share
3528,block_0702,PDDPoS,node_0446,4071.71,85.75,4157.46,voter pd share
3529,block_0702,PDDPoS,node_0325,9582.23,196.35,9778.58,voter pd share
3530,block_0702,PDDPoS,node_0327,4151.59,224.22,4375.81,self 20% + leftover
3531,block_0703,PDDPoS,node_0183,9708.94,99.32,9808.25,voter pd share
3532,block_0703,PDDPoS,node_0429,1613.47,12.06,1625.53,voter pd share
3533,block_0703,PDDPoS,node_0086,2533.23,29.89,2563.12,voter pd share
3534,block_0703,PDDPoS,node_0394,1520.55,21.68,1542.23,voter pd share
3535,block_0703,PDDPoS,node_0171,9633.2,138.67,9771.87,voter pd share
3536,block_0703,PDDPoS,node_0036,11006.22,246.39,11252.61,self 20% + leftover
3537,block_0704,PDDPoS,node_0352,15765.33,302.08,16067.41,voter pd share
3538,block_0704,PDDPoS,node_0216,2971.35,61.04,3032.39,voter pd share
3539,block_0704,PDDPoS,node_0354,6319.22,137.69,6456.91,voter pd share
3540,block_0704,PDDPoS,node_0263,7848.62,274.19,8122.81,self 20% + leftover
3541,block_0705,PDDPoS,node_0374,9123.06,85.1,9208.16,voter pd share
3542,block_0705,PDDPoS,node_0087,5367.92,56.47,5424.38,voter pd share
3543,block_0705,PDDPoS,node_0408,5947.87,108.41,6056.27,voter pd share
3544,block_0705,PDDPoS,node_0390,3602.42,67.77,3670.2,voter pd share
3545,block_0705,PDDPoS,node_0373,9406.82,269.25,9676.07,self 20% + leftover
3546,block_0706,PDDPoS,node_0310,4947.6,55.47,5003.07,voter pd share
3547,block_0706,PDDPoS,node_0145,5322.27,87.14,5409.41,voter pd share
3548,block_0706,PDDPoS,node_0432,6703.97,127.4,6831.36,voter pd share
3549,block_0706,PDDPoS,node_0037,914.8,1.68,916.49,voter pd share
3550,block_0706,PDDPoS,node_0179,5791.98,130.92,5922.89,voter pd share
3551,block_0706,PDDPoS,node_0093,10223.64,372.4,10596.04,self 20% + leftover
3552,block_0707,PDDPoS,node_0397,5276.65,55.66,5332.3,voter pd share
3553,block_0707,PDDPoS,node_0296,1685.58,33.34,1718.92,voter pd share
3554,block_0707,PDDPoS,node_0133,7566.78,117.77,7684.55,voter pd share
3555,block_0707,PDDPoS,node_0483,5437.54,108.25,5545.78,voter pd share
3556,block_0707,PDDPoS,node_0474,6433.53,165.31,6598.84,voter pd share
3557,block_0707,PDDPoS,node_0170,6045.25,280.67,6325.92,self 20% + leftover
3558,block_0708,PDDPoS,node_0294,8728.63,128.05,8856.69,voter pd share
3559,block_0708,PDDPoS,node_0159,4351.0,83.15,4434.15,voter pd share
3560,block_0708,PDDPoS,node_0016,1062.38,22.65,1085.02,voter pd share
3561,block_0708,PDDPoS,node_0238,13163.61,372.15,13535.76,self 20% + leftover
3562,block_0709,PDDPoS,node_0058,5055.09,64.37,5119.47,voter pd share
3563,block_0709,PDDPoS,node_0343,10954.22,159.36,11113.57,voter pd share
3564,block_0709,PDDPoS,node_0191,9999.98,170.27,10170.25,voter pd share
3565,block_0709,PDDPoS,node_0495,7084.8,232.0,7316.8,self 20% + leftover
3566,block_0710,PDDPoS,node_0480,9504.31,132.76,9637.07,voter pd share
3567,block_0710,PDDPoS,node_0073,3417.8,59.26,3477.06,voter pd share
3568,block_0710,PDDPoS,node_0403,8069.04,132.26,8201.3,voter pd share
3569,block_0710,PDDPoS,node_0211,9509.62,218.72,9728.34,self 20% + leftover
3570,block_0711,PDDPoS,node_0359,1918.0,21.21,1939.21,voter pd share
3571,block_0711,PDDPoS,node_0137,5604.71,70.84,5675.55,voter pd share
3572,block_0711,PDDPoS,node_0181,2298.83,44.86,2343.69,voter pd share
3573,block_0711,PDDPoS,node_0091,1410.64,25.46,1436.11,voter pd share
3574,block_0711,PDDPoS,node_0320,2394.85,45.86,2440.72,voter pd share
3575,block_0711,PDDPoS,node_0035,5779.57,132.09,5911.66,voter pd share
3576,block_0711,PDDPoS,node_0277,11436.1,343.68,11779.78,self 20% + leftover
3577,block_0712,PDDPoS,node_0355,22.11,1.83,23.93,voter pd share
3578,block_0712,PDDPoS,node_0443,6861.13,95.51,6956.64,voter pd share
3579,block_0712,PDDPoS,node_0450,6230.44,97.21,6327.65,voter pd share
3580,block_0712,PDDPoS,node_0290,7610.41,232.03,7842.44,voter pd share
3581,block_0712,PDDPoS,node_0330,9169.5,349.42,9518.92,self 20% + leftover
3582,block_0713,PDDPoS,node_0067,14455.72,189.29,14645.01,voter pd share
3583,block_0713,PDDPoS,node_0326,1969.59,49.76,2019.34,voter pd share
3584,block_0713,PDDPoS,node_0309,3538.78,69.56,3608.34,voter pd share
3585,block_0713,PDDPoS,node_0358,9437.26,373.4,9810.65,self 20% + leftover
3586,block_0714,PDDPoS,node_0378,1900.99,33.13,1934.12,voter pd share
3587,block_0714,PDDPoS,node_0270,11492.36,147.14,11639.5,voter pd share
3588,block_0714,PDDPoS,node_0361,1262.82,23.84,1286.65,voter pd share
3589,block_0714,PDDPoS,node_0411,2827.63,52.1,2879.73,voter pd share
3590,block_0714,PDDPoS,node_0138,14080.4,405.8,14486.2,self 20% + leftover
3591,block_0715,PDDPoS,node_0273,4000.64,39.0,4039.65,voter pd share
3592,block_0715,PDDPoS,node_0317,324.3,12.81,337.11,voter pd share
3593,block_0715,PDDPoS,node_0041,3431.69,54.34,3486.03,voter pd share
3594,block_0715,PDDPoS,node_0444,11802.57,243.39,12045.96,voter pd share
3595,block_0715,PDDPoS,node_0107,10950.62,273.45,11224.07,self 20% + leftover
3596,block_0716,PDDPoS,node_0479,10910.86,206.19,11117.05,voter pd share
3597,block_0716,PDDPoS,node_0383,8916.9,192.05,9108.95,voter pd share
3598,block_0716,PDDPoS,node_0356,7123.44,378.75,7502.19,self 20% + leftover
3599,block_0717,PDDPoS,node_0286,1059.19,15.29,1074.47,voter pd share
3600,block_0717,PDDPoS,node_0436,7319.04,115.95,7434.99,voter pd share
3601,block_0717,PDDPoS,node_0109,636.88,8.13,645.01,voter pd share
3602,block_0717,PDDPoS,node_0060,15239.21,352.63,15591.84,voter pd share
3603,block_0717,PDDPoS,node_0166,7865.73,286.0,8151.73,self 20% + leftover
3604,block_0718,PDDPoS,node_0316,10725.93,107.58,10833.52,voter pd share
3605,block_0718,PDDPoS,node_0147,9075.9,174.15,9250.05,voter pd share
3606,block_0718,PDDPoS,node_0440,11386.17,312.27,11698.44,self 20% + leftover
3607,block_0719,PDDPoS,node_0098,11162.24,203.8,11366.05,voter pd share
3608,block_0719,PDDPoS,node_0424,9506.23,206.45,9712.68,voter pd share
3609,block_0719,PDDPoS,node_0210,4097.09,112.96,4210.05,voter pd share
3610,block_0719,PDDPoS,node_0096,3957.51,249.78,4207.3,self 20% + leftover
3611,block_0720,PDDPoS,node_0136,9820.74,106.61,9927.35,voter pd share
3612,block_0720,PDDPoS,node_0112,1016.14,34.79,1050.93,voter pd share
3613,block_0720,PDDPoS,node_0241,6531.4,155.53,6686.94,voter pd share
3614,block_0720,PDDPoS,node_0201,10848.67,283.07,11131.73,self 20% + leftover
3615,block_0721,PDDPoS,node_0141,10251.63,90.65,10342.28,voter pd share
3616,block_0721,PDDPoS,node_0106,10378.13,165.3,10543.43,voter pd share
3617,block_0721,PDDPoS,node_0056,12343.57,200.74,12544.3,voter pd share
3618,block_0721,PDDPoS,node_0104,9231.39,315.32,9546.7,self 20% + leftover
3619,block_0722,PDDPoS,node_0053,6474.4,81.06,6555.46,voter pd share
3620,block_0722,PDDPoS,node_0466,6108.8,66.12,6174.92,voter pd share
3621,block_0722,PDDPoS,node_0349,4103.16,59.61,4162.77,voter pd share
3622,block_0722,PDDPoS,node_0160,3688.86,75.91,3764.78,voter pd share
3623,block_0722,PDDPoS,node_0084,11441.21,240.01,11681.22,voter pd share
3624,block_0722,PDDPoS,node_0261,7317.76,252.29,7570.05,self 20% + leftover
3625,block_0723,PDDPoS,node_0213,9082.55,110.91,9193.47,voter pd share
3626,block_0723,PDDPoS,node_0496,3298.82,39.16,3337.98,voter pd share
3627,block_0723,PDDPoS,node_0226,2395.04,36.63,2431.68,voter pd share
3628,block_0723,PDDPoS,node_0148,4242.28,72.74,4315.02,voter pd share
3629,block_0723,PDDPoS,node_0215,11345.59,193.08,11538.67,voter pd share
3630,block_0723,PDDPoS,node_0439,8330.16,288.48,8618.63,self 20% + leftover
3631,block_0724,PDDPoS,node_0413,6997.82,91.56,7089.38,voter pd share
3632,block_0724,PDDPoS,node_0192,11022.12,164.87,11187.0,voter pd share
3633,block_0724,PDDPoS,node_0189,7601.89,170.92,7772.81,voter pd share
3634,block_0724,PDDPoS,node_0280,11715.42,348.64,12064.06,self 20% + leftover
3635,block_0725,PDDPoS,node_0168,9454.33,87.23,9541.56,voter pd share
3636,block_0725,PDDPoS,node_0456,6326.24,86.17,6412.41,voter pd share
3637,block_0725,PDDPoS,node_0360,822.9,30.01,852.91,voter pd share
3638,block_0725,PDDPoS,node_0377,9045.77,210.67,9256.43,voter pd share
3639,block_0725,PDDPoS,node_0486,10133.67,291.92,10425.59,self 20% + leftover
3640,block_0726,PDDPoS,node_0043,7045.85,62.46,7108.31,voter pd share
3641,block_0726,PDDPoS,node_0291,3124.98,45.18,3170.16,voter pd share
3642,block_0726,PDDPoS,node_0028,7577.04,131.14,7708.18,voter pd share
3643,block_0726,PDDPoS,node_0038,6666.74,150.34,6817.08,voter pd share
3644,block_0726,PDDPoS,node_0484,12788.32,345.88,13134.2,self 20% + leftover
3645,block_0727,PDDPoS,node_0476,8484.67,94.97,8579.64,voter pd share
3646,block_0727,PDDPoS,node_0157,8807.19,110.9,8918.09,voter pd share
3647,block_0727,PDDPoS,node_0097,7904.82,115.97,8020.79,voter pd share
3648,block_0727,PDDPoS,node_0311,13600.33,354.16,13954.49,self 20% + leftover
3649,block_0728,PDDPoS,node_0151,1381.14,16.65,1397.79,voter pd share
3650,block_0728,PDDPoS,node_0080,12568.71,118.11,12686.82,voter pd share
3651,block_0728,PDDPoS,node_0095,1212.56,16.15,1228.71,voter pd share
3652,block_0728,PDDPoS,node_0367,5026.5,71.13,5097.63,voter pd share
3653,block_0728,PDDPoS,node_0178,7869.05,114.56,7983.61,voter pd share
3654,block_0728,PDDPoS,node_0123,7268.85,217.4,7486.25,self 20% + leftover
3655,block_0729,PDDPoS,node_0243,5534.03,48.17,5582.21,voter pd share
3656,block_0729,PDDPoS,node_0488,7544.82,124.88,7669.7,voter pd share
3657,block_0729,PDDPoS,node_0445,9726.8,170.54,9897.34,voter pd share
3658,block_0729,PDDPoS,node_0416,9363.75,186.51,9550.26,voter pd share
3659,block_0729,PDDPoS,node_0381,5783.58,241.9,6025.47,self 20% + leftover
3660,block_0730,PDDPoS,node_0279,2109.09,25.88,2134.97,voter pd share
3661,block_0730,PDDPoS,node_0088,4589.14,59.46,4648.6,voter pd share
3662,block_0730,PDDPoS,node_0331,579.55,4.12,583.67,voter pd share
3663,block_0730,PDDPoS,node_0154,7333.41,107.26,7440.67,voter pd share
3664,block_0730,PDDPoS,node_0149,7514.99,141.46,7656.45,voter pd share
3665,block_0730,PDDPoS,node_0414,7131.68,142.1,7273.78,voter pd share
3666,block_0730,PDDPoS,node_0500,9199.42,283.73,9483.16,self 20% + leftover
3667,block_0731,PDDPoS,node_0169,3457.59,51.38,3508.97,voter pd share
3668,block_0731,PDDPoS,node_0010,4412.68,90.26,4502.95,voter pd share
3669,block_0731,PDDPoS,node_0012,6392.85,142.04,6534.88,voter pd share
3670,block_0731,PDDPoS,node_0285,6981.0,212.67,7193.66,voter pd share
3671,block_0731,PDDPoS,node_0461,4621.1,280.65,4901.75,self 20% + leftover
3672,block_0732,PDDPoS,node_0346,3797.57,27.74,3825.32,voter pd share
3673,block_0732,PDDPoS,node_0021,1633.39,22.23,1655.62,voter pd share
3674,block_0732,PDDPoS,node_0281,10332.13,140.7,10472.82,voter pd share
3675,block_0732,PDDPoS,node_0446,4374.46,60.86,4435.32,voter pd share
3676,block_0732,PDDPoS,node_0325,9702.58,139.35,9841.93,voter pd share
3677,block_0732,PDDPoS,node_0327,4345.81,159.12,4504.94,self 20% + leftover
3678,block_0733,PDDPoS,node_0427,1305.0,11.45,1316.45,voter pd share
3679,block_0733,PDDPoS,node_0447,9945.07,210.79,10155.85,voter pd share
3680,block_0733,PDDPoS,node_0003,14478.88,342.11,14820.99,voter pd share
3681,block_0733,PDDPoS,node_0045,905.0,154.65,1059.65,self 20% + leftover
3682,block_0734,PDDPoS,node_0352,16154.41,212.04,16366.45,voter pd share
3683,block_0734,PDDPoS,node_0216,3277.39,42.85,3320.24,voter pd share
3684,block_0734,PDDPoS,node_0354,6584.91,96.65,6681.56,voter pd share
3685,block_0734,PDDPoS,node_0263,7939.81,192.46,8132.27,self 20% + leftover
3686,block_0735,PDDPoS,node_0374,8688.16,97.71,8785.87,voter pd share
3687,block_0735,PDDPoS,node_0087,5670.38,64.84,5735.22,voter pd share
3688,block_0735,PDDPoS,node_0408,6118.27,124.47,6242.75,voter pd share
3689,block_0735,PDDPoS,node_0390,3680.2,77.82,3758.01,voter pd share
3690,block_0735,PDDPoS,node_0373,9922.07,309.16,10231.24,self 20% + leftover
3691,block_0736,PDDPoS,node_0310,5038.07,37.65,5075.71,voter pd share
3692,block_0736,PDDPoS,node_0145,5686.41,59.14,5745.55,voter pd share
3693,block_0736,PDDPoS,node_0432,6770.36,86.46,6856.83,voter pd share
3694,block_0736,PDDPoS,node_0037,1090.49,1.14,1091.63,voter pd share
3695,block_0736,PDDPoS,node_0179,6358.89,88.86,6447.75,voter pd share
3696,block_0736,PDDPoS,node_0093,10272.04,252.75,10524.79,self 20% + leftover
3697,block_0737,PDDPoS,node_0397,4968.3,53.68,5021.99,voter pd share
3698,block_0737,PDDPoS,node_0296,1447.92,32.16,1480.08,voter pd share
3699,block_0737,PDDPoS,node_0133,7413.55,113.59,7527.14,voter pd share
3700,block_0737,PDDPoS,node_0483,5958.78,104.41,6063.19,voter pd share
3701,block_0737,PDDPoS,node_0474,6946.84,159.45,7106.29,voter pd share
3702,block_0737,PDDPoS,node_0170,6467.92,270.72,6738.64,self 20% + leftover
3703,block_0738,PDDPoS,node_0294,9027.69,126.15,9153.84,voter pd share
3704,block_0738,PDDPoS,node_0159,4239.15,81.91,4321.06,voter pd share
3705,block_0738,PDDPoS,node_0016,950.02,22.31,972.34,voter pd share
3706,block_0738,PDDPoS,node_0238,13524.76,366.62,13891.39,self 20% + leftover
3707,block_0739,PDDPoS,node_0058,5516.47,73.63,5590.09,voter pd share
3708,block_0739,PDDPoS,node_0343,10859.57,182.27,11041.84,voter pd share
3709,block_0739,PDDPoS,node_0191,9965.25,194.75,10160.0,voter pd share
3710,block_0739,PDDPoS,node_0495,7612.8,265.36,7878.16,self 20% + leftover
3711,block_0740,PDDPoS,node_0480,9374.07,189.73,9563.8,voter pd share
3712,block_0740,PDDPoS,node_0073,3654.06,84.68,3738.74,voter pd share
3713,block_0740,PDDPoS,node_0403,8170.3,189.01,8359.32,voter pd share
3714,block_0740,PDDPoS,node_0211,9443.34,312.58,9755.92,self 20% + leftover
3715,block_0741,PDDPoS,node_0359,1774.21,22.67,1796.88,voter pd share
3716,block_0741,PDDPoS,node_0137,5774.55,75.71,5850.26,voter pd share
3717,block_0741,PDDPoS,node_0181,2447.69,47.94,2495.63,voter pd share
3718,block_0741,PDDPoS,node_0091,1087.11,27.21,1114.32,voter pd share
3719,block_0741,PDDPoS,node_0320,2580.72,49.02,2629.73,voter pd share
3720,block_0741,PDDPoS,node_0035,5648.66,141.16,5789.82,voter pd share
3721,block_0741,PDDPoS,node_0277,11999.78,367.29,12367.08,self 20% + leftover
3722,block_0742,PDDPoS,node_0067,14796.01,211.77,15007.78,voter pd share
3723,block_0742,PDDPoS,node_0326,2187.34,55.66,2243.01,voter pd share
3724,block_0742,PDDPoS,node_0309,3519.34,77.82,3597.16,voter pd share
3725,block_0742,PDDPoS,node_0358,9672.65,417.75,10090.4,self 20% + leftover
3726,block_0743,PDDPoS,node_0067,14985.78,214.82,15200.6,voter pd share
3727,block_0743,PDDPoS,node_0326,2316.01,56.47,2372.48,voter pd share
3728,block_0743,PDDPoS,node_0309,3622.16,78.94,3701.1,voter pd share
3729,block_0743,PDDPoS,node_0358,10034.4,423.77,10458.17,self 20% + leftover
3730,block_0744,PDDPoS,node_0378,1542.12,33.68,1575.8,voter pd share
3731,block_0744,PDDPoS,node_0270,11759.5,149.58,11909.08,voter pd share
3732,block_0744,PDDPoS,node_0361,1316.65,24.23,1340.89,voter pd share
3733,block_0744,PDDPoS,node_0411,2913.73,52.97,2966.69,voter pd share
3734,block_0744,PDDPoS,node_0138,14375.2,412.54,14787.74,self 20% + leftover
3735,block_0745,PDDPoS,node_0273,4274.65,39.94,4314.59,voter pd share
3736,block_0745,PDDPoS,node_0317,129.11,13.12,142.23,voter pd share
3737,block_0745,PDDPoS,node_0041,3274.03,55.65,3329.69,voter pd share
3738,block_0745,PDDPoS,node_0444,12006.96,249.25,12256.2,voter pd share
3739,block_0745,PDDPoS,node_0107,11342.07,280.04,11622.11,self 20% + leftover
3740,block_0746,PDDPoS,node_0479,11259.05,171.96,11431.01,voter pd share
3741,block_0746,PDDPoS,node_0383,9257.95,160.17,9418.12,voter pd share
3742,block_0746,PDDPoS,node_0356,7464.19,315.87,7780.07,self 20% + leftover
3743,block_0747,PDDPoS,node_0286,865.47,15.25,880.72,voter pd share
3744,block_0747,PDDPoS,node_0436,7531.99,115.65,7647.64,voter pd share
3745,block_0747,PDDPoS,node_0109,829.01,8.11,837.12,voter pd share
3746,block_0747,PDDPoS,node_0060,15976.84,351.72,16328.56,voter pd share
3747,block_0747,PDDPoS,node_0166,8460.73,285.27,8746.0,self 20% + leftover
3748,block_0748,PDDPoS,node_0316,10345.52,126.06,10471.58,voter pd share
3749,block_0748,PDDPoS,node_0147,9471.05,204.05,9675.09,voter pd share
3750,block_0748,PDDPoS,node_0440,11331.44,365.89,11697.33,self 20% + leftover
3751,block_0749,PDDPoS,node_0098,11319.05,190.62,11509.67,voter pd share
3752,block_0749,PDDPoS,node_0424,9277.68,193.1,9470.78,voter pd share
3753,block_0749,PDDPoS,node_0210,4202.05,105.65,4307.7,voter pd share
3754,block_0749,PDDPoS,node_0096,4426.3,233.63,4659.93,self 20% + leftover
3755,block_0750,PDDPoS,node_0136,10005.35,138.04,10143.4,voter pd share
3756,block_0750,PDDPoS,node_0112,829.93,45.05,874.97,voter pd share
3757,block_0750,PDDPoS,node_0241,6764.94,201.39,6966.32,voter pd share
3758,block_0750,PDDPoS,node_0201,11271.73,366.52,11638.26,self 20% + leftover
3759,block_0751,PDDPoS,node_0141,10575.28,90.88,10666.17,voter pd share
3760,block_0751,PDDPoS,node_0106,10252.43,165.72,10418.15,voter pd share
3761,block_0751,PDDPoS,node_0056,12100.3,201.26,12301.56,voter pd share
3762,block_0751,PDDPoS,node_0104,9683.7,316.13,9999.84,self 20% + leftover
3763,block_0752,PDDPoS,node_0267,9268.56,167.83,9436.39,voter pd share
3764,block_0752,PDDPoS,node_0099,789.26,15.76,805.03,voter pd share
3765,block_0752,PDDPoS,node_0289,5997.96,129.82,6127.79,voter pd share
3766,block_0752,PDDPoS,node_0391,5592.08,121.82,5713.9,voter pd share
3767,block_0752,PDDPoS,node_0001,1538.03,193.76,1731.79,self 20% + leftover
3768,block_0753,PDDPoS,node_0452,778.0,1.41,779.41,voter pd share
3769,block_0753,PDDPoS,node_0239,7454.48,105.83,7560.31,voter pd share
3770,block_0753,PDDPoS,node_0048,7501.0,126.27,7627.27,voter pd share
3771,block_0753,PDDPoS,node_0254,8501.39,243.94,8745.34,voter pd share
3772,block_0753,PDDPoS,node_0199,595.11,133.55,728.66,self 20% + leftover
3773,block_0754,PDDPoS,node_0413,6955.38,69.38,7024.76,voter pd share
3774,block_0754,PDDPoS,node_0192,11035.0,124.93,11159.93,voter pd share
3775,block_0754,PDDPoS,node_0189,7517.81,129.51,7647.32,voter pd share
3776,block_0754,PDDPoS,node_0280,12019.06,264.18,12283.24,self 20% + leftover
3777,block_0755,PDDPoS,node_0168,9442.56,95.88,9538.44,voter pd share
3778,block_0755,PDDPoS,node_0456,6264.41,94.72,6359.13,voter pd share
3779,block_0755,PDDPoS,node_0360,969.91,32.98,1002.89,voter pd share
3780,block_0755,PDDPoS,node_0377,9566.43,231.55,9797.99,voter pd share
3781,block_0755,PDDPoS,node_0486,10774.59,320.87,11095.46,self 20% + leftover
3782,block_0756,PDDPoS,node_0043,7230.31,61.19,7291.5,voter pd share
3783,block_0756,PDDPoS,node_0291,3127.16,44.25,3171.41,voter pd share
3784,block_0756,PDDPoS,node_0028,7722.18,128.46,7850.64,voter pd share
3785,block_0756,PDDPoS,node_0038,6946.08,147.28,7093.36,voter pd share
3786,block_0756,PDDPoS,node_0484,13365.2,338.82,13704.02,self 20% + leftover
3787,block_0757,PDDPoS,node_0476,8312.64,107.89,8420.54,voter pd share
3788,block_0757,PDDPoS,node_0157,8496.09,125.99,8622.08,voter pd share
3789,block_0757,PDDPoS,node_0097,8126.79,131.76,8258.55,voter pd share
3790,block_0757,PDDPoS,node_0311,13257.49,402.35,13659.84,self 20% + leftover
3791,block_0758,PDDPoS,node_0151,1674.79,17.82,1692.61,voter pd share
3792,block_0758,PDDPoS,node_0080,12537.82,126.42,12664.24,voter pd share
3793,block_0758,PDDPoS,node_0095,1084.71,17.29,1102.0,voter pd share
3794,block_0758,PDDPoS,node_0367,5301.63,76.13,5377.76,voter pd share
3795,block_0758,PDDPoS,node_0178,7485.61,122.62,7608.24,voter pd share
3796,block_0758,PDDPoS,node_0123,7203.25,232.71,7435.95,self 20% + leftover
3797,block_0759,PDDPoS,node_0243,5586.21,48.49,5634.7,voter pd share
3798,block_0759,PDDPoS,node_0488,7946.7,125.69,8072.38,voter pd share
3799,block_0759,PDDPoS,node_0445,9760.34,171.65,9931.99,voter pd share
3800,block_0759,PDDPoS,node_0416,9434.26,187.72,9621.98,voter pd share
3801,block_0759,PDDPoS,node_0381,5861.47,243.46,6104.94,self 20% + leftover
3802,block_0760,PDDPoS,node_0279,2767.97,26.29,2794.26,voter pd share
3803,block_0760,PDDPoS,node_0088,4992.6,60.39,5052.99,voter pd share
3804,block_0760,PDDPoS,node_0331,199.67,4.18,203.85,voter pd share
3805,block_0760,PDDPoS,node_0154,7439.67,108.94,7548.61,voter pd share
3806,block_0760,PDDPoS,node_0149,7258.45,143.68,7402.13,voter pd share
3807,block_0760,PDDPoS,node_0414,7410.78,144.33,7555.11,voter pd share
3808,block_0760,PDDPoS,node_0500,9260.16,288.19,9548.34,self 20% + leftover
3809,block_0761,PDDPoS,node_0169,3740.97,51.11,3792.08,voter pd share
3810,block_0761,PDDPoS,node_0010,4378.95,89.8,4468.75,voter pd share
3811,block_0761,PDDPoS,node_0012,6523.88,141.3,6665.19,voter pd share
3812,block_0761,PDDPoS,node_0285,7487.66,211.57,7699.24,voter pd share
3813,block_0761,PDDPoS,node_0461,4941.75,279.21,5220.96,self 20% + leftover
3814,block_0762,PDDPoS,node_0346,3351.32,36.67,3387.99,voter pd share
3815,block_0762,PDDPoS,node_0021,1317.62,29.39,1347.01,voter pd share
3816,block_0762,PDDPoS,node_0281,10604.82,185.97,10790.8,voter pd share
3817,block_0762,PDDPoS,node_0446,4357.32,80.44,4437.76,voter pd share
3818,block_0762,PDDPoS,node_0325,10208.93,184.19,10393.12,voter pd share
3819,block_0762,PDDPoS,node_0327,4662.94,210.33,4873.27,self 20% + leftover
3820,block_0763,PDDPoS,node_0427,1679.45,10.05,1689.51,voter pd share
3821,block_0763,PDDPoS,node_0447,10094.85,184.99,10279.84,voter pd share
3822,block_0763,PDDPoS,node_0003,15029.99,300.24,15330.23,voter pd share
3823,block_0763,PDDPoS,node_0045,759.65,135.72,895.37,self 20% + leftover
3824,block_0764,PDDPoS,node_0352,16116.45,300.52,16416.98,voter pd share
3825,block_0764,PDDPoS,node_0216,3433.24,60.73,3493.96,voter pd share
3826,block_0764,PDDPoS,node_0354,6534.56,136.98,6671.54,voter pd share
3827,block_0764,PDDPoS,node_0263,8045.27,272.77,8318.04,self 20% + leftover
3828,block_0765,PDDPoS,node_0374,8164.87,106.41,8271.28,voter pd share
3829,block_0765,PDDPoS,node_0087,5798.22,70.61,5868.83,voter pd share
3830,block_0765,PDDPoS,node_0408,6504.75,135.55,6640.3,voter pd share
3831,block_0765,PDDPoS,node_0390,3812.01,84.74,3896.76,voter pd share
3832,block_0765,PDDPoS,node_0373,9686.24,336.68,10022.92,self 20% + leftover
3833,block_0766,PDDPoS,node_0310,5032.71,49.88,5082.6,voter pd share
3834,block_0766,PDDPoS,node_0145,6027.55,78.37,6105.93,voter pd share
3835,block_0766,PDDPoS,node_0432,7001.83,114.57,7116.4,voter pd share
3836,block_0766,PDDPoS,node_0037,1171.63,1.51,1173.14,voter pd share
3837,block_0766,PDDPoS,node_0179,6290.75,117.74,6408.49,voter pd share
3838,block_0766,PDDPoS,node_0093,10414.79,334.92,10749.7,self 20% + leftover
3839,block_0767,PDDPoS,node_0397,4560.99,44.69,4605.67,voter pd share
3840,block_0767,PDDPoS,node_0296,1249.08,26.77,1275.85,voter pd share
3841,block_0767,PDDPoS,node_0133,7121.14,94.56,7215.7,voter pd share
3842,block_0767,PDDPoS,node_0483,6143.19,86.91,6230.1,voter pd share
3843,block_0767,PDDPoS,node_0474,6620.29,132.73,6753.01,voter pd share
3844,block_0767,PDDPoS,node_0170,6616.64,225.35,6841.99,self 20% + leftover
3845,block_0768,PDDPoS,node_0294,9682.84,111.99,9794.83,voter pd share
3846,block_0768,PDDPoS,node_0159,4369.06,72.72,4441.78,voter pd share
3847,block_0768,PDDPoS,node_0016,818.34,19.81,838.14,voter pd share
3848,block_0768,PDDPoS,node_0238,13520.39,325.48,13845.87,self 20% + leftover
3849,block_0769,PDDPoS,node_0058,5761.09,79.18,5840.27,voter pd share
3850,block_0769,PDDPoS,node_0343,11253.84,196.01,11449.86,voter pd share
3851,block_0769,PDDPoS,node_0191,10135.0,209.44,10344.44,voter pd share
3852,block_0769,PDDPoS,node_0495,7518.16,285.37,7803.52,self 20% + leftover
3853,block_0770,PDDPoS,node_0480,9314.8,153.05,9467.85,voter pd share
3854,block_0770,PDDPoS,node_0073,3625.74,68.31,3694.05,voter pd share
3855,block_0770,PDDPoS,node_0403,8411.32,152.48,8563.79,voter pd share
3856,block_0770,PDDPoS,node_0211,10014.92,252.15,10267.07,self 20% + leftover
3857,block_0771,PDDPoS,node_0359,1453.88,22.36,1476.24,voter pd share
3858,block_0771,PDDPoS,node_0137,6023.26,74.67,6097.93,voter pd share
3859,block_0771,PDDPoS,node_0181,2433.63,47.28,2480.92,voter pd share
3860,block_0771,PDDPoS,node_0091,1243.32,26.84,1270.16,voter pd share
3861,block_0771,PDDPoS,node_0320,2575.73,48.34,2624.08,voter pd share
3862,block_0771,PDDPoS,node_0035,5918.82,139.23,6058.05,voter pd share
3863,block_0771,PDDPoS,node_0277,12310.08,362.27,12672.35,self 20% + leftover
3864,block_0772,PDDPoS,node_0312,1374.13,21.3,1395.43,voter pd share
3865,block_0772,PDDPoS,node_0284,2785.0,19.79,2804.79,voter pd share
3866,block_0772,PDDPoS,node_0487,5214.0,100.28,5314.28,voter pd share
3867,block_0772,PDDPoS,node_0305,2676.0,53.74,2729.74,voter pd share
3868,block_0772,PDDPoS,node_0134,4780.55,138.83,4919.38,voter pd share
3869,block_0772,PDDPoS,node_0219,5569.62,232.06,5801.68,self 20% + leftover
3870,block_0773,PDDPoS,node_0067,14697.6,153.49,14851.09,voter pd share
3871,block_0773,PDDPoS,node_0326,2864.48,40.34,2904.82,voter pd share
3872,block_0773,PDDPoS,node_0309,3447.1,56.4,3503.5,voter pd share
3873,block_0773,PDDPoS,node_0358,10258.17,302.77,10560.94,self 20% + leftover
3874,block_0774,PDDPoS,node_0378,1304.8,38.68,1343.48,voter pd share
3875,block_0774,PDDPoS,node_0270,11837.08,171.81,12008.89,voter pd share
3876,block_0774,PDDPoS,node_0361,1416.89,27.83,1444.72,voter pd share
3877,block_0774,PDDPoS,node_0411,2537.69,60.84,2598.53,voter pd share
3878,block_0774,PDDPoS,node_0138,15125.74,473.84,15599.58,self 20% + leftover
3879,block_0775,PDDPoS,node_0273,4221.59,48.08,4269.67,voter pd share
3880,block_0775,PDDPoS,node_0317,315.23,15.79,331.03,voter pd share
3881,block_0775,PDDPoS,node_0041,3229.69,66.99,3296.68,voter pd share
3882,block_0775,PDDPoS,node_0444,12206.2,300.04,12506.24,voter pd share
3883,block_0775,PDDPoS,node_0107,11524.11,337.1,11861.21,self 20% + leftover
3884,block_0776,PDDPoS,node_0479,11054.01,147.01,11201.03,voter pd share
3885,block_0776,PDDPoS,node_0383,9181.12,136.93,9318.06,voter pd share
3886,block_0776,PDDPoS,node_0356,7827.07,270.05,8097.12,self 20% + leftover
3887,block_0777,PDDPoS,node_0286,1032.72,10.49,1043.22,voter pd share
3888,block_0777,PDDPoS,node_0436,7839.64,79.58,7919.23,voter pd share
3889,block_0777,PDDPoS,node_0109,587.12,5.58,592.7,voter pd share
3890,block_0777,PDDPoS,node_0060,15891.56,242.04,16133.6,voter pd share
3891,block_0777,PDDPoS,node_0166,8726.0,196.3,8922.3,self 20% + leftover
3892,block_0778,PDDPoS,node_0316,10252.58,116.1,10368.68,voter pd share
3893,block_0778,PDDPoS,node_0147,9487.09,187.92,9675.02,voter pd share
3894,block_0778,PDDPoS,node_0440,11462.33,336.98,11799.31,self 20% + leftover
3895,block_0779,PDDPoS,node_0098,11834.67,198.27,12032.93,voter pd share
3896,block_0779,PDDPoS,node_0424,9328.78,200.84,9529.63,voter pd share
3897,block_0779,PDDPoS,node_0210,4452.7,109.89,4562.59,voter pd share
3898,block_0779,PDDPoS,node_0096,4685.93,243.0,4928.93,self 20% + leftover
3899,block_0780,PDDPoS,node_0136,10019.4,112.13,10131.52,voter pd share
3900,block_0780,PDDPoS,node_0112,1085.97,36.59,1122.56,voter pd share
3901,block_0780,PDDPoS,node_0241,6750.32,163.58,6913.9,voter pd share
3902,block_0780,PDDPoS,node_0201,11072.26,297.71,11369.97,self 20% + leftover
3903,block_0781,PDDPoS,node_0141,10784.17,67.63,10851.8,voter pd share
3904,block_0781,PDDPoS,node_0106,10645.15,123.33,10768.48,voter pd share
3905,block_0781,PDDPoS,node_0056,12273.56,149.77,12423.34,voter pd share
3906,block_0781,PDDPoS,node_0104,9773.84,235.26,10009.1,self 20% + leftover
3907,block_0782,PDDPoS,node_0267,9358.39,185.98,9544.37,voter pd share
3908,block_0782,PDDPoS,node_0099,734.03,17.47,751.5,voter pd share
3909,block_0782,PDDPoS,node_0289,5726.79,143.86,5870.65,voter pd share
3910,block_0782,PDDPoS,node_0391,5841.9,134.99,5976.88,voter pd share
3911,block_0782,PDDPoS,node_0001,2064.79,214.71,2279.5,self 20% + leftover
3912,block_0783,PDDPoS,node_0452,599.41,1.53,600.94,voter pd share
3913,block_0783,PDDPoS,node_0239,7542.31,114.84,7657.15,voter pd share
3914,block_0783,PDDPoS,node_0048,7811.27,137.01,7948.28,voter pd share
3915,block_0783,PDDPoS,node_0254,8058.34,264.7,8323.04,voter pd share
3916,block_0783,PDDPoS,node_0199,881.66,144.91,1026.57,self 20% + leftover
3917,block_0784,PDDPoS,node_0413,6864.76,67.84,6932.6,voter pd share
3918,block_0784,PDDPoS,node_0192,11434.93,122.17,11557.1,voter pd share
3919,block_0784,PDDPoS,node_0189,7438.32,126.65,7564.97,voter pd share
3920,block_0784,PDDPoS,node_0280,12489.24,258.34,12747.58,self 20% + leftover
3921,block_0785,PDDPoS,node_0043,7406.5,52.35,7458.85,voter pd share
3922,block_0785,PDDPoS,node_0291,2962.41,37.86,3000.27,voter pd share
3923,block_0785,PDDPoS,node_0028,7918.64,109.91,8028.55,voter pd share
3924,block_0785,PDDPoS,node_0038,7125.36,126.0,7251.36,voter pd share
3925,block_0785,PDDPoS,node_0484,13808.02,289.88,14097.9,self 20% + leftover
3926,block_0786,PDDPoS,node_0043,7511.85,50.48,7562.33,voter pd share
3927,block_0786,PDDPoS,node_0291,2956.27,36.51,2992.78,voter pd share
3928,block_0786,PDDPoS,node_0028,8050.55,105.98,8156.53,voter pd share
3929,block_0786,PDDPoS,node_0038,7237.36,121.5,7358.86,voter pd share
3930,block_0786,PDDPoS,node_0484,14106.9,279.53,14386.42,self 20% + leftover
3931,block_0787,PDDPoS,node_0476,8076.54,108.74,8185.28,voter pd share
3932,block_0787,PDDPoS,node_0157,9005.08,126.98,9132.06,voter pd share
3933,block_0787,PDDPoS,node_0097,7890.55,132.79,8023.33,voter pd share
3934,block_0787,PDDPoS,node_0311,13336.84,405.5,13742.34,self 20% + leftover
3935,block_0788,PDDPoS,node_0151,1654.61,23.21,1677.82,voter pd share
3936,block_0788,PDDPoS,node_0080,12568.24,164.58,12732.82,voter pd share
3937,block_0788,PDDPoS,node_0095,940.0,22.51,962.51,voter pd share
3938,block_0788,PDDPoS,node_0367,5565.76,99.11,5664.88,voter pd share
3939,block_0788,PDDPoS,node_0178,7699.24,159.64,7858.88,voter pd share
3940,block_0788,PDDPoS,node_0123,7456.95,302.95,7759.91,self 20% + leftover
3941,block_0789,PDDPoS,node_0243,5494.7,34.38,5529.08,voter pd share
3942,block_0789,PDDPoS,node_0488,7906.38,89.13,7995.51,voter pd share
3943,block_0789,PDDPoS,node_0445,9709.99,121.72,9831.71,voter pd share
3944,block_0789,PDDPoS,node_0416,9344.98,133.12,9478.1,voter pd share
3945,block_0789,PDDPoS,node_0381,5893.94,172.65,6066.59,self 20% + leftover
3946,block_0790,PDDPoS,node_0279,2806.26,20.66,2826.92,voter pd share
3947,block_0790,PDDPoS,node_0088,5239.99,47.47,5287.46,voter pd share
3948,block_0790,PDDPoS,node_0331,142.85,3.29,146.14,voter pd share
3949,block_0790,PDDPoS,node_0154,7498.61,85.64,7584.25,voter pd share
3950,block_0790,PDDPoS,node_0149,7420.13,112.95,7533.08,voter pd share
3951,block_0790,PDDPoS,node_0414,7480.11,113.46,7593.57,voter pd share
3952,block_0790,PDDPoS,node_0500,9832.34,226.54,10058.88,self 20% + leftover
3953,block_0791,PDDPoS,node_0169,3874.08,41.99,3916.07,voter pd share
3954,block_0791,PDDPoS,node_0010,4212.75,73.77,4286.52,voter pd share
3955,block_0791,PDDPoS,node_0012,6885.19,116.08,7001.26,voter pd share
3956,block_0791,PDDPoS,node_0285,7478.24,173.8,7652.04,voter pd share
3957,block_0791,PDDPoS,node_0461,5407.96,229.36,5637.32,self 20% + leftover
3958,block_0792,PDDPoS,node_0346,3657.99,38.74,3696.73,voter pd share
3959,block_0792,PDDPoS,node_0021,1336.01,31.05,1367.06,voter pd share
3960,block_0792,PDDPoS,node_0281,11378.8,196.46,11575.26,voter pd share
3961,block_0792,PDDPoS,node_0446,4357.76,84.98,4442.74,voter pd share
3962,block_0792,PDDPoS,node_0325,10178.12,194.58,10372.7,voter pd share
3963,block_0792,PDDPoS,node_0327,4792.27,222.2,5014.47,self 20% + leftover
3964,block_0793,PDDPoS,node_0427,1601.51,10.91,1612.42,voter pd share
3965,block_0793,PDDPoS,node_0447,9631.84,200.82,9832.66,voter pd share
3966,block_0793,PDDPoS,node_0003,15475.23,325.93,15801.16,voter pd share
3967,block_0793,PDDPoS,node_0045,1296.37,147.34,1443.71,self 20% + leftover
3968,block_0794,PDDPoS,node_0352,16200.98,300.91,16501.89,voter pd share
3969,block_0794,PDDPoS,node_0216,3673.96,60.81,3734.77,voter pd share
3970,block_0794,PDDPoS,node_0354,6376.54,137.16,6513.69,voter pd share
3971,block_0794,PDDPoS,node_0263,8339.04,273.13,8612.17,self 20% + leftover
3972,block_0795,PDDPoS,node_0357,5966.52,117.64,6084.16,voter pd share
3973,block_0795,PDDPoS,node_0393,253.21,14.07,267.27,voter pd share
3974,block_0795,PDDPoS,node_0399,3850.0,90.98,3940.98,voter pd share
3975,block_0795,PDDPoS,node_0082,1821.56,55.29,1876.85,voter pd share
3976,block_0795,PDDPoS,node_0421,9750.92,406.03,10156.95,self 20% + leftover
3977,block_0796,PDDPoS,node_0310,4937.6,40.29,4977.89,voter pd share
3978,block_0796,PDDPoS,node_0145,6445.93,63.3,6509.23,voter pd share
3979,block_0796,PDDPoS,node_0432,6683.4,92.55,6775.95,voter pd share
3980,block_0796,PDDPoS,node_0037,1517.14,1.22,1518.37,voter pd share
3981,block_0796,PDDPoS,node_0179,6564.49,95.11,6659.6,voter pd share
3982,block_0796,PDDPoS,node_0093,10756.7,270.53,11027.23,self 20% + leftover
3983,block_0797,PDDPoS,node_0397,4190.67,41.1,4231.78,voter pd share
3984,block_0797,PDDPoS,node_0296,1001.85,24.62,1026.47,voter pd share
3985,block_0797,PDDPoS,node_0133,7104.7,86.97,7191.67,voter pd share
3986,block_0797,PDDPoS,node_0483,5887.1,79.94,5967.04,voter pd share
3987,block_0797,PDDPoS,node_0474,6564.01,122.08,6686.1,voter pd share
3988,block_0797,PDDPoS,node_0170,6737.99,207.28,6945.26,self 20% + leftover
3989,block_0798,PDDPoS,node_0294,9951.83,117.49,10069.32,voter pd share
3990,block_0798,PDDPoS,node_0159,4228.78,76.29,4305.07,voter pd share
3991,block_0798,PDDPoS,node_0016,381.14,20.78,401.92,voter pd share
3992,block_0798,PDDPoS,node_0238,14037.87,341.45,14379.31,self 20% + leftover
3993,block_0799,PDDPoS,node_0058,5500.27,72.29,5572.56,voter pd share
3994,block_0799,PDDPoS,node_0343,11595.86,178.96,11774.81,voter pd share
3995,block_0799,PDDPoS,node_0191,10438.44,191.21,10629.65,voter pd share
3996,block_0799,PDDPoS,node_0495,7437.52,260.54,7698.06,self 20% + leftover
3997,block_0800,PDDPoS,node_0480,9518.85,176.04,9694.89,voter pd share
3998,block_0800,PDDPoS,node_0073,3826.05,78.57,3904.62,voter pd share
3999,block_0800,PDDPoS,node_0403,8780.79,175.37,8956.17,voter pd share
4000,block_0800,PDDPoS,node_0211,10246.07,290.02,10536.09,self 20% + leftover
4001,block_0801,PDDPoS,node_0359,1522.24,22.67,1544.9,voter pd share
4002,block_0801,PDDPoS,node_0137,6016.93,75.71,6092.64,voter pd share
4003,block_0801,PDDPoS,node_0181,2701.92,47.94,2749.86,voter pd share
4004,block_0801,PDDPoS,node_0091,1087.16,27.21,1114.37,voter pd share
4005,block_0801,PDDPoS,node_0320,2722.08,49.02,2771.09,voter pd share
4006,block_0801,PDDPoS,node_0035,5999.05,141.16,6140.21,voter pd share
4007,block_0801,PDDPoS,node_0277,12668.35,367.29,13035.64,self 20% + leftover
4008,block_0802,PDDPoS,node_0312,1588.43,20.29,1608.72,voter pd share
4009,block_0802,PDDPoS,node_0284,2660.79,18.84,2679.63,voter pd share
4010,block_0802,PDDPoS,node_0487,5174.28,95.49,5269.77,voter pd share
4011,block_0802,PDDPoS,node_0305,2888.74,51.17,2939.91,voter pd share
4012,block_0802,PDDPoS,node_0134,4831.38,132.21,4963.59,voter pd share
4013,block_0802,PDDPoS,node_0219,5641.68,220.99,5862.67,self 20% + leftover
4014,block_0803,PDDPoS,node_0067,14613.09,205.94,14819.03,voter pd share
4015,block_0803,PDDPoS,node_0326,2677.82,54.13,2731.95,voter pd share
4016,block_0803,PDDPoS,node_0309,3010.5,75.68,3086.18,voter pd share
4017,block_0803,PDDPoS,node_0358,10484.94,406.25,10891.18,self 20% + leftover
4018,block_0804,PDDPoS,node_0378,1589.48,32.93,1622.41,voter pd share
4019,block_0804,PDDPoS,node_0270,11972.89,146.25,12119.14,voter pd share
4020,block_0804,PDDPoS,node_0361,1432.72,23.69,1456.41,voter pd share
4021,block_0804,PDDPoS,node_0411,2117.53,51.79,2169.32,voter pd share
4022,block_0804,PDDPoS,node_0138,15638.58,403.35,16041.92,self 20% + leftover
4023,block_0805,PDDPoS,node_0273,3992.67,44.89,4037.56,voter pd share
4024,block_0805,PDDPoS,node_0317,126.03,14.75,140.77,voter pd share
4025,block_0805,PDDPoS,node_0041,3054.68,62.54,3117.22,voter pd share
4026,block_0805,PDDPoS,node_0444,12104.24,280.11,12384.35,voter pd share
4027,block_0805,PDDPoS,node_0107,11708.21,314.71,12022.92,self 20% + leftover
4028,block_0806,PDDPoS,node_0479,10962.03,178.06,11140.09,voter pd share
4029,block_0806,PDDPoS,node_0383,9265.06,165.85,9430.91,voter pd share
4030,block_0806,PDDPoS,node_0356,7921.12,327.08,8248.2,self 20% + leftover
4031,block_0807,PDDPoS,node_0286,903.22,11.79,915.01,voter pd share
4032,block_0807,PDDPoS,node_0436,7989.23,89.42,8078.65,voter pd share
4033,block_0807,PDDPoS,node_0109,405.7,6.27,411.97,voter pd share
4034,block_0807,PDDPoS,node_0060,16279.6,271.95,16551.54,voter pd share
4035,block_0807,PDDPoS,node_0166,9211.3,220.57,9431.87,self 20% + leftover
4036,block_0808,PDDPoS,node_0316,10572.68,136.75,10709.42,voter pd share
4037,block_0808,PDDPoS,node_0147,9262.02,221.35,9483.36,voter pd share
4038,block_0808,PDDPoS,node_0440,11348.31,396.91,11745.22,self 20% + leftover
4039,block_0809,PDDPoS,node_0098,11981.93,147.65,12129.58,voter pd share
4040,block_0809,PDDPoS,node_0424,9515.63,149.57,9665.19,voter pd share
4041,block_0809,PDDPoS,node_0210,4330.59,81.83,4412.42,voter pd share
4042,block_0809,PDDPoS,node_0096,4836.93,180.96,5017.88,self 20% + leftover
4043,block_0810,PDDPoS,node_0136,10383.52,110.84,10494.36,voter pd share
4044,block_0810,PDDPoS,node_0112,1130.56,36.17,1166.73,voter pd share
4045,block_0810,PDDPoS,node_0241,7128.9,161.7,7290.6,voter pd share
4046,block_0810,PDDPoS,node_0201,11014.97,294.29,11309.26,self 20% + leftover
4047,block_0811,PDDPoS,node_0141,10775.8,76.09,10851.89,voter pd share
4048,block_0811,PDDPoS,node_0106,10572.48,138.75,10711.23,voter pd share
4049,block_0811,PDDPoS,node_0056,12820.34,168.5,12988.83,voter pd share
4050,block_0811,PDDPoS,node_0104,9846.1,264.67,10110.77,self 20% + leftover
4051,block_0812,PDDPoS,node_0267,9939.37,203.85,10143.23,voter pd share
4052,block_0812,PDDPoS,node_0099,665.5,19.15,684.65,voter pd share
4053,block_0812,PDDPoS,node_0289,5793.65,157.69,5951.34,voter pd share
4054,block_0812,PDDPoS,node_0391,5807.88,147.96,5955.85,voter pd share
4055,block_0812,PDDPoS,node_0001,2234.5,235.35,2469.85,self 20% + leftover
4056,block_0813,PDDPoS,node_0452,197.94,1.34,199.27,voter pd share
4057,block_0813,PDDPoS,node_0239,7593.15,100.46,7693.62,voter pd share
4058,block_0813,PDDPoS,node_0048,8372.28,119.86,8492.14,voter pd share
4059,block_0813,PDDPoS,node_0254,8040.04,231.57,8271.61,voter pd share
4060,block_0813,PDDPoS,node_0199,1175.57,126.77,1302.34,self 20% + leftover
4061,block_0814,PDDPoS,node_0413,6888.6,91.44,6980.04,voter pd share
4062,block_0814,PDDPoS,node_0192,11655.1,164.66,11819.76,voter pd share
4063,block_0814,PDDPoS,node_0189,7342.97,170.7,7513.67,voter pd share
4064,block_0814,PDDPoS,node_0280,12888.58,348.19,13236.77,self 20% + leftover
4065,block_0815,PDDPoS,node_0388,7306.5,122.91,7429.41,voter pd share
4066,block_0815,PDDPoS,node_0076,4313.72,92.14,4405.86,voter pd share
4067,block_0815,PDDPoS,node_0266,6583.58,158.58,6742.16,voter pd share
4068,block_0815,PDDPoS,node_0011,27.49,6.27,33.75,voter pd share
4069,block_0815,PDDPoS,node_0188,3594.0,124.15,3718.15,voter pd share
4070,block_0815,PDDPoS,node_0237,619.0,133.95,752.95,self 20% + leftover
4071,block_0816,PDDPoS,node_0043,7656.33,57.45,7713.78,voter pd share
4072,block_0816,PDDPoS,node_0291,2718.78,41.55,2760.33,voter pd share
4073,block_0816,PDDPoS,node_0028,7608.53,120.61,7729.14,voter pd share
4074,block_0816,PDDPoS,node_0038,7280.86,138.28,7419.14,voter pd share
4075,block_0816,PDDPoS,node_0484,14509.42,318.11,14827.54,self 20% + leftover
4076,block_0817,PDDPoS,node_0476,7491.28,83.87,7575.15,voter pd share
4077,block_0817,PDDPoS,node_0157,8798.06,97.94,8896.0,voter pd share
4078,block_0817,PDDPoS,node_0097,7844.33,102.42,7946.75,voter pd share
4079,block_0817,PDDPoS,node_0311,14054.34,312.77,14367.11,self 20% + leftover
4080,block_0818,PDDPoS,node_0151,1774.82,23.27,1798.08,voter pd share
4081,block_0818,PDDPoS,node_0080,12540.82,165.01,12705.83,voter pd share
4082,block_0818,PDDPoS,node_0095,840.51,22.57,863.08,voter pd share
4083,block_0818,PDDPoS,node_0367,5523.88,99.37,5623.25,voter pd share
4084,block_0818,PDDPoS,node_0178,7453.88,160.05,7613.93,voter pd share
4085,block_0818,PDDPoS,node_0123,8159.91,303.74,8463.64,self 20% + leftover
4086,block_0819,PDDPoS,node_0243,5139.08,47.92,5187.0,voter pd share
4087,block_0819,PDDPoS,node_0488,7856.51,124.23,7980.74,voter pd share
4088,block_0819,PDDPoS,node_0445,10119.71,169.66,10289.37,voter pd share
4089,block_0819,PDDPoS,node_0416,9565.1,185.54,9750.64,voter pd share
4090,block_0819,PDDPoS,node_0381,6326.59,240.64,6567.23,self 20% + leftover
4091,block_0820,PDDPoS,node_0279,2874.92,22.36,2897.28,voter pd share
4092,block_0820,PDDPoS,node_0088,5614.46,51.36,5665.82,voter pd share
4093,block_0820,PDDPoS,node_0331,464.14,3.56,467.69,voter pd share
4094,block_0820,PDDPoS,node_0154,7617.25,92.66,7709.9,voter pd share
4095,block_0820,PDDPoS,node_0149,7356.08,122.2,7478.28,voter pd share
4096,block_0820,PDDPoS,node_0414,7482.57,122.76,7605.33,voter pd share
4097,block_0820,PDDPoS,node_0500,10467.88,245.11,10712.99,self 20% + leftover
4098,block_0821,PDDPoS,node_0169,3925.07,51.31,3976.38,voter pd share
4099,block_0821,PDDPoS,node_0010,4602.52,90.15,4692.66,voter pd share
4100,block_0821,PDDPoS,node_0012,6905.26,141.85,7047.12,voter pd share
4101,block_0821,PDDPoS,node_0285,7112.04,212.4,7324.44,voter pd share
4102,block_0821,PDDPoS,node_0461,5213.32,280.29,5493.61,self 20% + leftover
4103,block_0822,PDDPoS,node_0346,3774.73,30.72,3805.45,voter pd share
4104,block_0822,PDDPoS,node_0021,1428.06,24.62,1452.67,voter pd share
4105,block_0822,PDDPoS,node_0281,11375.26,155.79,11531.05,voter pd share
4106,block_0822,PDDPoS,node_0446,4704.74,67.38,4772.12,voter pd share
4107,block_0822,PDDPoS,node_0325,10382.7,154.29,10536.99,voter pd share
4108,block_0822,PDDPoS,node_0327,4810.47,176.19,4986.66,self 20% + leftover
4109,block_0823,PDDPoS,node_0427,1416.42,10.39,1426.8,voter pd share
4110,block_0823,PDDPoS,node_0447,9951.66,191.14,10142.8,voter pd share
4111,block_0823,PDDPoS,node_0003,15957.16,310.23,16267.39,voter pd share
4112,block_0823,PDDPoS,node_0045,1697.71,140.24,1837.95,self 20% + leftover
4113,block_0824,PDDPoS,node_0352,16466.89,259.6,16726.49,voter pd share
4114,block_0824,PDDPoS,node_0216,4123.77,52.46,4176.23,voter pd share
4115,block_0824,PDDPoS,node_0354,6253.69,118.32,6372.01,voter pd share
4116,block_0824,PDDPoS,node_0263,8157.17,235.62,8392.79,self 20% + leftover
4117,block_0825,PDDPoS,node_0357,6444.16,128.13,6572.28,voter pd share
4118,block_0825,PDDPoS,node_0393,274.27,15.32,289.59,voter pd share
4119,block_0825,PDDPoS,node_0399,3890.98,99.09,3990.07,voter pd share
4120,block_0825,PDDPoS,node_0082,1762.85,60.22,1823.06,voter pd share
4121,block_0825,PDDPoS,node_0421,10125.95,442.24,10568.19,self 20% + leftover
4122,block_0826,PDDPoS,node_0310,4906.89,42.15,4949.04,voter pd share
4123,block_0826,PDDPoS,node_0145,7045.23,66.23,7111.46,voter pd share
4124,block_0826,PDDPoS,node_0432,6335.95,96.82,6432.77,voter pd share
4125,block_0826,PDDPoS,node_0037,1024.37,1.28,1025.65,voter pd share
4126,block_0826,PDDPoS,node_0179,6737.6,99.5,6837.09,voter pd share
4127,block_0826,PDDPoS,node_0093,10950.23,283.02,11233.25,self 20% + leftover
4128,block_0827,PDDPoS,node_0294,10372.32,163.55,10535.87,voter pd share
4129,block_0827,PDDPoS,node_0159,4498.07,106.2,4604.26,voter pd share
4130,block_0827,PDDPoS,node_0016,213.92,28.93,242.85,voter pd share
4131,block_0827,PDDPoS,node_0238,14560.31,475.32,15035.63,self 20% + leftover
4132,block_0828,PDDPoS,node_0294,10503.87,157.64,10661.51,voter pd share
4133,block_0828,PDDPoS,node_0159,4619.26,102.36,4721.62,voter pd share
4134,block_0828,PDDPoS,node_0016,246.85,27.88,274.73,voter pd share
4135,block_0828,PDDPoS,node_0238,15040.63,458.13,15498.76,self 20% + leftover
4136,block_0829,PDDPoS,node_0058,5435.56,79.18,5514.74,voter pd share
4137,block_0829,PDDPoS,node_0343,11600.81,196.01,11796.83,voter pd share
4138,block_0829,PDDPoS,node_0191,10746.65,209.44,10956.09,voter pd share
4139,block_0829,PDDPoS,node_0495,7840.06,285.37,8125.43,self 20% + leftover
4140,block_0830,PDDPoS,node_0480,10049.89,146.7,10196.59,voter pd share
4141,block_0830,PDDPoS,node_0073,4156.62,65.48,4222.1,voter pd share
4142,block_0830,PDDPoS,node_0403,8933.17,146.14,9079.31,voter pd share
4143,block_0830,PDDPoS,node_0211,10408.09,241.68,10649.77,self 20% + leftover
4144,block_0831,PDDPoS,node_0359,1280.9,22.7,1303.6,voter pd share
4145,block_0831,PDDPoS,node_0137,5830.64,75.81,5906.45,voter pd share
4146,block_0831,PDDPoS,node_0181,2407.86,48.01,2455.86,voter pd share
4147,block_0831,PDDPoS,node_0091,667.37,27.25,694.62,voter pd share
4148,block_0831,PDDPoS,node_0320,2844.09,49.08,2893.17,voter pd share
4149,block_0831,PDDPoS,node_0035,5556.21,141.35,5697.57,voter pd share
4150,block_0831,PDDPoS,node_0277,13091.64,367.8,13459.43,self 20% + leftover
4151,block_0832,PDDPoS,node_0312,1296.72,29.25,1325.97,voter pd share
4152,block_0832,PDDPoS,node_0284,2870.63,27.16,2897.79,voter pd share
4153,block_0832,PDDPoS,node_0487,5008.77,137.66,5146.43,voter pd share
4154,block_0832,PDDPoS,node_0305,3157.91,73.77,3231.68,voter pd share
4155,block_0832,PDDPoS,node_0134,4974.59,190.59,5165.18,voter pd share
4156,block_0832,PDDPoS,node_0219,5359.67,318.57,5678.24,self 20% + leftover
4157,block_0833,PDDPoS,node_0378,2012.41,38.83,2051.25,voter pd share
4158,block_0833,PDDPoS,node_0270,12354.14,172.47,12526.61,voter pd share
4159,block_0833,PDDPoS,node_0361,964.41,27.94,992.35,voter pd share
4160,block_0833,PDDPoS,node_0411,2037.32,61.07,2098.39,voter pd share
4161,block_0833,PDDPoS,node_0138,16083.92,475.68,16559.6,self 20% + leftover
4162,block_0834,PDDPoS,node_0378,2005.25,38.88,2044.13,voter pd share
4163,block_0834,PDDPoS,node_0270,12567.61,172.7,12740.31,voter pd share
4164,block_0834,PDDPoS,node_0361,992.35,27.98,1020.33,voter pd share
4165,block_0834,PDDPoS,node_0411,2084.39,61.15,2145.54,voter pd share
4166,block_0834,PDDPoS,node_0138,16601.6,476.29,17077.89,self 20% + leftover
4167,block_0835,PDDPoS,node_0273,4453.56,48.71,4502.27,voter pd share
4168,block_0835,PDDPoS,node_0317,112.77,16.0,128.77,voter pd share
4169,block_0835,PDDPoS,node_0041,3075.22,67.86,3143.08,voter pd share
4170,block_0835,PDDPoS,node_0444,12059.35,303.94,12363.3,voter pd share
4171,block_0835,PDDPoS,node_0107,12434.92,341.49,12776.4,self 20% + leftover
4172,block_0836,PDDPoS,node_0479,11265.09,166.39,11431.48,voter pd share
4173,block_0836,PDDPoS,node_0383,9197.91,154.98,9352.89,voter pd share
4174,block_0836,PDDPoS,node_0356,8382.2,305.63,8687.83,self 20% + leftover
4175,block_0837,PDDPoS,node_0286,615.01,15.27,630.28,voter pd share
4176,block_0837,PDDPoS,node_0436,8067.65,115.8,8183.45,voter pd share
4177,block_0837,PDDPoS,node_0109,207.97,8.12,216.1,voter pd share
4178,block_0837,PDDPoS,node_0060,16914.54,352.17,17266.72,voter pd share
4179,block_0837,PDDPoS,node_0166,9696.87,285.63,9982.5,self 20% + leftover
4180,block_0838,PDDPoS,node_0316,10794.42,136.75,10931.17,voter pd share
4181,block_0838,PDDPoS,node_0147,9541.36,221.35,9762.71,voter pd share
4182,block_0838,PDDPoS,node_0440,11881.22,396.91,12278.13,self 20% + leftover
4183,block_0839,PDDPoS,node_0098,12096.58,201.96,12298.54,voter pd share
4184,block_0839,PDDPoS,node_0424,10061.19,204.58,10265.78,voter pd share
4185,block_0839,PDDPoS,node_0210,4215.42,111.94,4327.36,voter pd share
4186,block_0839,PDDPoS,node_0096,5192.88,247.52,5440.4,self 20% + leftover
4187,block_0840,PDDPoS,node_0136,10783.36,114.15,10897.51,voter pd share
4188,block_0840,PDDPoS,node_0112,1077.73,37.25,1114.98,voter pd share
4189,block_0840,PDDPoS,node_0241,7501.6,166.53,7668.12,voter pd share
4190,block_0840,PDDPoS,node_0201,11156.26,303.08,11459.34,self 20% + leftover
4191,block_0841,PDDPoS,node_0119,5812.0,133.8,5945.8,voter pd share
4192,block_0841,PDDPoS,node_0375,7971.5,232.92,8204.42,voter pd share
4193,block_0841,PDDPoS,node_0387,8736.65,303.28,9039.92,self 20% + leftover
4194,block_0842,PDDPoS,node_0267,10087.23,200.65,10287.88,voter pd share
4195,block_0842,PDDPoS,node_0099,424.65,18.85,443.49,voter pd share
4196,block_0842,PDDPoS,node_0289,6030.34,155.21,6185.55,voter pd share
4197,block_0842,PDDPoS,node_0391,5584.85,145.64,5730.48,voter pd share
4198,block_0842,PDDPoS,node_0001,1810.85,231.65,2042.49,self 20% + leftover
4199,block_0843,PDDPoS,node_0452,504.27,1.34,505.61,voter pd share
4200,block_0843,PDDPoS,node_0239,7675.62,100.46,7776.08,voter pd share
4201,block_0843,PDDPoS,node_0048,8668.14,119.86,8788.0,voter pd share
4202,block_0843,PDDPoS,node_0254,8170.61,231.57,8402.17,voter pd share
4203,block_0843,PDDPoS,node_0199,1374.34,126.77,1501.12,self 20% + leftover
4204,block_0844,PDDPoS,node_0413,6984.04,63.83,7047.88,voter pd share
4205,block_0844,PDDPoS,node_0192,11995.76,114.94,12110.7,voter pd share
4206,block_0844,PDDPoS,node_0189,7224.67,119.16,7343.83,voter pd share
4207,block_0844,PDDPoS,node_0280,13227.77,243.06,13470.83,self 20% + leftover
4208,block_0845,PDDPoS,node_0388,7523.41,144.1,7667.51,voter pd share
4209,block_0845,PDDPoS,node_0076,4542.86,108.03,4650.89,voter pd share
4210,block_0845,PDDPoS,node_0266,6738.16,185.92,6924.08,voter pd share
4211,block_0845,PDDPoS,node_0011,362.75,7.35,370.1,voter pd share
4212,block_0845,PDDPoS,node_0188,3334.15,145.56,3479.71,voter pd share
4213,block_0845,PDDPoS,node_0237,464.95,157.05,622.01,self 20% + leftover
4214,block_0846,PDDPoS,node_0043,7560.78,59.15,7619.93,voter pd share
4215,block_0846,PDDPoS,node_0291,2751.33,42.78,2794.11,voter pd share
4216,block_0846,PDDPoS,node_0028,8095.14,124.18,8219.32,voter pd share
4217,block_0846,PDDPoS,node_0038,7353.14,142.37,7495.5,voter pd share
4218,block_0846,PDDPoS,node_0484,15131.54,327.53,15459.06,self 20% + leftover
4219,block_0847,PDDPoS,node_0476,7908.15,106.07,8014.22,voter pd share
4220,block_0847,PDDPoS,node_0157,8815.0,123.86,8938.87,voter pd share
4221,block_0847,PDDPoS,node_0097,7595.75,129.53,7725.28,voter pd share
4222,block_0847,PDDPoS,node_0311,14696.11,395.54,15091.65,self 20% + leftover
4223,block_0848,PDDPoS,node_0151,1833.08,23.39,1856.47,voter pd share
4224,block_0848,PDDPoS,node_0080,12585.83,165.86,12751.69,voter pd share
4225,block_0848,PDDPoS,node_0095,261.08,22.68,283.77,voter pd share
4226,block_0848,PDDPoS,node_0367,5522.25,99.88,5622.13,voter pd share
4227,block_0848,PDDPoS,node_0178,7368.93,160.88,7529.81,voter pd share
4228,block_0848,PDDPoS,node_0123,8499.64,305.31,8804.95,self 20% + leftover
4229,block_0849,PDDPoS,node_0243,4776.0,48.49,4824.49,voter pd share
4230,block_0849,PDDPoS,node_0488,7772.74,125.69,7898.42,voter pd share
4231,block_0849,PDDPoS,node_0445,10716.37,171.65,10888.01,voter pd share
4232,block_0849,PDDPoS,node_0416,9550.64,187.72,9738.36,voter pd share
4233,block_0849,PDDPoS,node_0381,6912.23,243.46,7155.69,self 20% + leftover
4234,block_0850,PDDPoS,node_0279,2633.28,22.42,2655.7,voter pd share
4235,block_0850,PDDPoS,node_0088,5708.82,51.52,5760.34,voter pd share
4236,block_0850,PDDPoS,node_0331,1015.69,3.57,1019.26,voter pd share
4237,block_0850,PDDPoS,node_0154,7110.9,92.94,7203.84,voter pd share
4238,block_0850,PDDPoS,node_0149,8164.28,122.57,8286.86,voter pd share
4239,block_0850,PDDPoS,node_0414,7630.33,123.13,7753.46,voter pd share
4240,block_0850,PDDPoS,node_0500,10562.99,245.85,10808.84,self 20% + leftover
4241,block_0851,PDDPoS,node_0169,4332.38,42.91,4375.3,voter pd share
4242,block_0851,PDDPoS,node_0010,4589.66,75.39,4665.06,voter pd share
4243,block_0851,PDDPoS,node_0012,7331.12,118.64,7449.76,voter pd share
4244,block_0851,PDDPoS,node_0285,7754.44,177.63,7932.07,voter pd share
4245,block_0851,PDDPoS,node_0461,5318.61,234.42,5553.03,self 20% + leftover
4246,block_0852,PDDPoS,node_0227,87.39,7.55,94.94,voter pd share
4247,block_0852,PDDPoS,node_0225,452.96,9.82,462.78,voter pd share
4248,block_0852,PDDPoS,node_0005,4836.32,92.18,4928.5,voter pd share
4249,block_0852,PDDPoS,node_0165,6499.18,158.39,6657.57,voter pd share
4250,block_0852,PDDPoS,node_0384,9567.02,382.06,9949.08,self 20% + leftover
4251,block_0853,PDDPoS,node_0427,1448.8,8.98,1457.79,voter pd share
4252,block_0853,PDDPoS,node_0447,9827.8,165.35,9993.15,voter pd share
4253,block_0853,PDDPoS,node_0003,16182.39,268.36,16450.75,voter pd share
4254,block_0853,PDDPoS,node_0045,1939.95,121.31,2061.26,self 20% + leftover
4255,block_0854,PDDPoS,node_0352,16326.49,285.32,16611.81,voter pd share
4256,block_0854,PDDPoS,node_0216,4449.23,57.65,4506.88,voter pd share
4257,block_0854,PDDPoS,node_0354,6245.01,130.05,6375.06,voter pd share
4258,block_0854,PDDPoS,node_0263,8683.79,258.97,8942.77,self 20% + leftover
4259,block_0855,PDDPoS,node_0357,6545.28,132.08,6677.37,voter pd share
4260,block_0855,PDDPoS,node_0393,584.59,15.79,600.39,voter pd share
4261,block_0855,PDDPoS,node_0399,3797.07,102.15,3899.23,voter pd share
4262,block_0855,PDDPoS,node_0082,1567.06,62.07,1629.14,voter pd share
4263,block_0855,PDDPoS,node_0421,10386.19,455.9,10842.09,self 20% + leftover
4264,block_0856,PDDPoS,node_0310,5033.04,47.24,5080.28,voter pd share
4265,block_0856,PDDPoS,node_0145,6762.46,74.21,6836.67,voter pd share
4266,block_0856,PDDPoS,node_0432,6271.77,108.49,6380.26,voter pd share
4267,block_0856,PDDPoS,node_0037,1030.65,1.43,1032.08,voter pd share
4268,block_0856,PDDPoS,node_0179,6795.09,111.49,6906.59,voter pd share
4269,block_0856,PDDPoS,node_0093,11169.25,317.14,11486.39,self 20% + leftover
4270,block_0857,PDDPoS,node_0111,10235.89,237.69,10473.58,voter pd share
4271,block_0857,PDDPoS,node_0027,2306.04,134.05,2440.09,voter pd share
4272,block_0857,PDDPoS,node_0143,254.0,13.13,267.13,voter pd share
4273,block_0857,PDDPoS,node_0185,5502.23,319.13,5821.36,self 20% + leftover
4274,block_0858,PDDPoS,node_0294,10790.51,124.46,10914.97,voter pd share
4275,block_0858,PDDPoS,node_0159,4891.62,80.81,4972.44,voter pd share
4276,block_0858,PDDPoS,node_0016,61.73,22.01,83.75,voter pd share
4277,block_0858,PDDPoS,node_0238,15781.76,361.71,16143.47,self 20% + leftover
4278,block_0859,PDDPoS,node_0058,5514.74,64.99,5579.73,voter pd share
4279,block_0859,PDDPoS,node_0343,11879.83,160.88,12040.71,voter pd share
4280,block_0859,PDDPoS,node_0191,10983.09,171.9,11154.99,voter pd share
4281,block_0859,PDDPoS,node_0495,8192.43,234.22,8426.66,self 20% + leftover
4282,block_0860,PDDPoS,node_0480,10454.59,181.42,10636.0,voter pd share
4283,block_0860,PDDPoS,node_0073,4039.1,80.97,4120.07,voter pd share
4284,block_0860,PDDPoS,node_0403,9377.31,180.73,9558.04,voter pd share
4285,block_0860,PDDPoS,node_0211,10907.77,298.88,11206.65,self 20% + leftover
4286,block_0861,PDDPoS,node_0359,1176.6,23.26,1199.86,voter pd share
4287,block_0861,PDDPoS,node_0137,6258.45,77.68,6336.13,voter pd share
4288,block_0861,PDDPoS,node_0181,2216.86,49.19,2266.05,voter pd share
4289,block_0861,PDDPoS,node_0091,669.62,27.92,697.54,voter pd share
4290,block_0861,PDDPoS,node_0320,2988.17,50.29,3038.46,voter pd share
4291,block_0861,PDDPoS,node_0035,4985.57,144.83,5130.4,voter pd share
4292,block_0861,PDDPoS,node_0277,13116.43,376.84,13493.27,self 20% + leftover
4293,block_0862,PDDPoS,node_0312,1614.97,28.87,1643.84,voter pd share
4294,block_0862,PDDPoS,node_0284,2455.79,26.81,2482.6,voter pd share
4295,block_0862,PDDPoS,node_0487,5390.43,135.89,5526.31,voter pd share
4296,block_0862,PDDPoS,node_0305,3337.68,72.82,3410.51,voter pd share
4297,block_0862,PDDPoS,node_0134,4778.18,188.14,4966.32,voter pd share
4298,block_0862,PDDPoS,node_0219,5387.24,314.47,5701.71,self 20% + leftover
4299,block_0863,PDDPoS,node_0315,6664.6,137.82,6802.41,voter pd share
4300,block_0863,PDDPoS,node_0463,6751.56,233.53,6985.09,voter pd share
4301,block_0863,PDDPoS,node_0121,5449.27,321.65,5770.92,self 20% + leftover
4302,block_0864,PDDPoS,node_0378,2016.13,28.98,2045.11,voter pd share
4303,block_0864,PDDPoS,node_0270,12539.31,128.69,12668.0,voter pd share
4304,block_0864,PDDPoS,node_0361,828.33,20.85,849.17,voter pd share
4305,block_0864,PDDPoS,node_0411,2279.54,45.57,2325.11,voter pd share
4306,block_0864,PDDPoS,node_0138,17299.89,354.92,17654.81,self 20% + leftover
4307,block_0865,PDDPoS,node_0338,1424.0,44.82,1468.82,voter pd share
4308,block_0865,PDDPoS,node_0122,3479.67,141.36,3621.03,voter pd share
4309,block_0865,PDDPoS,node_0449,5591.0,196.49,5787.49,voter pd share
4310,block_0865,PDDPoS,node_0292,7761.39,393.33,8154.72,self 20% + leftover
4311,block_0866,PDDPoS,node_0479,11431.48,199.82,11631.3,voter pd share
4312,block_0866,PDDPoS,node_0383,9237.89,186.12,9424.01,voter pd share
4313,block_0866,PDDPoS,node_0356,8685.83,367.05,9052.89,self 20% + leftover
4314,block_0867,PDDPoS,node_0316,10979.17,119.18,11098.34,voter pd share
4315,block_0867,PDDPoS,node_0147,9365.71,192.91,9558.62,voter pd share
4316,block_0867,PDDPoS,node_0440,11889.13,345.92,12235.04,self 20% + leftover
4317,block_0868,PDDPoS,node_0316,11047.34,114.11,11161.45,voter pd share
4318,block_0868,PDDPoS,node_0147,9558.62,184.7,9743.32,voter pd share
4319,block_0868,PDDPoS,node_0440,12214.04,331.2,12545.24,self 20% + leftover
4320,block_0869,PDDPoS,node_0098,12103.54,189.83,12293.37,voter pd share
4321,block_0869,PDDPoS,node_0424,10056.78,192.3,10249.07,voter pd share
4322,block_0869,PDDPoS,node_0210,4190.36,105.21,4295.57,voter pd share
4323,block_0869,PDDPoS,node_0096,5263.4,232.66,5496.06,self 20% + leftover
4324,block_0870,PDDPoS,node_0136,11200.51,123.71,11324.22,voter pd share
4325,block_0870,PDDPoS,node_0112,1216.98,40.37,1257.35,voter pd share
4326,block_0870,PDDPoS,node_0241,7767.12,180.47,7947.59,voter pd share
4327,block_0870,PDDPoS,node_0201,11877.34,328.46,12205.79,self 20% + leftover
4328,block_0871,PDDPoS,node_0119,5878.8,148.58,6027.38,voter pd share
4329,block_0871,PDDPoS,node_0375,7687.42,258.65,7946.07,voter pd share
4330,block_0871,PDDPoS,node_0387,9686.92,336.77,10023.7,self 20% + leftover
4331,block_0872,PDDPoS,node_0267,10346.88,163.3,10510.18,voter pd share
4332,block_0872,PDDPoS,node_0099,713.49,15.34,728.83,voter pd share
4333,block_0872,PDDPoS,node_0289,5977.55,126.32,6103.86,voter pd share
4334,block_0872,PDDPoS,node_0391,5705.48,118.53,5824.01,voter pd share
4335,block_0872,PDDPoS,node_0001,2058.49,188.52,2247.02,self 20% + leftover
4336,block_0873,PDDPoS,node_0452,446.61,1.36,447.98,voter pd share
4337,block_0873,PDDPoS,node_0239,7616.08,102.54,7718.63,voter pd share
4338,block_0873,PDDPoS,node_0048,8733.0,122.34,8855.34,voter pd share
4339,block_0873,PDDPoS,node_0254,8579.17,236.36,8815.53,voter pd share
4340,block_0873,PDDPoS,node_0199,1032.12,129.39,1161.51,self 20% + leftover
4341,block_0874,PDDPoS,node_0413,6868.88,88.37,6957.25,voter pd share
4342,block_0874,PDDPoS,node_0192,11839.7,159.14,11998.84,voter pd share
4343,block_0874,PDDPoS,node_0189,7657.83,164.97,7822.81,voter pd share
4344,block_0874,PDDPoS,node_0280,13784.83,336.51,14121.35,self 20% + leftover
4345,block_0875,PDDPoS,node_0388,7717.51,100.56,7818.07,voter pd share
4346,block_0875,PDDPoS,node_0076,4810.89,75.39,4886.28,voter pd share
4347,block_0875,PDDPoS,node_0266,6794.08,129.75,6923.83,voter pd share
4348,block_0875,PDDPoS,node_0011,99.1,5.13,104.22,voter pd share
4349,block_0875,PDDPoS,node_0188,3624.71,101.58,3726.29,voter pd share
4350,block_0875,PDDPoS,node_0237,800.01,109.6,909.6,self 20% + leftover
4351,block_0876,PDDPoS,node_0043,7175.93,60.85,7236.77,voter pd share
4352,block_0876,PDDPoS,node_0291,2589.11,44.01,2633.12,voter pd share
4353,block_0876,PDDPoS,node_0028,8407.32,127.75,8535.07,voter pd share
4354,block_0876,PDDPoS,node_0038,7685.5,146.46,7831.96,voter pd share
4355,block_0876,PDDPoS,node_0484,15355.06,336.94,15692.0,self 20% + leftover
4356,block_0877,PDDPoS,node_0476,7798.22,88.09,7886.3,voter pd share
4357,block_0877,PDDPoS,node_0157,9088.87,102.86,9191.73,voter pd share
4358,block_0877,PDDPoS,node_0097,7784.28,107.57,7891.84,voter pd share
4359,block_0877,PDDPoS,node_0311,14961.65,328.48,15290.13,self 20% + leftover
4360,block_0878,PDDPoS,node_0151,1955.47,23.12,1978.59,voter pd share
4361,block_0878,PDDPoS,node_0080,12644.69,163.94,12808.63,voter pd share
4362,block_0878,PDDPoS,node_0095,243.77,22.42,266.19,voter pd share
4363,block_0878,PDDPoS,node_0367,5372.13,98.73,5470.86,voter pd share
4364,block_0878,PDDPoS,node_0178,7728.81,159.02,7887.83,voter pd share
4365,block_0878,PDDPoS,node_0123,8508.95,301.77,8810.72,self 20% + leftover
4366,block_0879,PDDPoS,node_0243,4909.49,36.69,4946.18,voter pd share
4367,block_0879,PDDPoS,node_0488,7812.42,95.11,7907.54,voter pd share
4368,block_0879,PDDPoS,node_0445,10986.01,129.9,11115.91,voter pd share
4369,block_0879,PDDPoS,node_0416,9256.36,142.06,9398.42,voter pd share
4370,block_0879,PDDPoS,node_0381,7599.69,184.24,7783.93,self 20% + leftover
4371,block_0880,PDDPoS,node_0279,2201.7,26.15,2227.85,voter pd share
4372,block_0880,PDDPoS,node_0088,5583.34,60.08,5643.41,voter pd share
4373,block_0880,PDDPoS,node_0331,825.26,4.16,829.42,voter pd share
4374,block_0880,PDDPoS,node_0154,7345.84,108.38,7454.22,voter pd share
4375,block_0880,PDDPoS,node_0149,8124.86,142.94,8267.8,voter pd share
4376,block_0880,PDDPoS,node_0414,7702.46,143.59,7846.05,voter pd share
4377,block_0880,PDDPoS,node_0500,11004.84,286.7,11291.55,self 20% + leftover
4378,block_0881,PDDPoS,node_0169,4497.3,51.18,4548.48,voter pd share
4379,block_0881,PDDPoS,node_0010,4800.06,89.92,4889.97,voter pd share
4380,block_0881,PDDPoS,node_0012,7159.76,141.49,7301.24,voter pd share
4381,block_0881,PDDPoS,node_0285,8153.07,211.85,8364.92,voter pd share
4382,block_0881,PDDPoS,node_0461,5431.03,279.57,5710.6,self 20% + leftover
4383,block_0882,PDDPoS,node_0227,219.94,8.93,228.87,voter pd share
4384,block_0882,PDDPoS,node_0225,444.78,11.61,456.39,voter pd share
4385,block_0882,PDDPoS,node_0005,4919.5,109.06,5028.56,voter pd share
4386,block_0882,PDDPoS,node_0165,6726.57,187.39,6913.96,voter pd share
4387,block_0882,PDDPoS,node_0384,10094.08,452.0,10546.08,self 20% + leftover
4388,block_0883,PDDPoS,node_0427,1568.79,11.69,1580.48,voter pd share
4389,block_0883,PDDPoS,node_0447,9856.15,215.18,10071.33,voter pd share
4390,block_0883,PDDPoS,node_0003,16575.75,349.25,16925.0,voter pd share
4391,block_0883,PDDPoS,node_0045,1909.26,157.88,2067.14,self 20% + leftover
4392,block_0884,PDDPoS,node_0352,16398.81,296.63,16695.44,voter pd share
4393,block_0884,PDDPoS,node_0216,4573.88,59.94,4633.82,voter pd share
4394,block_0884,PDDPoS,node_0354,6315.06,135.2,6450.26,voter pd share
4395,block_0884,PDDPoS,node_0263,8839.77,269.23,9109.0,self 20% + leftover
4396,block_0885,PDDPoS,node_0357,7111.37,133.12,7244.48,voter pd share
4397,block_0885,PDDPoS,node_0393,666.39,15.92,682.3,voter pd share
4398,block_0885,PDDPoS,node_0399,3614.23,102.95,3717.18,voter pd share
4399,block_0885,PDDPoS,node_0082,1735.14,62.56,1797.7,voter pd share
4400,block_0885,PDDPoS,node_0421,11205.09,459.46,11664.55,self 20% + leftover
4401,block_0886,PDDPoS,node_0310,5155.28,42.94,5198.22,voter pd share
4402,block_0886,PDDPoS,node_0145,6661.67,67.47,6729.14,voter pd share
4403,block_0886,PDDPoS,node_0432,6719.26,98.63,6817.89,voter pd share
4404,block_0886,PDDPoS,node_0037,959.08,1.3,960.38,voter pd share
4405,block_0886,PDDPoS,node_0179,6824.59,101.36,6925.94,voter pd share
4406,block_0886,PDDPoS,node_0093,11712.39,288.31,12000.69,self 20% + leftover
4407,block_0887,PDDPoS,node_0111,10253.58,194.81,10448.39,voter pd share
4408,block_0887,PDDPoS,node_0027,2280.09,109.87,2389.96,voter pd share
4409,block_0887,PDDPoS,node_0143,228.13,10.76,238.89,voter pd share
4410,block_0887,PDDPoS,node_0185,5813.36,261.56,6074.92,self 20% + leftover
4411,block_0888,PDDPoS,node_0294,10795.97,144.96,10940.93,voter pd share
4412,block_0888,PDDPoS,node_0159,4412.44,94.12,4506.56,voter pd share
4413,block_0888,PDDPoS,node_0016,313.75,25.64,339.38,voter pd share
4414,block_0888,PDDPoS,node_0238,16383.47,421.28,16804.75,self 20% + leftover
4415,block_0889,PDDPoS,node_0058,5487.73,69.92,5557.65,voter pd share
4416,block_0889,PDDPoS,node_0343,12193.71,173.1,12366.82,voter pd share
4417,block_0889,PDDPoS,node_0191,11346.99,184.96,11531.95,voter pd share
4418,block_0889,PDDPoS,node_0495,8392.66,252.01,8644.67,self 20% + leftover
4419,block_0890,PDDPoS,node_0480,10442.0,142.05,10584.05,voter pd share
4420,block_0890,PDDPoS,node_0073,4190.07,63.4,4253.47,voter pd share
4421,block_0890,PDDPoS,node_0403,10053.04,141.52,10194.56,voter pd share
4422,block_0890,PDDPoS,node_0211,11525.65,234.03,11759.68,self 20% + leftover
4423,block_0891,PDDPoS,node_0359,1283.86,23.1,1306.96,voter pd share
4424,block_0891,PDDPoS,node_0137,6174.13,77.16,6251.28,voter pd share
4425,block_0891,PDDPoS,node_0181,2301.05,48.86,2349.91,voter pd share
4426,block_0891,PDDPoS,node_0091,717.54,27.73,745.28,voter pd share
4427,block_0891,PDDPoS,node_0320,3126.46,49.95,3176.42,voter pd share
4428,block_0891,PDDPoS,node_0035,4978.4,143.87,5122.26,voter pd share
4429,block_0891,PDDPoS,node_0277,13525.27,374.33,13899.6,self 20% + leftover
4430,block_0892,PDDPoS,node_0312,1539.84,28.04,1567.88,voter pd share
4431,block_0892,PDDPoS,node_0284,2265.6,26.04,2291.65,voter pd share
4432,block_0892,PDDPoS,node_0487,4631.31,131.99,4763.3,voter pd share
4433,block_0892,PDDPoS,node_0305,3652.51,70.73,3723.24,voter pd share
4434,block_0892,PDDPoS,node_0134,4697.32,182.74,4880.06,voter pd share
4435,block_0892,PDDPoS,node_0219,5407.71,305.45,5713.16,self 20% + leftover
4436,block_0893,PDDPoS,node_0315,6701.41,148.16,6849.57,voter pd share
4437,block_0893,PDDPoS,node_0463,7442.09,251.06,7693.14,voter pd share
4438,block_0893,PDDPoS,node_0121,5756.92,345.79,6102.7,self 20% + leftover
4439,block_0894,PDDPoS,node_0378,1978.11,38.38,2016.49,voter pd share
4440,block_0894,PDDPoS,node_0270,12698.0,170.47,12868.47,voter pd share
4441,block_0894,PDDPoS,node_0361,354.17,27.62,381.79,voter pd share
4442,block_0894,PDDPoS,node_0411,2314.11,60.36,2374.48,voter pd share
4443,block_0894,PDDPoS,node_0138,17592.81,470.16,18062.97,self 20% + leftover
4444,block_0895,PDDPoS,node_0338,1049.82,43.03,1092.85,voter pd share
4445,block_0895,PDDPoS,node_0122,3826.03,135.71,3961.74,voter pd share
4446,block_0895,PDDPoS,node_0449,5808.49,188.64,5997.14,voter pd share
4447,block_0895,PDDPoS,node_0292,8172.72,377.61,8550.33,self 20% + leftover
4448,block_0896,PDDPoS,node_0479,11721.3,202.21,11923.51,voter pd share
4449,block_0896,PDDPoS,node_0383,9719.01,188.35,9907.36,voter pd share
4450,block_0896,PDDPoS,node_0356,8886.89,371.44,9258.33,self 20% + leftover
4451,block_0897,PDDPoS,node_0054,2013.33,35.9,2049.23,voter pd share
4452,block_0897,PDDPoS,node_0220,3689.25,120.6,3809.86,voter pd share
4453,block_0897,PDDPoS,node_0030,12636.84,411.5,13048.34,self 20% + leftover
4454,block_0898,PDDPoS,node_0316,11244.45,140.55,11385.0,voter pd share
4455,block_0898,PDDPoS,node_0147,9452.32,227.5,9679.82,voter pd share
4456,block_0898,PDDPoS,node_0440,12203.24,407.95,12611.19,self 20% + leftover
4457,block_0899,PDDPoS,node_0098,12370.37,204.59,12574.96,voter pd share
4458,block_0899,PDDPoS,node_0424,9784.07,207.25,9991.33,voter pd share
4459,block_0899,PDDPoS,node_0210,4298.57,113.4,4411.97,voter pd share
4460,block_0899,PDDPoS,node_0096,5223.06,250.75,5473.82,self 20% + leftover
4461,block_0900,PDDPoS,node_0136,11339.22,132.71,11471.93,voter pd share
4462,block_0900,PDDPoS,node_0112,1263.35,43.31,1306.65,voter pd share
4463,block_0900,PDDPoS,node_0241,7887.59,193.61,8081.2,voter pd share
4464,block_0900,PDDPoS,node_0201,12253.79,352.37,12606.16,self 20% + leftover
4465,block_0901,PDDPoS,node_0400,1901.42,26.99,1928.42,voter pd share
4466,block_0901,PDDPoS,node_0130,2055.0,27.87,2082.87,voter pd share
4467,block_0901,PDDPoS,node_0094,8153.37,129.0,8282.37,voter pd share
4468,block_0901,PDDPoS,node_0230,8778.09,141.58,8919.67,voter pd share
4469,block_0901,PDDPoS,node_0176,21.0,0.37,21.37,voter pd share
4470,block_0901,PDDPoS,node_0172,11194.92,200.72,11395.64,voter pd share
4471,block_0901,PDDPoS,node_0255,7023.05,245.47,7268.52,self 20% + leftover
4472,block_0902,PDDPoS,node_0093,11926.69,139.21,12065.9,voter pd share
4473,block_0902,PDDPoS,node_0448,12948.99,153.89,13102.88,voter pd share
4474,block_0902,PDDPoS,node_0277,13945.6,330.9,14276.5,self 20% + leftover
4475,block_0001,DPoS,node_0009,7002.0,42.59,7044.59,voter pd share
4476,block_0001,DPoS,node_0038,5651.0,34.34,5685.34,voter pd share
4477,block_0001,DPoS,node_0118,3772.0,22.56,3794.56,voter pd share
4478,block_0001,DPoS,node_0147,7834.0,47.84,7881.84,voter pd share
4479,block_0001,DPoS,node_0221,5087.0,30.98,5117.98,voter pd share
4480,block_0001,DPoS,node_0238,9120.0,56.14,9176.14,voter pd share
4481,block_0001,DPoS,node_0244,2558.0,16.02,2574.02,voter pd share
4482,block_0001,DPoS,node_0265,6783.0,41.49,6824.49,voter pd share
4483,block_0001,DPoS,node_0327,3603.0,22.22,3625.22,voter pd share
4484,block_0001,DPoS,node_0351,6450.0,39.19,6489.19,voter pd share
4485,block_0001,DPoS,node_0419,2356.0,14.03,2370.03,voter pd share
4486,block_0001,DPoS,node_0436,3956.0,23.94,3979.94,voter pd share
4487,block_0001,DPoS,node_0315,7595.0,155.68,7750.68,self 20% + leftover
4488,block_0002,DPoS,node_0028,7532.0,54.26,7586.26,voter pd share
4489,block_0002,DPoS,node_0125,2939.0,21.33,2960.33,voter pd share
4490,block_0002,DPoS,node_0166,6843.0,49.21,6892.21,voter pd share
4491,block_0002,DPoS,node_0196,9813.0,70.9,9883.9,voter pd share
4492,block_0002,DPoS,node_0215,7448.0,53.01,7501.01,voter pd share
4493,block_0002,DPoS,node_0290,7481.0,53.85,7534.85,voter pd share
4494,block_0002,DPoS,node_0291,3998.0,28.41,4026.41,voter pd share
4495,block_0002,DPoS,node_0322,9407.0,67.89,9474.89,voter pd share
4496,block_0002,DPoS,node_0382,2093.0,15.18,2108.18,voter pd share
4497,block_0002,DPoS,node_0409,2724.0,18.84,2742.84,voter pd share
4498,block_0002,DPoS,node_0303,8839.0,188.12,9027.12,self 20% + leftover
4499,block_0003,DPoS,node_0044,9903.0,73.78,9976.78,voter pd share
4500,block_0003,DPoS,node_0056,9716.0,72.49,9788.49,voter pd share
4501,block_0003,DPoS,node_0229,9023.0,68.19,9091.19,voter pd share
4502,block_0003,DPoS,node_0256,7207.0,54.02,7261.02,voter pd share
4503,block_0003,DPoS,node_0286,17.0,0.69,17.69,voter pd share
4504,block_0003,DPoS,node_0295,8306.0,61.93,8367.93,voter pd share
4505,block_0003,DPoS,node_0381,5362.0,39.85,5401.85,voter pd share
4506,block_0003,DPoS,node_0483,6102.0,45.86,6147.86,voter pd share
4507,block_0003,DPoS,node_0003,9010.0,188.21,9198.21,self 20% + leftover
4508,block_0004,DPoS,node_0043,8956.0,64.08,9020.08,voter pd share
4509,block_0004,DPoS,node_0053,7308.0,52.11,7360.11,voter pd share
4510,block_0004,DPoS,node_0068,2948.0,22.04,2970.04,voter pd share
4511,block_0004,DPoS,node_0115,6903.0,49.0,6952.0,voter pd share
4512,block_0004,DPoS,node_0143,1609.0,10.38,1619.38,voter pd share
4513,block_0004,DPoS,node_0330,9468.0,68.83,9536.83,voter pd share
4514,block_0004,DPoS,node_0440,9236.0,67.05,9303.05,voter pd share
4515,block_0004,DPoS,node_0474,7337.0,52.06,7389.06,voter pd share
4516,block_0004,DPoS,node_0403,5153.0,142.46,5295.46,self 20% + leftover
4517,block_0005,DPoS,node_0090,1159.0,15.5,1174.5,voter pd share
4518,block_0005,DPoS,node_0122,4569.0,57.33,4626.33,voter pd share
4519,block_0005,DPoS,node_0150,2398.0,30.59,2428.59,voter pd share
4520,block_0005,DPoS,node_0154,7418.0,93.35,7511.35,voter pd share
4521,block_0005,DPoS,node_0174,2144.0,26.55,2170.55,voter pd share
4522,block_0005,DPoS,node_0226,3520.0,46.84,3566.84,voter pd share
4523,block_0005,DPoS,node_0246,9847.0,121.26,9968.26,voter pd share
4524,block_0005,DPoS,node_0299,2547.0,31.98,2578.98,voter pd share
4525,block_0005,DPoS,node_0318,9640.0,119.98,9759.98,voter pd share
4526,block_0005,DPoS,node_0361,1688.0,19.23,1707.23,voter pd share
4527,block_0005,DPoS,node_0395,2008.0,25.45,2033.45,voter pd share
4528,block_0005,DPoS,node_0039,2592.0,187.95,2779.95,self 20% + leftover
4529,block_0006,DPoS,node_0023,9167.0,108.92,9275.92,voter pd share
4530,block_0006,DPoS,node_0261,4576.0,54.69,4630.69,voter pd share
4531,block_0006,DPoS,node_0292,6889.0,80.49,6969.49,voter pd share
4532,block_0006,DPoS,node_0371,9779.0,115.11,9894.11,voter pd share
4533,block_0006,DPoS,node_0391,6099.0,73.39,6172.39,voter pd share
4534,block_0006,DPoS,node_0460,5377.0,65.42,5442.42,voter pd share
4535,block_0006,DPoS,node_0336,4805.0,196.99,5001.99,self 20% + leftover
4536,block_0007,DPoS,node_0035,6309.0,75.5,6384.5,voter pd share
4537,block_0007,DPoS,node_0121,6832.0,78.8,6910.8,voter pd share
4538,block_0007,DPoS,node_0128,7169.0,86.24,7255.24,voter pd share
4539,block_0007,DPoS,node_0149,6424.0,75.96,6499.96,voter pd share
4540,block_0007,DPoS,node_0237,1334.0,17.31,1351.31,voter pd share
4541,block_0007,DPoS,node_0355,711.0,7.02,718.02,voter pd share
4542,block_0007,DPoS,node_0369,1887.0,22.17,1909.17,voter pd share
4543,block_0007,DPoS,node_0375,8561.0,101.32,8662.32,voter pd share
4544,block_0007,DPoS,node_0427,364.0,4.68,368.68,voter pd share
4545,block_0007,DPoS,node_0481,3413.0,39.78,3452.78,voter pd share
4546,block_0007,DPoS,node_0103,4331.0,192.2,4523.2,self 20% + leftover
4547,block_0008,DPoS,node_0100,8321.0,120.12,8441.12,voter pd share
4548,block_0008,DPoS,node_0263,5778.0,82.92,5860.92,voter pd share
4549,block_0008,DPoS,node_0339,6677.0,94.61,6771.61,voter pd share
4550,block_0008,DPoS,node_0358,9011.0,129.35,9140.35,voter pd share
4551,block_0008,DPoS,node_0404,214.0,2.16,216.16,voter pd share
4552,block_0008,DPoS,node_0432,5570.0,80.93,5650.93,voter pd share
4553,block_0008,DPoS,node_0442,7429.0,266.9,7695.9,self 20% + leftover
4554,block_0009,DPoS,node_0076,4450.0,68.65,4518.65,voter pd share
4555,block_0009,DPoS,node_0107,9623.0,139.45,9762.45,voter pd share
4556,block_0009,DPoS,node_0145,5030.0,74.64,5104.64,voter pd share
4557,block_0009,DPoS,node_0207,7443.0,111.39,7554.39,voter pd share
4558,block_0009,DPoS,node_0212,1431.0,21.11,1452.11,voter pd share
4559,block_0009,DPoS,node_0344,1867.0,26.53,1893.53,voter pd share
4560,block_0009,DPoS,node_0454,7120.0,105.37,7225.37,voter pd share
4561,block_0009,DPoS,node_0463,5226.0,229.85,5455.85,self 20% + leftover
4562,block_0010,DPoS,node_0191,9482.0,139.39,9621.39,voter pd share
4563,block_0010,DPoS,node_0280,8360.0,122.65,8482.65,voter pd share
4564,block_0010,DPoS,node_0431,8694.0,126.27,8820.27,voter pd share
4565,block_0010,DPoS,node_0453,612.0,10.11,622.11,voter pd share
4566,block_0010,DPoS,node_0465,6782.0,102.18,6884.18,voter pd share
4567,block_0010,DPoS,node_0473,3039.0,44.05,3083.05,voter pd share
4568,block_0010,DPoS,node_0450,5223.0,233.36,5456.36,self 20% + leftover
4569,block_0011,DPoS,node_0007,3554.0,45.62,3599.62,voter pd share
4570,block_0011,DPoS,node_0015,5921.0,74.46,5995.46,voter pd share
4571,block_0011,DPoS,node_0062,3140.0,39.49,3179.49,voter pd share
4572,block_0011,DPoS,node_0161,4712.0,58.96,4770.96,voter pd share
4573,block_0011,DPoS,node_0162,5288.0,65.9,5353.9,voter pd share
4574,block_0011,DPoS,node_0234,1785.0,23.92,1808.92,voter pd share
4575,block_0011,DPoS,node_0282,7871.0,93.88,7964.88,voter pd share
4576,block_0011,DPoS,node_0310,2410.0,30.35,2440.35,voter pd share
4577,block_0011,DPoS,node_0452,1258.0,17.83,1275.83,voter pd share
4578,block_0011,DPoS,node_0383,6032.0,210.59,6242.59,self 20% + leftover
4579,block_0012,DPoS,node_0030,9794.0,144.63,9938.63,voter pd share
4580,block_0012,DPoS,node_0073,3564.0,53.36,3617.36,voter pd share
4581,block_0012,DPoS,node_0098,9855.0,149.62,10004.62,voter pd share
4582,block_0012,DPoS,node_0117,6465.0,94.9,6559.9,voter pd share
4583,block_0012,DPoS,node_0254,7224.0,108.84,7332.84,voter pd share
4584,block_0012,DPoS,node_0298,311.0,4.52,315.52,voter pd share
4585,block_0012,DPoS,node_0086,4475.0,220.13,4695.13,self 20% + leftover
4586,block_0013,DPoS,node_0037,1780.0,29.29,1809.29,voter pd share
4587,block_0013,DPoS,node_0079,4898.0,78.89,4976.89,voter pd share
4588,block_0013,DPoS,node_0114,6650.0,103.47,6753.47,voter pd share
4589,block_0013,DPoS,node_0183,5659.0,87.93,5746.93,voter pd share
4590,block_0013,DPoS,node_0214,7552.0,119.36,7671.36,voter pd share
4591,block_0013,DPoS,node_0384,7347.0,113.78,7460.78,voter pd share
4592,block_0013,DPoS,node_0443,4235.0,69.18,4304.18,voter pd share
4593,block_0013,DPoS,node_0194,1527.0,175.09,1702.09,self 20% + leftover
4594,block_0014,DPoS,node_0167,6424.0,74.68,6498.68,voter pd share
4595,block_0014,DPoS,node_0182,276.0,4.26,280.26,voter pd share
4596,block_0014,DPoS,node_0250,7029.0,81.47,7110.47,voter pd share
4597,block_0014,DPoS,node_0311,9093.0,108.26,9201.26,voter pd share
4598,block_0014,DPoS,node_0365,9699.0,112.15,9811.15,voter pd share
4599,block_0014,DPoS,node_0415,5647.0,66.25,5713.25,voter pd share
4600,block_0014,DPoS,node_0498,1846.0,138.93,1984.93,self 20% + leftover
4601,block_0015,DPoS,node_0075,4663.0,69.05,4732.05,voter pd share
4602,block_0015,DPoS,node_0085,6774.0,108.69,6882.69,voter pd share
4603,block_0015,DPoS,node_0230,8043.0,127.14,8170.14,voter pd share
4604,block_0015,DPoS,node_0334,8742.0,137.43,8879.43,voter pd share
4605,block_0015,DPoS,node_0417,639.0,12.48,651.48,voter pd share
4606,block_0015,DPoS,node_0428,7772.0,119.22,7891.22,voter pd share
4607,block_0015,DPoS,node_0209,3060.0,202.99,3262.99,self 20% + leftover
4608,block_0016,DPoS,node_0129,6374.0,104.71,6478.71,voter pd share
4609,block_0016,DPoS,node_0220,5730.0,95.7,5825.7,voter pd share
4610,block_0016,DPoS,node_0240,5214.0,81.0,5295.0,voter pd share
4611,block_0016,DPoS,node_0268,5181.0,88.0,5269.0,voter pd share
4612,block_0016,DPoS,node_0379,7438.0,115.79,7553.79,voter pd share
4613,block_0016,DPoS,node_0423,1267.0,20.25,1287.25,voter pd share
4614,block_0016,DPoS,node_0421,7156.0,272.55,7428.55,self 20% + leftover
4615,block_0017,DPoS,node_0164,2467.0,42.42,2509.42,voter pd share
4616,block_0017,DPoS,node_0211,9314.0,152.14,9466.14,voter pd share
4617,block_0017,DPoS,node_0260,7874.0,128.91,8002.91,voter pd share
4618,block_0017,DPoS,node_0401,7016.0,117.65,7133.65,voter pd share
4619,block_0017,DPoS,node_0444,8472.0,138.95,8610.95,voter pd share
4620,block_0017,DPoS,node_0497,2361.0,196.93,2557.93,self 20% + leftover
4621,block_0018,DPoS,node_0099,3257.0,47.3,3304.3,voter pd share
4622,block_0018,DPoS,node_0208,5477.0,77.7,5554.7,voter pd share
4623,block_0018,DPoS,node_0217,4996.0,70.79,5066.79,voter pd share
4624,block_0018,DPoS,node_0224,4507.0,64.0,4571.0,voter pd share
4625,block_0018,DPoS,node_0278,1963.0,26.66,1989.66,voter pd share
4626,block_0018,DPoS,node_0288,2548.0,34.71,2582.71,voter pd share
4627,block_0018,DPoS,node_0490,3782.0,54.66,3836.66,voter pd share
4628,block_0018,DPoS,node_0333,8474.0,249.18,8723.18,self 20% + leftover
4629,block_0019,DPoS,node_0014,6245.0,108.84,6353.84,voter pd share
4630,block_0019,DPoS,node_0198,1323.0,20.53,1343.53,voter pd share
4631,block_0019,DPoS,node_0218,7585.0,135.87,7720.87,voter pd share
4632,block_0019,DPoS,node_0241,5016.0,87.98,5103.98,voter pd share
4633,block_0019,DPoS,node_0320,2992.0,57.69,3049.69,voter pd share
4634,block_0019,DPoS,node_0414,4473.0,78.79,4551.79,voter pd share
4635,block_0019,DPoS,node_0493,2340.0,42.52,2382.52,voter pd share
4636,block_0019,DPoS,node_0425,5336.0,245.78,5581.78,self 20% + leftover
4637,block_0020,DPoS,node_0055,5951.0,81.96,6032.96,voter pd share
4638,block_0020,DPoS,node_0138,9166.0,137.46,9303.46,voter pd share
4639,block_0020,DPoS,node_0202,2894.0,43.04,2937.04,voter pd share
4640,block_0020,DPoS,node_0243,3316.0,51.43,3367.43,voter pd share
4641,block_0020,DPoS,node_0272,7214.0,106.93,7320.93,voter pd share
4642,block_0020,DPoS,node_0500,6547.0,232.19,6779.19,self 20% + leftover
4643,block_0021,DPoS,node_0087,3928.0,69.52,3997.52,voter pd share
4644,block_0021,DPoS,node_0101,1914.0,27.42,1941.42,voter pd share
4645,block_0021,DPoS,node_0219,7030.0,123.26,7153.26,voter pd share
4646,block_0021,DPoS,node_0281,8206.0,139.65,8345.65,voter pd share
4647,block_0021,DPoS,node_0302,5293.0,91.95,5384.95,voter pd share
4648,block_0021,DPoS,node_0352,9634.0,325.2,9959.2,self 20% + leftover
4649,block_0022,DPoS,node_0171,8330.0,98.89,8428.89,voter pd share
4650,block_0022,DPoS,node_0270,8842.0,109.83,8951.83,voter pd share
4651,block_0022,DPoS,node_0364,1077.0,14.42,1091.42,voter pd share
4652,block_0022,DPoS,node_0447,9384.0,120.2,9504.2,voter pd share
4653,block_0022,DPoS,node_0486,7654.0,199.65,7853.65,self 20% + leftover
4654,block_0023,DPoS,node_0169,5796.0,92.46,5888.46,voter pd share
4655,block_0023,DPoS,node_0232,7086.0,115.57,7201.57,voter pd share
4656,block_0023,DPoS,node_0233,4294.0,66.58,4360.58,voter pd share
4657,block_0023,DPoS,node_0410,9164.0,148.7,9312.7,voter pd share
4658,block_0023,DPoS,node_0494,7770.0,260.7,8030.7,self 20% + leftover
4659,block_0024,DPoS,node_0054,2171.0,36.86,2207.86,voter pd share
4660,block_0024,DPoS,node_0156,7357.0,132.44,7489.44,voter pd share
4661,block_0024,DPoS,node_0210,4449.0,77.67,4526.67,voter pd share
4662,block_0024,DPoS,node_0225,2216.0,30.78,2246.78,voter pd share
4663,block_0024,DPoS,node_0255,6313.0,120.52,6433.52,voter pd share
4664,block_0024,DPoS,node_0439,7628.0,138.78,7766.78,voter pd share
4665,block_0024,DPoS,node_0459,4829.0,240.95,5069.95,self 20% + leftover
4666,block_0025,DPoS,node_0116,4614.0,68.23,4682.23,voter pd share
4667,block_0025,DPoS,node_0316,7786.0,118.4,7904.4,voter pd share
4668,block_0025,DPoS,node_0374,7854.0,121.17,7975.17,voter pd share
4669,block_0025,DPoS,node_0441,5184.0,80.69,5264.69,voter pd share
4670,block_0025,DPoS,node_0482,3947.0,63.98,4010.98,voter pd share
4671,block_0025,DPoS,node_0120,3593.0,184.53,3777.53,self 20% + leftover
4672,block_0026,DPoS,node_0108,2090.0,40.13,2130.13,voter pd share
4673,block_0026,DPoS,node_0142,8274.0,158.15,8432.15,voter pd share
4674,block_0026,DPoS,node_0151,1882.0,33.71,1915.71,voter pd share
4675,block_0026,DPoS,node_0152,2913.0,55.02,2968.02,voter pd share
4676,block_0026,DPoS,node_0249,4049.0,82.3,4131.3,voter pd share
4677,block_0026,DPoS,node_0405,8794.0,175.1,8969.1,voter pd share
4678,block_0026,DPoS,node_0475,4270.0,228.58,4498.58,self 20% + leftover
4679,block_0027,DPoS,node_0011,1470.0,32.84,1502.84,voter pd share
4680,block_0027,DPoS,node_0024,816.0,18.4,834.4,voter pd share
4681,block_0027,DPoS,node_0134,5004.0,94.67,5098.67,voter pd share
4682,block_0027,DPoS,node_0177,7840.0,145.04,7985.04,voter pd share
4683,block_0027,DPoS,node_0235,7885.0,154.41,8039.41,voter pd share
4684,block_0027,DPoS,node_0412,1580.0,26.4,1606.4,voter pd share
4685,block_0027,DPoS,node_0479,7376.0,299.24,7675.24,self 20% + leftover
4686,block_0028,DPoS,node_0066,1574.0,32.65,1606.65,voter pd share
4687,block_0028,DPoS,node_0074,2693.0,48.74,2741.74,voter pd share
4688,block_0028,DPoS,node_0373,8379.0,153.82,8532.82,voter pd share
4689,block_0028,DPoS,node_0448,9949.0,169.6,10118.6,voter pd share
4690,block_0028,DPoS,node_0067,9265.0,297.19,9562.19,self 20% + leftover
4691,block_0029,DPoS,node_0066,1572.65,36.18,1608.83,voter pd share
4692,block_0029,DPoS,node_0074,2799.74,54.02,2853.76,voter pd share
4693,block_0029,DPoS,node_0373,8522.82,170.48,8693.3,voter pd share
4694,block_0029,DPoS,node_0448,10175.6,187.96,10363.56,voter pd share
4695,block_0029,DPoS,node_0067,9537.19,329.36,9866.55,self 20% + leftover
4696,block_0030,DPoS,node_0017,1136.0,23.03,1159.03,voter pd share
4697,block_0030,DPoS,node_0061,4032.0,68.41,4100.41,voter pd share
4698,block_0030,DPoS,node_0172,7726.0,135.87,7861.87,voter pd share
4699,block_0030,DPoS,node_0346,3890.0,62.39,3952.39,voter pd share
4700,block_0030,DPoS,node_0433,1056.0,22.08,1078.08,voter pd share
4701,block_0030,DPoS,node_0438,1036.0,21.79,1057.79,voter pd share
4702,block_0030,DPoS,node_0462,2224.0,36.69,2260.69,voter pd share
4703,block_0030,DPoS,node_0192,9512.0,293.74,9805.74,self 20% + leftover
4704,block_0031,DPoS,node_0009,7158.59,51.62,7210.21,voter pd share
4705,block_0031,DPoS,node_0038,5581.34,41.62,5622.96,voter pd share
4706,block_0031,DPoS,node_0118,3443.56,27.34,3470.9,voter pd share
4707,block_0031,DPoS,node_0147,7743.84,57.98,7801.82,voter pd share
4708,block_0031,DPoS,node_0221,5102.98,37.55,5140.53,voter pd share
4709,block_0031,DPoS,node_0238,9406.14,68.04,9474.18,voter pd share
4710,block_0031,DPoS,node_0244,2740.02,19.41,2759.43,voter pd share
4711,block_0031,DPoS,node_0265,6702.49,50.29,6752.77,voter pd share
4712,block_0031,DPoS,node_0327,3734.22,26.93,3761.14,voter pd share
4713,block_0031,DPoS,node_0351,6228.19,47.5,6275.68,voter pd share
4714,block_0031,DPoS,node_0419,2720.03,17.01,2737.04,voter pd share
4715,block_0031,DPoS,node_0436,4506.94,29.02,4535.97,voter pd share
4716,block_0031,DPoS,node_0315,7226.68,188.7,7415.38,self 20% + leftover
4717,block_0032,DPoS,node_0028,7572.26,53.65,7625.91,voter pd share
4718,block_0032,DPoS,node_0125,2749.33,21.09,2770.43,voter pd share
4719,block_0032,DPoS,node_0166,6978.21,48.65,7026.86,voter pd share
4720,block_0032,DPoS,node_0196,9790.9,70.1,9861.0,voter pd share
4721,block_0032,DPoS,node_0215,7592.01,52.41,7644.42,voter pd share
4722,block_0032,DPoS,node_0290,8271.85,53.25,8325.1,voter pd share
4723,block_0032,DPoS,node_0291,3850.41,28.09,3878.5,voter pd share
4724,block_0032,DPoS,node_0322,9452.89,67.12,9520.01,voter pd share
4725,block_0032,DPoS,node_0382,1816.18,15.01,1831.19,voter pd share
4726,block_0032,DPoS,node_0409,2960.84,18.63,2979.48,voter pd share
4727,block_0032,DPoS,node_0303,8774.12,186.0,8960.12,self 20% + leftover
4728,block_0033,DPoS,node_0044,9964.78,94.75,10059.52,voter pd share
4729,block_0033,DPoS,node_0056,9912.49,93.1,10005.59,voter pd share
4730,block_0033,DPoS,node_0229,8830.19,87.57,8917.76,voter pd share
4731,block_0033,DPoS,node_0256,7132.02,69.38,7201.4,voter pd share
4732,block_0033,DPoS,node_0286,307.69,0.88,308.57,voter pd share
4733,block_0033,DPoS,node_0295,7997.93,79.53,8077.46,voter pd share
4734,block_0033,DPoS,node_0381,5070.85,51.17,5122.02,voter pd share
4735,block_0033,DPoS,node_0483,5778.86,58.9,5837.76,voter pd share
4736,block_0033,DPoS,node_0003,9354.21,241.71,9595.92,self 20% + leftover
4737,block_0034,DPoS,node_0043,8533.08,73.43,8606.51,voter pd share
4738,block_0034,DPoS,node_0053,7872.11,59.71,7931.82,voter pd share
4739,block_0034,DPoS,node_0068,3071.04,25.25,3096.29,voter pd share
4740,block_0034,DPoS,node_0115,6842.0,56.14,6898.14,voter pd share
4741,block_0034,DPoS,node_0143,1967.38,11.89,1979.27,voter pd share
4742,block_0034,DPoS,node_0330,9734.83,78.86,9813.69,voter pd share
4743,block_0034,DPoS,node_0440,9234.05,76.82,9310.87,voter pd share
4744,block_0034,DPoS,node_0474,7297.06,59.65,7356.72,voter pd share
4745,block_0034,DPoS,node_0403,5408.46,163.24,5571.7,self 20% + leftover
4746,block_0035,DPoS,node_0090,1455.5,11.33,1466.83,voter pd share
4747,block_0035,DPoS,node_0122,4164.33,41.89,4206.21,voter pd share
4748,block_0035,DPoS,node_0150,2582.59,22.35,2604.94,voter pd share
4749,block_0035,DPoS,node_0154,7492.35,68.21,7560.55,voter pd share
4750,block_0035,DPoS,node_0174,2295.55,19.4,2314.95,voter pd share
4751,block_0035,DPoS,node_0226,3294.84,34.22,3329.06,voter pd share
4752,block_0035,DPoS,node_0246,9980.26,88.6,10068.86,voter pd share
4753,block_0035,DPoS,node_0299,2536.98,23.37,2560.35,voter pd share
4754,block_0035,DPoS,node_0318,9809.98,87.67,9897.65,voter pd share
4755,block_0035,DPoS,node_0361,1580.23,14.05,1594.29,voter pd share
4756,block_0035,DPoS,node_0395,2250.45,18.59,2269.04,voter pd share
4757,block_0035,DPoS,node_0039,3108.95,137.33,3246.28,self 20% + leftover
4758,block_0036,DPoS,node_0023,9166.92,120.04,9286.96,voter pd share
4759,block_0036,DPoS,node_0261,4945.69,60.28,5005.97,voter pd share
4760,block_0036,DPoS,node_0292,7370.49,88.71,7459.19,voter pd share
4761,block_0036,DPoS,node_0371,9739.11,126.87,9865.99,voter pd share
4762,block_0036,DPoS,node_0391,5785.39,80.88,5866.27,voter pd share
4763,block_0036,DPoS,node_0460,6131.42,72.1,6203.52,voter pd share
4764,block_0036,DPoS,node_0336,4792.99,217.11,5010.1,self 20% + leftover
4765,block_0037,DPoS,node_0035,6208.5,66.02,6274.51,voter pd share
4766,block_0037,DPoS,node_0121,7016.8,68.91,7085.71,voter pd share
4767,block_0037,DPoS,node_0128,7039.24,75.41,7114.66,voter pd share
4768,block_0037,DPoS,node_0149,6797.96,66.43,6864.39,voter pd share
4769,block_0037,DPoS,node_0237,1529.31,15.14,1544.45,voter pd share
4770,block_0037,DPoS,node_0355,494.02,6.14,500.16,voter pd share
4771,block_0037,DPoS,node_0369,1917.17,19.39,1936.56,voter pd share
4772,block_0037,DPoS,node_0375,8809.32,88.6,8897.93,voter pd share
4773,block_0037,DPoS,node_0427,392.68,4.1,396.78,voter pd share
4774,block_0037,DPoS,node_0481,3933.78,34.79,3968.57,voter pd share
4775,block_0037,DPoS,node_0103,4537.2,168.08,4705.28,self 20% + leftover
4776,block_0038,DPoS,node_0100,8164.12,115.02,8279.15,voter pd share
4777,block_0038,DPoS,node_0263,6171.92,79.4,6251.32,voter pd share
4778,block_0038,DPoS,node_0339,6681.61,90.6,6772.21,voter pd share
4779,block_0038,DPoS,node_0358,8973.35,123.86,9097.21,voter pd share
4780,block_0038,DPoS,node_0404,186.16,2.07,188.23,voter pd share
4781,block_0038,DPoS,node_0432,5855.93,77.49,5933.42,voter pd share
4782,block_0038,DPoS,node_0442,8136.9,255.56,8392.46,self 20% + leftover
4783,block_0039,DPoS,node_0076,4441.65,66.89,4508.54,voter pd share
4784,block_0039,DPoS,node_0107,9659.45,135.86,9795.3,voter pd share
4785,block_0039,DPoS,node_0145,5135.64,72.72,5208.37,voter pd share
4786,block_0039,DPoS,node_0207,7580.39,108.52,7688.92,voter pd share
4787,block_0039,DPoS,node_0212,1506.11,20.56,1526.67,voter pd share
4788,block_0039,DPoS,node_0344,1754.53,25.85,1780.37,voter pd share
4789,block_0039,DPoS,node_0454,7355.37,102.66,7458.03,voter pd share
4790,block_0039,DPoS,node_0463,5164.85,223.94,5388.79,self 20% + leftover
4791,block_0040,DPoS,node_0191,9643.39,139.21,9782.59,voter pd share
4792,block_0040,DPoS,node_0280,8212.65,122.5,8335.15,voter pd share
4793,block_0040,DPoS,node_0431,8568.27,126.1,8694.37,voter pd share
4794,block_0040,DPoS,node_0453,606.11,10.09,616.2,voter pd share
4795,block_0040,DPoS,node_0465,7003.18,102.05,7105.23,voter pd share
4796,block_0040,DPoS,node_0473,3338.05,43.99,3382.04,voter pd share
4797,block_0040,DPoS,node_0450,5493.36,233.06,5726.42,self 20% + leftover
4798,block_0041,DPoS,node_0007,3643.62,53.42,3697.05,voter pd share
4799,block_0041,DPoS,node_0015,5894.46,87.19,5981.65,voter pd share
4800,block_0041,DPoS,node_0062,3317.49,46.24,3363.74,voter pd share
4801,block_0041,DPoS,node_0161,4964.96,69.04,5034.0,voter pd share
4802,block_0041,DPoS,node_0162,5210.9,77.17,5288.07,voter pd share
4803,block_0041,DPoS,node_0234,1565.92,28.0,1593.92,voter pd share
4804,block_0041,DPoS,node_0282,8026.88,109.93,8136.81,voter pd share
4805,block_0041,DPoS,node_0310,2363.35,35.53,2398.88,voter pd share
4806,block_0041,DPoS,node_0452,932.83,20.88,953.72,voter pd share
4807,block_0041,DPoS,node_0383,6152.59,246.59,6399.18,self 20% + leftover
4808,block_0042,DPoS,node_0030,10358.63,104.37,10463.0,voter pd share
4809,block_0042,DPoS,node_0073,3660.36,38.51,3698.87,voter pd share
4810,block_0042,DPoS,node_0098,10160.62,107.97,10268.58,voter pd share
4811,block_0042,DPoS,node_0117,6404.9,68.49,6473.39,voter pd share
4812,block_0042,DPoS,node_0254,7308.84,78.55,7387.39,voter pd share
4813,block_0042,DPoS,node_0298,133.52,3.26,136.79,voter pd share
4814,block_0042,DPoS,node_0086,4612.13,158.86,4770.99,self 20% + leftover
4815,block_0043,DPoS,node_0037,1121.29,20.13,1141.41,voter pd share
4816,block_0043,DPoS,node_0079,4429.89,54.22,4484.1,voter pd share
4817,block_0043,DPoS,node_0114,6900.47,71.11,6971.59,voter pd share
4818,block_0043,DPoS,node_0183,5549.93,60.43,5610.37,voter pd share
4819,block_0043,DPoS,node_0214,7539.36,82.03,7621.4,voter pd share
4820,block_0043,DPoS,node_0384,7555.78,78.2,7633.98,voter pd share
4821,block_0043,DPoS,node_0443,4254.18,47.55,4301.73,voter pd share
4822,block_0043,DPoS,node_0194,2158.09,120.33,2278.42,self 20% + leftover
4823,block_0044,DPoS,node_0167,6158.68,99.03,6257.71,voter pd share
4824,block_0044,DPoS,node_0182,417.26,5.65,422.91,voter pd share
4825,block_0044,DPoS,node_0250,6855.47,108.02,6963.49,voter pd share
4826,block_0044,DPoS,node_0311,9013.26,143.54,9156.8,voter pd share
4827,block_0044,DPoS,node_0365,9949.15,148.7,10097.85,voter pd share
4828,block_0044,DPoS,node_0415,5732.25,87.85,5820.1,voter pd share
4829,block_0044,DPoS,node_0498,1960.93,184.21,2145.14,self 20% + leftover
4830,block_0045,DPoS,node_0075,4473.05,69.14,4542.19,voter pd share
4831,block_0045,DPoS,node_0085,7050.69,108.83,7159.53,voter pd share
4832,block_0045,DPoS,node_0230,8121.14,127.3,8248.44,voter pd share
4833,block_0045,DPoS,node_0334,8706.43,137.61,8844.04,voter pd share
4834,block_0045,DPoS,node_0417,540.48,12.49,552.97,voter pd share
4835,block_0045,DPoS,node_0428,7772.22,119.37,7891.59,voter pd share
4836,block_0045,DPoS,node_0209,3137.99,203.25,3341.24,self 20% + leftover
4837,block_0046,DPoS,node_0129,6582.71,72.41,6655.11,voter pd share
4838,block_0046,DPoS,node_0220,5718.7,66.18,5784.88,voter pd share
4839,block_0046,DPoS,node_0240,5068.0,56.02,5124.02,voter pd share
4840,block_0046,DPoS,node_0268,5412.0,60.85,5472.85,voter pd share
4841,block_0046,DPoS,node_0379,7760.79,80.07,7840.85,voter pd share
4842,block_0046,DPoS,node_0423,1030.25,14.0,1044.25,voter pd share
4843,block_0046,DPoS,node_0421,6990.55,188.48,7179.03,self 20% + leftover
4844,block_0047,DPoS,node_0164,2655.42,38.76,2694.19,voter pd share
4845,block_0047,DPoS,node_0211,9348.14,139.02,9487.17,voter pd share
4846,block_0047,DPoS,node_0260,7487.91,117.8,7605.71,voter pd share
4847,block_0047,DPoS,node_0401,6724.65,107.5,6832.15,voter pd share
4848,block_0047,DPoS,node_0444,9218.95,126.97,9345.92,voter pd share
4849,block_0047,DPoS,node_0497,2788.93,179.94,2968.87,self 20% + leftover
4850,block_0048,DPoS,node_0099,3200.3,54.94,3255.24,voter pd share
4851,block_0048,DPoS,node_0208,5513.7,90.26,5603.97,voter pd share
4852,block_0048,DPoS,node_0217,4909.79,82.23,4992.01,voter pd share
4853,block_0048,DPoS,node_0224,4507.0,74.34,4581.34,voter pd share
4854,block_0048,DPoS,node_0278,1926.66,30.97,1957.63,voter pd share
4855,block_0048,DPoS,node_0288,2566.71,40.32,2607.03,voter pd share
4856,block_0048,DPoS,node_0490,3609.66,63.5,3673.16,voter pd share
4857,block_0048,DPoS,node_0333,9072.18,289.45,9361.63,self 20% + leftover
4858,block_0049,DPoS,node_0014,6446.84,94.71,6541.56,voter pd share
4859,block_0049,DPoS,node_0198,1273.53,17.86,1291.39,voter pd share
4860,block_0049,DPoS,node_0218,6970.87,118.23,7089.1,voter pd share
4861,block_0049,DPoS,node_0241,4934.98,76.56,5011.55,voter pd share
4862,block_0049,DPoS,node_0320,2877.69,50.2,2927.88,voter pd share
4863,block_0049,DPoS,node_0414,4299.79,68.56,4368.35,voter pd share
4864,block_0049,DPoS,node_0493,2217.52,37.0,2254.52,voter pd share
4865,block_0049,DPoS,node_0425,5503.78,213.87,5717.65,self 20% + leftover
4866,block_0050,DPoS,node_0055,6151.96,82.33,6234.29,voter pd share
4867,block_0050,DPoS,node_0138,9286.46,138.09,9424.55,voter pd share
4868,block_0050,DPoS,node_0202,2904.04,43.24,2947.27,voter pd share
4869,block_0050,DPoS,node_0243,3528.43,51.66,3580.09,voter pd share
4870,block_0050,DPoS,node_0272,7344.93,107.42,7452.35,voter pd share
4871,block_0050,DPoS,node_0500,7143.19,233.26,7376.45,self 20% + leftover
4872,block_0051,DPoS,node_0087,3944.52,69.61,4014.13,voter pd share
4873,block_0051,DPoS,node_0101,2023.42,27.46,2050.88,voter pd share
4874,block_0051,DPoS,node_0219,7289.26,123.41,7412.67,voter pd share
4875,block_0051,DPoS,node_0281,8160.65,139.83,8300.49,voter pd share
4876,block_0051,DPoS,node_0302,5461.95,92.07,5554.03,voter pd share
4877,block_0051,DPoS,node_0352,9887.2,325.61,10212.81,self 20% + leftover
4878,block_0052,DPoS,node_0171,8519.89,127.67,8647.56,voter pd share
4879,block_0052,DPoS,node_0270,8826.83,141.79,8968.61,voter pd share
4880,block_0052,DPoS,node_0364,1174.42,18.62,1193.05,voter pd share
4881,block_0052,DPoS,node_0447,9002.2,155.17,9157.37,voter pd share
4882,block_0052,DPoS,node_0486,8171.65,257.75,8429.4,self 20% + leftover
4883,block_0053,DPoS,node_0169,6026.46,89.48,6115.94,voter pd share
4884,block_0053,DPoS,node_0232,6991.57,111.85,7103.42,voter pd share
4885,block_0053,DPoS,node_0233,3964.58,64.44,4029.02,voter pd share
4886,block_0053,DPoS,node_0410,8999.7,143.91,9143.61,voter pd share
4887,block_0053,DPoS,node_0494,8014.7,252.32,8267.02,self 20% + leftover
4888,block_0054,DPoS,node_0054,2207.86,32.6,2240.45,voter pd share
4889,block_0054,DPoS,node_0156,7112.44,117.12,7229.55,voter pd share
4890,block_0054,DPoS,node_0210,4632.67,68.69,4701.36,voter pd share
4891,block_0054,DPoS,node_0225,2096.78,27.22,2124.0,voter pd share
4892,block_0054,DPoS,node_0255,6926.52,106.58,7033.09,voter pd share
4893,block_0054,DPoS,node_0439,7495.78,122.73,7618.51,voter pd share
4894,block_0054,DPoS,node_0459,4529.95,213.07,4743.02,self 20% + leftover
4895,block_0055,DPoS,node_0116,4742.23,73.47,4815.7,voter pd share
4896,block_0055,DPoS,node_0316,8184.4,127.5,8311.9,voter pd share
4897,block_0055,DPoS,node_0374,8170.17,130.49,8300.67,voter pd share
4898,block_0055,DPoS,node_0441,5235.69,86.9,5322.6,voter pd share
4899,block_0055,DPoS,node_0482,3681.98,68.9,3750.88,voter pd share
4900,block_0055,DPoS,node_0120,3505.53,198.72,3704.25,self 20% + leftover
4901,block_0056,DPoS,node_0108,1795.13,32.09,1827.22,voter pd share
4902,block_0056,DPoS,node_0142,8787.15,126.44,8913.59,voter pd share
4903,block_0056,DPoS,node_0151,1955.71,26.95,1982.67,voter pd share
4904,block_0056,DPoS,node_0152,2946.02,43.99,2990.01,voter pd share
4905,block_0056,DPoS,node_0249,3770.3,65.79,3836.09,voter pd share
4906,block_0056,DPoS,node_0405,9026.1,139.99,9166.1,voter pd share
4907,block_0056,DPoS,node_0475,4272.58,182.75,4455.33,self 20% + leftover
4908,block_0057,DPoS,node_0011,1710.84,24.41,1735.25,voter pd share
4909,block_0057,DPoS,node_0024,690.4,13.68,704.08,voter pd share
4910,block_0057,DPoS,node_0134,5000.67,70.36,5071.03,voter pd share
4911,block_0057,DPoS,node_0177,8333.04,107.79,8440.83,voter pd share
4912,block_0057,DPoS,node_0235,8126.41,114.76,8241.17,voter pd share
4913,block_0057,DPoS,node_0412,1477.4,19.62,1497.02,voter pd share
4914,block_0057,DPoS,node_0479,7657.24,222.39,7879.63,self 20% + leftover
4915,block_0058,DPoS,node_0005,4100.0,74.67,4174.67,voter pd share
4916,block_0058,DPoS,node_0110,4403.0,80.03,4483.03,voter pd share
4917,block_0058,DPoS,node_0408,6273.0,120.16,6393.16,voter pd share
4918,block_0058,DPoS,node_0422,7956.0,169.71,8125.71,voter pd share
4919,block_0058,DPoS,node_0201,8076.0,294.43,8370.43,self 20% + leftover
4920,block_0059,DPoS,node_0066,1940.83,36.18,1977.02,voter pd share
4921,block_0059,DPoS,node_0074,2594.76,54.02,2648.78,voter pd share
4922,block_0059,DPoS,node_0373,8310.3,170.48,8480.78,voter pd share
4923,block_0059,DPoS,node_0448,10366.56,187.96,10554.52,voter pd share
4924,block_0059,DPoS,node_0067,9629.55,329.36,9958.91,self 20% + leftover
4925,block_0060,DPoS,node_0017,487.03,21.05,508.08,voter pd share
4926,block_0060,DPoS,node_0061,3900.41,62.54,3962.95,voter pd share
4927,block_0060,DPoS,node_0172,7647.87,124.21,7772.08,voter pd share
4928,block_0060,DPoS,node_0346,3854.39,57.03,3911.42,voter pd share
4929,block_0060,DPoS,node_0433,829.08,20.18,849.26,voter pd share
4930,block_0060,DPoS,node_0438,692.79,19.92,712.71,voter pd share
4931,block_0060,DPoS,node_0462,2648.69,33.54,2682.23,voter pd share
4932,block_0060,DPoS,node_0192,9789.74,268.52,10058.26,self 20% + leftover
4933,block_0061,DPoS,node_0009,6938.21,56.37,6994.57,voter pd share
4934,block_0061,DPoS,node_0038,5552.96,45.45,5598.4,voter pd share
4935,block_0061,DPoS,node_0118,3801.9,29.86,3831.76,voter pd share
4936,block_0061,DPoS,node_0147,8334.82,63.32,8398.14,voter pd share
4937,block_0061,DPoS,node_0221,5185.53,41.0,5226.53,voter pd share
4938,block_0061,DPoS,node_0238,9241.18,74.3,9315.48,voter pd share
4939,block_0061,DPoS,node_0244,2207.43,21.2,2228.63,voter pd share
4940,block_0061,DPoS,node_0265,6776.77,54.91,6831.69,voter pd share
4941,block_0061,DPoS,node_0327,3585.14,29.4,3614.55,voter pd share
4942,block_0061,DPoS,node_0351,6338.68,51.87,6390.55,voter pd share
4943,block_0061,DPoS,node_0419,2979.04,18.57,2997.62,voter pd share
4944,block_0061,DPoS,node_0436,4651.97,31.69,4683.66,voter pd share
4945,block_0061,DPoS,node_0315,7424.38,206.06,7630.43,self 20% + leftover
4946,block_0062,DPoS,node_0028,7376.91,49.54,7426.45,voter pd share
4947,block_0062,DPoS,node_0125,2844.43,19.48,2863.9,voter pd share
4948,block_0062,DPoS,node_0166,6327.86,44.93,6372.78,voter pd share
4949,block_0062,DPoS,node_0196,9996.0,64.73,10060.73,voter pd share
4950,block_0062,DPoS,node_0215,7652.42,48.4,7700.81,voter pd share
4951,block_0062,DPoS,node_0290,8086.1,49.17,8135.27,voter pd share
4952,block_0062,DPoS,node_0291,4014.5,25.94,4040.44,voter pd share
4953,block_0062,DPoS,node_0322,9768.01,61.98,9829.99,voter pd share
4954,block_0062,DPoS,node_0382,1470.19,13.86,1484.05,voter pd share
4955,block_0062,DPoS,node_0409,3179.48,17.21,3196.68,voter pd share
4956,block_0062,DPoS,node_0303,8938.12,171.76,9109.88,self 20% + leftover
4957,block_0063,DPoS,node_0044,9805.52,94.63,9900.15,voter pd share
4958,block_0063,DPoS,node_0056,9748.59,92.98,9841.56,voter pd share
4959,block_0063,DPoS,node_0229,8673.76,87.46,8761.22,voter pd share
4960,block_0063,DPoS,node_0256,6905.4,69.29,6974.69,voter pd share
4961,block_0063,DPoS,node_0286,531.57,0.88,532.45,voter pd share
4962,block_0063,DPoS,node_0295,7762.46,79.43,7841.89,voter pd share
4963,block_0063,DPoS,node_0381,5105.02,51.11,5156.13,voter pd share
4964,block_0063,DPoS,node_0483,5973.76,58.82,6032.58,voter pd share
4965,block_0063,DPoS,node_0003,9945.92,241.4,10187.33,self 20% + leftover
4966,block_0064,DPoS,node_0090,1156.83,15.52,1172.35,voter pd share
4967,block_0064,DPoS,node_0122,4196.21,57.4,4253.61,voter pd share
4968,block_0064,DPoS,node_0150,2536.94,30.63,2567.57,voter pd share
4969,block_0064,DPoS,node_0154,7409.55,93.47,7503.02,voter pd share
4970,block_0064,DPoS,node_0174,1993.95,26.58,2020.53,voter pd share
4971,block_0064,DPoS,node_0226,3237.06,46.9,3283.95,voter pd share
4972,block_0064,DPoS,node_0246,9620.86,121.42,9742.28,voter pd share
4973,block_0064,DPoS,node_0299,2808.35,32.02,2840.37,voter pd share
4974,block_0064,DPoS,node_0318,9582.65,120.14,9702.79,voter pd share
4975,block_0064,DPoS,node_0361,2007.29,19.26,2026.54,voter pd share
4976,block_0064,DPoS,node_0395,1899.04,25.48,1924.51,voter pd share
4977,block_0064,DPoS,node_0039,3322.28,188.19,3510.47,self 20% + leftover
4978,block_0065,DPoS,node_0090,1228.35,15.54,1243.89,voter pd share
4979,block_0065,DPoS,node_0122,4243.61,57.47,4301.09,voter pd share
4980,block_0065,DPoS,node_0150,2613.57,30.67,2644.24,voter pd share
4981,block_0065,DPoS,node_0154,7585.02,93.59,7678.61,voter pd share
4982,block_0065,DPoS,node_0174,2020.53,26.62,2047.15,voter pd share
4983,block_0065,DPoS,node_0226,3244.95,46.96,3291.91,voter pd share
4984,block_0065,DPoS,node_0246,9724.28,121.57,9845.85,voter pd share
4985,block_0065,DPoS,node_0299,2861.37,32.06,2893.43,voter pd share
4986,block_0065,DPoS,node_0318,9705.79,120.29,9826.08,voter pd share
4987,block_0065,DPoS,node_0361,2042.54,19.28,2061.82,voter pd share
4988,block_0065,DPoS,node_0395,1914.51,25.51,1940.03,voter pd share
4989,block_0065,DPoS,node_0039,3518.47,188.43,3706.9,self 20% + leftover
4990,block_0066,DPoS,node_0023,8948.96,121.92,9070.88,voter pd share
4991,block_0066,DPoS,node_0261,5267.97,61.22,5329.19,voter pd share
4992,block_0066,DPoS,node_0292,7592.19,90.1,7682.29,voter pd share
4993,block_0066,DPoS,node_0371,9857.99,128.86,9986.84,voter pd share
4994,block_0066,DPoS,node_0391,6033.27,82.15,6115.42,voter pd share
4995,block_0066,DPoS,node_0460,6271.52,73.23,6344.76,voter pd share
4996,block_0066,DPoS,node_0336,4949.1,220.52,5169.62,self 20% + leftover
4997,block_0067,DPoS,node_0035,6243.51,56.97,6300.48,voter pd share
4998,block_0067,DPoS,node_0121,7017.71,59.47,7077.18,voter pd share
4999,block_0067,DPoS,node_0128,7178.66,65.08,7243.74,voter pd share
5000,block_0067,DPoS,node_0149,7089.39,57.32,7146.71,voter pd share
5001,block_0067,DPoS,node_0237,1427.45,13.06,1440.51,voter pd share
5002,block_0067,DPoS,node_0355,508.16,5.3,513.46,voter pd share
5003,block_0067,DPoS,node_0369,2052.56,16.73,2069.3,voter pd share
5004,block_0067,DPoS,node_0375,8909.93,76.46,8986.39,voter pd share
5005,block_0067,DPoS,node_0427,786.78,3.53,790.31,voter pd share
5006,block_0067,DPoS,node_0481,3560.57,30.02,3590.6,voter pd share
5007,block_0067,DPoS,node_0103,4752.28,145.04,4897.32,self 20% + leftover
5008,block_0068,DPoS,node_0100,8069.15,87.66,8156.8,voter pd share
5009,block_0068,DPoS,node_0263,6576.32,60.51,6636.82,voter pd share
5010,block_0068,DPoS,node_0339,6071.21,69.04,6140.25,voter pd share
5011,block_0068,DPoS,node_0358,8860.21,94.39,8954.6,voter pd share
5012,block_0068,DPoS,node_0404,267.23,1.58,268.81,voter pd share
5013,block_0068,DPoS,node_0432,5879.42,59.06,5938.48,voter pd share
5014,block_0068,DPoS,node_0442,8943.46,194.76,9138.23,self 20% + leftover
5015,block_0069,DPoS,node_0076,4410.54,68.74,4479.29,voter pd share
5016,block_0069,DPoS,node_0107,9756.3,139.63,9895.93,voter pd share
5017,block_0069,DPoS,node_0145,5042.37,74.74,5117.11,voter pd share
5018,block_0069,DPoS,node_0207,7420.92,111.53,7532.45,voter pd share
5019,block_0069,DPoS,node_0212,1375.67,21.13,1396.8,voter pd share
5020,block_0069,DPoS,node_0344,1571.37,26.56,1597.94,voter pd share
5021,block_0069,DPoS,node_0454,7356.03,105.51,7461.54,voter pd share
5022,block_0069,DPoS,node_0463,5501.79,230.15,5731.94,self 20% + leftover
5023,block_0070,DPoS,node_0191,9749.59,139.21,9888.8,voter pd share
5024,block_0070,DPoS,node_0280,8445.15,122.5,8567.65,voter pd share
5025,block_0070,DPoS,node_0431,8545.37,126.1,8671.48,voter pd share
5026,block_0070,DPoS,node_0453,586.2,10.09,596.29,voter pd share
5027,block_0070,DPoS,node_0465,7081.23,102.05,7183.28,voter pd share
5028,block_0070,DPoS,node_0473,3280.04,43.99,3324.03,voter pd share
5029,block_0070,DPoS,node_0450,5530.42,233.06,5763.47,self 20% + leftover
5030,block_0071,DPoS,node_0007,3765.05,49.01,3814.06,voter pd share
5031,block_0071,DPoS,node_0015,5935.65,79.98,6015.64,voter pd share
5032,block_0071,DPoS,node_0062,3467.74,42.42,3510.16,voter pd share
5033,block_0071,DPoS,node_0161,4726.0,63.33,4789.33,voter pd share
5034,block_0071,DPoS,node_0162,5021.07,70.79,5091.85,voter pd share
5035,block_0071,DPoS,node_0234,1558.92,25.69,1584.61,voter pd share
5036,block_0071,DPoS,node_0282,7960.81,100.84,8061.64,voter pd share
5037,block_0071,DPoS,node_0310,2362.88,32.6,2395.47,voter pd share
5038,block_0071,DPoS,node_0452,830.72,19.16,849.87,voter pd share
5039,block_0071,DPoS,node_0383,6627.18,226.2,6853.37,self 20% + leftover
5040,block_0072,DPoS,node_0030,10401.0,133.63,10534.63,voter pd share
5041,block_0072,DPoS,node_0073,3445.87,49.3,3495.18,voter pd share
5042,block_0072,DPoS,node_0098,10249.58,138.24,10387.82,voter pd share
5043,block_0072,DPoS,node_0117,6662.39,87.69,6750.07,voter pd share
5044,block_0072,DPoS,node_0254,7160.39,100.57,7260.96,voter pd share
5045,block_0072,DPoS,node_0298,3.79,4.18,7.96,voter pd share
5046,block_0072,DPoS,node_0086,4778.99,203.39,4982.38,self 20% + leftover
5047,block_0073,DPoS,node_0037,867.41,27.48,894.89,voter pd share
5048,block_0073,DPoS,node_0079,4103.1,74.01,4177.11,voter pd share
5049,block_0073,DPoS,node_0114,7107.59,97.08,7204.67,voter pd share
5050,block_0073,DPoS,node_0183,6007.37,82.5,6089.87,voter pd share
5051,block_0073,DPoS,node_0214,7349.4,111.99,7461.39,voter pd share
5052,block_0073,DPoS,node_0384,7242.98,106.75,7349.73,voter pd share
5053,block_0073,DPoS,node_0443,4525.73,64.91,4590.64,voter pd share
5054,block_0073,DPoS,node_0194,2014.42,164.27,2178.7,self 20% + leftover
5055,block_0074,DPoS,node_0167,6017.71,72.52,6090.23,voter pd share
5056,block_0074,DPoS,node_0182,743.91,4.14,748.05,voter pd share
5057,block_0074,DPoS,node_0250,6880.49,79.1,6959.59,voter pd share
5058,block_0074,DPoS,node_0311,8921.8,105.12,9026.92,voter pd share
5059,block_0074,DPoS,node_0365,10138.85,108.89,10247.74,voter pd share
5060,block_0074,DPoS,node_0415,5781.1,64.33,5845.43,voter pd share
5061,block_0074,DPoS,node_0498,2197.14,134.9,2332.04,self 20% + leftover
5062,block_0075,DPoS,node_0075,4770.19,65.14,4835.34,voter pd share
5063,block_0075,DPoS,node_0085,6674.53,102.54,6777.06,voter pd share
5064,block_0075,DPoS,node_0230,7924.44,119.94,8044.38,voter pd share
5065,block_0075,DPoS,node_0334,8722.04,129.65,8851.68,voter pd share
5066,block_0075,DPoS,node_0417,200.97,11.77,212.73,voter pd share
5067,block_0075,DPoS,node_0428,7297.59,112.47,7410.06,voter pd share
5068,block_0075,DPoS,node_0209,3434.24,191.5,3625.74,self 20% + leftover
5069,block_0076,DPoS,node_0129,6760.11,89.1,6849.21,voter pd share
5070,block_0076,DPoS,node_0220,5636.88,81.43,5718.32,voter pd share
5071,block_0076,DPoS,node_0240,5020.02,68.93,5088.95,voter pd share
5072,block_0076,DPoS,node_0268,5359.85,74.88,5434.73,voter pd share
5073,block_0076,DPoS,node_0379,7869.85,98.52,7968.37,voter pd share
5074,block_0076,DPoS,node_0423,1184.25,17.23,1201.48,voter pd share
5075,block_0076,DPoS,node_0421,6985.03,231.92,7216.95,self 20% + leftover
5076,block_0077,DPoS,node_0164,2549.19,42.48,2591.66,voter pd share
5077,block_0077,DPoS,node_0211,9458.17,152.34,9610.51,voter pd share
5078,block_0077,DPoS,node_0260,7012.71,129.08,7141.79,voter pd share
5079,block_0077,DPoS,node_0401,6775.15,117.8,6892.95,voter pd share
5080,block_0077,DPoS,node_0444,9616.92,139.13,9756.05,voter pd share
5081,block_0077,DPoS,node_0497,2845.87,197.18,3043.05,self 20% + leftover
5082,block_0078,DPoS,node_0099,2930.24,42.3,2972.55,voter pd share
5083,block_0078,DPoS,node_0208,5804.97,69.5,5874.46,voter pd share
5084,block_0078,DPoS,node_0217,5187.01,63.31,5250.33,voter pd share
5085,block_0078,DPoS,node_0224,4567.34,57.24,4624.57,voter pd share
5086,block_0078,DPoS,node_0278,1859.63,23.85,1883.48,voter pd share
5087,block_0078,DPoS,node_0288,2706.03,31.04,2737.07,voter pd share
5088,block_0078,DPoS,node_0490,3720.16,48.89,3769.05,voter pd share
5089,block_0078,DPoS,node_0333,9429.63,222.87,9652.49,self 20% + leftover
5090,block_0079,DPoS,node_0014,7119.56,86.6,7206.16,voter pd share
5091,block_0079,DPoS,node_0198,1273.39,16.33,1289.73,voter pd share
5092,block_0079,DPoS,node_0218,6933.1,108.1,7041.2,voter pd share
5093,block_0079,DPoS,node_0241,5198.55,70.0,5268.55,voter pd share
5094,block_0079,DPoS,node_0320,2824.88,45.9,2870.78,voter pd share
5095,block_0079,DPoS,node_0414,4497.35,62.69,4560.04,voter pd share
5096,block_0079,DPoS,node_0493,2244.52,33.83,2278.35,voter pd share
5097,block_0079,DPoS,node_0425,6380.65,195.55,6576.2,self 20% + leftover
5098,block_0080,DPoS,node_0055,6277.29,75.43,6352.72,voter pd share
5099,block_0080,DPoS,node_0138,9253.55,126.51,9380.06,voter pd share
5100,block_0080,DPoS,node_0202,2945.27,39.61,2984.89,voter pd share
5101,block_0080,DPoS,node_0243,3459.09,47.33,3506.42,voter pd share
5102,block_0080,DPoS,node_0272,7701.35,98.41,7799.76,voter pd share
5103,block_0080,DPoS,node_0500,7049.45,213.7,7263.15,self 20% + leftover
5104,block_0081,DPoS,node_0087,3999.13,65.67,4064.8,voter pd share
5105,block_0081,DPoS,node_0101,2028.88,25.9,2054.78,voter pd share
5106,block_0081,DPoS,node_0219,7316.67,116.44,7433.11,voter pd share
5107,block_0081,DPoS,node_0281,8358.49,131.92,8490.41,voter pd share
5108,block_0081,DPoS,node_0302,5386.03,86.87,5472.89,voter pd share
5109,block_0081,DPoS,node_0352,9756.81,307.2,10064.01,self 20% + leftover
5110,block_0082,DPoS,node_0171,8747.56,122.21,8869.77,voter pd share
5111,block_0082,DPoS,node_0270,9179.61,135.72,9315.33,voter pd share
5112,block_0082,DPoS,node_0364,1152.05,17.82,1169.87,voter pd share
5113,block_0082,DPoS,node_0447,9521.37,148.53,9669.9,voter pd share
5114,block_0082,DPoS,node_0486,8537.4,246.72,8784.12,self 20% + leftover
5115,block_0083,DPoS,node_0169,5956.94,95.97,6052.91,voter pd share
5116,block_0083,DPoS,node_0232,6994.42,119.96,7114.38,voter pd share
5117,block_0083,DPoS,node_0233,3874.02,69.11,3943.13,voter pd share
5118,block_0083,DPoS,node_0410,9161.61,154.35,9315.96,voter pd share
5119,block_0083,DPoS,node_0494,7960.02,270.61,8230.63,self 20% + leftover
5120,block_0084,DPoS,node_0054,2429.45,26.15,2455.61,voter pd share
5121,block_0084,DPoS,node_0156,6680.55,93.96,6774.52,voter pd share
5122,block_0084,DPoS,node_0210,4654.36,55.11,4709.47,voter pd share
5123,block_0084,DPoS,node_0225,2186.0,21.84,2207.84,voter pd share
5124,block_0084,DPoS,node_0255,6951.09,85.51,7036.6,voter pd share
5125,block_0084,DPoS,node_0439,7408.51,98.47,7506.98,voter pd share
5126,block_0084,DPoS,node_0459,4673.02,170.95,4843.97,self 20% + leftover
5127,block_0085,DPoS,node_0116,5237.7,58.69,5296.39,voter pd share
5128,block_0085,DPoS,node_0316,7894.9,101.85,7996.75,voter pd share
5129,block_0085,DPoS,node_0374,7996.67,104.24,8100.91,voter pd share
5130,block_0085,DPoS,node_0441,5755.6,69.42,5825.02,voter pd share
5131,block_0085,DPoS,node_0482,3686.88,55.04,3741.93,voter pd share
5132,block_0085,DPoS,node_0120,3370.25,158.75,3529.0,self 20% + leftover
5133,block_0086,DPoS,node_0108,1914.22,40.39,1954.61,voter pd share
5134,block_0086,DPoS,node_0142,8758.59,159.18,8917.77,voter pd share
5135,block_0086,DPoS,node_0151,2306.67,33.93,2340.6,voter pd share
5136,block_0086,DPoS,node_0152,2766.01,55.38,2821.38,voter pd share
5137,block_0086,DPoS,node_0249,3757.09,82.83,3839.92,voter pd share
5138,block_0086,DPoS,node_0405,8821.1,176.24,8997.33,voter pd share
5139,block_0086,DPoS,node_0475,4205.33,230.06,4435.38,self 20% + leftover
5140,block_0087,DPoS,node_0011,1576.25,23.94,1600.18,voter pd share
5141,block_0087,DPoS,node_0024,560.08,13.41,573.49,voter pd share
5142,block_0087,DPoS,node_0134,5202.03,69.01,5271.04,voter pd share
5143,block_0087,DPoS,node_0177,8418.83,105.72,8524.55,voter pd share
5144,block_0087,DPoS,node_0235,8426.17,112.55,8538.72,voter pd share
5145,block_0087,DPoS,node_0412,1624.02,19.24,1643.27,voter pd share
5146,block_0087,DPoS,node_0479,7962.63,218.12,8180.75,self 20% + leftover
5147,block_0088,DPoS,node_0005,4090.67,73.66,4164.33,voter pd share
5148,block_0088,DPoS,node_0110,4658.03,78.95,4736.97,voter pd share
5149,block_0088,DPoS,node_0408,6492.16,118.53,6610.69,voter pd share
5150,block_0088,DPoS,node_0422,8575.71,167.41,8743.12,voter pd share
5151,block_0088,DPoS,node_0201,8305.43,290.45,8595.89,self 20% + leftover
5152,block_0089,DPoS,node_0066,2011.02,36.18,2047.2,voter pd share
5153,block_0089,DPoS,node_0074,2648.78,54.02,2702.8,voter pd share
5154,block_0089,DPoS,node_0373,8298.78,170.48,8469.25,voter pd share
5155,block_0089,DPoS,node_0448,10589.52,187.96,10777.47,voter pd share
5156,block_0089,DPoS,node_0067,9679.91,329.36,10009.27,self 20% + leftover
5157,block_0090,DPoS,node_0017,627.08,26.91,654.0,voter pd share
5158,block_0090,DPoS,node_0061,4105.95,79.95,4185.9,voter pd share
5159,block_0090,DPoS,node_0172,7877.08,158.79,8035.87,voter pd share
5160,block_0090,DPoS,node_0346,3692.42,72.91,3765.33,voter pd share
5161,block_0090,DPoS,node_0433,758.26,25.8,784.07,voter pd share
5162,block_0090,DPoS,node_0438,971.71,25.47,997.18,voter pd share
5163,block_0090,DPoS,node_0462,3036.23,42.88,3079.11,voter pd share
5164,block_0090,DPoS,node_0192,9791.26,343.28,10134.55,self 20% + leftover
5165,block_0091,DPoS,node_0009,6814.57,59.48,6874.05,voter pd share
5166,block_0091,DPoS,node_0038,5356.4,47.96,5404.36,voter pd share
5167,block_0091,DPoS,node_0118,4027.76,31.51,4059.26,voter pd share
5168,block_0091,DPoS,node_0147,8206.14,66.82,8272.96,voter pd share
5169,block_0091,DPoS,node_0221,5153.53,43.27,5196.8,voter pd share
5170,block_0091,DPoS,node_0238,9188.48,78.41,9266.89,voter pd share
5171,block_0091,DPoS,node_0244,2303.63,22.37,2326.0,voter pd share
5172,block_0091,DPoS,node_0265,6731.69,57.95,6789.63,voter pd share
5173,block_0091,DPoS,node_0327,3155.55,31.03,3186.58,voter pd share
5174,block_0091,DPoS,node_0351,6482.55,54.73,6537.28,voter pd share
5175,block_0091,DPoS,node_0419,2935.62,19.6,2955.21,voter pd share
5176,block_0091,DPoS,node_0436,4494.66,33.44,4528.1,voter pd share
5177,block_0091,DPoS,node_0315,7429.43,217.44,7646.88,self 20% + leftover
5178,block_0092,DPoS,node_0028,7002.45,67.98,7070.43,voter pd share
5179,block_0092,DPoS,node_0125,3127.9,26.73,3154.63,voter pd share
5180,block_0092,DPoS,node_0166,5911.78,61.65,5973.43,voter pd share
5181,block_0092,DPoS,node_0196,10408.73,88.82,10497.55,voter pd share
5182,block_0092,DPoS,node_0215,8105.81,66.41,8172.22,voter pd share
5183,block_0092,DPoS,node_0290,8132.27,67.47,8199.74,voter pd share
5184,block_0092,DPoS,node_0291,4092.44,35.59,4128.03,voter pd share
5185,block_0092,DPoS,node_0322,9705.99,85.05,9791.04,voter pd share
5186,block_0092,DPoS,node_0382,1474.05,19.02,1493.07,voter pd share
5187,block_0092,DPoS,node_0409,2624.68,23.61,2648.29,voter pd share
5188,block_0092,DPoS,node_0303,8807.88,235.68,9043.56,self 20% + leftover
5189,block_0093,DPoS,node_0044,10390.15,84.26,10474.41,voter pd share
5190,block_0093,DPoS,node_0056,10056.56,82.79,10139.36,voter pd share
5191,block_0093,DPoS,node_0229,8180.22,77.88,8258.1,voter pd share
5192,block_0093,DPoS,node_0256,6895.69,61.7,6957.39,voter pd share
5193,block_0093,DPoS,node_0286,472.45,0.79,473.24,voter pd share
5194,block_0093,DPoS,node_0295,7586.89,70.73,7657.62,voter pd share
5195,block_0093,DPoS,node_0381,4910.13,45.51,4955.64,voter pd share
5196,block_0093,DPoS,node_0483,5805.58,52.38,5857.96,voter pd share
5197,block_0093,DPoS,node_0003,10391.33,214.96,10606.29,self 20% + leftover
5198,block_0094,DPoS,node_0032,7868.0,152.64,8020.64,voter pd share
5199,block_0094,DPoS,node_0057,1193.0,18.43,1211.43,voter pd share
5200,block_0094,DPoS,node_0242,1267.0,30.44,1297.44,voter pd share
5201,block_0094,DPoS,node_0380,7235.0,132.99,7367.99,voter pd share
5202,block_0094,DPoS,node_0445,7180.0,135.48,7315.48,voter pd share
5203,block_0094,DPoS,node_0020,4348.0,218.01,4566.01,self 20% + leftover
5204,block_0095,DPoS,node_0090,1193.89,15.32,1209.21,voter pd share
5205,block_0095,DPoS,node_0122,4076.09,56.66,4132.75,voter pd share
5206,block_0095,DPoS,node_0150,2671.24,30.24,2701.48,voter pd share
5207,block_0095,DPoS,node_0154,7938.61,92.27,8030.88,voter pd share
5208,block_0095,DPoS,node_0174,2199.15,26.24,2225.39,voter pd share
5209,block_0095,DPoS,node_0226,3881.91,46.29,3928.2,voter pd share
5210,block_0095,DPoS,node_0246,9887.85,119.85,10007.71,voter pd share
5211,block_0095,DPoS,node_0299,2297.43,31.61,2329.04,voter pd share
5212,block_0095,DPoS,node_0318,10006.08,118.59,10124.68,voter pd share
5213,block_0095,DPoS,node_0361,1996.82,19.01,2015.83,voter pd share
5214,block_0095,DPoS,node_0395,1873.03,25.15,1898.18,voter pd share
5215,block_0095,DPoS,node_0039,3493.9,185.77,3679.67,self 20% + leftover
5216,block_0096,DPoS,node_0023,8887.88,110.95,8998.84,voter pd share
5217,block_0096,DPoS,node_0261,5216.19,55.71,5271.9,voter pd share
5218,block_0096,DPoS,node_0292,7701.29,81.99,7783.28,voter pd share
5219,block_0096,DPoS,node_0371,9862.84,117.27,9980.11,voter pd share
5220,block_0096,DPoS,node_0391,6058.42,74.76,6133.18,voter pd share
5221,block_0096,DPoS,node_0460,6126.76,66.64,6193.4,voter pd share
5222,block_0096,DPoS,node_0336,5454.62,200.67,5655.29,self 20% + leftover
5223,block_0097,DPoS,node_0035,6205.48,83.79,6289.27,voter pd share
5224,block_0097,DPoS,node_0121,6535.18,87.46,6622.64,voter pd share
5225,block_0097,DPoS,node_0128,6971.74,95.71,7067.45,voter pd share
5226,block_0097,DPoS,node_0149,7244.71,84.31,7329.02,voter pd share
5227,block_0097,DPoS,node_0237,1418.51,19.21,1437.72,voter pd share
5228,block_0097,DPoS,node_0355,344.46,7.79,352.25,voter pd share
5229,block_0097,DPoS,node_0369,2393.3,24.61,2417.91,voter pd share
5230,block_0097,DPoS,node_0375,8819.39,112.45,8931.84,voter pd share
5231,block_0097,DPoS,node_0427,956.31,5.2,961.51,voter pd share
5232,block_0097,DPoS,node_0481,3902.6,44.15,3946.75,voter pd share
5233,block_0097,DPoS,node_0103,5282.32,213.32,5495.64,self 20% + leftover
5234,block_0098,DPoS,node_0100,8140.8,97.86,8238.66,voter pd share
5235,block_0098,DPoS,node_0263,7141.82,67.55,7209.37,voter pd share
5236,block_0098,DPoS,node_0339,6047.25,77.08,6124.33,voter pd share
5237,block_0098,DPoS,node_0358,8608.6,105.38,8713.98,voter pd share
5238,block_0098,DPoS,node_0404,161.81,1.76,163.57,voter pd share
5239,block_0098,DPoS,node_0432,6221.48,65.93,6287.41,voter pd share
5240,block_0098,DPoS,node_0442,8843.23,217.44,9060.67,self 20% + leftover
5241,block_0099,DPoS,node_0076,4607.29,61.85,4669.14,voter pd share
5242,block_0099,DPoS,node_0107,9260.93,125.63,9386.56,voter pd share
5243,block_0099,DPoS,node_0145,5163.11,67.25,5230.35,voter pd share
5244,block_0099,DPoS,node_0207,8031.45,100.35,8131.8,voter pd share
5245,block_0099,DPoS,node_0212,1329.8,19.02,1348.82,voter pd share
5246,block_0099,DPoS,node_0344,1785.94,23.9,1809.84,voter pd share
5247,block_0099,DPoS,node_0454,7510.54,94.93,7605.47,voter pd share
5248,block_0099,DPoS,node_0463,6057.94,207.08,6265.02,self 20% + leftover
5249,block_0100,DPoS,node_0191,10012.8,98.9,10111.69,voter pd share
5250,block_0100,DPoS,node_0280,8440.65,87.03,8527.67,voter pd share
5251,block_0100,DPoS,node_0431,8237.48,89.59,8327.06,voter pd share
5252,block_0100,DPoS,node_0453,444.29,7.17,451.46,voter pd share
5253,block_0100,DPoS,node_0465,7015.28,72.5,7087.78,voter pd share
5254,block_0100,DPoS,node_0473,3211.03,31.25,3242.29,voter pd share
5255,block_0100,DPoS,node_0450,5838.47,165.57,6004.04,self 20% + leftover
5256,block_0101,DPoS,node_0007,3959.06,53.49,4012.55,voter pd share
5257,block_0101,DPoS,node_0015,5641.64,87.3,5728.94,voter pd share
5258,block_0101,DPoS,node_0062,3536.16,46.3,3582.46,voter pd share
5259,block_0101,DPoS,node_0161,4642.33,69.13,4711.45,voter pd share
5260,block_0101,DPoS,node_0162,4727.85,77.27,4805.12,voter pd share
5261,block_0101,DPoS,node_0234,1469.61,28.04,1497.65,voter pd share
5262,block_0101,DPoS,node_0282,8067.64,110.07,8177.71,voter pd share
5263,block_0101,DPoS,node_0310,2488.47,35.58,2524.05,voter pd share
5264,block_0101,DPoS,node_0452,650.87,20.91,671.78,voter pd share
5265,block_0101,DPoS,node_0383,6739.37,246.91,6986.28,self 20% + leftover
5266,block_0102,DPoS,node_0030,10861.63,144.81,11006.44,voter pd share
5267,block_0102,DPoS,node_0073,3728.18,53.43,3781.61,voter pd share
5268,block_0102,DPoS,node_0098,10148.82,149.81,10298.63,voter pd share
5269,block_0102,DPoS,node_0117,6881.07,95.02,6976.1,voter pd share
5270,block_0102,DPoS,node_0254,7038.96,108.98,7147.94,voter pd share
5271,block_0102,DPoS,node_0298,93.96,4.53,98.49,voter pd share
5272,block_0102,DPoS,node_0086,4977.38,220.41,5197.79,self 20% + leftover
5273,block_0103,DPoS,node_0037,799.89,24.65,824.54,voter pd share
5274,block_0103,DPoS,node_0079,4289.11,66.4,4355.51,voter pd share
5275,block_0103,DPoS,node_0114,7101.67,87.09,7188.76,voter pd share
5276,block_0103,DPoS,node_0183,6259.87,74.01,6333.88,voter pd share
5277,block_0103,DPoS,node_0214,7766.39,100.47,7866.85,voter pd share
5278,block_0103,DPoS,node_0384,7467.73,95.77,7563.5,voter pd share
5279,block_0103,DPoS,node_0443,4656.64,58.23,4714.88,voter pd share
5280,block_0103,DPoS,node_0194,2330.7,147.37,2478.07,self 20% + leftover
5281,block_0104,DPoS,node_0167,6017.23,76.09,6093.31,voter pd share
5282,block_0104,DPoS,node_0182,487.05,4.34,491.39,voter pd share
5283,block_0104,DPoS,node_0250,7258.59,83.0,7341.58,voter pd share
5284,block_0104,DPoS,node_0311,8824.92,110.29,8935.21,voter pd share
5285,block_0104,DPoS,node_0365,10286.74,114.25,10401.0,voter pd share
5286,block_0104,DPoS,node_0415,5799.43,67.5,5866.93,voter pd share
5287,block_0104,DPoS,node_0498,2308.04,141.54,2449.57,self 20% + leftover
5288,block_0105,DPoS,node_0075,4500.34,69.05,4569.39,voter pd share
5289,block_0105,DPoS,node_0085,6533.06,108.69,6641.76,voter pd share
5290,block_0105,DPoS,node_0230,7833.38,127.14,7960.52,voter pd share
5291,block_0105,DPoS,node_0334,8489.68,137.43,8627.11,voter pd share
5292,block_0105,DPoS,node_0417,9.73,12.48,22.21,voter pd share
5293,block_0105,DPoS,node_0428,7682.06,119.22,7801.28,voter pd share
5294,block_0105,DPoS,node_0209,3815.74,202.99,4018.73,self 20% + leftover
5295,block_0106,DPoS,node_0129,6867.21,90.17,6957.38,voter pd share
5296,block_0106,DPoS,node_0220,5821.32,82.42,5903.74,voter pd share
5297,block_0106,DPoS,node_0240,4985.95,69.76,5055.7,voter pd share
5298,block_0106,DPoS,node_0268,5647.73,75.78,5723.52,voter pd share
5299,block_0106,DPoS,node_0379,7624.37,99.71,7724.09,voter pd share
5300,block_0106,DPoS,node_0423,852.48,17.44,869.91,voter pd share
5301,block_0106,DPoS,node_0421,7255.95,234.72,7490.66,self 20% + leftover
5302,block_0107,DPoS,node_0164,2558.66,29.92,2588.58,voter pd share
5303,block_0107,DPoS,node_0211,9553.51,107.3,9660.81,voter pd share
5304,block_0107,DPoS,node_0260,6843.79,90.92,6934.71,voter pd share
5305,block_0107,DPoS,node_0401,6317.95,82.97,6400.92,voter pd share
5306,block_0107,DPoS,node_0444,10007.05,98.0,10105.04,voter pd share
5307,block_0107,DPoS,node_0497,2937.05,138.89,3075.94,self 20% + leftover
5308,block_0108,DPoS,node_0099,2910.55,47.0,2957.54,voter pd share
5309,block_0108,DPoS,node_0208,5681.46,77.21,5758.67,voter pd share
5310,block_0108,DPoS,node_0217,5119.33,70.33,5189.66,voter pd share
5311,block_0108,DPoS,node_0224,4290.57,63.59,4354.16,voter pd share
5312,block_0108,DPoS,node_0278,1744.48,26.49,1770.97,voter pd share
5313,block_0108,DPoS,node_0288,2726.07,34.49,2760.56,voter pd share
5314,block_0108,DPoS,node_0490,3841.05,54.31,3895.36,voter pd share
5315,block_0108,DPoS,node_0333,9134.49,247.58,9382.08,self 20% + leftover
5316,block_0109,DPoS,node_0014,6901.16,89.54,6990.69,voter pd share
5317,block_0109,DPoS,node_0198,1266.73,16.89,1283.61,voter pd share
5318,block_0109,DPoS,node_0218,7087.2,111.77,7198.96,voter pd share
5319,block_0109,DPoS,node_0241,5024.55,72.38,5096.93,voter pd share
5320,block_0109,DPoS,node_0320,2896.78,47.45,2944.24,voter pd share
5321,block_0109,DPoS,node_0414,4507.04,64.81,4571.85,voter pd share
5322,block_0109,DPoS,node_0493,2284.35,34.98,2319.33,voter pd share
5323,block_0109,DPoS,node_0425,6491.2,202.18,6693.38,self 20% + leftover
5324,block_0110,DPoS,node_0055,6143.72,84.97,6228.69,voter pd share
5325,block_0110,DPoS,node_0138,9487.06,142.51,9629.57,voter pd share
5326,block_0110,DPoS,node_0202,3158.89,44.62,3203.51,voter pd share
5327,block_0110,DPoS,node_0243,3588.42,53.32,3641.74,voter pd share
5328,block_0110,DPoS,node_0272,7943.76,110.86,8054.62,voter pd share
5329,block_0110,DPoS,node_0500,6943.15,240.73,7183.88,self 20% + leftover
5330,block_0111,DPoS,node_0087,3983.8,61.47,4045.27,voter pd share
5331,block_0111,DPoS,node_0101,2276.78,24.25,2301.03,voter pd share
5332,block_0111,DPoS,node_0219,7433.11,108.98,7542.09,voter pd share
5333,block_0111,DPoS,node_0281,8608.41,123.48,8731.89,voter pd share
5334,block_0111,DPoS,node_0302,5352.89,81.3,5434.2,voter pd share
5335,block_0111,DPoS,node_0352,9812.01,287.53,10099.54,self 20% + leftover
5336,block_0112,DPoS,node_0171,8808.77,134.77,8943.54,voter pd share
5337,block_0112,DPoS,node_0270,9474.33,149.67,9624.01,voter pd share
5338,block_0112,DPoS,node_0364,1687.87,19.66,1707.53,voter pd share
5339,block_0112,DPoS,node_0447,9107.9,163.81,9271.71,voter pd share
5340,block_0112,DPoS,node_0486,8538.12,272.09,8810.21,self 20% + leftover
5341,block_0113,DPoS,node_0169,5668.91,102.19,5771.1,voter pd share
5342,block_0113,DPoS,node_0232,6868.38,127.73,6996.11,voter pd share
5343,block_0113,DPoS,node_0233,4090.13,73.59,4163.71,voter pd share
5344,block_0113,DPoS,node_0410,9306.96,164.35,9471.31,voter pd share
5345,block_0113,DPoS,node_0494,8100.63,288.14,8388.77,self 20% + leftover
5346,block_0114,DPoS,node_0054,2168.61,36.72,2205.32,voter pd share
5347,block_0114,DPoS,node_0156,6710.52,131.93,6842.44,voter pd share
5348,block_0114,DPoS,node_0210,4410.47,77.37,4487.84,voter pd share
5349,block_0114,DPoS,node_0225,1870.84,30.66,1901.51,voter pd share
5350,block_0114,DPoS,node_0255,7169.6,120.05,7289.66,voter pd share
5351,block_0114,DPoS,node_0439,8063.98,138.25,8202.23,voter pd share
5352,block_0114,DPoS,node_0459,4693.97,240.02,4933.99,self 20% + leftover
5353,block_0115,DPoS,node_0116,4918.39,82.9,5001.29,voter pd share
5354,block_0115,DPoS,node_0316,7967.75,143.86,8111.61,voter pd share
5355,block_0115,DPoS,node_0374,7370.91,147.23,7518.14,voter pd share
5356,block_0115,DPoS,node_0441,6109.02,98.05,6207.07,voter pd share
5357,block_0115,DPoS,node_0482,3692.93,77.74,3770.67,voter pd share
5358,block_0115,DPoS,node_0120,3681.0,224.22,3905.22,self 20% + leftover
5359,block_0116,DPoS,node_0108,1662.61,38.52,1701.14,voter pd share
5360,block_0116,DPoS,node_0142,8831.77,151.81,8983.58,voter pd share
5361,block_0116,DPoS,node_0151,2277.6,32.36,2309.96,voter pd share
5362,block_0116,DPoS,node_0152,2859.38,52.81,2912.2,voter pd share
5363,block_0116,DPoS,node_0249,3748.92,79.0,3827.91,voter pd share
5364,block_0116,DPoS,node_0405,8952.33,168.08,9120.41,voter pd share
5365,block_0116,DPoS,node_0475,4833.38,219.41,5052.8,self 20% + leftover
5366,block_0117,DPoS,node_0011,1502.18,29.13,1531.32,voter pd share
5367,block_0117,DPoS,node_0024,293.49,16.32,309.81,voter pd share
5368,block_0117,DPoS,node_0134,5225.04,83.99,5309.03,voter pd share
5369,block_0117,DPoS,node_0177,8358.55,128.67,8487.22,voter pd share
5370,block_0117,DPoS,node_0235,8681.72,136.99,8818.7,voter pd share
5371,block_0117,DPoS,node_0412,1429.27,23.42,1452.69,voter pd share
5372,block_0117,DPoS,node_0479,7975.75,265.47,8241.22,self 20% + leftover
5373,block_0118,DPoS,node_0005,4035.33,67.29,4102.63,voter pd share
5374,block_0118,DPoS,node_0110,4829.97,72.12,4902.1,voter pd share
5375,block_0118,DPoS,node_0408,6409.69,108.29,6517.98,voter pd share
5376,block_0118,DPoS,node_0422,8750.12,152.94,8903.06,voter pd share
5377,block_0118,DPoS,node_0201,8514.89,265.35,8780.24,self 20% + leftover
5378,block_0119,DPoS,node_0066,1809.2,36.14,1845.34,voter pd share
5379,block_0119,DPoS,node_0074,2390.8,53.95,2444.75,voter pd share
5380,block_0119,DPoS,node_0373,7886.25,170.26,8056.51,voter pd share
5381,block_0119,DPoS,node_0448,10409.47,187.72,10597.19,voter pd share
5382,block_0119,DPoS,node_0067,9626.27,328.94,9955.21,self 20% + leftover
5383,block_0120,DPoS,node_0017,1123.0,19.49,1142.49,voter pd share
5384,block_0120,DPoS,node_0061,4333.9,57.9,4391.8,voter pd share
5385,block_0120,DPoS,node_0172,8168.87,115.0,8283.87,voter pd share
5386,block_0120,DPoS,node_0346,3854.33,52.8,3907.13,voter pd share
5387,block_0120,DPoS,node_0433,760.07,18.69,778.76,voter pd share
5388,block_0120,DPoS,node_0438,991.18,18.44,1009.62,voter pd share
5389,block_0120,DPoS,node_0462,3253.11,31.06,3284.17,voter pd share
5390,block_0120,DPoS,node_0192,10519.55,248.62,10768.16,self 20% + leftover
5391,block_0121,DPoS,node_0009,7014.05,56.29,7070.34,voter pd share
5392,block_0121,DPoS,node_0038,5715.36,45.39,5760.75,voter pd share
5393,block_0121,DPoS,node_0118,3822.26,29.82,3852.08,voter pd share
5394,block_0121,DPoS,node_0147,8080.96,63.23,8144.19,voter pd share
5395,block_0121,DPoS,node_0221,5518.8,40.95,5559.74,voter pd share
5396,block_0121,DPoS,node_0238,9390.89,74.2,9465.09,voter pd share
5397,block_0121,DPoS,node_0244,1946.0,21.17,1967.17,voter pd share
5398,block_0121,DPoS,node_0265,6600.63,54.84,6655.47,voter pd share
5399,block_0121,DPoS,node_0327,3292.58,29.36,3321.94,voter pd share
5400,block_0121,DPoS,node_0351,6309.28,51.79,6361.07,voter pd share
5401,block_0121,DPoS,node_0419,2915.21,18.55,2933.76,voter pd share
5402,block_0121,DPoS,node_0436,4346.1,31.65,4377.75,voter pd share
5403,block_0121,DPoS,node_0315,7615.88,205.77,7821.65,self 20% + leftover
5404,block_0122,DPoS,node_0028,7566.43,57.84,7624.28,voter pd share
5405,block_0122,DPoS,node_0125,3135.63,22.74,3158.37,voter pd share
5406,block_0122,DPoS,node_0166,6027.43,52.45,6079.89,voter pd share
5407,block_0122,DPoS,node_0196,10934.55,75.58,11010.13,voter pd share
5408,block_0122,DPoS,node_0215,8561.22,56.51,8617.73,voter pd share
5409,block_0122,DPoS,node_0290,8192.74,57.41,8250.14,voter pd share
5410,block_0122,DPoS,node_0291,3769.03,30.29,3799.32,voter pd share
5411,block_0122,DPoS,node_0322,9302.04,72.37,9374.41,voter pd share
5412,block_0122,DPoS,node_0382,1353.07,16.18,1369.25,voter pd share
5413,block_0122,DPoS,node_0409,2546.29,20.09,2566.38,voter pd share
5414,block_0122,DPoS,node_0303,8836.56,200.54,9037.1,self 20% + leftover
5415,block_0123,DPoS,node_0044,10587.41,94.51,10681.92,voter pd share
5416,block_0123,DPoS,node_0056,10014.36,92.86,10107.21,voter pd share
5417,block_0123,DPoS,node_0229,8191.1,87.35,8278.45,voter pd share
5418,block_0123,DPoS,node_0256,6836.39,69.2,6905.59,voter pd share
5419,block_0123,DPoS,node_0286,201.24,0.88,202.12,voter pd share
5420,block_0123,DPoS,node_0295,7744.62,79.33,7823.95,voter pd share
5421,block_0123,DPoS,node_0381,4940.64,51.04,4991.68,voter pd share
5422,block_0123,DPoS,node_0483,5945.96,58.75,6004.7,voter pd share
5423,block_0123,DPoS,node_0003,10607.29,241.09,10848.38,self 20% + leftover
5424,block_0124,DPoS,node_0032,7935.64,126.46,8062.1,voter pd share
5425,block_0124,DPoS,node_0057,1292.43,15.27,1307.7,voter pd share
5426,block_0124,DPoS,node_0242,1391.44,25.22,1416.67,voter pd share
5427,block_0124,DPoS,node_0380,7498.99,110.18,7609.18,voter pd share
5428,block_0124,DPoS,node_0445,7507.48,112.25,7619.73,voter pd share
5429,block_0124,DPoS,node_0020,4246.01,180.62,4426.63,self 20% + leftover
5430,block_0125,DPoS,node_0090,1137.21,10.69,1147.89,voter pd share
5431,block_0125,DPoS,node_0122,4589.75,39.52,4629.27,voter pd share
5432,block_0125,DPoS,node_0150,2610.48,21.09,2631.57,voter pd share
5433,block_0125,DPoS,node_0154,8216.88,64.36,8281.23,voter pd share
5434,block_0125,DPoS,node_0174,2165.39,18.3,2183.69,voter pd share
5435,block_0125,DPoS,node_0226,3716.2,32.29,3748.49,voter pd share
5436,block_0125,DPoS,node_0246,9794.71,83.6,9878.31,voter pd share
5437,block_0125,DPoS,node_0299,2163.04,22.05,2185.09,voter pd share
5438,block_0125,DPoS,node_0318,9741.68,82.72,9824.4,voter pd share
5439,block_0125,DPoS,node_0361,2118.83,13.26,2132.09,voter pd share
5440,block_0125,DPoS,node_0395,2137.18,17.54,2154.72,voter pd share
5441,block_0125,DPoS,node_0039,4134.67,129.58,4264.25,self 20% + leftover
5442,block_0126,DPoS,node_0023,8684.84,103.74,8788.58,voter pd share
5443,block_0126,DPoS,node_0261,5940.9,52.09,5992.99,voter pd share
5444,block_0126,DPoS,node_0292,7891.28,76.66,7967.94,voter pd share
5445,block_0126,DPoS,node_0371,10057.11,109.65,10166.76,voter pd share
5446,block_0126,DPoS,node_0391,5481.18,69.9,5551.08,voter pd share
5447,block_0126,DPoS,node_0460,6119.4,62.31,6181.72,voter pd share
5448,block_0126,DPoS,node_0336,6051.29,187.64,6238.93,self 20% + leftover
5449,block_0127,DPoS,node_0035,6304.27,68.71,6372.98,voter pd share
5450,block_0127,DPoS,node_0121,6159.64,71.72,6231.35,voter pd share
5451,block_0127,DPoS,node_0128,7298.45,78.49,7376.94,voter pd share
5452,block_0127,DPoS,node_0149,7092.02,69.14,7161.16,voter pd share
5453,block_0127,DPoS,node_0237,1357.72,15.75,1373.48,voter pd share
5454,block_0127,DPoS,node_0355,309.25,6.39,315.64,voter pd share
5455,block_0127,DPoS,node_0369,2294.91,20.18,2315.09,voter pd share
5456,block_0127,DPoS,node_0375,8846.84,92.22,8939.06,voter pd share
5457,block_0127,DPoS,node_0427,1093.51,4.26,1097.78,voter pd share
5458,block_0127,DPoS,node_0481,4136.75,36.21,4172.96,voter pd share
5459,block_0127,DPoS,node_0103,5122.64,174.93,5297.57,self 20% + leftover
5460,block_0128,DPoS,node_0100,8347.66,90.75,8438.41,voter pd share
5461,block_0128,DPoS,node_0263,6857.37,62.64,6920.02,voter pd share
5462,block_0128,DPoS,node_0339,5983.33,71.48,6054.81,voter pd share
5463,block_0128,DPoS,node_0358,8449.98,97.72,8547.71,voter pd share
5464,block_0128,DPoS,node_0404,0.57,1.63,2.21,voter pd share
5465,block_0128,DPoS,node_0432,6448.41,61.14,6509.54,voter pd share
5466,block_0128,DPoS,node_0442,9470.67,201.63,9672.3,self 20% + leftover
5467,block_0129,DPoS,node_0076,4733.14,68.65,4801.79,voter pd share
5468,block_0129,DPoS,node_0107,9439.56,139.45,9579.0,voter pd share
5469,block_0129,DPoS,node_0145,5134.35,74.64,5209.0,voter pd share
5470,block_0129,DPoS,node_0207,8303.8,111.39,8415.19,voter pd share
5471,block_0129,DPoS,node_0212,1329.82,21.11,1350.93,voter pd share
5472,block_0129,DPoS,node_0344,1778.84,26.53,1805.37,voter pd share
5473,block_0129,DPoS,node_0454,7797.47,105.37,7902.85,voter pd share
5474,block_0129,DPoS,node_0463,6338.02,229.85,6567.87,self 20% + leftover
5475,block_0130,DPoS,node_0191,10159.69,118.6,10278.3,voter pd share
5476,block_0130,DPoS,node_0280,8982.67,104.37,9087.04,voter pd share
5477,block_0130,DPoS,node_0431,7935.06,107.44,8042.51,voter pd share
5478,block_0130,DPoS,node_0453,394.46,8.6,403.06,voter pd share
5479,block_0130,DPoS,node_0465,6736.78,86.95,6823.72,voter pd share
5480,block_0130,DPoS,node_0473,3059.29,37.48,3096.77,voter pd share
5481,block_0130,DPoS,node_0450,5950.04,198.56,6148.61,self 20% + leftover
5482,block_0131,DPoS,node_0007,4314.55,48.39,4362.93,voter pd share
5483,block_0131,DPoS,node_0015,4891.94,78.97,4970.91,voter pd share
5484,block_0131,DPoS,node_0062,3936.46,41.88,3978.35,voter pd share
5485,block_0131,DPoS,node_0161,4549.45,62.53,4611.98,voter pd share
5486,block_0131,DPoS,node_0162,4778.12,69.89,4848.01,voter pd share
5487,block_0131,DPoS,node_0234,1943.65,25.36,1969.01,voter pd share
5488,block_0131,DPoS,node_0282,7638.71,99.56,7738.27,voter pd share
5489,block_0131,DPoS,node_0310,2716.05,32.18,2748.24,voter pd share
5490,block_0131,DPoS,node_0452,1099.78,18.91,1118.69,voter pd share
5491,block_0131,DPoS,node_0383,7252.28,223.33,7475.61,self 20% + leftover
5492,block_0132,DPoS,node_0030,11147.44,117.98,11265.42,voter pd share
5493,block_0132,DPoS,node_0073,4196.61,43.53,4240.14,voter pd share
5494,block_0132,DPoS,node_0098,10035.63,122.04,10157.68,voter pd share
5495,block_0132,DPoS,node_0117,7094.1,77.41,7171.51,voter pd share
5496,block_0132,DPoS,node_0254,6864.94,88.79,6953.72,voter pd share
5497,block_0132,DPoS,node_0298,162.49,3.69,166.18,voter pd share
5498,block_0132,DPoS,node_0086,5454.79,179.56,5634.36,self 20% + leftover
5499,block_0133,DPoS,node_0037,724.54,29.17,753.71,voter pd share
5500,block_0133,DPoS,node_0079,4000.51,78.58,4079.09,voter pd share
5501,block_0133,DPoS,node_0114,7208.76,103.07,7311.83,voter pd share
5502,block_0133,DPoS,node_0183,6592.88,87.59,6680.47,voter pd share
5503,block_0133,DPoS,node_0214,7578.85,118.9,7697.76,voter pd share
5504,block_0133,DPoS,node_0384,7280.5,113.34,7393.85,voter pd share
5505,block_0133,DPoS,node_0443,4683.88,68.92,4752.79,voter pd share
5506,block_0133,DPoS,node_0194,2150.07,174.42,2324.49,self 20% + leftover
5507,block_0134,DPoS,node_0167,6431.31,88.07,6519.38,voter pd share
5508,block_0134,DPoS,node_0182,689.39,5.03,694.42,voter pd share
5509,block_0134,DPoS,node_0250,6831.58,96.06,6927.65,voter pd share
5510,block_0134,DPoS,node_0311,9047.21,127.66,9174.86,voter pd share
5511,block_0134,DPoS,node_0365,10205.0,132.24,10337.24,voter pd share
5512,block_0134,DPoS,node_0415,5583.93,78.12,5662.05,voter pd share
5513,block_0134,DPoS,node_0498,2521.57,163.82,2685.39,self 20% + leftover
5514,block_0135,DPoS,node_0075,4653.39,68.7,4722.09,voter pd share
5515,block_0135,DPoS,node_0085,6924.76,108.13,7032.89,voter pd share
5516,block_0135,DPoS,node_0230,7634.52,126.48,7761.0,voter pd share
5517,block_0135,DPoS,node_0334,8795.11,136.72,8931.84,voter pd share
5518,block_0135,DPoS,node_0417,166.21,12.41,178.62,voter pd share
5519,block_0135,DPoS,node_0428,8020.28,118.61,8138.89,voter pd share
5520,block_0135,DPoS,node_0209,3918.73,201.95,4120.67,self 20% + leftover
5521,block_0136,DPoS,node_0129,6635.38,72.41,6707.79,voter pd share
5522,block_0136,DPoS,node_0220,6027.74,66.18,6093.92,voter pd share
5523,block_0136,DPoS,node_0240,4924.7,56.02,4980.72,voter pd share
5524,block_0136,DPoS,node_0268,5540.52,60.85,5601.37,voter pd share
5525,block_0136,DPoS,node_0379,7498.09,80.07,7578.15,voter pd share
5526,block_0136,DPoS,node_0423,824.91,14.0,838.91,voter pd share
5527,block_0136,DPoS,node_0421,7452.66,188.48,7641.14,self 20% + leftover
5528,block_0137,DPoS,node_0164,2842.58,42.37,2884.95,voter pd share
5529,block_0137,DPoS,node_0211,8898.81,151.95,9050.76,voter pd share
5530,block_0137,DPoS,node_0260,6942.71,128.75,7071.45,voter pd share
5531,block_0137,DPoS,node_0401,6262.92,117.5,6380.42,voter pd share
5532,block_0137,DPoS,node_0444,9834.04,138.77,9972.81,voter pd share
5533,block_0137,DPoS,node_0497,3182.94,196.67,3379.61,self 20% + leftover
5534,block_0138,DPoS,node_0099,3049.54,46.24,3095.78,voter pd share
5535,block_0138,DPoS,node_0208,5661.67,75.96,5737.64,voter pd share
5536,block_0138,DPoS,node_0217,5051.66,69.2,5120.86,voter pd share
5537,block_0138,DPoS,node_0224,4624.16,62.56,4686.73,voter pd share
5538,block_0138,DPoS,node_0278,1650.97,26.06,1677.03,voter pd share
5539,block_0138,DPoS,node_0288,2858.56,33.93,2892.49,voter pd share
5540,block_0138,DPoS,node_0490,3514.36,53.44,3567.8,voter pd share
5541,block_0138,DPoS,node_0333,9283.08,243.6,9526.67,self 20% + leftover
5542,block_0139,DPoS,node_0014,7394.69,103.39,7498.08,voter pd share
5543,block_0139,DPoS,node_0198,1048.61,19.5,1068.11,voter pd share
5544,block_0139,DPoS,node_0218,6926.96,129.06,7056.02,voter pd share
5545,block_0139,DPoS,node_0241,5061.93,83.57,5145.5,voter pd share
5546,block_0139,DPoS,node_0320,2847.24,54.79,2902.03,voter pd share
5547,block_0139,DPoS,node_0414,4658.85,74.84,4733.7,voter pd share
5548,block_0139,DPoS,node_0493,2581.33,40.39,2621.72,voter pd share
5549,block_0139,DPoS,node_0425,6788.38,233.46,7021.84,self 20% + leftover
5550,block_0140,DPoS,node_0055,5779.69,80.83,5860.51,voter pd share
5551,block_0140,DPoS,node_0138,9677.57,135.56,9813.14,voter pd share
5552,block_0140,DPoS,node_0202,3346.51,42.45,3388.95,voter pd share
5553,block_0140,DPoS,node_0243,3319.74,50.72,3370.45,voter pd share
5554,block_0140,DPoS,node_0272,8358.62,105.46,8464.08,voter pd share
5555,block_0140,DPoS,node_0500,7318.88,228.99,7547.87,self 20% + leftover
5556,block_0141,DPoS,node_0087,3851.27,59.77,3911.03,voter pd share
5557,block_0141,DPoS,node_0101,2197.03,23.57,2220.6,voter pd share
5558,block_0141,DPoS,node_0219,7206.09,105.97,7312.05,voter pd share
5559,block_0141,DPoS,node_0281,8656.89,120.06,8776.95,voter pd share
5560,block_0141,DPoS,node_0302,5325.2,79.06,5404.25,voter pd share
5561,block_0141,DPoS,node_0352,10906.54,279.58,11186.11,self 20% + leftover
5562,block_0142,DPoS,node_0171,8997.54,129.67,9127.21,voter pd share
5563,block_0142,DPoS,node_0270,9531.01,144.01,9675.02,voter pd share
5564,block_0142,DPoS,node_0364,1646.53,18.91,1665.44,voter pd share
5565,block_0142,DPoS,node_0447,9347.71,157.61,9505.32,voter pd share
5566,block_0142,DPoS,node_0486,8613.21,261.79,8875.01,self 20% + leftover
5567,block_0143,DPoS,node_0267,7401.0,112.31,7513.31,voter pd share
5568,block_0143,DPoS,node_0332,6254.0,102.67,6356.67,voter pd share
5569,block_0143,DPoS,node_0411,2990.0,38.91,3028.91,voter pd share
5570,block_0143,DPoS,node_0446,4550.0,71.17,4621.17,voter pd share
5571,block_0143,DPoS,node_0049,8340.0,227.94,8567.94,self 20% + leftover
5572,block_0144,DPoS,node_0116,5172.29,62.12,5234.41,voter pd share
5573,block_0144,DPoS,node_0316,8404.61,107.8,8512.41,voter pd share
5574,block_0144,DPoS,node_0374,7263.14,110.33,7373.47,voter pd share
5575,block_0144,DPoS,node_0441,6318.07,73.47,6391.54,voter pd share
5576,block_0144,DPoS,node_0482,3938.67,58.26,3996.93,voter pd share
5577,block_0144,DPoS,node_0120,3870.22,168.02,4038.24,self 20% + leftover
5578,block_0145,DPoS,node_0116,5285.41,83.22,5368.63,voter pd share
5579,block_0145,DPoS,node_0316,8474.41,144.42,8618.83,voter pd share
5580,block_0145,DPoS,node_0374,7401.47,147.8,7549.28,voter pd share
5581,block_0145,DPoS,node_0441,6367.54,98.43,6465.97,voter pd share
5582,block_0145,DPoS,node_0482,3977.93,78.04,4055.97,voter pd share
5583,block_0145,DPoS,node_0120,4038.24,225.09,4263.32,self 20% + leftover
5584,block_0146,DPoS,node_0108,1522.14,40.24,1562.38,voter pd share
5585,block_0146,DPoS,node_0142,8716.58,158.56,8875.14,voter pd share
5586,block_0146,DPoS,node_0151,2034.96,33.8,2068.76,voter pd share
5587,block_0146,DPoS,node_0152,2706.2,55.16,2761.36,voter pd share
5588,block_0146,DPoS,node_0249,4146.91,82.51,4229.42,voter pd share
5589,block_0146,DPoS,node_0405,9167.41,175.56,9342.97,voter pd share
5590,block_0146,DPoS,node_0475,4899.8,229.17,5128.97,self 20% + leftover
5591,block_0147,DPoS,node_0011,1621.32,30.28,1651.6,voter pd share
5592,block_0147,DPoS,node_0024,467.81,16.97,484.78,voter pd share
5593,block_0147,DPoS,node_0134,4901.03,87.31,4988.34,voter pd share
5594,block_0147,DPoS,node_0177,8257.22,133.75,8390.97,voter pd share
5595,block_0147,DPoS,node_0235,8593.7,142.39,8736.1,voter pd share
5596,block_0147,DPoS,node_0412,1151.69,24.35,1176.04,voter pd share
5597,block_0147,DPoS,node_0479,8653.22,275.95,8929.17,self 20% + leftover
5598,block_0148,DPoS,node_0005,4077.63,78.61,4156.24,voter pd share
5599,block_0148,DPoS,node_0110,4452.1,84.25,4536.35,voter pd share
5600,block_0148,DPoS,node_0408,6546.98,126.5,6673.48,voter pd share
5601,block_0148,DPoS,node_0422,9343.06,178.66,9521.72,voter pd share
5602,block_0148,DPoS,node_0201,8158.24,309.97,8468.21,self 20% + leftover
5603,block_0149,DPoS,node_0066,1085.34,31.02,1116.36,voter pd share
5604,block_0149,DPoS,node_0074,2430.75,46.31,2477.07,voter pd share
5605,block_0149,DPoS,node_0373,7824.51,146.15,7970.66,voter pd share
5606,block_0149,DPoS,node_0448,10664.19,161.14,10825.33,voter pd share
5607,block_0149,DPoS,node_0067,10476.21,282.37,10758.58,self 20% + leftover
5608,block_0150,DPoS,node_0017,1413.49,26.95,1440.44,voter pd share
5609,block_0150,DPoS,node_0061,4210.8,80.05,4290.86,voter pd share
5610,block_0150,DPoS,node_0172,8089.87,158.99,8248.86,voter pd share
5611,block_0150,DPoS,node_0346,3722.13,73.0,3795.13,voter pd share
5612,block_0150,DPoS,node_0433,844.76,25.84,870.59,voter pd share
5613,block_0150,DPoS,node_0438,985.62,25.5,1011.12,voter pd share
5614,block_0150,DPoS,node_0462,3275.17,42.94,3318.11,voter pd share
5615,block_0150,DPoS,node_0192,10647.16,343.73,10990.89,self 20% + leftover
5616,block_0151,DPoS,node_0009,7173.34,54.73,7228.08,voter pd share
5617,block_0151,DPoS,node_0038,5669.75,44.13,5713.88,voter pd share
5618,block_0151,DPoS,node_0118,4476.08,28.99,4505.07,voter pd share
5619,block_0151,DPoS,node_0147,8457.19,61.48,8518.67,voter pd share
5620,block_0151,DPoS,node_0221,5337.74,39.81,5377.56,voter pd share
5621,block_0151,DPoS,node_0238,9223.09,72.15,9295.24,voter pd share
5622,block_0151,DPoS,node_0244,2149.17,20.59,2169.76,voter pd share
5623,block_0151,DPoS,node_0265,6735.47,53.32,6788.79,voter pd share
5624,block_0151,DPoS,node_0327,3412.94,28.55,3441.49,voter pd share
5625,block_0151,DPoS,node_0351,6262.07,50.36,6312.43,voter pd share
5626,block_0151,DPoS,node_0419,2666.76,18.03,2684.8,voter pd share
5627,block_0151,DPoS,node_0436,4396.75,30.77,4427.52,voter pd share
5628,block_0151,DPoS,node_0315,7679.65,200.08,7879.73,self 20% + leftover
5629,block_0152,DPoS,node_0028,7652.28,65.53,7717.81,voter pd share
5630,block_0152,DPoS,node_0125,3149.37,25.76,3175.14,voter pd share
5631,block_0152,DPoS,node_0166,5760.89,59.43,5820.31,voter pd share
5632,block_0152,DPoS,node_0196,10698.13,85.63,10783.75,voter pd share
5633,block_0152,DPoS,node_0215,8463.73,64.02,8527.74,voter pd share
5634,block_0152,DPoS,node_0290,8320.14,65.04,8385.18,voter pd share
5635,block_0152,DPoS,node_0291,3951.32,34.31,3985.63,voter pd share
5636,block_0152,DPoS,node_0322,9564.41,81.99,9646.39,voter pd share
5637,block_0152,DPoS,node_0382,1373.25,18.33,1391.59,voter pd share
5638,block_0152,DPoS,node_0409,2502.38,22.76,2525.14,voter pd share
5639,block_0152,DPoS,node_0303,8921.1,227.2,9148.3,self 20% + leftover
5640,block_0153,DPoS,node_0044,10646.92,94.75,10741.67,voter pd share
5641,block_0153,DPoS,node_0056,10360.21,93.1,10453.31,voter pd share
5642,block_0153,DPoS,node_0229,8342.45,87.57,8430.02,voter pd share
5643,block_0153,DPoS,node_0256,6714.59,69.38,6783.97,voter pd share
5644,block_0153,DPoS,node_0286,315.12,0.88,316.01,voter pd share
5645,block_0153,DPoS,node_0295,8000.95,79.53,8080.48,voter pd share
5646,block_0153,DPoS,node_0381,4791.68,51.17,4842.85,voter pd share
5647,block_0153,DPoS,node_0483,5928.7,58.9,5987.6,voter pd share
5648,block_0153,DPoS,node_0003,10624.38,241.71,10866.09,self 20% + leftover
5649,block_0154,DPoS,node_0032,7785.1,139.11,7924.21,voter pd share
5650,block_0154,DPoS,node_0057,1599.7,16.8,1616.5,voter pd share
5651,block_0154,DPoS,node_0242,1124.67,27.75,1152.41,voter pd share
5652,block_0154,DPoS,node_0380,7616.18,121.2,7737.38,voter pd share
5653,block_0154,DPoS,node_0445,7855.73,123.47,7979.2,voter pd share
5654,block_0154,DPoS,node_0020,5030.63,198.68,5229.31,self 20% + leftover
5655,block_0155,DPoS,node_0090,683.89,11.9,695.8,voter pd share
5656,block_0155,DPoS,node_0122,4941.27,44.03,4985.3,voter pd share
5657,block_0155,DPoS,node_0150,2506.57,23.5,2530.07,voter pd share
5658,block_0155,DPoS,node_0154,8236.23,71.7,8307.93,voter pd share
5659,block_0155,DPoS,node_0174,2411.69,20.39,2432.08,voter pd share
5660,block_0155,DPoS,node_0226,3845.49,35.97,3881.46,voter pd share
5661,block_0155,DPoS,node_0246,9619.31,93.13,9712.44,voter pd share
5662,block_0155,DPoS,node_0299,2067.09,24.56,2091.65,voter pd share
5663,block_0155,DPoS,node_0318,9823.4,92.15,9915.55,voter pd share
5664,block_0155,DPoS,node_0361,2174.09,14.77,2188.87,voter pd share
5665,block_0155,DPoS,node_0395,2376.72,19.54,2396.26,voter pd share
5666,block_0155,DPoS,node_0039,4170.25,144.35,4314.6,self 20% + leftover
5667,block_0156,DPoS,node_0023,8343.58,118.16,8461.74,voter pd share
5668,block_0156,DPoS,node_0261,5714.99,59.33,5774.32,voter pd share
5669,block_0156,DPoS,node_0292,8100.94,87.32,8188.26,voter pd share
5670,block_0156,DPoS,node_0371,9971.76,124.88,10096.64,voter pd share
5671,block_0156,DPoS,node_0391,5835.08,79.62,5914.7,voter pd share
5672,block_0156,DPoS,node_0460,6189.72,70.97,6260.69,voter pd share
5673,block_0156,DPoS,node_0336,6363.93,213.71,6577.64,self 20% + leftover
5674,block_0157,DPoS,node_0035,6591.98,83.03,6675.02,voter pd share
5675,block_0157,DPoS,node_0121,6615.35,86.67,6702.03,voter pd share
5676,block_0157,DPoS,node_0128,7321.94,94.85,7416.79,voter pd share
5677,block_0157,DPoS,node_0149,7026.16,83.55,7109.7,voter pd share
5678,block_0157,DPoS,node_0237,1400.48,19.04,1419.52,voter pd share
5679,block_0157,DPoS,node_0355,327.64,7.72,335.36,voter pd share
5680,block_0157,DPoS,node_0369,1836.09,24.39,1860.48,voter pd share
5681,block_0157,DPoS,node_0375,8546.06,111.44,8657.5,voter pd share
5682,block_0157,DPoS,node_0427,1080.78,5.15,1085.93,voter pd share
5683,block_0157,DPoS,node_0481,4240.96,43.76,4284.72,voter pd share
5684,block_0157,DPoS,node_0103,4906.57,211.4,5117.96,self 20% + leftover
5685,block_0158,DPoS,node_0100,8263.41,96.62,8360.04,voter pd share
5686,block_0158,DPoS,node_0263,6918.02,66.7,6984.71,voter pd share
5687,block_0158,DPoS,node_0339,5947.81,76.1,6023.91,voter pd share
5688,block_0158,DPoS,node_0358,8709.71,104.05,8813.75,voter pd share
5689,block_0158,DPoS,node_0404,249.21,1.74,250.95,voter pd share
5690,block_0158,DPoS,node_0432,6522.54,65.1,6587.64,voter pd share
5691,block_0158,DPoS,node_0442,10085.3,214.69,10299.99,self 20% + leftover
5692,block_0159,DPoS,node_0076,4856.79,62.29,4919.08,voter pd share
5693,block_0159,DPoS,node_0107,9618.0,126.52,9744.53,voter pd share
5694,block_0159,DPoS,node_0145,4891.0,67.73,4958.72,voter pd share
5695,block_0159,DPoS,node_0207,8462.19,101.07,8563.26,voter pd share
5696,block_0159,DPoS,node_0212,1430.93,19.15,1450.08,voter pd share
5697,block_0159,DPoS,node_0344,1534.37,24.07,1558.44,voter pd share
5698,block_0159,DPoS,node_0454,7809.85,95.61,7905.46,voter pd share
5699,block_0159,DPoS,node_0463,6455.87,208.56,6664.43,self 20% + leftover
5700,block_0160,DPoS,node_0191,10187.3,135.44,10322.74,voter pd share
5701,block_0160,DPoS,node_0280,8893.04,119.19,9012.23,voter pd share
5702,block_0160,DPoS,node_0431,7808.51,122.7,7931.2,voter pd share
5703,block_0160,DPoS,node_0453,480.06,9.82,489.88,voter pd share
5704,block_0160,DPoS,node_0465,6432.72,99.29,6532.01,voter pd share
5705,block_0160,DPoS,node_0473,3099.77,42.8,3142.57,voter pd share
5706,block_0160,DPoS,node_0450,6157.61,226.76,6384.37,self 20% + leftover
5707,block_0161,DPoS,node_0007,4160.93,50.46,4211.39,voter pd share
5708,block_0161,DPoS,node_0015,4627.91,82.35,4710.26,voter pd share
5709,block_0161,DPoS,node_0062,3572.35,43.68,3616.02,voter pd share
5710,block_0161,DPoS,node_0161,4486.98,65.2,4552.18,voter pd share
5711,block_0161,DPoS,node_0162,4999.01,72.88,5071.89,voter pd share
5712,block_0161,DPoS,node_0234,1948.01,26.45,1974.46,voter pd share
5713,block_0161,DPoS,node_0282,7876.27,103.82,7980.09,voter pd share
5714,block_0161,DPoS,node_0310,2672.24,33.56,2705.79,voter pd share
5715,block_0161,DPoS,node_0452,1390.69,19.72,1410.42,voter pd share
5716,block_0161,DPoS,node_0383,7507.61,232.89,7740.5,self 20% + leftover
5717,block_0162,DPoS,node_0030,10873.42,144.81,11018.23,voter pd share
5718,block_0162,DPoS,node_0073,4279.14,53.43,4332.57,voter pd share
5719,block_0162,DPoS,node_0098,10311.68,149.81,10461.48,voter pd share
5720,block_0162,DPoS,node_0117,7368.51,95.02,7463.53,voter pd share
5721,block_0162,DPoS,node_0254,7196.72,108.98,7305.71,voter pd share
5722,block_0162,DPoS,node_0298,535.18,4.53,539.71,voter pd share
5723,block_0162,DPoS,node_0086,5825.36,220.41,6045.77,self 20% + leftover
5724,block_0163,DPoS,node_0037,957.71,25.03,982.74,voter pd share
5725,block_0163,DPoS,node_0079,3966.09,67.41,4033.51,voter pd share
5726,block_0163,DPoS,node_0114,7278.83,88.43,7367.26,voter pd share
5727,block_0163,DPoS,node_0183,6972.47,75.15,7047.62,voter pd share
5728,block_0163,DPoS,node_0214,7684.76,102.0,7786.76,voter pd share
5729,block_0163,DPoS,node_0384,7303.85,97.24,7401.08,voter pd share
5730,block_0163,DPoS,node_0443,4263.79,59.12,4322.92,voter pd share
5731,block_0163,DPoS,node_0194,2276.49,149.63,2426.12,self 20% + leftover
5732,block_0164,DPoS,node_0167,6123.38,98.9,6222.28,voter pd share
5733,block_0164,DPoS,node_0182,549.42,5.64,555.06,voter pd share
5734,block_0164,DPoS,node_0250,6968.65,107.88,7076.53,voter pd share
5735,block_0164,DPoS,node_0311,9393.86,143.36,9537.22,voter pd share
5736,block_0164,DPoS,node_0365,10095.24,148.51,10243.75,voter pd share
5737,block_0164,DPoS,node_0415,5925.05,87.73,6012.79,voter pd share
5738,block_0164,DPoS,node_0498,2843.39,183.97,3027.37,self 20% + leftover
5739,block_0165,DPoS,node_0075,5121.09,57.68,5178.76,voter pd share
5740,block_0165,DPoS,node_0085,6591.89,90.79,6682.68,voter pd share
5741,block_0165,DPoS,node_0230,7404.0,106.19,7510.2,voter pd share
5742,block_0165,DPoS,node_0334,8893.84,114.79,9008.63,voter pd share
5743,block_0165,DPoS,node_0417,200.62,10.42,211.04,voter pd share
5744,block_0165,DPoS,node_0428,7754.89,99.58,7854.47,voter pd share
5745,block_0165,DPoS,node_0209,4398.67,169.55,4568.22,self 20% + leftover
5746,block_0166,DPoS,node_0129,6750.79,104.57,6855.36,voter pd share
5747,block_0166,DPoS,node_0220,5864.92,95.58,5960.5,voter pd share
5748,block_0166,DPoS,node_0240,4728.72,80.9,4809.62,voter pd share
5749,block_0166,DPoS,node_0268,5286.37,87.89,5374.25,voter pd share
5750,block_0166,DPoS,node_0379,7821.15,115.64,7936.79,voter pd share
5751,block_0166,DPoS,node_0423,1017.91,20.22,1038.13,voter pd share
5752,block_0166,DPoS,node_0421,7762.14,272.2,8034.34,self 20% + leftover
5753,block_0167,DPoS,node_0164,3048.95,37.18,3086.13,voter pd share
5754,block_0167,DPoS,node_0211,9412.76,133.35,9546.1,voter pd share
5755,block_0167,DPoS,node_0260,6957.45,112.99,7070.44,voter pd share
5756,block_0167,DPoS,node_0401,6369.42,103.11,6472.53,voter pd share
5757,block_0167,DPoS,node_0444,10003.81,121.78,10125.6,voter pd share
5758,block_0167,DPoS,node_0497,3415.61,172.59,3588.2,self 20% + leftover
5759,block_0168,DPoS,node_0099,2876.78,53.66,2930.44,voter pd share
5760,block_0168,DPoS,node_0208,5390.64,88.15,5478.78,voter pd share
5761,block_0168,DPoS,node_0217,5293.86,80.3,5374.17,voter pd share
5762,block_0168,DPoS,node_0224,4800.73,72.6,4873.32,voter pd share
5763,block_0168,DPoS,node_0278,1412.03,30.24,1442.27,voter pd share
5764,block_0168,DPoS,node_0288,2354.49,39.37,2393.86,voter pd share
5765,block_0168,DPoS,node_0490,3555.8,62.01,3617.81,voter pd share
5766,block_0168,DPoS,node_0333,9229.67,282.67,9512.34,self 20% + leftover
5767,block_0169,DPoS,node_0014,7749.08,108.84,7857.93,voter pd share
5768,block_0169,DPoS,node_0198,1140.11,20.53,1160.64,voter pd share
5769,block_0169,DPoS,node_0218,7172.02,135.87,7307.89,voter pd share
5770,block_0169,DPoS,node_0241,5631.5,87.98,5719.48,voter pd share
5771,block_0169,DPoS,node_0320,2527.03,57.69,2584.72,voter pd share
5772,block_0169,DPoS,node_0414,4706.7,78.79,4785.49,voter pd share
5773,block_0169,DPoS,node_0493,2426.72,42.52,2469.24,voter pd share
5774,block_0169,DPoS,node_0425,6948.84,245.78,7194.61,self 20% + leftover
5775,block_0170,DPoS,node_0055,5442.51,68.15,5510.66,voter pd share
5776,block_0170,DPoS,node_0138,9366.14,114.3,9480.44,voter pd share
5777,block_0170,DPoS,node_0202,3706.95,35.79,3742.74,voter pd share
5778,block_0170,DPoS,node_0243,3581.45,42.76,3624.22,voter pd share
5779,block_0170,DPoS,node_0272,8293.08,88.92,8381.99,voter pd share
5780,block_0170,DPoS,node_0500,7281.87,193.08,7474.94,self 20% + leftover
5781,block_0171,DPoS,node_0036,8531.0,144.33,8675.33,voter pd share
5782,block_0171,DPoS,node_0040,8046.0,136.59,8182.59,voter pd share
5783,block_0171,DPoS,node_0127,6331.0,94.57,6425.57,voter pd share
5784,block_0171,DPoS,node_0160,4455.0,65.7,4520.7,voter pd share
5785,block_0171,DPoS,node_0077,3612.0,163.81,3775.81,self 20% + leftover
5786,block_0172,DPoS,node_0171,8778.21,138.23,8916.45,voter pd share
5787,block_0172,DPoS,node_0270,9768.02,153.52,9921.54,voter pd share
5788,block_0172,DPoS,node_0364,1212.44,20.16,1232.6,voter pd share
5789,block_0172,DPoS,node_0447,9374.32,168.01,9542.33,voter pd share
5790,block_0172,DPoS,node_0486,9043.01,279.08,9322.08,self 20% + leftover
5791,block_0173,DPoS,node_0267,7633.31,133.03,7766.34,voter pd share
5792,block_0173,DPoS,node_0332,6504.67,121.61,6626.27,voter pd share
5793,block_0173,DPoS,node_0411,2799.91,46.09,2846.01,voter pd share
5794,block_0173,DPoS,node_0446,4193.17,84.29,4277.46,voter pd share
5795,block_0173,DPoS,node_0049,8656.94,269.98,8926.93,self 20% + leftover
5796,block_0174,DPoS,node_0001,1433.0,39.3,1472.3,voter pd share
5797,block_0174,DPoS,node_0165,6881.0,143.59,7024.59,voter pd share
5798,block_0174,DPoS,node_0275,2320.0,42.76,2362.76,voter pd share
5799,block_0174,DPoS,node_0356,6954.0,153.38,7107.38,voter pd share
5800,block_0174,DPoS,node_0357,7133.0,125.66,7258.66,voter pd share
5801,block_0174,DPoS,node_0046,3820.0,230.32,4050.32,self 20% + leftover
5802,block_0175,DPoS,node_0116,5096.63,83.22,5179.85,voter pd share
5803,block_0175,DPoS,node_0316,8653.83,144.42,8798.24,voter pd share
5804,block_0175,DPoS,node_0374,7606.28,147.8,7754.08,voter pd share
5805,block_0175,DPoS,node_0441,6287.97,98.43,6386.4,voter pd share
5806,block_0175,DPoS,node_0482,3941.97,78.04,4020.01,voter pd share
5807,block_0175,DPoS,node_0120,4388.32,225.09,4613.41,self 20% + leftover
5808,block_0176,DPoS,node_0108,1987.38,33.23,2020.61,voter pd share
5809,block_0176,DPoS,node_0142,9068.14,130.94,9199.08,voter pd share
5810,block_0176,DPoS,node_0151,2424.76,27.91,2452.68,voter pd share
5811,block_0176,DPoS,node_0152,3062.36,45.55,3107.91,voter pd share
5812,block_0176,DPoS,node_0249,4080.42,68.14,4148.56,voter pd share
5813,block_0176,DPoS,node_0405,9144.97,144.98,9289.95,voter pd share
5814,block_0176,DPoS,node_0475,4625.97,189.25,4815.22,self 20% + leftover
5815,block_0177,DPoS,node_0011,1737.6,26.96,1764.57,voter pd share
5816,block_0177,DPoS,node_0024,267.78,15.11,282.89,voter pd share
5817,block_0177,DPoS,node_0134,5259.34,77.73,5337.06,voter pd share
5818,block_0177,DPoS,node_0177,8723.97,119.08,8843.05,voter pd share
5819,block_0177,DPoS,node_0235,8745.1,126.77,8871.87,voter pd share
5820,block_0177,DPoS,node_0412,1218.04,21.68,1239.71,voter pd share
5821,block_0177,DPoS,node_0479,8603.17,245.68,8848.85,self 20% + leftover
5822,block_0178,DPoS,node_0005,3819.24,55.07,3874.31,voter pd share
5823,block_0178,DPoS,node_0110,4251.35,59.02,4310.37,voter pd share
5824,block_0178,DPoS,node_0408,6645.48,88.61,6734.09,voter pd share
5825,block_0178,DPoS,node_0422,9028.72,125.16,9153.88,voter pd share
5826,block_0178,DPoS,node_0201,8370.21,217.14,8587.35,self 20% + leftover
5827,block_0179,DPoS,node_0017,1248.44,26.88,1275.32,voter pd share
5828,block_0179,DPoS,node_0061,4370.86,79.85,4450.7,voter pd share
5829,block_0179,DPoS,node_0172,8464.86,158.59,8623.45,voter pd share
5830,block_0179,DPoS,node_0346,3921.13,72.82,3993.95,voter pd share
5831,block_0179,DPoS,node_0433,1048.59,25.77,1074.36,voter pd share
5832,block_0179,DPoS,node_0438,646.12,25.43,671.56,voter pd share
5833,block_0179,DPoS,node_0462,3269.11,42.83,3311.93,voter pd share
5834,block_0179,DPoS,node_0192,10749.89,342.84,11092.73,self 20% + leftover
5835,block_0180,DPoS,node_0017,1275.32,20.91,1296.23,voter pd share
5836,block_0180,DPoS,node_0061,4435.7,62.13,4497.83,voter pd share
5837,block_0180,DPoS,node_0172,8587.45,123.39,8710.84,voter pd share
5838,block_0180,DPoS,node_0346,3922.95,56.66,3979.6,voter pd share
5839,block_0180,DPoS,node_0433,1067.36,20.05,1087.41,voter pd share
5840,block_0180,DPoS,node_0438,662.56,19.79,682.34,voter pd share
5841,block_0180,DPoS,node_0462,3318.93,33.32,3352.25,voter pd share
5842,block_0180,DPoS,node_0192,11076.73,266.75,11343.48,self 20% + leftover
5843,block_0181,DPoS,node_0009,7263.08,60.49,7323.57,voter pd share
5844,block_0181,DPoS,node_0038,6087.88,48.77,6136.65,voter pd share
5845,block_0181,DPoS,node_0118,4424.07,32.04,4456.11,voter pd share
5846,block_0181,DPoS,node_0147,8533.67,67.95,8601.62,voter pd share
5847,block_0181,DPoS,node_0221,5488.56,44.0,5532.56,voter pd share
5848,block_0181,DPoS,node_0238,8851.24,79.74,8930.98,voter pd share
5849,block_0181,DPoS,node_0244,2483.76,22.75,2506.51,voter pd share
5850,block_0181,DPoS,node_0265,6509.79,58.93,6568.72,voter pd share
5851,block_0181,DPoS,node_0327,3449.49,31.56,3481.05,voter pd share
5852,block_0181,DPoS,node_0351,5899.43,55.66,5955.09,voter pd share
5853,block_0181,DPoS,node_0419,2430.8,19.93,2450.73,voter pd share
5854,block_0181,DPoS,node_0436,4489.52,34.01,4523.53,voter pd share
5855,block_0181,DPoS,node_0315,7324.73,221.14,7545.87,self 20% + leftover
5856,block_0182,DPoS,node_0028,7447.81,55.66,7503.47,voter pd share
5857,block_0182,DPoS,node_0125,3342.14,21.88,3364.02,voter pd share
5858,block_0182,DPoS,node_0166,6294.31,50.47,6344.79,voter pd share
5859,block_0182,DPoS,node_0196,11377.75,72.72,11450.48,voter pd share
5860,block_0182,DPoS,node_0215,8591.74,54.37,8646.12,voter pd share
5861,block_0182,DPoS,node_0290,8149.18,55.24,8204.42,voter pd share
5862,block_0182,DPoS,node_0291,3745.63,29.14,3774.78,voter pd share
5863,block_0182,DPoS,node_0322,9503.39,69.64,9573.03,voter pd share
5864,block_0182,DPoS,node_0382,1325.59,15.57,1341.16,voter pd share
5865,block_0182,DPoS,node_0409,2663.14,19.33,2682.47,voter pd share
5866,block_0182,DPoS,node_0303,9474.3,192.97,9667.27,self 20% + leftover
5867,block_0183,DPoS,node_0044,10610.67,68.17,10678.83,voter pd share
5868,block_0183,DPoS,node_0056,10558.31,66.98,10625.29,voter pd share
5869,block_0183,DPoS,node_0229,7989.02,63.0,8052.03,voter pd share
5870,block_0183,DPoS,node_0256,6932.97,49.91,6982.88,voter pd share
5871,block_0183,DPoS,node_0286,363.01,0.64,363.64,voter pd share
5872,block_0183,DPoS,node_0295,8255.48,57.22,8312.7,voter pd share
5873,block_0183,DPoS,node_0381,5288.85,36.82,5325.67,voter pd share
5874,block_0183,DPoS,node_0483,6001.6,42.37,6043.97,voter pd share
5875,block_0183,DPoS,node_0003,11048.09,173.9,11221.99,self 20% + leftover
5876,block_0184,DPoS,node_0032,8192.21,116.48,8308.69,voter pd share
5877,block_0184,DPoS,node_0057,1557.5,14.06,1571.56,voter pd share
5878,block_0184,DPoS,node_0242,1223.41,23.23,1246.64,voter pd share
5879,block_0184,DPoS,node_0380,7638.38,101.48,7739.86,voter pd share
5880,block_0184,DPoS,node_0445,8024.2,103.38,8127.58,voter pd share
5881,block_0184,DPoS,node_0020,5216.31,166.36,5382.67,self 20% + leftover
5882,block_0185,DPoS,node_0012,5747.0,114.06,5861.06,voter pd share
5883,block_0185,DPoS,node_0104,7887.0,174.77,8061.77,voter pd share
5884,block_0185,DPoS,node_0124,1931.0,37.29,1968.29,voter pd share
5885,block_0185,DPoS,node_0388,6515.0,131.33,6646.33,voter pd share
5886,block_0185,DPoS,node_0418,97.0,3.37,100.37,voter pd share
5887,block_0185,DPoS,node_0010,3921.0,201.19,4122.19,self 20% + leftover
5888,block_0186,DPoS,node_0023,8344.74,121.3,8466.04,voter pd share
5889,block_0186,DPoS,node_0261,5434.32,60.91,5495.23,voter pd share
5890,block_0186,DPoS,node_0292,8392.26,89.63,8481.89,voter pd share
5891,block_0186,DPoS,node_0371,10579.64,128.2,10707.84,voter pd share
5892,block_0186,DPoS,node_0391,5824.7,81.73,5906.42,voter pd share
5893,block_0186,DPoS,node_0460,6264.69,72.86,6337.55,voter pd share
5894,block_0186,DPoS,node_0336,6491.64,219.38,6711.02,self 20% + leftover
5895,block_0187,DPoS,node_0035,6549.02,83.57,6632.59,voter pd share
5896,block_0187,DPoS,node_0121,6201.03,87.23,6288.26,voter pd share
5897,block_0187,DPoS,node_0128,7531.79,95.47,7627.26,voter pd share
5898,block_0187,DPoS,node_0149,7042.7,84.09,7126.79,voter pd share
5899,block_0187,DPoS,node_0237,1191.52,19.16,1210.68,voter pd share
5900,block_0187,DPoS,node_0355,418.36,7.77,426.13,voter pd share
5901,block_0187,DPoS,node_0369,1672.48,24.55,1697.02,voter pd share
5902,block_0187,DPoS,node_0375,8614.5,112.16,8726.66,voter pd share
5903,block_0187,DPoS,node_0427,1695.93,5.19,1701.11,voter pd share
5904,block_0187,DPoS,node_0481,4411.72,44.04,4455.76,voter pd share
5905,block_0187,DPoS,node_0103,5140.96,212.77,5353.73,self 20% + leftover
5906,block_0188,DPoS,node_0100,8462.04,83.95,8545.99,voter pd share
5907,block_0188,DPoS,node_0263,7142.71,57.95,7200.66,voter pd share
5908,block_0188,DPoS,node_0339,6196.91,66.12,6263.03,voter pd share
5909,block_0188,DPoS,node_0358,8840.75,90.4,8931.15,voter pd share
5910,block_0188,DPoS,node_0404,233.95,1.51,235.46,voter pd share
5911,block_0188,DPoS,node_0432,6244.64,56.56,6301.2,voter pd share
5912,block_0188,DPoS,node_0442,10182.99,186.52,10369.51,self 20% + leftover
5913,block_0189,DPoS,node_0076,5231.08,53.46,5284.54,voter pd share
5914,block_0189,DPoS,node_0107,9630.53,108.58,9739.11,voter pd share
5915,block_0189,DPoS,node_0145,4880.72,58.12,4938.84,voter pd share
5916,block_0189,DPoS,node_0207,8787.26,86.73,8874.0,voter pd share
5917,block_0189,DPoS,node_0212,1677.08,16.43,1693.51,voter pd share
5918,block_0189,DPoS,node_0344,1452.44,20.66,1473.09,voter pd share
5919,block_0189,DPoS,node_0454,7696.46,82.05,7778.5,voter pd share
5920,block_0189,DPoS,node_0463,6693.43,178.97,6872.4,self 20% + leftover
5921,block_0190,DPoS,node_0191,10454.74,138.67,10593.41,voter pd share
5922,block_0190,DPoS,node_0280,8804.23,122.02,8926.25,voter pd share
5923,block_0190,DPoS,node_0431,8198.2,125.62,8323.82,voter pd share
5924,block_0190,DPoS,node_0453,611.88,10.05,621.93,voter pd share
5925,block_0190,DPoS,node_0465,6863.01,101.66,6964.67,voter pd share
5926,block_0190,DPoS,node_0473,2827.57,43.82,2871.39,voter pd share
5927,block_0190,DPoS,node_0450,6241.37,232.16,6473.53,self 20% + leftover
5928,block_0191,DPoS,node_0007,3942.39,41.97,3984.36,voter pd share
5929,block_0191,DPoS,node_0015,4934.26,68.49,5002.75,voter pd share
5930,block_0191,DPoS,node_0062,3743.02,36.33,3779.35,voter pd share
5931,block_0191,DPoS,node_0161,4620.18,54.23,4674.42,voter pd share
5932,block_0191,DPoS,node_0162,5419.89,60.62,5480.5,voter pd share
5933,block_0191,DPoS,node_0234,2179.46,22.0,2201.45,voter pd share
5934,block_0191,DPoS,node_0282,7848.09,86.35,7934.44,voter pd share
5935,block_0191,DPoS,node_0310,2633.79,27.91,2661.71,voter pd share
5936,block_0191,DPoS,node_0452,1023.42,16.4,1039.82,voter pd share
5937,block_0191,DPoS,node_0383,7410.5,193.7,7604.21,self 20% + leftover
5938,block_0192,DPoS,node_0030,11070.23,132.14,11202.37,voter pd share
5939,block_0192,DPoS,node_0073,4301.57,48.75,4350.32,voter pd share
5940,block_0192,DPoS,node_0098,10196.48,136.7,10333.18,voter pd share
5941,block_0192,DPoS,node_0117,7474.53,86.71,7561.24,voter pd share
5942,block_0192,DPoS,node_0254,7490.71,99.44,7590.15,voter pd share
5943,block_0192,DPoS,node_0298,777.71,4.13,781.84,voter pd share
5944,block_0192,DPoS,node_0086,5729.77,201.12,5930.9,self 20% + leftover
5945,block_0193,DPoS,node_0037,1267.74,29.17,1296.91,voter pd share
5946,block_0193,DPoS,node_0079,4389.51,78.58,4468.09,voter pd share
5947,block_0193,DPoS,node_0114,7442.26,103.07,7545.33,voter pd share
5948,block_0193,DPoS,node_0183,7250.62,87.59,7338.21,voter pd share
5949,block_0193,DPoS,node_0214,8028.76,118.9,8147.66,voter pd share
5950,block_0193,DPoS,node_0384,6985.08,113.34,7098.43,voter pd share
5951,block_0193,DPoS,node_0443,3998.92,68.92,4067.84,voter pd share
5952,block_0193,DPoS,node_0194,2156.12,174.42,2330.53,self 20% + leftover
5953,block_0194,DPoS,node_0167,6470.28,84.24,6554.52,voter pd share
5954,block_0194,DPoS,node_0182,216.06,4.81,220.87,voter pd share
5955,block_0194,DPoS,node_0250,7246.53,91.89,7338.42,voter pd share
5956,block_0194,DPoS,node_0311,9831.22,122.11,9953.34,voter pd share
5957,block_0194,DPoS,node_0365,10403.75,126.5,10530.25,voter pd share
5958,block_0194,DPoS,node_0415,5743.79,74.73,5818.52,voter pd share
5959,block_0194,DPoS,node_0498,3421.37,156.71,3578.08,self 20% + leftover
5960,block_0195,DPoS,node_0075,5136.76,62.03,5198.8,voter pd share
5961,block_0195,DPoS,node_0085,6398.68,97.64,6496.32,voter pd share
5962,block_0195,DPoS,node_0230,7437.2,114.21,7551.41,voter pd share
5963,block_0195,DPoS,node_0334,8765.63,123.46,8889.08,voter pd share
5964,block_0195,DPoS,node_0417,459.04,11.21,470.25,voter pd share
5965,block_0195,DPoS,node_0428,7497.47,107.1,7604.57,voter pd share
5966,block_0195,DPoS,node_0209,4879.22,182.35,5061.58,self 20% + leftover
5967,block_0196,DPoS,node_0129,7070.36,90.17,7160.53,voter pd share
5968,block_0196,DPoS,node_0220,5741.5,82.42,5823.91,voter pd share
5969,block_0196,DPoS,node_0240,4792.62,69.76,4862.38,voter pd share
5970,block_0196,DPoS,node_0268,5348.25,75.78,5424.04,voter pd share
5971,block_0196,DPoS,node_0379,8159.79,99.71,8259.5,voter pd share
5972,block_0196,DPoS,node_0423,752.13,17.44,769.57,voter pd share
5973,block_0196,DPoS,node_0421,7864.34,234.72,8099.06,self 20% + leftover
5974,block_0197,DPoS,node_0164,2794.13,30.57,2824.71,voter pd share
5975,block_0197,DPoS,node_0211,9255.1,109.65,9364.75,voter pd share
5976,block_0197,DPoS,node_0260,7061.44,92.91,7154.35,voter pd share
5977,block_0197,DPoS,node_0401,6344.53,84.79,6429.32,voter pd share
5978,block_0197,DPoS,node_0444,10192.6,100.14,10292.74,voter pd share
5979,block_0197,DPoS,node_0497,3359.2,141.93,3501.13,self 20% + leftover
5980,block_0198,DPoS,node_0099,2653.44,58.73,2712.16,voter pd share
5981,block_0198,DPoS,node_0208,5213.78,96.48,5310.26,voter pd share
5982,block_0198,DPoS,node_0217,5545.17,87.89,5633.06,voter pd share
5983,block_0198,DPoS,node_0224,4833.32,79.46,4912.78,voter pd share
5984,block_0198,DPoS,node_0278,1313.27,33.1,1346.37,voter pd share
5985,block_0198,DPoS,node_0288,2306.86,43.09,2349.96,voter pd share
5986,block_0198,DPoS,node_0490,3799.81,67.87,3867.68,voter pd share
5987,block_0198,DPoS,node_0333,9638.34,309.38,9947.72,self 20% + leftover
5988,block_0199,DPoS,node_0014,8032.93,74.71,8107.63,voter pd share
5989,block_0199,DPoS,node_0198,622.64,14.09,636.73,voter pd share
5990,block_0199,DPoS,node_0218,7526.89,93.26,7620.15,voter pd share
5991,block_0199,DPoS,node_0241,5583.48,60.39,5643.87,voter pd share
5992,block_0199,DPoS,node_0320,2556.72,39.59,2596.31,voter pd share
5993,block_0199,DPoS,node_0414,4863.49,54.08,4917.57,voter pd share
5994,block_0199,DPoS,node_0493,2308.24,29.19,2337.43,voter pd share
5995,block_0199,DPoS,node_0425,7029.61,168.7,7198.31,self 20% + leftover
5996,block_0200,DPoS,node_0055,5371.66,70.79,5442.45,voter pd share
5997,block_0200,DPoS,node_0138,9347.44,118.72,9466.17,voter pd share
5998,block_0200,DPoS,node_0202,3826.74,37.17,3863.91,voter pd share
5999,block_0200,DPoS,node_0243,3940.22,44.42,3984.63,voter pd share
6000,block_0200,DPoS,node_0272,8285.99,92.36,8378.35,voter pd share
6001,block_0200,DPoS,node_0500,7530.94,200.54,7731.49,self 20% + leftover
6002,block_0201,DPoS,node_0036,8603.33,157.22,8760.55,voter pd share
6003,block_0201,DPoS,node_0040,8596.59,148.78,8745.36,voter pd share
6004,block_0201,DPoS,node_0127,6574.57,103.01,6677.58,voter pd share
6005,block_0201,DPoS,node_0160,4514.7,71.57,4586.27,voter pd share
6006,block_0201,DPoS,node_0077,3578.81,178.43,3757.24,self 20% + leftover
6007,block_0202,DPoS,node_0171,8973.45,140.42,9113.86,voter pd share
6008,block_0202,DPoS,node_0270,10156.54,155.94,10312.48,voter pd share
6009,block_0202,DPoS,node_0364,1097.6,20.48,1118.08,voter pd share
6010,block_0202,DPoS,node_0447,9462.33,170.67,9633.0,voter pd share
6011,block_0202,DPoS,node_0486,9015.08,283.49,9298.57,self 20% + leftover
6012,block_0203,DPoS,node_0267,7628.34,157.4,7785.73,voter pd share
6013,block_0203,DPoS,node_0332,6499.27,143.88,6643.16,voter pd share
6014,block_0203,DPoS,node_0411,2809.01,54.54,2863.54,voter pd share
6015,block_0203,DPoS,node_0446,4518.46,99.73,4618.19,voter pd share
6016,block_0203,DPoS,node_0049,9043.93,319.45,9363.37,self 20% + leftover
6017,block_0204,DPoS,node_0001,1128.3,30.1,1158.4,voter pd share
6018,block_0204,DPoS,node_0165,6778.59,109.99,6888.57,voter pd share
6019,block_0204,DPoS,node_0275,2326.76,32.75,2359.51,voter pd share
6020,block_0204,DPoS,node_0356,7038.38,117.49,7155.87,voter pd share
6021,block_0204,DPoS,node_0357,7354.66,96.25,7450.91,voter pd share
6022,block_0204,DPoS,node_0046,4028.32,176.42,4204.74,self 20% + leftover
6023,block_0205,DPoS,node_0116,5234.85,66.62,5301.47,voter pd share
6024,block_0205,DPoS,node_0316,8998.24,115.61,9113.85,voter pd share
6025,block_0205,DPoS,node_0374,7737.08,118.32,7855.4,voter pd share
6026,block_0205,DPoS,node_0441,6767.4,78.79,6846.19,voter pd share
6027,block_0205,DPoS,node_0482,3860.01,62.48,3922.49,voter pd share
6028,block_0205,DPoS,node_0120,4229.41,180.18,4409.59,self 20% + leftover
6029,block_0206,DPoS,node_0108,1388.61,29.23,1417.84,voter pd share
6030,block_0206,DPoS,node_0142,8949.08,115.19,9064.27,voter pd share
6031,block_0206,DPoS,node_0151,2067.68,24.56,2092.23,voter pd share
6032,block_0206,DPoS,node_0152,3192.91,40.07,3232.99,voter pd share
6033,block_0206,DPoS,node_0249,3996.56,59.94,4056.5,voter pd share
6034,block_0206,DPoS,node_0405,9191.95,127.53,9319.48,voter pd share
6035,block_0206,DPoS,node_0475,4699.22,166.48,4865.7,self 20% + leftover
6036,block_0207,DPoS,node_0011,1411.57,30.5,1442.06,voter pd share
6037,block_0207,DPoS,node_0024,747.89,17.09,764.98,voter pd share
6038,block_0207,DPoS,node_0134,5577.06,87.92,5664.98,voter pd share
6039,block_0207,DPoS,node_0177,8460.05,134.69,8594.74,voter pd share
6040,block_0207,DPoS,node_0235,9083.87,143.39,9227.26,voter pd share
6041,block_0207,DPoS,node_0412,1126.71,24.52,1151.23,voter pd share
6042,block_0207,DPoS,node_0479,8662.85,277.89,8940.74,self 20% + leftover
6043,block_0208,DPoS,node_0005,4116.31,54.16,4170.47,voter pd share
6044,block_0208,DPoS,node_0110,4724.37,58.04,4782.41,voter pd share
6045,block_0208,DPoS,node_0408,6883.09,87.15,6970.25,voter pd share
6046,block_0208,DPoS,node_0422,8964.88,123.09,9087.97,voter pd share
6047,block_0208,DPoS,node_0201,8550.35,213.55,8763.9,self 20% + leftover
6048,block_0209,DPoS,node_0096,3851.0,84.95,3935.95,voter pd share
6049,block_0209,DPoS,node_0277,9008.0,176.32,9184.32,voter pd share
6050,block_0209,DPoS,node_0471,3894.0,107.89,4001.89,voter pd share
6051,block_0209,DPoS,node_0477,4512.0,99.23,4611.23,voter pd share
6052,block_0209,DPoS,node_0406,2000.0,174.61,2174.61,self 20% + leftover
6053,block_0210,DPoS,node_0017,1288.23,21.71,1309.95,voter pd share
6054,block_0210,DPoS,node_0061,4426.83,64.5,4491.32,voter pd share
6055,block_0210,DPoS,node_0172,8699.84,128.1,8827.94,voter pd share
6056,block_0210,DPoS,node_0346,3788.6,58.82,3847.42,voter pd share
6057,block_0210,DPoS,node_0433,875.41,20.82,896.23,voter pd share
6058,block_0210,DPoS,node_0438,1026.34,20.54,1046.89,voter pd share
6059,block_0210,DPoS,node_0462,3199.25,34.59,3233.84,voter pd share
6060,block_0210,DPoS,node_0192,11306.48,276.93,11583.41,self 20% + leftover
6061,block_0211,DPoS,node_0009,7181.57,54.97,7236.54,voter pd share
6062,block_0211,DPoS,node_0038,6148.65,44.32,6192.97,voter pd share
6063,block_0211,DPoS,node_0118,4765.11,29.11,4794.22,voter pd share
6064,block_0211,DPoS,node_0147,8740.62,61.74,8802.37,voter pd share
6065,block_0211,DPoS,node_0221,5072.56,39.98,5112.54,voter pd share
6066,block_0211,DPoS,node_0238,9347.98,72.46,9420.43,voter pd share
6067,block_0211,DPoS,node_0244,2210.51,20.67,2231.19,voter pd share
6068,block_0211,DPoS,node_0265,6658.72,53.55,6712.27,voter pd share
6069,block_0211,DPoS,node_0327,3271.05,28.67,3299.72,voter pd share
6070,block_0211,DPoS,node_0351,5855.09,50.58,5905.67,voter pd share
6071,block_0211,DPoS,node_0419,1941.73,18.11,1959.84,voter pd share
6072,block_0211,DPoS,node_0436,4654.53,30.9,4685.43,voter pd share
6073,block_0211,DPoS,node_0315,7711.87,200.93,7912.81,self 20% + leftover
6074,block_0212,DPoS,node_0028,7332.47,58.81,7391.28,voter pd share
6075,block_0212,DPoS,node_0125,3211.02,23.12,3234.14,voter pd share
6076,block_0212,DPoS,node_0166,6234.79,53.33,6288.11,voter pd share
6077,block_0212,DPoS,node_0196,11555.48,76.83,11632.31,voter pd share
6078,block_0212,DPoS,node_0215,8776.12,57.45,8833.56,voter pd share
6079,block_0212,DPoS,node_0290,8116.42,58.36,8174.79,voter pd share
6080,block_0212,DPoS,node_0291,3449.78,30.79,3480.57,voter pd share
6081,block_0212,DPoS,node_0322,9442.03,73.57,9515.6,voter pd share
6082,block_0212,DPoS,node_0382,1295.16,16.45,1311.61,voter pd share
6083,block_0212,DPoS,node_0409,2920.47,20.42,2940.89,voter pd share
6084,block_0212,DPoS,node_0303,9588.27,203.87,9792.14,self 20% + leftover
6085,block_0213,DPoS,node_0044,10625.83,94.51,10720.34,voter pd share
6086,block_0213,DPoS,node_0056,10336.29,92.86,10429.14,voter pd share
6087,block_0213,DPoS,node_0229,8202.03,87.35,8289.37,voter pd share
6088,block_0213,DPoS,node_0256,7418.88,69.2,7488.08,voter pd share
6089,block_0213,DPoS,node_0286,120.64,0.88,121.52,voter pd share
6090,block_0213,DPoS,node_0295,8397.7,79.33,8477.03,voter pd share
6091,block_0213,DPoS,node_0381,5330.67,51.04,5381.71,voter pd share
6092,block_0213,DPoS,node_0483,5695.97,58.75,5754.72,voter pd share
6093,block_0213,DPoS,node_0003,11088.99,241.09,11330.08,self 20% + leftover
6094,block_0214,DPoS,node_0032,8445.69,172.16,8617.85,voter pd share
6095,block_0214,DPoS,node_0057,1509.56,20.79,1530.35,voter pd share
6096,block_0214,DPoS,node_0242,731.64,34.34,765.98,voter pd share
6097,block_0214,DPoS,node_0380,7522.86,150.0,7672.86,voter pd share
6098,block_0214,DPoS,node_0445,7915.58,152.81,8068.39,voter pd share
6099,block_0214,DPoS,node_0020,5308.67,245.89,5554.56,self 20% + leftover
6100,block_0215,DPoS,node_0012,5485.06,97.52,5582.58,voter pd share
6101,block_0215,DPoS,node_0104,7869.77,149.43,8019.2,voter pd share
6102,block_0215,DPoS,node_0124,2147.29,31.88,2179.17,voter pd share
6103,block_0215,DPoS,node_0388,6682.33,112.28,6794.61,voter pd share
6104,block_0215,DPoS,node_0418,140.37,2.88,143.24,voter pd share
6105,block_0215,DPoS,node_0010,3594.19,172.01,3766.2,self 20% + leftover
6106,block_0216,DPoS,node_0023,8641.04,83.84,8724.88,voter pd share
6107,block_0216,DPoS,node_0261,5006.23,42.1,5048.33,voter pd share
6108,block_0216,DPoS,node_0292,8550.89,61.96,8612.85,voter pd share
6109,block_0216,DPoS,node_0371,10763.84,88.61,10852.45,voter pd share
6110,block_0216,DPoS,node_0391,5835.42,56.49,5891.92,voter pd share
6111,block_0216,DPoS,node_0460,6154.55,50.36,6204.91,voter pd share
6112,block_0216,DPoS,node_0336,6398.02,151.64,6549.66,self 20% + leftover
6113,block_0217,DPoS,node_0035,6795.59,63.65,6859.24,voter pd share
6114,block_0217,DPoS,node_0121,6427.26,66.44,6493.69,voter pd share
6115,block_0217,DPoS,node_0128,7706.26,72.71,7778.97,voter pd share
6116,block_0217,DPoS,node_0149,7268.79,64.04,7332.84,voter pd share
6117,block_0217,DPoS,node_0237,1420.68,14.59,1435.27,voter pd share
6118,block_0217,DPoS,node_0355,298.13,5.92,304.05,voter pd share
6119,block_0217,DPoS,node_0369,1490.02,18.69,1508.72,voter pd share
6120,block_0217,DPoS,node_0375,9016.66,85.42,9102.09,voter pd share
6121,block_0217,DPoS,node_0427,1508.11,3.95,1512.06,voter pd share
6122,block_0217,DPoS,node_0481,4224.76,33.54,4258.3,voter pd share
6123,block_0217,DPoS,node_0103,5139.73,162.04,5301.77,self 20% + leftover
6124,block_0218,DPoS,node_0100,8412.99,120.28,8533.26,voter pd share
6125,block_0218,DPoS,node_0263,6999.66,83.03,7082.69,voter pd share
6126,block_0218,DPoS,node_0339,5946.03,94.74,6040.77,voter pd share
6127,block_0218,DPoS,node_0358,8965.15,129.52,9094.67,voter pd share
6128,block_0218,DPoS,node_0404,116.46,2.17,118.63,voter pd share
6129,block_0218,DPoS,node_0432,6612.2,81.03,6693.23,voter pd share
6130,block_0218,DPoS,node_0442,10433.51,267.24,10700.75,self 20% + leftover
6131,block_0219,DPoS,node_0076,5161.54,68.74,5230.28,voter pd share
6132,block_0219,DPoS,node_0107,9857.11,139.63,9996.73,voter pd share
6133,block_0219,DPoS,node_0145,4917.84,74.74,4992.58,voter pd share
6134,block_0219,DPoS,node_0207,8748.0,111.53,8859.53,voter pd share
6135,block_0219,DPoS,node_0212,1845.51,21.13,1866.64,voter pd share
6136,block_0219,DPoS,node_0344,1660.09,26.56,1686.66,voter pd share
6137,block_0219,DPoS,node_0454,8108.5,105.51,8214.01,voter pd share
6138,block_0219,DPoS,node_0463,6571.4,230.15,6801.55,self 20% + leftover
6139,block_0220,DPoS,node_0191,10334.41,139.39,10473.79,voter pd share
6140,block_0220,DPoS,node_0280,8428.25,122.65,8550.91,voter pd share
6141,block_0220,DPoS,node_0431,8508.82,126.27,8635.09,voter pd share
6142,block_0220,DPoS,node_0453,746.93,10.11,757.04,voter pd share
6143,block_0220,DPoS,node_0465,7319.67,102.18,7421.85,voter pd share
6144,block_0220,DPoS,node_0473,2809.39,44.05,2853.44,voter pd share
6145,block_0220,DPoS,node_0450,6328.53,233.36,6561.88,self 20% + leftover
6146,block_0221,DPoS,node_0007,4015.36,53.63,4068.99,voter pd share
6147,block_0221,DPoS,node_0015,4836.75,87.53,4924.28,voter pd share
6148,block_0221,DPoS,node_0062,3550.35,46.42,3596.77,voter pd share
6149,block_0221,DPoS,node_0161,4723.42,69.31,4792.72,voter pd share
6150,block_0221,DPoS,node_0162,5713.5,77.47,5790.97,voter pd share
6151,block_0221,DPoS,node_0234,2022.45,28.11,2050.57,voter pd share
6152,block_0221,DPoS,node_0282,7740.44,110.35,7850.8,voter pd share
6153,block_0221,DPoS,node_0310,2833.71,35.67,2869.38,voter pd share
6154,block_0221,DPoS,node_0452,939.82,20.96,960.78,voter pd share
6155,block_0221,DPoS,node_0383,7930.21,247.54,8177.75,self 20% + leftover
6156,block_0222,DPoS,node_0030,11039.37,122.08,11161.45,voter pd share
6157,block_0222,DPoS,node_0073,4532.32,45.04,4577.36,voter pd share
6158,block_0222,DPoS,node_0098,10285.18,126.29,10411.47,voter pd share
6159,block_0222,DPoS,node_0117,7326.24,80.1,7406.34,voter pd share
6160,block_0222,DPoS,node_0254,7512.15,91.87,7604.02,voter pd share
6161,block_0222,DPoS,node_0298,704.84,3.82,708.66,voter pd share
6162,block_0222,DPoS,node_0086,5562.9,185.81,5748.7,self 20% + leftover
6163,block_0223,DPoS,node_0037,986.91,28.61,1015.52,voter pd share
6164,block_0223,DPoS,node_0079,4784.09,77.06,4861.15,voter pd share
6165,block_0223,DPoS,node_0114,7569.33,101.08,7670.41,voter pd share
6166,block_0223,DPoS,node_0183,7638.21,85.9,7724.11,voter pd share
6167,block_0223,DPoS,node_0214,7872.66,116.6,7989.26,voter pd share
6168,block_0223,DPoS,node_0384,7645.43,111.15,7756.57,voter pd share
6169,block_0223,DPoS,node_0443,4436.84,67.58,4504.42,voter pd share
6170,block_0223,DPoS,node_0194,2658.53,171.03,2829.57,self 20% + leftover
6171,block_0224,DPoS,node_0167,6700.52,72.39,6772.91,voter pd share
6172,block_0224,DPoS,node_0182,136.87,4.13,141.0,voter pd share
6173,block_0224,DPoS,node_0250,7410.42,78.96,7489.38,voter pd share
6174,block_0224,DPoS,node_0311,9870.34,104.93,9975.27,voter pd share
6175,block_0224,DPoS,node_0365,10440.25,108.7,10548.96,voter pd share
6176,block_0224,DPoS,node_0415,5742.52,64.22,5806.74,voter pd share
6177,block_0224,DPoS,node_0498,3822.08,134.66,3956.74,self 20% + leftover
6178,block_0225,DPoS,node_0075,5003.8,47.72,5051.52,voter pd share
6179,block_0225,DPoS,node_0085,6402.32,75.12,6477.44,voter pd share
6180,block_0225,DPoS,node_0230,7403.41,87.87,7491.28,voter pd share
6181,block_0225,DPoS,node_0334,8863.08,94.98,8958.06,voter pd share
6182,block_0225,DPoS,node_0417,490.25,8.62,498.87,voter pd share
6183,block_0225,DPoS,node_0428,7471.57,82.4,7553.96,voter pd share
6184,block_0225,DPoS,node_0209,5097.58,140.29,5237.87,self 20% + leftover
6185,block_0226,DPoS,node_0129,6776.53,76.85,6853.38,voter pd share
6186,block_0226,DPoS,node_0220,5344.91,70.24,5415.15,voter pd share
6187,block_0226,DPoS,node_0240,4791.38,59.45,4850.83,voter pd share
6188,block_0226,DPoS,node_0268,5053.04,64.59,5117.62,voter pd share
6189,block_0226,DPoS,node_0379,7873.5,84.98,7958.48,voter pd share
6190,block_0226,DPoS,node_0423,835.57,14.86,850.43,voter pd share
6191,block_0226,DPoS,node_0421,8377.06,200.04,8577.1,self 20% + leftover
6192,block_0227,DPoS,node_0164,2304.71,31.99,2336.7,voter pd share
6193,block_0227,DPoS,node_0211,9913.75,114.74,10028.5,voter pd share
6194,block_0227,DPoS,node_0260,6707.35,97.22,6804.57,voter pd share
6195,block_0227,DPoS,node_0401,6504.32,88.73,6593.04,voter pd share
6196,block_0227,DPoS,node_0444,10062.74,104.79,10167.53,voter pd share
6197,block_0227,DPoS,node_0497,3740.13,148.52,3888.65,self 20% + leftover
6198,block_0228,DPoS,node_0099,3261.16,58.73,3319.89,voter pd share
6199,block_0228,DPoS,node_0208,5025.26,96.48,5121.74,voter pd share
6200,block_0228,DPoS,node_0217,5975.06,87.89,6062.95,voter pd share
6201,block_0228,DPoS,node_0224,5229.78,79.46,5309.24,voter pd share
6202,block_0228,DPoS,node_0278,1390.37,33.1,1423.48,voter pd share
6203,block_0228,DPoS,node_0288,2305.96,43.09,2349.05,voter pd share
6204,block_0228,DPoS,node_0490,4253.68,67.87,4321.55,voter pd share
6205,block_0228,DPoS,node_0333,9920.72,309.38,10230.1,self 20% + leftover
6206,block_0229,DPoS,node_0014,7965.63,108.84,8074.48,voter pd share
6207,block_0229,DPoS,node_0198,1000.73,20.53,1021.26,voter pd share
6208,block_0229,DPoS,node_0218,7707.15,135.87,7843.01,voter pd share
6209,block_0229,DPoS,node_0241,5534.87,87.98,5622.86,voter pd share
6210,block_0229,DPoS,node_0320,2500.31,57.69,2558.0,voter pd share
6211,block_0229,DPoS,node_0414,4924.57,78.79,5003.36,voter pd share
6212,block_0229,DPoS,node_0493,2378.43,42.52,2420.95,voter pd share
6213,block_0229,DPoS,node_0425,6985.31,245.78,7231.09,self 20% + leftover
6214,block_0230,DPoS,node_0055,5175.45,73.8,5249.25,voter pd share
6215,block_0230,DPoS,node_0138,9540.17,123.78,9663.94,voter pd share
6216,block_0230,DPoS,node_0202,4054.91,38.75,4093.67,voter pd share
6217,block_0230,DPoS,node_0243,3591.63,46.31,3637.94,voter pd share
6218,block_0230,DPoS,node_0272,8117.35,96.29,8213.63,voter pd share
6219,block_0230,DPoS,node_0500,7532.49,209.08,7741.57,self 20% + leftover
6220,block_0231,DPoS,node_0036,8584.55,146.48,8731.03,voter pd share
6221,block_0231,DPoS,node_0040,8485.36,138.62,8623.98,voter pd share
6222,block_0231,DPoS,node_0127,6592.58,95.98,6688.56,voter pd share
6223,block_0231,DPoS,node_0160,4645.27,66.68,4711.95,voter pd share
6224,block_0231,DPoS,node_0077,3367.24,166.24,3533.48,self 20% + leftover
6225,block_0232,DPoS,node_0144,441.0,32.53,473.53,voter pd share
6226,block_0232,DPoS,node_0349,3700.0,103.68,3803.68,voter pd share
6227,block_0232,DPoS,node_0377,8740.0,176.91,8916.91,voter pd share
6228,block_0232,DPoS,node_0386,8396.0,187.0,8583.0,voter pd share
6229,block_0232,DPoS,node_0370,2914.0,181.88,3095.88,self 20% + leftover
6230,block_0233,DPoS,node_0267,7773.73,132.21,7905.95,voter pd share
6231,block_0233,DPoS,node_0332,6444.16,120.86,6565.02,voter pd share
6232,block_0233,DPoS,node_0411,2687.54,45.81,2733.35,voter pd share
6233,block_0233,DPoS,node_0446,4531.19,83.78,4614.97,voter pd share
6234,block_0233,DPoS,node_0049,8943.37,268.34,9211.71,self 20% + leftover
6235,block_0234,DPoS,node_0001,1094.4,37.21,1131.62,voter pd share
6236,block_0234,DPoS,node_0165,6694.57,135.97,6830.54,voter pd share
6237,block_0234,DPoS,node_0275,2308.51,40.49,2349.0,voter pd share
6238,block_0234,DPoS,node_0356,6922.87,145.24,7068.11,voter pd share
6239,block_0234,DPoS,node_0357,7270.91,118.99,7389.9,voter pd share
6240,block_0234,DPoS,node_0046,4275.74,218.1,4493.83,self 20% + leftover
6241,block_0235,DPoS,node_0116,5168.47,82.79,5251.26,voter pd share
6242,block_0235,DPoS,node_0316,9123.85,143.67,9267.52,voter pd share
6243,block_0235,DPoS,node_0374,7827.4,147.04,7974.45,voter pd share
6244,block_0235,DPoS,node_0441,7619.19,97.92,7717.12,voter pd share
6245,block_0235,DPoS,node_0482,3822.49,77.64,3900.13,voter pd share
6246,block_0235,DPoS,node_0120,4249.59,223.93,4473.52,self 20% + leftover
6247,block_0236,DPoS,node_0108,1359.84,36.08,1395.92,voter pd share
6248,block_0236,DPoS,node_0142,9181.27,142.19,9323.46,voter pd share
6249,block_0236,DPoS,node_0151,1950.23,30.31,1980.54,voter pd share
6250,block_0236,DPoS,node_0152,2957.99,49.47,3007.46,voter pd share
6251,block_0236,DPoS,node_0249,4245.5,73.99,4319.49,voter pd share
6252,block_0236,DPoS,node_0405,9184.48,157.43,9341.91,voter pd share
6253,block_0236,DPoS,node_0475,5024.7,205.51,5230.22,self 20% + leftover
6254,block_0237,DPoS,node_0011,1197.06,25.3,1222.36,voter pd share
6255,block_0237,DPoS,node_0024,634.98,14.18,649.16,voter pd share
6256,block_0237,DPoS,node_0134,5618.98,72.94,5691.92,voter pd share
6257,block_0237,DPoS,node_0177,8661.74,111.74,8773.48,voter pd share
6258,block_0237,DPoS,node_0235,9127.26,118.96,9246.23,voter pd share
6259,block_0237,DPoS,node_0412,1047.23,20.34,1067.57,voter pd share
6260,block_0237,DPoS,node_0479,9131.74,230.54,9362.28,self 20% + leftover
6261,block_0238,DPoS,node_0005,4231.47,78.51,4309.98,voter pd share
6262,block_0238,DPoS,node_0110,4641.41,84.14,4725.56,voter pd share
6263,block_0238,DPoS,node_0408,7039.25,126.34,7165.58,voter pd share
6264,block_0238,DPoS,node_0422,8883.97,178.43,9062.4,voter pd share
6265,block_0238,DPoS,node_0201,8689.9,309.57,8999.48,self 20% + leftover
6266,block_0239,DPoS,node_0096,4472.95,101.72,4574.67,voter pd share
6267,block_0239,DPoS,node_0277,8676.32,211.15,8887.48,voter pd share
6268,block_0239,DPoS,node_0471,4107.89,129.2,4237.09,voter pd share
6269,block_0239,DPoS,node_0477,4905.23,118.83,5024.06,voter pd share
6270,block_0239,DPoS,node_0406,2018.61,209.1,2227.71,self 20% + leftover
6271,block_0240,DPoS,node_0017,1531.95,26.98,1558.93,voter pd share
6272,block_0240,DPoS,node_0061,4506.32,80.16,4586.48,voter pd share
6273,block_0240,DPoS,node_0172,8548.94,159.2,8708.13,voter pd share
6274,block_0240,DPoS,node_0346,3914.42,73.1,3987.52,voter pd share
6275,block_0240,DPoS,node_0433,962.23,25.87,988.1,voter pd share
6276,block_0240,DPoS,node_0438,1094.89,25.53,1120.42,voter pd share
6277,block_0240,DPoS,node_0462,3137.84,42.99,3180.84,voter pd share
6278,block_0240,DPoS,node_0192,11552.41,344.17,11896.58,self 20% + leftover
6279,block_0241,DPoS,node_0009,7175.54,47.73,7223.26,voter pd share
6280,block_0241,DPoS,node_0038,6431.97,38.48,6470.45,voter pd share
6281,block_0241,DPoS,node_0118,4554.22,25.28,4579.5,voter pd share
6282,block_0241,DPoS,node_0147,9149.37,53.61,9202.98,voter pd share
6283,block_0241,DPoS,node_0221,5353.54,34.72,5388.26,voter pd share
6284,block_0241,DPoS,node_0238,9978.43,62.91,10041.34,voter pd share
6285,block_0241,DPoS,node_0244,2192.19,17.95,2210.14,voter pd share
6286,block_0241,DPoS,node_0265,6948.27,46.49,6994.76,voter pd share
6287,block_0241,DPoS,node_0327,3157.72,24.9,3182.62,voter pd share
6288,block_0241,DPoS,node_0351,5915.67,43.91,5959.58,voter pd share
6289,block_0241,DPoS,node_0419,1516.84,15.73,1532.57,voter pd share
6290,block_0241,DPoS,node_0436,4746.43,26.83,4773.27,voter pd share
6291,block_0241,DPoS,node_0315,8021.81,174.47,8196.27,self 20% + leftover
6292,block_0242,DPoS,node_0028,7729.28,67.89,7797.17,voter pd share
6293,block_0242,DPoS,node_0125,3601.14,26.69,3627.83,voter pd share
6294,block_0242,DPoS,node_0166,6303.11,61.57,6364.68,voter pd share
6295,block_0242,DPoS,node_0196,11494.31,88.71,11583.02,voter pd share
6296,block_0242,DPoS,node_0215,9179.56,66.32,9245.88,voter pd share
6297,block_0242,DPoS,node_0290,7894.79,67.38,7962.17,voter pd share
6298,block_0242,DPoS,node_0291,3438.57,35.55,3474.11,voter pd share
6299,block_0242,DPoS,node_0322,9149.6,84.94,9234.54,voter pd share
6300,block_0242,DPoS,node_0382,1679.61,18.99,1698.6,voter pd share
6301,block_0242,DPoS,node_0409,2649.89,23.58,2673.47,voter pd share
6302,block_0242,DPoS,node_0303,9906.14,235.38,10141.52,self 20% + leftover
6303,block_0243,DPoS,node_0044,10579.34,84.38,10663.72,voter pd share
6304,block_0243,DPoS,node_0056,10469.14,82.91,10552.06,voter pd share
6305,block_0243,DPoS,node_0229,8052.37,77.99,8130.37,voter pd share
6306,block_0243,DPoS,node_0256,7908.08,61.79,7969.87,voter pd share
6307,block_0243,DPoS,node_0286,374.52,0.79,375.31,voter pd share
6308,block_0243,DPoS,node_0295,8655.03,70.83,8725.86,voter pd share
6309,block_0243,DPoS,node_0381,5440.71,45.58,5486.29,voter pd share
6310,block_0243,DPoS,node_0483,5869.72,52.45,5922.18,voter pd share
6311,block_0243,DPoS,node_0003,11319.08,215.27,11534.36,self 20% + leftover
6312,block_0244,DPoS,node_0032,8622.85,169.28,8792.13,voter pd share
6313,block_0244,DPoS,node_0057,1192.35,20.44,1212.79,voter pd share
6314,block_0244,DPoS,node_0242,544.98,33.76,578.75,voter pd share
6315,block_0244,DPoS,node_0380,7476.86,147.49,7624.35,voter pd share
6316,block_0244,DPoS,node_0445,7644.39,150.25,7794.65,voter pd share
6317,block_0244,DPoS,node_0020,5432.56,241.78,5674.34,self 20% + leftover
6318,block_0245,DPoS,node_0012,5855.58,133.36,5988.93,voter pd share
6319,block_0245,DPoS,node_0104,7804.2,204.34,8008.54,voter pd share
6320,block_0245,DPoS,node_0124,2292.17,43.6,2335.77,voter pd share
6321,block_0245,DPoS,node_0388,7131.61,153.55,7285.16,voter pd share
6322,block_0245,DPoS,node_0418,454.24,3.93,458.18,voter pd share
6323,block_0245,DPoS,node_0010,3970.2,235.23,4205.43,self 20% + leftover
6324,block_0246,DPoS,node_0187,9371.0,156.3,9527.3,voter pd share
6325,block_0246,DPoS,node_0343,9073.0,161.97,9234.97,voter pd share
6326,block_0246,DPoS,node_0429,896.0,25.12,921.12,voter pd share
6327,block_0246,DPoS,node_0031,5854.0,211.61,6065.61,self 20% + leftover
6328,block_0247,DPoS,node_0035,7031.24,67.53,7098.76,voter pd share
6329,block_0247,DPoS,node_0121,6454.69,70.48,6525.18,voter pd share
6330,block_0247,DPoS,node_0128,7957.97,77.14,8035.11,voter pd share
6331,block_0247,DPoS,node_0149,7767.84,67.94,7835.78,voter pd share
6332,block_0247,DPoS,node_0237,1392.27,15.48,1407.76,voter pd share
6333,block_0247,DPoS,node_0355,383.05,6.28,389.33,voter pd share
6334,block_0247,DPoS,node_0369,1481.72,19.83,1501.55,voter pd share
6335,block_0247,DPoS,node_0375,9093.09,90.63,9183.72,voter pd share
6336,block_0247,DPoS,node_0427,1267.06,4.19,1271.25,voter pd share
6337,block_0247,DPoS,node_0481,3905.3,35.58,3940.88,voter pd share
6338,block_0247,DPoS,node_0103,5507.77,171.91,5679.69,self 20% + leftover
6339,block_0248,DPoS,node_0100,8283.26,119.97,8403.23,voter pd share
6340,block_0248,DPoS,node_0263,7172.69,82.81,7255.5,voter pd share
6341,block_0248,DPoS,node_0339,6390.77,94.49,6485.26,voter pd share
6342,block_0248,DPoS,node_0358,9114.67,129.19,9243.86,voter pd share
6343,block_0248,DPoS,node_0404,103.63,2.16,105.79,voter pd share
6344,block_0248,DPoS,node_0432,6799.23,80.82,6880.05,voter pd share
6345,block_0248,DPoS,node_0442,10560.75,266.56,10827.31,self 20% + leftover
6346,block_0249,DPoS,node_0076,4615.28,53.55,4668.83,voter pd share
6347,block_0249,DPoS,node_0107,9610.73,108.76,9719.49,voter pd share
6348,block_0249,DPoS,node_0145,4646.58,58.22,4704.8,voter pd share
6349,block_0249,DPoS,node_0207,8808.53,86.88,8895.41,voter pd share
6350,block_0249,DPoS,node_0212,1733.64,16.46,1750.11,voter pd share
6351,block_0249,DPoS,node_0344,1204.66,20.69,1225.35,voter pd share
6352,block_0249,DPoS,node_0454,8481.01,82.18,8563.2,voter pd share
6353,block_0249,DPoS,node_0463,6793.55,179.27,6972.82,self 20% + leftover
6354,block_0250,DPoS,node_0191,10482.79,139.21,10622.0,voter pd share
6355,block_0250,DPoS,node_0280,8447.91,122.5,8570.4,voter pd share
6356,block_0250,DPoS,node_0431,8685.09,126.1,8811.19,voter pd share
6357,block_0250,DPoS,node_0453,769.04,10.09,779.13,voter pd share
6358,block_0250,DPoS,node_0465,7283.85,102.05,7385.9,voter pd share
6359,block_0250,DPoS,node_0473,2767.44,43.99,2811.43,voter pd share
6360,block_0250,DPoS,node_0450,5980.88,233.06,6213.94,self 20% + leftover
6361,block_0251,DPoS,node_0007,4350.99,51.42,4402.41,voter pd share
6362,block_0251,DPoS,node_0015,5244.28,83.92,5328.2,voter pd share
6363,block_0251,DPoS,node_0062,3683.77,44.51,3728.28,voter pd share
6364,block_0251,DPoS,node_0161,4849.72,66.45,4916.17,voter pd share
6365,block_0251,DPoS,node_0162,5560.97,74.28,5635.24,voter pd share
6366,block_0251,DPoS,node_0234,1958.57,26.95,1985.52,voter pd share
6367,block_0251,DPoS,node_0282,7564.8,105.81,7670.61,voter pd share
6368,block_0251,DPoS,node_0310,2798.38,34.2,2832.58,voter pd share
6369,block_0251,DPoS,node_0452,530.78,20.1,550.88,voter pd share
6370,block_0251,DPoS,node_0383,7780.75,237.35,8018.1,self 20% + leftover
6371,block_0252,DPoS,node_0030,11166.45,144.81,11311.26,voter pd share
6372,block_0252,DPoS,node_0073,4660.36,53.43,4713.79,voter pd share
6373,block_0252,DPoS,node_0098,10141.47,149.81,10291.28,voter pd share
6374,block_0252,DPoS,node_0117,7195.34,95.02,7290.36,voter pd share
6375,block_0252,DPoS,node_0254,7501.02,108.98,7610.0,voter pd share
6376,block_0252,DPoS,node_0298,797.66,4.53,802.18,voter pd share
6377,block_0252,DPoS,node_0086,5578.7,220.41,5799.11,self 20% + leftover
6378,block_0253,DPoS,node_0037,573.52,24.5,598.02,voter pd share
6379,block_0253,DPoS,node_0079,4775.15,65.99,4841.14,voter pd share
6380,block_0253,DPoS,node_0114,7681.41,86.56,7767.97,voter pd share
6381,block_0253,DPoS,node_0183,7375.11,73.56,7448.67,voter pd share
6382,block_0253,DPoS,node_0214,8092.26,99.85,8192.11,voter pd share
6383,block_0253,DPoS,node_0384,8128.57,95.18,8223.76,voter pd share
6384,block_0253,DPoS,node_0443,4748.42,57.88,4806.29,voter pd share
6385,block_0253,DPoS,node_0194,2481.57,146.47,2628.04,self 20% + leftover
6386,block_0254,DPoS,node_0167,6704.91,82.46,6787.37,voter pd share
6387,block_0254,DPoS,node_0182,205.0,4.71,209.71,voter pd share
6388,block_0254,DPoS,node_0250,7686.38,89.95,7776.33,voter pd share
6389,block_0254,DPoS,node_0311,9983.27,119.53,10102.8,voter pd share
6390,block_0254,DPoS,node_0365,10608.96,123.82,10732.78,voter pd share
6391,block_0254,DPoS,node_0415,5330.74,73.15,5403.89,voter pd share
6392,block_0254,DPoS,node_0498,4303.74,153.39,4457.13,self 20% + leftover
6393,block_0255,DPoS,node_0129,6871.38,83.31,6954.69,voter pd share
6394,block_0255,DPoS,node_0220,5178.15,76.14,5254.3,voter pd share
6395,block_0255,DPoS,node_0240,4657.83,64.45,4722.28,voter pd share
6396,block_0255,DPoS,node_0268,5437.62,70.02,5507.64,voter pd share
6397,block_0255,DPoS,node_0379,7928.48,92.12,8020.6,voter pd share
6398,block_0255,DPoS,node_0423,889.43,16.11,905.54,voter pd share
6399,block_0255,DPoS,node_0421,8311.1,216.85,8527.95,self 20% + leftover
6400,block_0256,DPoS,node_0129,7031.69,101.21,7132.9,voter pd share
6401,block_0256,DPoS,node_0220,5304.3,92.5,5396.8,voter pd share
6402,block_0256,DPoS,node_0240,4702.28,78.3,4780.57,voter pd share
6403,block_0256,DPoS,node_0268,5447.64,85.06,5532.7,voter pd share
6404,block_0256,DPoS,node_0379,7971.6,111.92,8083.52,voter pd share
6405,block_0256,DPoS,node_0423,925.54,19.57,945.11,voter pd share
6406,block_0256,DPoS,node_0421,8527.95,263.45,8791.4,self 20% + leftover
6407,block_0257,DPoS,node_0164,2043.7,35.98,2079.68,voter pd share
6408,block_0257,DPoS,node_0211,10057.5,129.04,10186.54,voter pd share
6409,block_0257,DPoS,node_0260,6594.57,109.34,6703.91,voter pd share
6410,block_0257,DPoS,node_0401,6616.04,99.78,6715.82,voter pd share
6411,block_0257,DPoS,node_0444,10341.53,117.85,10459.38,voter pd share
6412,block_0257,DPoS,node_0497,3984.65,167.02,4151.67,self 20% + leftover
6413,block_0258,DPoS,node_0099,3152.89,58.73,3211.62,voter pd share
6414,block_0258,DPoS,node_0208,5551.74,96.48,5648.22,voter pd share
6415,block_0258,DPoS,node_0217,5700.95,87.89,5788.84,voter pd share
6416,block_0258,DPoS,node_0224,5732.24,79.46,5811.7,voter pd share
6417,block_0258,DPoS,node_0278,1318.48,33.1,1351.58,voter pd share
6418,block_0258,DPoS,node_0288,2511.05,43.09,2554.15,voter pd share
6419,block_0258,DPoS,node_0490,4539.55,67.87,4607.42,voter pd share
6420,block_0258,DPoS,node_0333,10335.1,309.38,10644.48,self 20% + leftover
6421,block_0259,DPoS,node_0014,8274.48,108.0,8382.48,voter pd share
6422,block_0259,DPoS,node_0198,661.26,20.37,681.63,voter pd share
6423,block_0259,DPoS,node_0218,8002.01,134.82,8136.83,voter pd share
6424,block_0259,DPoS,node_0241,5653.86,87.31,5741.16,voter pd share
6425,block_0259,DPoS,node_0320,2566.0,57.24,2623.24,voter pd share
6426,block_0259,DPoS,node_0414,5056.36,78.18,5134.54,voter pd share
6427,block_0259,DPoS,node_0493,2557.95,42.19,2600.14,voter pd share
6428,block_0259,DPoS,node_0425,6975.09,243.88,7218.97,self 20% + leftover
6429,block_0260,DPoS,node_0055,5242.25,97.64,5339.89,voter pd share
6430,block_0260,DPoS,node_0138,9530.94,163.77,9694.71,voter pd share
6431,block_0260,DPoS,node_0202,3811.67,51.28,3862.94,voter pd share
6432,block_0260,DPoS,node_0243,3419.94,61.27,3481.21,voter pd share
6433,block_0260,DPoS,node_0272,8133.63,127.4,8261.03,voter pd share
6434,block_0260,DPoS,node_0500,7262.57,276.64,7539.21,self 20% + leftover
6435,block_0261,DPoS,node_0036,8956.03,185.6,9141.63,voter pd share
6436,block_0261,DPoS,node_0040,8532.98,175.64,8708.62,voter pd share
6437,block_0261,DPoS,node_0127,6841.56,121.61,6963.18,voter pd share
6438,block_0261,DPoS,node_0160,4390.95,84.49,4475.44,voter pd share
6439,block_0261,DPoS,node_0077,3121.48,210.65,3332.13,self 20% + leftover
6440,block_0262,DPoS,node_0144,354.53,34.72,389.25,voter pd share
6441,block_0262,DPoS,node_0349,4190.68,110.67,4301.35,voter pd share
6442,block_0262,DPoS,node_0377,8890.91,188.84,9079.76,voter pd share
6443,block_0262,DPoS,node_0386,8472.0,199.61,8671.61,voter pd share
6444,block_0262,DPoS,node_0370,3057.88,194.15,3252.02,self 20% + leftover
6445,block_0263,DPoS,node_0267,7799.95,158.01,7957.95,voter pd share
6446,block_0263,DPoS,node_0332,6464.02,144.44,6608.46,voter pd share
6447,block_0263,DPoS,node_0411,2573.35,54.75,2628.1,voter pd share
6448,block_0263,DPoS,node_0446,4433.97,100.12,4534.09,voter pd share
6449,block_0263,DPoS,node_0049,9086.71,320.68,9407.39,self 20% + leftover
6450,block_0264,DPoS,node_0001,1049.62,34.17,1083.78,voter pd share
6451,block_0264,DPoS,node_0165,7099.54,124.83,7224.37,voter pd share
6452,block_0264,DPoS,node_0275,2412.0,37.17,2449.18,voter pd share
6453,block_0264,DPoS,node_0356,6888.11,133.35,7021.46,voter pd share
6454,block_0264,DPoS,node_0357,7362.9,109.24,7472.14,voter pd share
6455,block_0264,DPoS,node_0046,4475.83,200.23,4676.07,self 20% + leftover
6456,block_0265,DPoS,node_0116,4696.26,83.33,4779.59,voter pd share
6457,block_0265,DPoS,node_0316,9474.52,144.6,9619.13,voter pd share
6458,block_0265,DPoS,node_0374,7893.45,147.99,8041.44,voter pd share
6459,block_0265,DPoS,node_0441,7789.12,98.56,7887.67,voter pd share
6460,block_0265,DPoS,node_0482,4134.13,78.14,4212.27,voter pd share
6461,block_0265,DPoS,node_0120,4393.52,225.38,4618.89,self 20% + leftover
6462,block_0266,DPoS,node_0108,1572.92,33.7,1606.62,voter pd share
6463,block_0266,DPoS,node_0142,9300.46,132.78,9433.25,voter pd share
6464,block_0266,DPoS,node_0151,2289.54,28.31,2317.85,voter pd share
6465,block_0266,DPoS,node_0152,3234.46,46.19,3280.65,voter pd share
6466,block_0266,DPoS,node_0249,4125.49,69.09,4194.58,voter pd share
6467,block_0266,DPoS,node_0405,9494.91,147.01,9641.93,voter pd share
6468,block_0266,DPoS,node_0475,5053.22,191.91,5245.13,self 20% + leftover
6469,block_0267,DPoS,node_0011,979.36,32.24,1011.61,voter pd share
6470,block_0267,DPoS,node_0024,899.16,18.07,917.22,voter pd share
6471,block_0267,DPoS,node_0134,6108.92,92.95,6201.87,voter pd share
6472,block_0267,DPoS,node_0177,8501.48,142.4,8643.88,voter pd share
6473,block_0267,DPoS,node_0235,9256.23,151.61,9407.83,voter pd share
6474,block_0267,DPoS,node_0412,1334.57,25.92,1360.49,voter pd share
6475,block_0267,DPoS,node_0479,9652.28,293.8,9946.08,self 20% + leftover
6476,block_0268,DPoS,node_0005,4404.98,78.51,4483.49,voter pd share
6477,block_0268,DPoS,node_0110,4639.56,84.14,4723.7,voter pd share
6478,block_0268,DPoS,node_0408,7010.58,126.34,7136.92,voter pd share
6479,block_0268,DPoS,node_0422,9147.4,178.43,9325.84,voter pd share
6480,block_0268,DPoS,node_0201,8867.48,309.57,9177.05,self 20% + leftover
6481,block_0269,DPoS,node_0096,4588.67,80.98,4669.65,voter pd share
6482,block_0269,DPoS,node_0277,8763.48,168.1,8931.57,voter pd share
6483,block_0269,DPoS,node_0471,4532.09,102.86,4634.95,voter pd share
6484,block_0269,DPoS,node_0477,4924.06,94.6,5018.66,voter pd share
6485,block_0269,DPoS,node_0406,2430.71,166.46,2597.17,self 20% + leftover
6486,block_0270,DPoS,node_0017,1534.93,24.24,1559.17,voter pd share
6487,block_0270,DPoS,node_0061,4509.48,72.02,4581.5,voter pd share
6488,block_0270,DPoS,node_0172,8937.13,143.03,9080.17,voter pd share
6489,block_0270,DPoS,node_0346,3948.52,65.67,4014.19,voter pd share
6490,block_0270,DPoS,node_0433,681.1,23.24,704.34,voter pd share
6491,block_0270,DPoS,node_0438,1065.42,22.94,1088.36,voter pd share
6492,block_0270,DPoS,node_0462,3459.84,38.63,3498.46,voter pd share
6493,block_0270,DPoS,node_0192,12316.58,309.22,12625.8,self 20% + leftover
6494,block_0271,DPoS,node_0009,7127.26,49.67,7176.93,voter pd share
6495,block_0271,DPoS,node_0038,6469.45,40.05,6509.5,voter pd share
6496,block_0271,DPoS,node_0118,4167.5,26.31,4193.81,voter pd share
6497,block_0271,DPoS,node_0147,9036.98,55.8,9092.77,voter pd share
6498,block_0271,DPoS,node_0221,5675.26,36.13,5711.39,voter pd share
6499,block_0271,DPoS,node_0238,10228.34,65.48,10293.82,voter pd share
6500,block_0271,DPoS,node_0244,2213.14,18.68,2231.82,voter pd share
6501,block_0271,DPoS,node_0265,6803.76,48.39,6852.15,voter pd share
6502,block_0271,DPoS,node_0327,2842.62,25.91,2868.53,voter pd share
6503,block_0271,DPoS,node_0351,5910.58,45.7,5956.29,voter pd share
6504,block_0271,DPoS,node_0419,1506.57,16.37,1522.94,voter pd share
6505,block_0271,DPoS,node_0436,5175.27,27.93,5203.19,voter pd share
6506,block_0271,DPoS,node_0315,8034.27,181.58,8215.85,self 20% + leftover
6507,block_0272,DPoS,node_0028,7800.17,60.2,7860.37,voter pd share
6508,block_0272,DPoS,node_0125,3461.83,23.67,3485.5,voter pd share
6509,block_0272,DPoS,node_0166,6641.68,54.59,6696.27,voter pd share
6510,block_0272,DPoS,node_0196,11356.02,78.66,11434.68,voter pd share
6511,block_0272,DPoS,node_0215,9739.88,58.81,9798.69,voter pd share
6512,block_0272,DPoS,node_0290,7992.17,59.75,8051.92,voter pd share
6513,block_0272,DPoS,node_0291,3278.11,31.52,3309.64,voter pd share
6514,block_0272,DPoS,node_0322,8937.54,75.32,9012.86,voter pd share
6515,block_0272,DPoS,node_0382,1678.6,16.84,1695.45,voter pd share
6516,block_0272,DPoS,node_0409,2544.47,20.91,2565.38,voter pd share
6517,block_0272,DPoS,node_0303,10382.52,208.72,10591.24,self 20% + leftover
6518,block_0273,DPoS,node_0044,10465.72,92.07,10557.79,voter pd share
6519,block_0273,DPoS,node_0056,11051.06,90.46,11141.52,voter pd share
6520,block_0273,DPoS,node_0229,7978.37,85.09,8063.46,voter pd share
6521,block_0273,DPoS,node_0256,7674.87,67.41,7742.28,voter pd share
6522,block_0273,DPoS,node_0286,394.31,0.86,395.17,voter pd share
6523,block_0273,DPoS,node_0295,8594.86,77.28,8672.14,voter pd share
6524,block_0273,DPoS,node_0381,5248.29,49.73,5298.01,voter pd share
6525,block_0273,DPoS,node_0483,6038.18,57.23,6095.41,voter pd share
6526,block_0273,DPoS,node_0003,11375.36,234.87,11610.23,self 20% + leftover
6527,block_0274,DPoS,node_0032,8248.13,130.23,8378.36,voter pd share
6528,block_0274,DPoS,node_0057,973.79,15.72,989.51,voter pd share
6529,block_0274,DPoS,node_0242,713.75,25.98,739.72,voter pd share
6530,block_0274,DPoS,node_0380,7607.35,113.47,7720.82,voter pd share
6531,block_0274,DPoS,node_0445,7827.65,115.59,7943.24,voter pd share
6532,block_0274,DPoS,node_0020,5546.34,186.01,5732.34,self 20% + leftover
6533,block_0275,DPoS,node_0012,5488.93,117.16,5606.09,voter pd share
6534,block_0275,DPoS,node_0104,7960.54,179.52,8140.06,voter pd share
6535,block_0275,DPoS,node_0124,1959.77,38.3,1998.07,voter pd share
6536,block_0275,DPoS,node_0388,7092.16,134.9,7227.06,voter pd share
6537,block_0275,DPoS,node_0418,320.18,3.46,323.63,voter pd share
6538,block_0275,DPoS,node_0010,4514.43,206.66,4721.09,self 20% + leftover
6539,block_0276,DPoS,node_0187,9536.3,150.1,9686.4,voter pd share
6540,block_0276,DPoS,node_0343,9300.97,155.55,9456.52,voter pd share
6541,block_0276,DPoS,node_0429,808.12,24.12,832.24,voter pd share
6542,block_0276,DPoS,node_0031,5932.61,203.22,6135.83,self 20% + leftover
6543,block_0277,DPoS,node_0035,7225.76,83.68,7309.44,voter pd share
6544,block_0277,DPoS,node_0121,6454.18,87.35,6541.52,voter pd share
6545,block_0277,DPoS,node_0128,7749.11,95.59,7844.7,voter pd share
6546,block_0277,DPoS,node_0149,7660.78,84.2,7744.98,voter pd share
6547,block_0277,DPoS,node_0237,1339.76,19.19,1358.94,voter pd share
6548,block_0277,DPoS,node_0355,335.33,7.78,343.11,voter pd share
6549,block_0277,DPoS,node_0369,1694.55,24.58,1719.13,voter pd share
6550,block_0277,DPoS,node_0375,9255.72,112.31,9368.02,voter pd share
6551,block_0277,DPoS,node_0427,1299.25,5.19,1304.44,voter pd share
6552,block_0277,DPoS,node_0481,4080.88,44.1,4124.98,voter pd share
6553,block_0277,DPoS,node_0103,5372.69,213.04,5585.73,self 20% + leftover
6554,block_0278,DPoS,node_0100,8512.23,120.12,8632.36,voter pd share
6555,block_0278,DPoS,node_0263,6995.5,82.92,7078.42,voter pd share
6556,block_0278,DPoS,node_0339,6381.26,94.61,6475.87,voter pd share
6557,block_0278,DPoS,node_0358,9235.86,129.35,9365.21,voter pd share
6558,block_0278,DPoS,node_0404,518.79,2.16,520.95,voter pd share
6559,block_0278,DPoS,node_0432,6415.05,80.93,6495.98,voter pd share
6560,block_0278,DPoS,node_0442,10895.31,266.9,11162.21,self 20% + leftover
6561,block_0279,DPoS,node_0076,4579.83,55.67,4635.5,voter pd share
6562,block_0279,DPoS,node_0107,9459.49,113.06,9572.55,voter pd share
6563,block_0279,DPoS,node_0145,4487.8,60.52,4548.32,voter pd share
6564,block_0279,DPoS,node_0207,8431.41,90.32,8521.73,voter pd share
6565,block_0279,DPoS,node_0212,2153.11,17.11,2170.22,voter pd share
6566,block_0279,DPoS,node_0344,1252.35,21.51,1273.86,voter pd share
6567,block_0279,DPoS,node_0454,8215.2,85.44,8300.63,voter pd share
6568,block_0279,DPoS,node_0463,7051.82,186.37,7238.19,self 20% + leftover
6569,block_0280,DPoS,node_0191,10516.0,139.21,10655.21,voter pd share
6570,block_0280,DPoS,node_0280,8567.4,122.5,8689.9,voter pd share
6571,block_0280,DPoS,node_0431,8687.19,126.1,8813.3,voter pd share
6572,block_0280,DPoS,node_0453,767.13,10.09,777.22,voter pd share
6573,block_0280,DPoS,node_0465,6892.9,102.05,6994.95,voter pd share
6574,block_0280,DPoS,node_0473,2935.43,43.99,2979.43,voter pd share
6575,block_0280,DPoS,node_0450,6033.94,233.06,6267.0,self 20% + leftover
6576,block_0281,DPoS,node_0007,4223.41,53.49,4276.9,voter pd share
6577,block_0281,DPoS,node_0015,5585.2,87.3,5672.51,voter pd share
6578,block_0281,DPoS,node_0062,3715.28,46.3,3761.59,voter pd share
6579,block_0281,DPoS,node_0161,5296.17,69.13,5365.3,voter pd share
6580,block_0281,DPoS,node_0162,5625.24,77.27,5702.51,voter pd share
6581,block_0281,DPoS,node_0234,2129.52,28.04,2157.56,voter pd share
6582,block_0281,DPoS,node_0282,7734.61,110.07,7844.67,voter pd share
6583,block_0281,DPoS,node_0310,3094.58,35.58,3130.16,voter pd share
6584,block_0281,DPoS,node_0452,805.88,20.91,826.79,voter pd share
6585,block_0281,DPoS,node_0383,7516.1,246.91,7763.01,self 20% + leftover
6586,block_0282,DPoS,node_0030,11253.26,99.15,11352.41,voter pd share
6587,block_0282,DPoS,node_0073,4739.79,36.58,4776.38,voter pd share
6588,block_0282,DPoS,node_0098,10743.28,102.57,10845.85,voter pd share
6589,block_0282,DPoS,node_0117,7209.36,65.06,7274.43,voter pd share
6590,block_0282,DPoS,node_0254,8054.0,74.62,8128.62,voter pd share
6591,block_0282,DPoS,node_0298,636.18,3.1,639.28,voter pd share
6592,block_0282,DPoS,node_0086,5132.11,150.91,5283.03,self 20% + leftover
6593,block_0283,DPoS,node_0037,521.02,20.16,541.18,voter pd share
6594,block_0283,DPoS,node_0079,4594.14,54.32,4648.46,voter pd share
6595,block_0283,DPoS,node_0114,7489.97,71.25,7561.22,voter pd share
6596,block_0283,DPoS,node_0183,7791.67,60.55,7852.22,voter pd share
6597,block_0283,DPoS,node_0214,8097.11,82.19,8179.3,voter pd share
6598,block_0283,DPoS,node_0384,8335.76,78.34,8414.1,voter pd share
6599,block_0283,DPoS,node_0443,5125.29,47.64,5172.93,voter pd share
6600,block_0283,DPoS,node_0194,2774.04,120.56,2894.6,self 20% + leftover
6601,block_0284,DPoS,node_0167,6337.37,72.14,6409.51,voter pd share
6602,block_0284,DPoS,node_0182,338.71,4.12,342.82,voter pd share
6603,block_0284,DPoS,node_0250,7829.33,78.69,7908.02,voter pd share
6604,block_0284,DPoS,node_0311,10452.8,104.56,10557.36,voter pd share
6605,block_0284,DPoS,node_0365,10321.78,108.32,10430.1,voter pd share
6606,block_0284,DPoS,node_0415,5177.89,63.99,5241.88,voter pd share
6607,block_0284,DPoS,node_0498,4356.13,134.19,4490.31,self 20% + leftover
6608,block_0285,DPoS,node_0136,9251.0,216.56,9467.56,voter pd share
6609,block_0285,DPoS,node_0146,2346.0,58.42,2404.42,voter pd share
6610,block_0285,DPoS,node_0296,1383.0,40.17,1423.17,voter pd share
6611,block_0285,DPoS,node_0472,10504.0,233.2,10737.2,voter pd share
6612,block_0285,DPoS,node_0271,2185.0,229.65,2414.65,self 20% + leftover
6613,block_0286,DPoS,node_0129,7577.9,103.09,7680.99,voter pd share
6614,block_0286,DPoS,node_0220,5156.8,94.23,5251.03,voter pd share
6615,block_0286,DPoS,node_0240,4612.57,79.75,4692.33,voter pd share
6616,block_0286,DPoS,node_0268,5670.7,86.64,5757.34,voter pd share
6617,block_0286,DPoS,node_0379,7510.52,114.0,7624.52,voter pd share
6618,block_0286,DPoS,node_0423,1334.11,19.93,1354.04,voter pd share
6619,block_0286,DPoS,node_0421,8633.4,268.35,8901.75,self 20% + leftover
6620,block_0287,DPoS,node_0164,1748.68,34.78,1783.46,voter pd share
6621,block_0287,DPoS,node_0211,10588.54,124.73,10713.27,voter pd share
6622,block_0287,DPoS,node_0260,6359.91,105.69,6465.59,voter pd share
6623,block_0287,DPoS,node_0401,6744.82,96.45,6841.27,voter pd share
6624,block_0287,DPoS,node_0444,10556.38,113.91,10670.29,voter pd share
6625,block_0287,DPoS,node_0497,4087.67,161.44,4249.11,self 20% + leftover
6626,block_0288,DPoS,node_0099,2836.62,49.04,2885.66,voter pd share
6627,block_0288,DPoS,node_0208,5765.22,80.56,5845.78,voter pd share
6628,block_0288,DPoS,node_0217,5991.84,73.39,6065.23,voter pd share
6629,block_0288,DPoS,node_0224,6313.7,66.35,6380.05,voter pd share
6630,block_0288,DPoS,node_0278,859.58,27.64,887.22,voter pd share
6631,block_0288,DPoS,node_0288,2615.15,35.99,2651.14,voter pd share
6632,block_0288,DPoS,node_0490,4730.42,56.67,4787.09,voter pd share
6633,block_0288,DPoS,node_0333,10386.48,258.35,10644.83,self 20% + leftover
6634,block_0289,DPoS,node_0335,2822.0,49.15,2871.15,voter pd share
6635,block_0289,DPoS,node_0466,5412.0,107.25,5519.25,voter pd share
6636,block_0289,DPoS,node_0480,9042.0,148.41,9190.41,voter pd share
6637,block_0289,DPoS,node_0097,7923.0,280.19,8203.19,self 20% + leftover
6638,block_0290,DPoS,node_0055,5267.89,97.64,5365.54,voter pd share
6639,block_0290,DPoS,node_0138,9502.71,163.77,9666.49,voter pd share
6640,block_0290,DPoS,node_0202,4196.94,51.28,4248.22,voter pd share
6641,block_0290,DPoS,node_0243,3471.21,61.27,3532.48,voter pd share
6642,block_0290,DPoS,node_0272,8326.03,127.4,8453.43,voter pd share
6643,block_0290,DPoS,node_0500,7431.21,276.64,7707.84,self 20% + leftover
6644,block_0291,DPoS,node_0036,9103.63,185.37,9289.0,voter pd share
6645,block_0291,DPoS,node_0040,8771.62,175.42,8947.04,voter pd share
6646,block_0291,DPoS,node_0127,7071.18,121.46,7192.64,voter pd share
6647,block_0291,DPoS,node_0160,4392.44,84.38,4476.82,voter pd share
6648,block_0291,DPoS,node_0077,3388.13,210.38,3598.51,self 20% + leftover
6649,block_0292,DPoS,node_0144,488.25,28.05,516.3,voter pd share
6650,block_0292,DPoS,node_0349,4324.35,89.39,4413.74,voter pd share
6651,block_0292,DPoS,node_0377,9014.76,152.53,9167.28,voter pd share
6652,block_0292,DPoS,node_0386,8672.61,161.23,8833.84,voter pd share
6653,block_0292,DPoS,node_0370,3347.02,156.81,3503.84,self 20% + leftover
6654,block_0293,DPoS,node_0267,8401.95,122.26,8524.22,voter pd share
6655,block_0293,DPoS,node_0332,6607.46,111.77,6719.23,voter pd share
6656,block_0293,DPoS,node_0411,2924.1,42.36,2966.46,voter pd share
6657,block_0293,DPoS,node_0446,4104.09,77.47,4181.56,voter pd share
6658,block_0293,DPoS,node_0049,9603.39,248.14,9851.53,self 20% + leftover
6659,block_0294,DPoS,node_0001,1256.78,38.71,1295.49,voter pd share
6660,block_0294,DPoS,node_0165,6691.37,141.44,6832.81,voter pd share
6661,block_0294,DPoS,node_0275,2855.18,42.12,2897.3,voter pd share
6662,block_0294,DPoS,node_0356,7113.46,151.08,7264.54,voter pd share
6663,block_0294,DPoS,node_0357,7345.14,123.78,7468.92,voter pd share
6664,block_0294,DPoS,node_0046,4386.07,226.87,4612.94,self 20% + leftover
6665,block_0295,DPoS,node_0116,4737.59,63.3,4800.89,voter pd share
6666,block_0295,DPoS,node_0316,9235.13,109.85,9344.97,voter pd share
6667,block_0295,DPoS,node_0374,8367.44,112.42,8479.86,voter pd share
6668,block_0295,DPoS,node_0441,8087.67,74.87,8162.54,voter pd share
6669,block_0295,DPoS,node_0482,4151.27,59.36,4210.63,voter pd share
6670,block_0295,DPoS,node_0120,4624.89,171.2,4796.1,self 20% + leftover
6671,block_0296,DPoS,node_0108,1647.62,31.78,1679.39,voter pd share
6672,block_0296,DPoS,node_0142,9606.25,125.21,9731.46,voter pd share
6673,block_0296,DPoS,node_0151,2173.85,26.69,2200.54,voter pd share
6674,block_0296,DPoS,node_0152,3257.65,43.56,3301.21,voter pd share
6675,block_0296,DPoS,node_0249,4382.58,65.16,4447.74,voter pd share
6676,block_0296,DPoS,node_0405,9664.93,138.63,9803.56,voter pd share
6677,block_0296,DPoS,node_0475,5242.13,180.97,5423.1,self 20% + leftover
6678,block_0297,DPoS,node_0005,4640.49,55.37,4695.86,voter pd share
6679,block_0297,DPoS,node_0110,4699.7,59.34,4759.04,voter pd share
6680,block_0297,DPoS,node_0408,6953.92,89.1,7043.02,voter pd share
6681,block_0297,DPoS,node_0422,9106.84,125.85,9232.68,voter pd share
6682,block_0297,DPoS,node_0201,9151.05,218.34,9369.39,self 20% + leftover
6683,block_0298,DPoS,node_0005,4741.86,68.41,4810.27,voter pd share
6684,block_0298,DPoS,node_0110,4675.04,73.31,4748.36,voter pd share
6685,block_0298,DPoS,node_0408,7040.02,110.08,7150.1,voter pd share
6686,block_0298,DPoS,node_0422,9249.68,155.47,9405.15,voter pd share
6687,block_0298,DPoS,node_0201,9451.39,269.73,9721.12,self 20% + leftover
6688,block_0299,DPoS,node_0096,4512.65,97.89,4610.54,voter pd share
6689,block_0299,DPoS,node_0277,8959.57,203.2,9162.77,voter pd share
6690,block_0299,DPoS,node_0471,4740.95,124.34,4865.29,voter pd share
6691,block_0299,DPoS,node_0477,4770.66,114.35,4885.01,voter pd share
6692,block_0299,DPoS,node_0406,3007.17,201.22,3208.39,self 20% + leftover
6693,block_0300,DPoS,node_0017,1711.17,19.94,1731.12,voter pd share
6694,block_0300,DPoS,node_0061,4677.5,59.24,4736.74,voter pd share
6695,block_0300,DPoS,node_0172,9385.17,117.66,9502.83,voter pd share
6696,block_0300,DPoS,node_0346,4380.19,54.02,4434.22,voter pd share
6697,block_0300,DPoS,node_0433,600.34,19.12,619.46,voter pd share
6698,block_0300,DPoS,node_0438,1126.36,18.87,1145.23,voter pd share
6699,block_0300,DPoS,node_0462,3338.46,31.77,3370.24,voter pd share
6700,block_0300,DPoS,node_0192,12798.8,254.37,13053.17,self 20% + leftover
6701,block_0301,DPoS,node_0007,4294.9,47.95,4342.85,voter pd share
6702,block_0301,DPoS,node_0023,8566.88,98.23,8665.11,voter pd share
6703,block_0301,DPoS,node_0075,4747.52,54.43,4801.95,voter pd share
6704,block_0301,DPoS,node_0280,8546.9,97.85,8644.75,voter pd share
6705,block_0301,DPoS,node_0288,2785.14,32.15,2817.29,voter pd share
6706,block_0301,DPoS,node_0366,4971.0,57.28,5028.28,voter pd share
6707,block_0301,DPoS,node_0417,398.87,4.44,403.3,voter pd share
6708,block_0301,DPoS,node_0434,7755.0,89.32,7844.32,voter pd share
6709,block_0301,DPoS,node_0441,8116.54,93.48,8210.02,voter pd share
6710,block_0301,DPoS,node_0133,4131.0,202.87,4333.87,self 20% + leftover
6711,block_0302,DPoS,node_0042,2369.0,21.23,2390.23,voter pd share
6712,block_0302,DPoS,node_0177,8668.88,78.27,8747.15,voter pd share
6713,block_0302,DPoS,node_0185,4432.0,40.1,4472.1,voter pd share
6714,block_0302,DPoS,node_0255,7009.66,63.35,7073.01,voter pd share
6715,block_0302,DPoS,node_0315,8123.85,73.8,8197.66,voter pd share
6716,block_0302,DPoS,node_0413,7262.0,66.43,7328.43,voter pd share
6717,block_0302,DPoS,node_0491,5905.0,52.04,5957.04,voter pd share
6718,block_0302,DPoS,node_0401,6569.27,173.77,6743.05,self 20% + leftover
6719,block_0303,DPoS,node_0097,8146.19,81.89,8228.08,voter pd share
6720,block_0303,DPoS,node_0120,4688.1,47.37,4735.47,voter pd share
6721,block_0303,DPoS,node_0249,4633.74,45.49,4679.23,voter pd share
6722,block_0303,DPoS,node_0311,10479.36,105.45,10584.81,voter pd share
6723,block_0303,DPoS,node_0472,10702.2,107.52,10809.72,voter pd share
6724,block_0303,DPoS,node_0386,8941.84,208.28,9150.12,self 20% + leftover
6725,block_0304,DPoS,node_0020,5701.34,54.31,5755.65,voter pd share
6726,block_0304,DPoS,node_0056,11359.52,106.23,11465.74,voter pd share
6727,block_0304,DPoS,node_0140,8518.0,81.45,8599.45,voter pd share
6728,block_0304,DPoS,node_0190,2957.0,28.18,2985.18,voter pd share
6729,block_0304,DPoS,node_0301,101.0,0.69,101.69,voter pd share
6730,block_0304,DPoS,node_0356,7015.54,67.81,7083.35,voter pd share
6731,block_0304,DPoS,node_0400,2571.0,25.08,2596.08,voter pd share
6732,block_0304,DPoS,node_0458,168.0,1.45,169.45,voter pd share
6733,block_0304,DPoS,node_0100,8825.36,193.81,9019.16,self 20% + leftover
6734,block_0305,DPoS,node_0078,784.0,9.03,793.03,voter pd share
6735,block_0305,DPoS,node_0129,7752.99,95.67,7848.66,voter pd share
6736,block_0305,DPoS,node_0209,5585.87,70.36,5656.23,voter pd share
6737,block_0305,DPoS,node_0277,9379.77,114.18,9493.96,voter pd share
6738,block_0305,DPoS,node_0372,4641.0,58.81,4699.81,voter pd share
6739,block_0305,DPoS,node_0432,6701.98,82.19,6784.17,voter pd share
6740,block_0305,DPoS,node_0084,8387.0,236.76,8623.76,self 20% + leftover
6741,block_0306,DPoS,node_0196,11838.68,136.03,11974.72,voter pd share
6742,block_0306,DPoS,node_0211,10652.27,123.36,10775.63,voter pd share
6743,block_0306,DPoS,node_0229,8315.46,98.96,8414.42,voter pd share
6744,block_0306,DPoS,node_0289,5534.0,63.52,5597.52,voter pd share
6745,block_0306,DPoS,node_0443,4990.93,177.12,5168.05,self 20% + leftover
6746,block_0307,DPoS,node_0071,1232.0,18.83,1250.83,voter pd share
6747,block_0307,DPoS,node_0137,4492.0,71.51,4563.51,voter pd share
6748,block_0307,DPoS,node_0170,6827.0,104.31,6931.31,voter pd share
6749,block_0307,DPoS,node_0179,5981.0,89.05,6070.05,voter pd share
6750,block_0307,DPoS,node_0235,9125.83,140.6,9266.43,voter pd share
6751,block_0307,DPoS,node_0357,7373.92,112.06,7485.97,voter pd share
6752,block_0307,DPoS,node_0161,5356.3,238.66,5594.96,self 20% + leftover
6753,block_0308,DPoS,node_0098,10724.85,125.83,10850.68,voter pd share
6754,block_0308,DPoS,node_0146,2632.42,31.62,2664.05,voter pd share
6755,block_0308,DPoS,node_0184,1053.0,11.06,1064.06,voter pd share
6756,block_0308,DPoS,node_0208,5471.78,67.93,5539.71,voter pd share
6757,block_0308,DPoS,node_0426,6378.0,77.11,6455.11,voter pd share
6758,block_0308,DPoS,node_0459,5264.99,62.36,5327.35,voter pd share
6759,block_0308,DPoS,node_0256,7671.28,209.09,7880.37,self 20% + leftover
6760,block_0309,DPoS,node_0016,1264.0,15.48,1279.48,voter pd share
6761,block_0309,DPoS,node_0136,9525.56,148.43,9673.99,voter pd share
6762,block_0309,DPoS,node_0187,9707.4,149.3,9856.71,voter pd share
6763,block_0309,DPoS,node_0192,13055.17,203.04,13258.21,voter pd share
6764,block_0309,DPoS,node_0461,5390.0,233.75,5623.75,self 20% + leftover
6765,block_0310,DPoS,node_0058,4822.0,69.33,4891.33,voter pd share
6766,block_0310,DPoS,node_0111,9408.0,126.94,9534.94,voter pd share
6767,block_0310,DPoS,node_0377,9209.28,126.07,9335.36,voter pd share
6768,block_0310,DPoS,node_0412,1237.49,17.0,1254.49,voter pd share
6769,block_0310,DPoS,node_0466,5557.25,76.08,5633.33,voter pd share
6770,block_0310,DPoS,node_0302,5149.25,192.57,5341.83,self 20% + leftover
6771,block_0311,DPoS,node_0079,4304.46,58.04,4362.5,voter pd share
6772,block_0311,DPoS,node_0139,5205.0,67.75,5272.75,voter pd share
6773,block_0311,DPoS,node_0147,8915.77,116.66,9032.43,voter pd share
6774,block_0311,DPoS,node_0227,99.0,1.36,100.36,voter pd share
6775,block_0311,DPoS,node_0350,1486.0,19.29,1505.29,voter pd share
6776,block_0311,DPoS,node_0500,7819.84,102.99,7922.83,voter pd share
6777,block_0311,DPoS,node_0307,7378.0,207.91,7585.91,self 20% + leftover
6778,block_0312,DPoS,node_0103,5856.73,102.78,5959.51,voter pd share
6779,block_0312,DPoS,node_0142,9581.46,174.39,9755.84,voter pd share
6780,block_0312,DPoS,node_0267,8468.22,152.28,8620.5,voter pd share
6781,block_0312,DPoS,node_0308,486.0,9.61,495.61,voter pd share
6782,block_0312,DPoS,node_0455,4858.0,90.97,4948.97,voter pd share
6783,block_0312,DPoS,node_0285,5100.0,246.98,5346.98,self 20% + leftover
6784,block_0313,DPoS,node_0150,3350.07,50.82,3400.88,voter pd share
6785,block_0313,DPoS,node_0218,8014.83,117.15,8131.98,voter pd share
6786,block_0313,DPoS,node_0243,3909.48,54.45,3963.93,voter pd share
6787,block_0313,DPoS,node_0423,1389.04,23.53,1412.57,voter pd share
6788,block_0313,DPoS,node_0447,9238.0,137.53,9375.53,voter pd share
6789,block_0313,DPoS,node_0093,8071.0,241.52,8312.52,self 20% + leftover
6790,block_0314,DPoS,node_0203,8995.0,148.07,9143.07,voter pd share
6791,block_0314,DPoS,node_0383,8065.01,134.27,8199.28,voter pd share
6792,block_0314,DPoS,node_0387,6989.0,118.4,7107.4,voter pd share
6793,block_0314,DPoS,node_0481,4295.98,68.48,4364.47,voter pd share
6794,block_0314,DPoS,node_0435,5571.0,229.77,5800.77,self 20% + leftover
6795,block_0315,DPoS,node_0197,4371.0,75.95,4446.95,voter pd share
6796,block_0315,DPoS,node_0236,2057.0,35.78,2092.78,voter pd share
6797,block_0315,DPoS,node_0303,10574.24,177.46,10751.7,voter pd share
6798,block_0315,DPoS,node_0421,9318.75,153.31,9472.05,voter pd share
6799,block_0315,DPoS,node_0282,7612.67,269.51,7882.19,self 20% + leftover
6800,block_0316,DPoS,node_0085,5590.44,102.38,5692.83,voter pd share
6801,block_0316,DPoS,node_0121,5900.52,105.4,6005.92,voter pd share
6802,block_0316,DPoS,node_0251,3160.0,53.99,3213.99,voter pd share
6803,block_0316,DPoS,node_0352,9149.5,163.33,9312.83,voter pd share
6804,block_0316,DPoS,node_0060,9494.0,313.9,9807.9,self 20% + leftover
6805,block_0317,DPoS,node_0040,8696.04,122.73,8818.77,voter pd share
6806,block_0317,DPoS,node_0059,5369.0,71.33,5440.33,voter pd share
6807,block_0317,DPoS,node_0191,10742.21,143.2,10885.41,voter pd share
6808,block_0317,DPoS,node_0402,3529.0,45.18,3574.18,voter pd share
6809,block_0317,DPoS,node_0052,4966.0,179.56,5145.56,self 20% + leftover
6810,block_0318,DPoS,node_0047,1254.0,28.01,1282.01,voter pd share
6811,block_0318,DPoS,node_0167,6805.51,121.82,6927.33,voter pd share
6812,block_0318,DPoS,node_0316,9347.97,177.93,9525.9,voter pd share
6813,block_0318,DPoS,node_0373,7474.66,139.06,7613.72,voter pd share
6814,block_0318,DPoS,node_0414,5501.54,103.35,5604.89,voter pd share
6815,block_0318,DPoS,node_0493,2563.14,207.82,2770.96,self 20% + leftover
6816,block_0319,DPoS,node_0018,4946.0,93.18,5039.18,voter pd share
6817,block_0319,DPoS,node_0250,8055.02,141.32,8196.33,voter pd share
6818,block_0319,DPoS,node_0322,8676.86,156.95,8833.81,voter pd share
6819,block_0319,DPoS,node_0337,1217.0,17.55,1234.55,voter pd share
6820,block_0319,DPoS,node_0343,9332.52,305.0,9637.52,self 20% + leftover
6821,block_0320,DPoS,node_0172,9922.83,158.18,10081.01,voter pd share
6822,block_0320,DPoS,node_0175,5313.0,85.43,5398.43,voter pd share
6823,block_0320,DPoS,node_0225,2113.51,36.03,2149.54,voter pd share
6824,block_0320,DPoS,node_0240,4760.33,76.53,4836.86,voter pd share
6825,block_0320,DPoS,node_0355,240.11,4.86,244.97,voter pd share
6826,block_0320,DPoS,node_0484,8873.0,274.97,9147.97,self 20% + leftover
6827,block_0321,DPoS,node_0266,6220.0,132.76,6352.76,voter pd share
6828,block_0321,DPoS,node_0318,10151.55,222.19,10373.74,voter pd share
6829,block_0321,DPoS,node_0477,5020.01,105.07,5125.08,voter pd share
6830,block_0321,DPoS,node_0114,7708.22,317.97,8026.18,self 20% + leftover
6831,block_0322,DPoS,node_0038,6097.5,113.69,6211.19,voter pd share
6832,block_0322,DPoS,node_0205,4759.0,88.05,4847.05,voter pd share
6833,block_0322,DPoS,node_0215,9913.69,185.23,10098.92,voter pd share
6834,block_0322,DPoS,node_0424,6887.0,264.03,7151.03,self 20% + leftover
6835,block_0323,DPoS,node_0076,4826.5,113.18,4939.68,voter pd share
6836,block_0323,DPoS,node_0104,7955.06,184.65,8139.71,voter pd share
6837,block_0323,DPoS,node_0384,8619.1,192.22,8811.32,voter pd share
6838,block_0323,DPoS,node_0489,5695.0,286.95,5981.95,self 20% + leftover
6839,block_0324,DPoS,node_0096,4374.54,83.98,4458.52,voter pd share
6840,block_0324,DPoS,node_0210,3514.84,67.55,3582.39,voter pd share
6841,block_0324,DPoS,node_0374,8807.86,157.57,8965.43,voter pd share
6842,block_0324,DPoS,node_0479,9104.08,175.56,9279.64,voter pd share
6843,block_0324,DPoS,node_0359,750.0,138.35,888.35,self 20% + leftover
6844,block_0325,DPoS,node_0030,11491.41,264.46,11755.88,voter pd share
6845,block_0325,DPoS,node_0224,6158.05,148.8,6306.85,voter pd share
6846,block_0325,DPoS,node_0080,8587.0,360.74,8947.74,self 20% + leftover
6847,block_0326,DPoS,node_0265,6963.15,118.07,7081.23,voter pd share
6848,block_0326,DPoS,node_0375,9081.02,152.87,9233.89,voter pd share
6849,block_0326,DPoS,node_0107,9710.55,265.06,9975.61,self 20% + leftover
6850,block_0327,DPoS,node_0265,7125.23,168.52,7293.75,voter pd share
6851,block_0327,DPoS,node_0375,9257.89,218.18,9476.07,voter pd share
6852,block_0327,DPoS,node_0107,9975.61,378.3,10353.92,self 20% + leftover
6853,block_0328,DPoS,node_0310,2936.16,52.3,2988.46,voter pd share
6854,block_0328,DPoS,node_0327,2808.53,50.64,2859.17,voter pd share
6855,block_0328,DPoS,node_0342,4739.0,83.71,4822.71,voter pd share
6856,block_0328,DPoS,node_0351,5142.29,97.17,5239.46,voter pd share
6857,block_0328,DPoS,node_0138,9866.49,279.17,10145.66,self 20% + leftover
6858,block_0329,DPoS,node_0054,2399.32,60.15,2459.47,voter pd share
6859,block_0329,DPoS,node_0082,1877.0,51.45,1928.45,voter pd share
6860,block_0329,DPoS,node_0115,6806.14,166.63,6972.77,voter pd share
6861,block_0329,DPoS,node_0158,7186.0,173.47,7359.47,voter pd share
6862,block_0329,DPoS,node_0141,7161.0,326.3,7487.3,self 20% + leftover
6863,block_0330,DPoS,node_0002,3812.0,100.28,3912.28,voter pd share
6864,block_0330,DPoS,node_0087,4180.03,105.45,4285.48,voter pd share
6865,block_0330,DPoS,node_0231,9654.0,250.27,9904.27,voter pd share
6866,block_0330,DPoS,node_0193,6731.0,318.01,7049.01,self 20% + leftover
6867,block_0331,DPoS,node_0007,4065.85,36.42,4102.28,voter pd share
6868,block_0331,DPoS,node_0023,8399.11,74.62,8473.72,voter pd share
6869,block_0331,DPoS,node_0075,4935.95,41.35,4977.3,voter pd share
6870,block_0331,DPoS,node_0280,8929.75,74.33,9004.08,voter pd share
6871,block_0331,DPoS,node_0288,2944.29,24.42,2968.71,voter pd share
6872,block_0331,DPoS,node_0366,4819.28,43.51,4862.8,voter pd share
6873,block_0331,DPoS,node_0417,34.3,3.37,37.67,voter pd share
6874,block_0331,DPoS,node_0434,8131.32,67.85,8199.17,voter pd share
6875,block_0331,DPoS,node_0441,8208.02,71.01,8279.03,voter pd share
6876,block_0331,DPoS,node_0133,4164.87,154.11,4318.98,self 20% + leftover
6877,block_0332,DPoS,node_0042,2369.23,22.35,2391.58,voter pd share
6878,block_0332,DPoS,node_0177,8691.15,82.4,8773.55,voter pd share
6879,block_0332,DPoS,node_0185,4297.1,42.22,4339.32,voter pd share
6880,block_0332,DPoS,node_0255,7042.01,66.69,7108.7,voter pd share
6881,block_0332,DPoS,node_0315,8069.66,77.7,8147.35,voter pd share
6882,block_0332,DPoS,node_0413,7618.43,69.93,7688.36,voter pd share
6883,block_0332,DPoS,node_0491,5711.04,54.78,5765.83,voter pd share
6884,block_0332,DPoS,node_0401,6627.05,182.93,6809.98,self 20% + leftover
6885,block_0333,DPoS,node_0097,7926.08,82.72,8008.79,voter pd share
6886,block_0333,DPoS,node_0120,4613.47,47.85,4661.31,voter pd share
6887,block_0333,DPoS,node_0249,4127.23,45.95,4173.17,voter pd share
6888,block_0333,DPoS,node_0311,10027.81,106.51,10134.31,voter pd share
6889,block_0333,DPoS,node_0472,10708.72,108.6,10817.33,voter pd share
6890,block_0333,DPoS,node_0386,9310.12,210.38,9520.5,self 20% + leftover
6891,block_0334,DPoS,node_0020,5684.65,75.29,5759.95,voter pd share
6892,block_0334,DPoS,node_0056,11283.74,147.27,11431.02,voter pd share
6893,block_0334,DPoS,node_0140,8574.45,112.92,8687.36,voter pd share
6894,block_0334,DPoS,node_0190,3134.18,39.07,3173.24,voter pd share
6895,block_0334,DPoS,node_0301,445.69,0.96,446.65,voter pd share
6896,block_0334,DPoS,node_0356,7248.35,94.01,7342.36,voter pd share
6897,block_0334,DPoS,node_0400,2306.08,34.77,2340.85,voter pd share
6898,block_0334,DPoS,node_0458,402.45,2.02,404.47,voter pd share
6899,block_0334,DPoS,node_0100,8969.16,268.69,9237.86,self 20% + leftover
6900,block_0335,DPoS,node_0078,723.03,10.53,733.56,voter pd share
6901,block_0335,DPoS,node_0129,8006.66,111.59,8118.25,voter pd share
6902,block_0335,DPoS,node_0209,5963.23,82.07,6045.29,voter pd share
6903,block_0335,DPoS,node_0277,9930.96,133.19,10064.14,voter pd share
6904,block_0335,DPoS,node_0372,4106.81,68.6,4175.42,voter pd share
6905,block_0335,DPoS,node_0432,6521.17,95.87,6617.04,voter pd share
6906,block_0335,DPoS,node_0084,8625.76,276.16,8901.91,self 20% + leftover
6907,block_0336,DPoS,node_0196,12000.72,127.4,12128.12,voter pd share
6908,block_0336,DPoS,node_0211,10446.63,115.54,10562.16,voter pd share
6909,block_0336,DPoS,node_0229,8227.42,92.68,8320.11,voter pd share
6910,block_0336,DPoS,node_0289,5286.52,59.49,5346.01,voter pd share
6911,block_0336,DPoS,node_0443,5513.05,165.88,5678.94,self 20% + leftover
6912,block_0337,DPoS,node_0071,1359.83,17.37,1377.2,voter pd share
6913,block_0337,DPoS,node_0137,4856.51,65.97,4922.48,voter pd share
6914,block_0337,DPoS,node_0170,6558.31,96.23,6654.54,voter pd share
6915,block_0337,DPoS,node_0179,5659.05,82.15,5741.2,voter pd share
6916,block_0337,DPoS,node_0235,8951.43,129.71,9081.14,voter pd share
6917,block_0337,DPoS,node_0357,7704.97,103.38,7808.36,voter pd share
6918,block_0337,DPoS,node_0161,5511.96,220.18,5732.14,self 20% + leftover
6919,block_0338,DPoS,node_0098,10540.68,126.48,10667.16,voter pd share
6920,block_0338,DPoS,node_0146,2906.05,31.79,2937.84,voter pd share
6921,block_0338,DPoS,node_0184,1130.06,11.12,1141.18,voter pd share
6922,block_0338,DPoS,node_0208,5887.71,68.28,5955.98,voter pd share
6923,block_0338,DPoS,node_0426,6692.11,77.5,6769.61,voter pd share
6924,block_0338,DPoS,node_0459,5602.35,62.68,5665.03,voter pd share
6925,block_0338,DPoS,node_0256,7502.37,210.16,7712.53,self 20% + leftover
6926,block_0339,DPoS,node_0016,1445.48,12.77,1458.25,voter pd share
6927,block_0339,DPoS,node_0136,9531.99,122.51,9654.5,voter pd share
6928,block_0339,DPoS,node_0187,10245.71,123.22,10368.93,voter pd share
6929,block_0339,DPoS,node_0192,13127.21,167.58,13294.79,voter pd share
6930,block_0339,DPoS,node_0461,5688.75,192.92,5881.67,self 20% + leftover
6931,block_0340,DPoS,node_0058,5027.33,86.1,5113.43,voter pd share
6932,block_0340,DPoS,node_0111,9436.94,157.63,9594.58,voter pd share
6933,block_0340,DPoS,node_0377,9366.36,156.55,9522.91,voter pd share
6934,block_0340,DPoS,node_0412,1372.49,21.11,1393.6,voter pd share
6935,block_0340,DPoS,node_0466,5513.33,94.47,5607.8,voter pd share
6936,block_0340,DPoS,node_0302,5189.83,239.13,5428.96,self 20% + leftover
6937,block_0341,DPoS,node_0027,2710.0,64.84,2774.84,voter pd share
6938,block_0341,DPoS,node_0272,8205.43,174.26,8379.69,voter pd share
6939,block_0341,DPoS,node_0326,2194.0,43.3,2237.3,voter pd share
6940,block_0341,DPoS,node_0468,3193.0,65.33,3258.33,voter pd share
6941,block_0341,DPoS,node_0475,5240.1,109.01,5349.11,voter pd share
6942,block_0341,DPoS,node_0409,2732.38,177.26,2909.64,self 20% + leftover
6943,block_0342,DPoS,node_0103,6036.51,76.85,6113.36,voter pd share
6944,block_0342,DPoS,node_0142,9992.84,130.4,10123.24,voter pd share
6945,block_0342,DPoS,node_0267,8227.5,113.87,8341.36,voter pd share
6946,block_0342,DPoS,node_0308,313.61,7.19,320.79,voter pd share
6947,block_0342,DPoS,node_0455,4921.97,68.02,4989.99,voter pd share
6948,block_0342,DPoS,node_0285,5441.98,184.68,5626.65,self 20% + leftover
6949,block_0343,DPoS,node_0150,3482.88,55.94,3538.82,voter pd share
6950,block_0343,DPoS,node_0218,8235.98,128.96,8364.94,voter pd share
6951,block_0343,DPoS,node_0243,3831.93,59.94,3891.87,voter pd share
6952,block_0343,DPoS,node_0423,1259.57,25.9,1285.47,voter pd share
6953,block_0343,DPoS,node_0447,9000.53,151.4,9151.93,voter pd share
6954,block_0343,DPoS,node_0093,8421.52,265.87,8687.39,self 20% + leftover
6955,block_0344,DPoS,node_0203,9279.07,127.95,9407.02,voter pd share
6956,block_0344,DPoS,node_0383,8125.28,116.03,8241.31,voter pd share
6957,block_0344,DPoS,node_0387,7389.4,102.31,7491.71,voter pd share
6958,block_0344,DPoS,node_0481,4535.47,59.18,4594.64,voter pd share
6959,block_0344,DPoS,node_0435,5354.77,198.54,5553.31,self 20% + leftover
6960,block_0345,DPoS,node_0197,4735.95,72.11,4808.05,voter pd share
6961,block_0345,DPoS,node_0236,2187.78,33.97,2221.75,voter pd share
6962,block_0345,DPoS,node_0303,10849.7,168.48,11018.18,voter pd share
6963,block_0345,DPoS,node_0421,9543.05,145.55,9688.61,voter pd share
6964,block_0345,DPoS,node_0282,7947.19,255.89,8203.07,self 20% + leftover
6965,block_0346,DPoS,node_0085,6066.83,91.99,6158.82,voter pd share
6966,block_0346,DPoS,node_0121,6059.92,94.7,6154.62,voter pd share
6967,block_0346,DPoS,node_0251,3409.99,48.51,3458.51,voter pd share
6968,block_0346,DPoS,node_0352,9209.83,146.75,9356.58,voter pd share
6969,block_0346,DPoS,node_0060,9882.9,282.04,10164.94,self 20% + leftover
6970,block_0347,DPoS,node_0040,8573.77,115.74,8689.51,voter pd share
6971,block_0347,DPoS,node_0059,5408.33,67.27,5475.6,voter pd share
6972,block_0347,DPoS,node_0191,10667.41,135.05,10802.46,voter pd share
6973,block_0347,DPoS,node_0402,3363.18,42.61,3405.79,voter pd share
6974,block_0347,DPoS,node_0052,5259.56,169.33,5428.89,self 20% + leftover
6975,block_0348,DPoS,node_0047,1554.01,19.12,1573.13,voter pd share
6976,block_0348,DPoS,node_0167,6986.33,83.14,7069.47,voter pd share
6977,block_0348,DPoS,node_0316,9691.9,121.44,9813.35,voter pd share
6978,block_0348,DPoS,node_0373,7458.72,94.91,7553.63,voter pd share
6979,block_0348,DPoS,node_0414,5385.89,70.54,5456.43,voter pd share
6980,block_0348,DPoS,node_0493,2924.96,141.84,3066.81,self 20% + leftover
6981,block_0349,DPoS,node_0018,5377.18,74.39,5451.57,voter pd share
6982,block_0349,DPoS,node_0250,8226.33,112.82,8339.15,voter pd share
6983,block_0349,DPoS,node_0322,8470.81,125.3,8596.1,voter pd share
6984,block_0349,DPoS,node_0337,1144.55,14.01,1158.56,voter pd share
6985,block_0349,DPoS,node_0343,9227.52,243.49,9471.01,self 20% + leftover
6986,block_0350,DPoS,node_0172,10027.01,131.32,10158.34,voter pd share
6987,block_0350,DPoS,node_0175,5307.43,70.92,5378.35,voter pd share
6988,block_0350,DPoS,node_0225,2289.54,29.91,2319.45,voter pd share
6989,block_0350,DPoS,node_0240,4716.86,63.53,4780.39,voter pd share
6990,block_0350,DPoS,node_0355,650.97,4.04,655.01,voter pd share
6991,block_0350,DPoS,node_0484,9747.97,228.27,9976.24,self 20% + leftover
6992,block_0351,DPoS,node_0266,6448.76,124.06,6572.83,voter pd share
6993,block_0351,DPoS,node_0318,10124.74,207.63,10332.37,voter pd share
6994,block_0351,DPoS,node_0477,5035.08,98.19,5133.27,voter pd share
6995,block_0351,DPoS,node_0114,8168.18,297.12,8465.31,self 20% + leftover
6996,block_0352,DPoS,node_0038,6341.19,103.21,6444.39,voter pd share
6997,block_0352,DPoS,node_0205,4584.05,79.94,4663.99,voter pd share
6998,block_0352,DPoS,node_0215,9832.92,168.16,10001.08,voter pd share
6999,block_0352,DPoS,node_0424,6913.03,239.7,7152.73,self 20% + leftover
7000,block_0353,DPoS,node_0076,4911.68,102.69,5014.37,voter pd share
7001,block_0353,DPoS,node_0104,7937.71,167.54,8105.24,voter pd share
7002,block_0353,DPoS,node_0384,9137.32,174.41,9311.73,voter pd share
7003,block_0353,DPoS,node_0489,6060.95,260.36,6321.31,self 20% + leftover
7004,block_0354,DPoS,node_0096,4025.52,104.61,4130.13,voter pd share
7005,block_0354,DPoS,node_0210,3483.39,84.14,3567.53,voter pd share
7006,block_0354,DPoS,node_0374,8971.43,196.26,9167.69,voter pd share
7007,block_0354,DPoS,node_0479,9386.64,218.67,9605.31,voter pd share
7008,block_0354,DPoS,node_0359,739.35,172.32,911.67,self 20% + leftover
7009,block_0355,DPoS,node_0030,11441.88,229.95,11671.83,voter pd share
7010,block_0355,DPoS,node_0224,6742.85,129.38,6872.23,voter pd share
7011,block_0355,DPoS,node_0080,9206.74,313.66,9520.4,self 20% + leftover
7012,block_0356,DPoS,node_0230,7178.28,145.71,7323.99,voter pd share
7013,block_0356,DPoS,node_0376,8537.0,172.11,8709.11,voter pd share
7014,block_0356,DPoS,node_0393,455.0,8.95,463.95,voter pd share
7015,block_0356,DPoS,node_0457,8448.0,304.23,8752.23,self 20% + leftover
7016,block_0357,DPoS,node_0265,7312.75,124.24,7436.99,voter pd share
7017,block_0357,DPoS,node_0375,9183.07,160.85,9343.92,voter pd share
7018,block_0357,DPoS,node_0107,10554.92,278.91,10833.82,self 20% + leftover
7019,block_0358,DPoS,node_0310,2950.46,57.88,3008.34,voter pd share
7020,block_0358,DPoS,node_0327,2594.17,56.04,2650.2,voter pd share
7021,block_0358,DPoS,node_0342,4734.71,92.63,4827.34,voter pd share
7022,block_0358,DPoS,node_0351,5414.46,107.53,5521.99,voter pd share
7023,block_0358,DPoS,node_0138,9730.66,308.93,10039.59,self 20% + leftover
7024,block_0359,DPoS,node_0054,2311.47,44.61,2356.08,voter pd share
7025,block_0359,DPoS,node_0082,1674.45,38.16,1712.61,voter pd share
7026,block_0359,DPoS,node_0115,6757.77,123.58,6881.35,voter pd share
7027,block_0359,DPoS,node_0158,7265.47,128.65,7394.13,voter pd share
7028,block_0359,DPoS,node_0141,7059.3,242.0,7301.3,self 20% + leftover
7029,block_0360,DPoS,node_0002,4061.28,100.54,4161.83,voter pd share
7030,block_0360,DPoS,node_0087,4365.48,105.72,4471.2,voter pd share
7031,block_0360,DPoS,node_0231,9959.27,250.91,10210.18,voter pd share
7032,block_0360,DPoS,node_0193,7209.01,318.83,7527.83,self 20% + leftover
7033,block_0361,DPoS,node_0007,3917.28,47.39,3964.67,voter pd share
7034,block_0361,DPoS,node_0023,8191.72,97.09,8288.81,voter pd share
7035,block_0361,DPoS,node_0075,5257.3,53.8,5311.11,voter pd share
7036,block_0361,DPoS,node_0280,9432.08,96.72,9528.8,voter pd share
7037,block_0361,DPoS,node_0288,2993.71,31.78,3025.49,voter pd share
7038,block_0361,DPoS,node_0366,4886.8,56.62,4943.42,voter pd share
7039,block_0361,DPoS,node_0417,44.67,4.38,49.06,voter pd share
7040,block_0361,DPoS,node_0434,7888.17,88.29,7976.46,voter pd share
7041,block_0361,DPoS,node_0441,8260.03,92.39,8352.42,voter pd share
7042,block_0361,DPoS,node_0133,4886.98,200.53,5087.51,self 20% + leftover
7043,block_0362,DPoS,node_0042,2233.58,25.19,2258.76,voter pd share
7044,block_0362,DPoS,node_0177,8570.55,92.85,8663.4,voter pd share
7045,block_0362,DPoS,node_0185,4583.32,47.57,4630.89,voter pd share
7046,block_0362,DPoS,node_0255,7461.7,75.15,7536.85,voter pd share
7047,block_0362,DPoS,node_0315,8198.35,87.55,8285.91,voter pd share
7048,block_0362,DPoS,node_0413,7803.36,78.81,7882.17,voter pd share
7049,block_0362,DPoS,node_0491,5446.83,61.74,5508.56,voter pd share
7050,block_0362,DPoS,node_0401,6554.98,206.15,6761.13,self 20% + leftover
7051,block_0363,DPoS,node_0097,8379.79,105.11,8484.91,voter pd share
7052,block_0363,DPoS,node_0120,4522.31,60.8,4583.11,voter pd share
7053,block_0363,DPoS,node_0249,4698.17,58.39,4756.56,voter pd share
7054,block_0363,DPoS,node_0311,10477.31,135.35,10612.66,voter pd share
7055,block_0363,DPoS,node_0472,10740.33,138.01,10878.34,voter pd share
7056,block_0363,DPoS,node_0386,9443.5,267.34,9710.85,self 20% + leftover
7057,block_0364,DPoS,node_0020,5884.95,57.9,5942.85,voter pd share
7058,block_0364,DPoS,node_0056,11394.02,113.26,11507.28,voter pd share
7059,block_0364,DPoS,node_0140,8789.36,86.84,8876.2,voter pd share
7060,block_0364,DPoS,node_0190,3031.24,30.04,3061.29,voter pd share
7061,block_0364,DPoS,node_0301,735.65,0.74,736.38,voter pd share
7062,block_0364,DPoS,node_0356,7525.36,72.3,7597.66,voter pd share
7063,block_0364,DPoS,node_0400,2225.85,26.74,2252.59,voter pd share
7064,block_0364,DPoS,node_0458,445.47,1.55,447.02,voter pd share
7065,block_0364,DPoS,node_0100,8862.86,206.63,9069.49,self 20% + leftover
7066,block_0365,DPoS,node_0078,575.56,9.75,585.31,voter pd share
7067,block_0365,DPoS,node_0129,8695.25,103.27,8798.53,voter pd share
7068,block_0365,DPoS,node_0209,6252.29,75.95,6328.24,voter pd share
7069,block_0365,DPoS,node_0277,10368.14,123.26,10491.4,voter pd share
7070,block_0365,DPoS,node_0372,4354.42,63.49,4417.9,voter pd share
7071,block_0365,DPoS,node_0432,6694.04,88.72,6782.76,voter pd share
7072,block_0365,DPoS,node_0084,8711.91,255.57,8967.48,self 20% + leftover
7073,block_0366,DPoS,node_0196,12649.12,170.1,12819.22,voter pd share
7074,block_0366,DPoS,node_0211,10380.16,154.25,10534.42,voter pd share
7075,block_0366,DPoS,node_0229,8483.11,123.74,8606.85,voter pd share
7076,block_0366,DPoS,node_0289,5417.01,79.43,5496.44,voter pd share
7077,block_0366,DPoS,node_0443,5789.94,221.47,6011.41,self 20% + leftover
7078,block_0367,DPoS,node_0071,1365.2,16.45,1381.65,voter pd share
7079,block_0367,DPoS,node_0137,5433.48,62.47,5495.95,voter pd share
7080,block_0367,DPoS,node_0170,6718.54,91.12,6809.65,voter pd share
7081,block_0367,DPoS,node_0179,5549.2,77.79,5626.99,voter pd share
7082,block_0367,DPoS,node_0235,8285.14,122.82,8407.96,voter pd share
7083,block_0367,DPoS,node_0357,7462.36,97.89,7560.24,voter pd share
7084,block_0367,DPoS,node_0161,5286.14,208.48,5494.61,self 20% + leftover
7085,block_0368,DPoS,node_0098,10635.16,133.79,10768.95,voter pd share
7086,block_0368,DPoS,node_0146,3315.84,33.62,3349.46,voter pd share
7087,block_0368,DPoS,node_0184,714.18,11.76,725.94,voter pd share
7088,block_0368,DPoS,node_0208,6076.98,72.22,6149.21,voter pd share
7089,block_0368,DPoS,node_0426,6474.61,81.99,6556.6,voter pd share
7090,block_0368,DPoS,node_0459,5414.03,66.3,5480.33,voter pd share
7091,block_0368,DPoS,node_0256,7201.53,222.31,7423.84,self 20% + leftover
7092,block_0369,DPoS,node_0162,5508.51,145.44,5653.95,voter pd share
7093,block_0369,DPoS,node_0410,9933.31,252.97,10186.28,voter pd share
7094,block_0369,DPoS,node_0239,7883.0,377.59,8260.59,self 20% + leftover
7095,block_0370,DPoS,node_0058,5390.43,88.26,5478.69,voter pd share
7096,block_0370,DPoS,node_0111,9662.58,161.6,9824.18,voter pd share
7097,block_0370,DPoS,node_0377,9485.91,160.49,9646.4,voter pd share
7098,block_0370,DPoS,node_0412,1106.6,21.64,1128.24,voter pd share
7099,block_0370,DPoS,node_0466,5176.8,96.85,5273.65,voter pd share
7100,block_0370,DPoS,node_0302,5401.96,245.15,5647.11,self 20% + leftover
7101,block_0371,DPoS,node_0027,3163.84,79.26,3243.11,voter pd share
7102,block_0371,DPoS,node_0272,8507.69,213.02,8720.71,voter pd share
7103,block_0371,DPoS,node_0326,2363.3,52.92,2416.22,voter pd share
7104,block_0371,DPoS,node_0468,3330.33,79.86,3410.18,voter pd share
7105,block_0371,DPoS,node_0475,5648.11,133.25,5781.36,voter pd share
7106,block_0371,DPoS,node_0409,2875.64,216.68,3092.32,self 20% + leftover
7107,block_0372,DPoS,node_0103,6158.36,88.76,6247.12,voter pd share
7108,block_0372,DPoS,node_0142,9908.24,150.6,10058.83,voter pd share
7109,block_0372,DPoS,node_0267,7800.36,131.5,7931.87,voter pd share
7110,block_0372,DPoS,node_0308,566.79,8.3,575.09,voter pd share
7111,block_0372,DPoS,node_0455,4813.99,78.56,4892.55,voter pd share
7112,block_0372,DPoS,node_0285,5713.65,213.28,5926.93,self 20% + leftover
7113,block_0373,DPoS,node_0150,3527.82,58.62,3586.44,voter pd share
7114,block_0373,DPoS,node_0218,8041.94,135.14,8177.09,voter pd share
7115,block_0373,DPoS,node_0243,3966.87,62.81,4029.68,voter pd share
7116,block_0373,DPoS,node_0423,1061.47,27.14,1088.61,voter pd share
7117,block_0373,DPoS,node_0447,9237.93,158.66,9396.59,voter pd share
7118,block_0373,DPoS,node_0093,8600.39,278.62,8879.01,self 20% + leftover
7119,block_0374,DPoS,node_0203,9686.02,144.68,9830.7,voter pd share
7120,block_0374,DPoS,node_0383,8176.31,131.2,8307.51,voter pd share
7121,block_0374,DPoS,node_0387,7313.71,115.69,7429.4,voter pd share
7122,block_0374,DPoS,node_0481,4642.64,66.92,4709.56,voter pd share
7123,block_0374,DPoS,node_0435,5232.31,224.51,5456.82,self 20% + leftover
7124,block_0375,DPoS,node_0197,4419.05,82.88,4501.93,voter pd share
7125,block_0375,DPoS,node_0236,2624.75,39.04,2663.79,voter pd share
7126,block_0375,DPoS,node_0303,10922.18,193.66,11115.84,voter pd share
7127,block_0375,DPoS,node_0421,9957.61,167.3,10124.91,voter pd share
7128,block_0375,DPoS,node_0282,7801.07,294.12,8095.19,self 20% + leftover
7129,block_0376,DPoS,node_0085,6218.82,107.37,6326.19,voter pd share
7130,block_0376,DPoS,node_0121,5633.62,110.53,5744.15,voter pd share
7131,block_0376,DPoS,node_0251,3660.51,56.62,3717.13,voter pd share
7132,block_0376,DPoS,node_0352,9484.58,171.28,9655.86,voter pd share
7133,block_0376,DPoS,node_0060,9999.94,329.19,10329.13,self 20% + leftover
7134,block_0377,DPoS,node_0040,8369.51,146.32,8515.82,voter pd share
7135,block_0377,DPoS,node_0059,5153.6,85.04,5238.63,voter pd share
7136,block_0377,DPoS,node_0191,10401.46,170.72,10572.18,voter pd share
7137,block_0377,DPoS,node_0402,3091.79,53.86,3145.65,voter pd share
7138,block_0377,DPoS,node_0052,5581.89,214.06,5795.96,self 20% + leftover
7139,block_0378,DPoS,node_0047,1572.13,27.91,1600.04,voter pd share
7140,block_0378,DPoS,node_0167,6914.47,121.35,7035.82,voter pd share
7141,block_0378,DPoS,node_0316,9843.35,177.25,10020.59,voter pd share
7142,block_0378,DPoS,node_0373,7750.63,138.52,7889.16,voter pd share
7143,block_0378,DPoS,node_0414,5252.43,102.95,5355.39,voter pd share
7144,block_0378,DPoS,node_0493,3017.81,207.02,3224.83,self 20% + leftover
7145,block_0379,DPoS,node_0018,4976.57,96.31,5072.88,voter pd share
7146,block_0379,DPoS,node_0250,8942.15,146.07,9088.22,voter pd share
7147,block_0379,DPoS,node_0322,8424.1,162.23,8586.33,voter pd share
7148,block_0379,DPoS,node_0337,1253.56,18.14,1271.71,voter pd share
7149,block_0379,DPoS,node_0343,9395.01,315.25,9710.27,self 20% + leftover
7150,block_0380,DPoS,node_0172,10080.34,146.0,10226.33,voter pd share
7151,block_0380,DPoS,node_0175,5040.35,78.85,5119.19,voter pd share
7152,block_0380,DPoS,node_0225,2040.45,33.25,2073.71,voter pd share
7153,block_0380,DPoS,node_0240,4584.39,70.63,4655.02,voter pd share
7154,block_0380,DPoS,node_0355,557.01,4.49,561.49,voter pd share
7155,block_0380,DPoS,node_0484,10045.24,253.78,10299.02,self 20% + leftover
7156,block_0381,DPoS,node_0266,6776.83,109.9,6886.72,voter pd share
7157,block_0381,DPoS,node_0318,10635.37,183.92,10819.29,voter pd share
7158,block_0381,DPoS,node_0477,4558.27,86.98,4645.25,voter pd share
7159,block_0381,DPoS,node_0114,8669.31,263.2,8932.51,self 20% + leftover
7160,block_0382,DPoS,node_0038,6603.39,132.9,6736.29,voter pd share
7161,block_0382,DPoS,node_0205,4647.99,102.93,4750.92,voter pd share
7162,block_0382,DPoS,node_0215,10132.08,216.53,10348.61,voter pd share
7163,block_0382,DPoS,node_0424,6854.73,308.65,7163.38,self 20% + leftover
7164,block_0383,DPoS,node_0076,4572.37,113.33,4685.69,voter pd share
7165,block_0383,DPoS,node_0104,8023.24,184.89,8208.13,voter pd share
7166,block_0383,DPoS,node_0384,9174.73,192.47,9367.2,voter pd share
7167,block_0383,DPoS,node_0489,6167.31,287.32,6454.63,self 20% + leftover
7168,block_0384,DPoS,node_0096,4077.13,77.92,4155.05,voter pd share
7169,block_0384,DPoS,node_0210,3501.53,62.67,3564.21,voter pd share
7170,block_0384,DPoS,node_0374,8805.69,146.19,8951.88,voter pd share
7171,block_0384,DPoS,node_0479,9580.31,162.87,9743.18,voter pd share
7172,block_0384,DPoS,node_0359,976.67,128.35,1105.02,self 20% + leftover
7173,block_0385,DPoS,node_0030,12211.83,251.48,12463.31,voter pd share
7174,block_0385,DPoS,node_0224,6337.23,141.49,6478.73,voter pd share
7175,block_0385,DPoS,node_0080,9605.4,343.03,9948.42,self 20% + leftover
7176,block_0386,DPoS,node_0230,6973.99,178.5,7152.49,voter pd share
7177,block_0386,DPoS,node_0376,8115.11,210.85,8325.96,voter pd share
7178,block_0386,DPoS,node_0393,231.95,10.96,242.9,voter pd share
7179,block_0386,DPoS,node_0457,8345.23,372.69,8717.92,self 20% + leftover
7180,block_0387,DPoS,node_0265,7413.99,161.69,7575.68,voter pd share
7181,block_0387,DPoS,node_0375,9541.92,209.34,9751.25,voter pd share
7182,block_0387,DPoS,node_0107,11196.82,362.97,11559.8,self 20% + leftover
7183,block_0388,DPoS,node_0310,2987.34,51.65,3039.0,voter pd share
7184,block_0388,DPoS,node_0327,2800.2,50.01,2850.21,voter pd share
7185,block_0388,DPoS,node_0342,5151.34,82.67,5234.01,voter pd share
7186,block_0388,DPoS,node_0351,5391.99,95.96,5487.96,voter pd share
7187,block_0388,DPoS,node_0138,10048.59,275.7,10324.29,self 20% + leftover
7188,block_0389,DPoS,node_0054,2632.08,41.44,2673.52,voter pd share
7189,block_0389,DPoS,node_0082,1999.61,35.45,2035.06,voter pd share
7190,block_0389,DPoS,node_0115,6925.35,114.8,7040.15,voter pd share
7191,block_0389,DPoS,node_0158,7582.13,119.51,7701.64,voter pd share
7192,block_0389,DPoS,node_0141,7105.3,224.8,7330.1,self 20% + leftover
7193,block_0390,DPoS,node_0002,4435.83,85.64,4521.47,voter pd share
7194,block_0390,DPoS,node_0087,4600.2,90.05,4690.25,voter pd share
7195,block_0390,DPoS,node_0231,9882.18,213.73,10095.91,voter pd share
7196,block_0390,DPoS,node_0193,7453.83,271.58,7725.41,self 20% + leftover
7197,block_0391,DPoS,node_0007,4017.67,42.77,4060.44,voter pd share
7198,block_0391,DPoS,node_0023,8484.81,87.62,8572.44,voter pd share
7199,block_0391,DPoS,node_0075,5228.11,48.56,5276.67,voter pd share
7200,block_0391,DPoS,node_0280,9757.8,87.28,9845.08,voter pd share
7201,block_0391,DPoS,node_0288,2926.49,28.68,2955.17,voter pd share
7202,block_0391,DPoS,node_0366,5058.42,51.1,5109.52,voter pd share
7203,block_0391,DPoS,node_0417,105.06,3.96,109.02,voter pd share
7204,block_0391,DPoS,node_0434,8015.46,79.68,8095.13,voter pd share
7205,block_0391,DPoS,node_0441,8496.42,83.38,8579.8,voter pd share
7206,block_0391,DPoS,node_0133,4983.51,180.97,5164.48,self 20% + leftover
7207,block_0392,DPoS,node_0042,2527.76,29.03,2556.79,voter pd share
7208,block_0392,DPoS,node_0177,8658.4,107.02,8765.42,voter pd share
7209,block_0392,DPoS,node_0185,4928.89,54.83,4983.72,voter pd share
7210,block_0392,DPoS,node_0255,7607.85,86.62,7694.47,voter pd share
7211,block_0392,DPoS,node_0315,8323.91,100.91,8424.82,voter pd share
7212,block_0392,DPoS,node_0413,8250.17,90.83,8341.0,voter pd share
7213,block_0392,DPoS,node_0491,4970.56,71.16,5041.72,voter pd share
7214,block_0392,DPoS,node_0401,6777.13,237.6,7014.73,self 20% + leftover
7215,block_0393,DPoS,node_0097,8285.91,106.76,8392.67,voter pd share
7216,block_0393,DPoS,node_0120,4640.11,61.75,4701.87,voter pd share
7217,block_0393,DPoS,node_0249,5126.56,59.3,5185.86,voter pd share
7218,block_0393,DPoS,node_0311,11025.66,137.47,11163.13,voter pd share
7219,block_0393,DPoS,node_0472,11010.34,140.18,11150.51,voter pd share
7220,block_0393,DPoS,node_0386,9740.85,271.54,10012.38,self 20% + leftover
7221,block_0394,DPoS,node_0078,54.31,10.25,64.56,voter pd share
7222,block_0394,DPoS,node_0129,8612.53,108.58,8721.11,voter pd share
7223,block_0394,DPoS,node_0209,5791.24,79.85,5871.09,voter pd share
7224,block_0394,DPoS,node_0277,10343.4,129.59,10472.99,voter pd share
7225,block_0394,DPoS,node_0372,4357.9,66.75,4424.65,voter pd share
7226,block_0394,DPoS,node_0432,7082.76,93.28,7176.04,voter pd share
7227,block_0394,DPoS,node_0084,8904.48,268.7,9173.18,self 20% + leftover
7228,block_0395,DPoS,node_0078,59.56,10.49,70.05,voter pd share
7229,block_0395,DPoS,node_0129,8734.11,111.16,8845.27,voter pd share
7230,block_0395,DPoS,node_0209,5770.09,81.75,5851.84,voter pd share
7231,block_0395,DPoS,node_0277,10439.99,132.67,10572.66,voter pd share
7232,block_0395,DPoS,node_0372,4466.65,68.34,4534.99,voter pd share
7233,block_0395,DPoS,node_0432,7168.04,95.5,7263.53,voter pd share
7234,block_0395,DPoS,node_0084,9151.18,275.09,9426.27,self 20% + leftover
7235,block_0396,DPoS,node_0196,12903.22,127.86,13031.08,voter pd share
7236,block_0396,DPoS,node_0211,10557.42,115.95,10673.37,voter pd share
7237,block_0396,DPoS,node_0229,7908.85,93.02,8001.87,voter pd share
7238,block_0396,DPoS,node_0289,5296.44,59.7,5356.14,voter pd share
7239,block_0396,DPoS,node_0443,6048.41,166.48,6214.89,self 20% + leftover
7240,block_0397,DPoS,node_0071,1191.65,18.85,1210.51,voter pd share
7241,block_0397,DPoS,node_0137,5579.95,71.6,5651.55,voter pd share
7242,block_0397,DPoS,node_0170,6825.65,104.44,6930.09,voter pd share
7243,block_0397,DPoS,node_0179,5774.99,89.16,5864.15,voter pd share
7244,block_0397,DPoS,node_0235,8452.96,140.78,8593.74,voter pd share
7245,block_0397,DPoS,node_0357,6979.24,112.2,7091.44,voter pd share
7246,block_0397,DPoS,node_0161,5186.61,238.96,5425.58,self 20% + leftover
7247,block_0398,DPoS,node_0098,10720.95,118.31,10839.26,voter pd share
7248,block_0398,DPoS,node_0146,3624.46,29.73,3654.19,voter pd share
7249,block_0398,DPoS,node_0184,332.94,10.4,343.33,voter pd share
7250,block_0398,DPoS,node_0208,5667.21,63.86,5731.07,voter pd share
7251,block_0398,DPoS,node_0426,6612.6,72.5,6685.09,voter pd share
7252,block_0398,DPoS,node_0459,5065.33,58.63,5123.96,voter pd share
7253,block_0398,DPoS,node_0256,7543.84,196.58,7740.42,self 20% + leftover
7254,block_0399,DPoS,node_0162,5901.95,126.51,6028.46,voter pd share
7255,block_0399,DPoS,node_0410,10342.28,220.04,10562.32,voter pd share
7256,block_0399,DPoS,node_0239,8223.59,328.44,8552.03,self 20% + leftover
7257,block_0400,DPoS,node_0058,5390.69,60.44,5451.13,voter pd share
7258,block_0400,DPoS,node_0111,10072.18,110.66,10182.83,voter pd share
7259,block_0400,DPoS,node_0377,9519.4,109.9,9629.3,voter pd share
7260,block_0400,DPoS,node_0412,987.24,14.82,1002.06,voter pd share
7261,block_0400,DPoS,node_0466,5766.65,66.32,5832.97,voter pd share
7262,block_0400,DPoS,node_0302,5118.11,167.87,5285.98,self 20% + leftover
7263,block_0401,DPoS,node_0027,3229.11,79.26,3308.37,voter pd share
7264,block_0401,DPoS,node_0272,8940.71,213.02,9153.73,voter pd share
7265,block_0401,DPoS,node_0326,2385.22,52.92,2438.15,voter pd share
7266,block_0401,DPoS,node_0468,3455.18,79.86,3535.04,voter pd share
7267,block_0401,DPoS,node_0475,5778.36,133.25,5911.62,voter pd share
7268,block_0401,DPoS,node_0409,3004.32,216.68,3221.0,self 20% + leftover
7269,block_0402,DPoS,node_0103,6414.12,94.32,6508.44,voter pd share
7270,block_0402,DPoS,node_0142,9956.83,160.02,10116.86,voter pd share
7271,block_0402,DPoS,node_0267,8360.87,139.74,8500.6,voter pd share
7272,block_0402,DPoS,node_0308,452.09,8.82,460.91,voter pd share
7273,block_0402,DPoS,node_0455,4533.55,83.48,4617.03,voter pd share
7274,block_0402,DPoS,node_0285,5600.93,226.63,5827.56,self 20% + leftover
7275,block_0403,DPoS,node_0150,3395.44,49.03,3444.47,voter pd share
7276,block_0403,DPoS,node_0218,8266.09,113.03,8379.11,voter pd share
7277,block_0403,DPoS,node_0243,4152.68,52.53,4205.22,voter pd share
7278,block_0403,DPoS,node_0423,1148.61,22.7,1171.31,voter pd share
7279,block_0403,DPoS,node_0447,9535.59,132.69,9668.28,voter pd share
7280,block_0403,DPoS,node_0093,8904.01,233.02,9137.04,self 20% + leftover
7281,block_0404,DPoS,node_0203,9684.7,128.79,9813.5,voter pd share
7282,block_0404,DPoS,node_0383,8304.51,116.79,8421.3,voter pd share
7283,block_0404,DPoS,node_0387,7573.4,102.99,7676.39,voter pd share
7284,block_0404,DPoS,node_0481,4154.56,59.57,4214.13,voter pd share
7285,block_0404,DPoS,node_0435,5552.82,199.86,5752.67,self 20% + leftover
7286,block_0405,DPoS,node_0013,1483.0,18.02,1501.02,voter pd share
7287,block_0405,DPoS,node_0029,3621.0,81.47,3702.47,voter pd share
7288,block_0405,DPoS,node_0108,1752.39,34.43,1786.82,voter pd share
7289,block_0405,DPoS,node_0163,2005.0,40.87,2045.87,voter pd share
7290,block_0405,DPoS,node_0180,4497.0,83.57,4580.57,voter pd share
7291,block_0405,DPoS,node_0067,10062.58,321.63,10384.21,self 20% + leftover
7292,block_0406,DPoS,node_0085,6628.19,77.72,6705.92,voter pd share
7293,block_0406,DPoS,node_0121,5504.15,80.01,5584.16,voter pd share
7294,block_0406,DPoS,node_0251,3595.13,40.99,3636.12,voter pd share
7295,block_0406,DPoS,node_0352,9824.86,123.99,9948.85,voter pd share
7296,block_0406,DPoS,node_0060,10008.13,238.29,10246.42,self 20% + leftover
7297,block_0407,DPoS,node_0040,8817.82,114.65,8932.48,voter pd share
7298,block_0407,DPoS,node_0059,5052.63,66.63,5119.26,voter pd share
7299,block_0407,DPoS,node_0191,10324.18,133.78,10457.96,voter pd share
7300,block_0407,DPoS,node_0402,3034.65,42.21,3076.85,voter pd share
7301,block_0407,DPoS,node_0052,5675.96,167.74,5843.69,self 20% + leftover
7302,block_0408,DPoS,node_0047,1387.04,20.96,1408.0,voter pd share
7303,block_0408,DPoS,node_0167,7053.82,91.13,7144.95,voter pd share
7304,block_0408,DPoS,node_0316,9806.59,133.11,9939.7,voter pd share
7305,block_0408,DPoS,node_0373,7994.16,104.03,8098.18,voter pd share
7306,block_0408,DPoS,node_0414,5693.39,77.32,5770.7,voter pd share
7307,block_0408,DPoS,node_0493,3088.83,155.47,3244.29,self 20% + leftover
7308,block_0409,DPoS,node_0018,4950.88,85.09,5035.97,voter pd share
7309,block_0409,DPoS,node_0250,8915.22,129.05,9044.26,voter pd share
7310,block_0409,DPoS,node_0322,8792.33,143.32,8935.65,voter pd share
7311,block_0409,DPoS,node_0337,1198.71,16.03,1214.74,voter pd share
7312,block_0409,DPoS,node_0343,9830.27,278.52,10108.78,self 20% + leftover
7313,block_0410,DPoS,node_0172,10631.33,190.52,10821.85,voter pd share
7314,block_0410,DPoS,node_0175,5621.19,102.89,5724.08,voter pd share
7315,block_0410,DPoS,node_0225,1953.71,43.4,1997.1,voter pd share
7316,block_0410,DPoS,node_0240,4510.02,92.17,4602.19,voter pd share
7317,block_0410,DPoS,node_0355,744.49,5.86,750.35,voter pd share
7318,block_0410,DPoS,node_0484,9976.02,331.17,10307.2,self 20% + leftover
7319,block_0411,DPoS,node_0266,6563.72,122.18,6685.91,voter pd share
7320,block_0411,DPoS,node_0318,10438.29,204.49,10642.78,voter pd share
7321,block_0411,DPoS,node_0477,4266.25,96.7,4362.95,voter pd share
7322,block_0411,DPoS,node_0114,9120.51,292.63,9413.14,self 20% + leftover
7323,block_0412,DPoS,node_0038,6863.29,125.91,6989.2,voter pd share
7324,block_0412,DPoS,node_0205,5148.92,97.52,5246.44,voter pd share
7325,block_0412,DPoS,node_0215,10691.61,205.15,10896.75,voter pd share
7326,block_0412,DPoS,node_0424,6959.38,292.43,7251.81,self 20% + leftover
7327,block_0413,DPoS,node_0076,4421.69,96.14,4517.83,voter pd share
7328,block_0413,DPoS,node_0104,8022.13,156.84,8178.97,voter pd share
7329,block_0413,DPoS,node_0384,9627.2,163.28,9790.48,voter pd share
7330,block_0413,DPoS,node_0489,6298.63,243.74,6542.38,self 20% + leftover
7331,block_0414,DPoS,node_0096,4107.05,85.73,4192.78,voter pd share
7332,block_0414,DPoS,node_0210,3907.21,68.96,3976.17,voter pd share
7333,block_0414,DPoS,node_0374,8304.88,160.85,8465.73,voter pd share
7334,block_0414,DPoS,node_0479,9705.18,179.22,9884.4,voter pd share
7335,block_0414,DPoS,node_0359,1173.02,141.23,1314.26,self 20% + leftover
7336,block_0415,DPoS,node_0030,12480.31,217.65,12697.96,voter pd share
7337,block_0415,DPoS,node_0224,6570.73,122.46,6693.19,voter pd share
7338,block_0415,DPoS,node_0080,9577.42,296.88,9874.31,self 20% + leftover
7339,block_0416,DPoS,node_0230,7238.49,154.02,7392.51,voter pd share
7340,block_0416,DPoS,node_0376,8258.96,181.93,8440.89,voter pd share
7341,block_0416,DPoS,node_0393,463.9,9.46,473.36,voter pd share
7342,block_0416,DPoS,node_0457,8570.92,321.59,8892.51,self 20% + leftover
7343,block_0417,DPoS,node_0265,7702.68,169.62,7872.3,voter pd share
7344,block_0417,DPoS,node_0375,9569.25,219.6,9788.86,voter pd share
7345,block_0417,DPoS,node_0107,11505.8,380.78,11886.57,self 20% + leftover
7346,block_0418,DPoS,node_0310,3498.0,65.87,3563.86,voter pd share
7347,block_0418,DPoS,node_0327,2883.21,63.77,2946.98,voter pd share
7348,block_0418,DPoS,node_0342,4884.01,105.42,4989.43,voter pd share
7349,block_0418,DPoS,node_0351,5418.96,122.37,5541.33,voter pd share
7350,block_0418,DPoS,node_0138,10543.29,351.57,10894.86,self 20% + leftover
7351,block_0419,DPoS,node_0054,2555.52,55.51,2611.02,voter pd share
7352,block_0419,DPoS,node_0082,1886.06,47.48,1933.55,voter pd share
7353,block_0419,DPoS,node_0115,6787.15,153.78,6940.93,voter pd share
7354,block_0419,DPoS,node_0158,7119.64,160.09,7279.73,voter pd share
7355,block_0419,DPoS,node_0141,7475.1,301.13,7776.23,self 20% + leftover
7356,block_0420,DPoS,node_0002,4174.47,84.22,4258.68,voter pd share
7357,block_0420,DPoS,node_0087,4841.25,88.55,4929.8,voter pd share
7358,block_0420,DPoS,node_0231,10017.91,210.17,10228.08,voter pd share
7359,block_0420,DPoS,node_0193,8024.41,267.06,8291.47,self 20% + leftover
7360,block_0421,DPoS,node_0007,4182.44,47.76,4230.21,voter pd share
7361,block_0421,DPoS,node_0023,8502.44,97.85,8600.28,voter pd share
7362,block_0421,DPoS,node_0075,5231.67,54.22,5285.89,voter pd share
7363,block_0421,DPoS,node_0280,9298.08,97.47,9395.55,voter pd share
7364,block_0421,DPoS,node_0288,3160.17,32.03,3192.2,voter pd share
7365,block_0421,DPoS,node_0366,5115.52,57.06,5172.58,voter pd share
7366,block_0421,DPoS,node_0417,5.02,4.42,9.43,voter pd share
7367,block_0421,DPoS,node_0434,8702.13,88.97,8791.11,voter pd share
7368,block_0421,DPoS,node_0441,8619.8,93.12,8712.92,voter pd share
7369,block_0421,DPoS,node_0133,5242.48,202.09,5444.57,self 20% + leftover
7370,block_0422,DPoS,node_0042,2365.79,28.8,2394.6,voter pd share
7371,block_0422,DPoS,node_0177,9041.42,106.19,9147.61,voter pd share
7372,block_0422,DPoS,node_0185,4838.72,54.41,4893.13,voter pd share
7373,block_0422,DPoS,node_0255,7676.47,85.95,7762.43,voter pd share
7374,block_0422,DPoS,node_0315,8350.82,100.14,8450.96,voter pd share
7375,block_0422,DPoS,node_0413,8085.0,90.13,8175.13,voter pd share
7376,block_0422,DPoS,node_0491,4680.72,70.61,4751.32,voter pd share
7377,block_0422,DPoS,node_0401,7071.73,235.77,7307.5,self 20% + leftover
7378,block_0423,DPoS,node_0097,8097.67,76.81,8174.47,voter pd share
7379,block_0423,DPoS,node_0120,4234.87,44.43,4279.29,voter pd share
7380,block_0423,DPoS,node_0249,5423.86,42.66,5466.52,voter pd share
7381,block_0423,DPoS,node_0311,11222.13,98.9,11321.03,voter pd share
7382,block_0423,DPoS,node_0472,11086.51,100.85,11187.36,voter pd share
7383,block_0423,DPoS,node_0386,10221.38,195.35,10416.74,self 20% + leftover
7384,block_0424,DPoS,node_0012,6264.09,100.46,6364.55,voter pd share
7385,block_0424,DPoS,node_0063,5324.0,101.71,5425.71,voter pd share
7386,block_0424,DPoS,node_0222,2471.0,42.68,2513.68,voter pd share
7387,block_0424,DPoS,node_0365,10211.1,298.15,10509.25,self 20% + leftover
7388,block_0425,DPoS,node_0196,12513.08,142.39,12655.47,voter pd share
7389,block_0425,DPoS,node_0211,10611.37,129.13,10740.49,voter pd share
7390,block_0425,DPoS,node_0229,8094.87,103.59,8198.46,voter pd share
7391,block_0425,DPoS,node_0289,5058.14,66.49,5124.63,voter pd share
7392,block_0425,DPoS,node_0443,6777.89,185.4,6963.29,self 20% + leftover
7393,block_0426,DPoS,node_0196,12692.47,145.12,12837.59,voter pd share
7394,block_0426,DPoS,node_0211,10747.49,131.6,10879.09,voter pd share
7395,block_0426,DPoS,node_0229,8173.46,105.57,8279.03,voter pd share
7396,block_0426,DPoS,node_0289,5114.63,67.76,5182.39,voter pd share
7397,block_0426,DPoS,node_0443,6990.29,188.95,7179.23,self 20% + leftover
7398,block_0427,DPoS,node_0071,1016.51,13.32,1029.82,voter pd share
7399,block_0427,DPoS,node_0137,5914.55,50.56,5965.11,voter pd share
7400,block_0427,DPoS,node_0170,7517.09,73.75,7590.85,voter pd share
7401,block_0427,DPoS,node_0179,5738.15,62.96,5801.11,voter pd share
7402,block_0427,DPoS,node_0235,8528.74,99.42,8628.15,voter pd share
7403,block_0427,DPoS,node_0357,7181.44,79.23,7260.68,voter pd share
7404,block_0427,DPoS,node_0161,5119.58,168.75,5288.33,self 20% + leftover
7405,block_0428,DPoS,node_0098,10566.26,119.81,10686.07,voter pd share
7406,block_0428,DPoS,node_0146,3182.19,30.11,3212.3,voter pd share
7407,block_0428,DPoS,node_0184,151.33,10.53,161.86,voter pd share
7408,block_0428,DPoS,node_0208,5831.07,64.68,5895.75,voter pd share
7409,block_0428,DPoS,node_0426,6537.09,73.42,6610.51,voter pd share
7410,block_0428,DPoS,node_0459,5364.96,59.37,5424.33,voter pd share
7411,block_0428,DPoS,node_0256,7729.42,199.08,7928.5,self 20% + leftover
7412,block_0429,DPoS,node_0162,6008.46,144.69,6153.16,voter pd share
7413,block_0429,DPoS,node_0410,10695.32,251.66,10946.99,voter pd share
7414,block_0429,DPoS,node_0239,8506.03,375.64,8881.68,self 20% + leftover
7415,block_0430,DPoS,node_0027,3410.37,58.91,3469.28,voter pd share
7416,block_0430,DPoS,node_0272,8891.73,158.32,9050.05,voter pd share
7417,block_0430,DPoS,node_0326,2284.15,39.34,2323.48,voter pd share
7418,block_0430,DPoS,node_0468,3461.04,59.35,3520.39,voter pd share
7419,block_0430,DPoS,node_0475,5607.62,99.04,5706.65,voter pd share
7420,block_0430,DPoS,node_0409,3570.0,161.04,3731.05,self 20% + leftover
7421,block_0431,DPoS,node_0027,3470.28,79.26,3549.55,voter pd share
7422,block_0431,DPoS,node_0272,9165.05,213.02,9378.07,voter pd share
7423,block_0431,DPoS,node_0326,2336.48,52.92,2389.41,voter pd share
7424,block_0431,DPoS,node_0468,3535.39,79.86,3615.25,voter pd share
7425,block_0431,DPoS,node_0475,5767.65,133.25,5900.91,voter pd share
7426,block_0431,DPoS,node_0409,3825.05,216.68,4041.73,self 20% + leftover
7427,block_0432,DPoS,node_0103,6490.44,77.91,6568.35,voter pd share
7428,block_0432,DPoS,node_0142,10314.86,132.19,10447.05,voter pd share
7429,block_0432,DPoS,node_0267,8614.6,115.43,8730.04,voter pd share
7430,block_0432,DPoS,node_0308,206.91,7.28,214.2,voter pd share
7431,block_0432,DPoS,node_0455,4855.03,68.96,4923.99,voter pd share
7432,block_0432,DPoS,node_0285,6128.56,187.22,6315.78,self 20% + leftover
7433,block_0433,DPoS,node_0150,3745.47,43.01,3788.48,voter pd share
7434,block_0433,DPoS,node_0218,8467.11,99.16,8566.27,voter pd share
7435,block_0433,DPoS,node_0243,4114.22,46.09,4160.3,voter pd share
7436,block_0433,DPoS,node_0423,1128.31,19.91,1148.23,voter pd share
7437,block_0433,DPoS,node_0447,9778.28,116.41,9894.69,voter pd share
7438,block_0433,DPoS,node_0093,8854.04,204.43,9058.46,self 20% + leftover
7439,block_0434,DPoS,node_0203,9471.5,143.62,9615.12,voter pd share
7440,block_0434,DPoS,node_0383,8054.3,130.24,8184.54,voter pd share
7441,block_0434,DPoS,node_0387,7732.39,114.84,7847.23,voter pd share
7442,block_0434,DPoS,node_0481,4274.13,66.43,4340.56,voter pd share
7443,block_0434,DPoS,node_0435,6209.67,222.87,6432.54,self 20% + leftover
7444,block_0435,DPoS,node_0013,1557.02,22.72,1579.74,voter pd share
7445,block_0435,DPoS,node_0029,3575.47,102.68,3678.15,voter pd share
7446,block_0435,DPoS,node_0108,2221.82,43.39,2265.21,voter pd share
7447,block_0435,DPoS,node_0163,1880.87,51.51,1932.39,voter pd share
7448,block_0435,DPoS,node_0180,4810.57,105.33,4915.9,voter pd share
7449,block_0435,DPoS,node_0067,9798.21,405.37,10203.58,self 20% + leftover
7450,block_0436,DPoS,node_0085,6470.92,90.75,6561.66,voter pd share
7451,block_0436,DPoS,node_0121,5790.16,93.42,5883.58,voter pd share
7452,block_0436,DPoS,node_0251,3683.12,47.86,3730.98,voter pd share
7453,block_0436,DPoS,node_0352,10355.85,144.76,10500.61,voter pd share
7454,block_0436,DPoS,node_0060,10073.42,278.22,10351.63,self 20% + leftover
7455,block_0437,DPoS,node_0040,8996.48,169.25,9165.72,voter pd share
7456,block_0437,DPoS,node_0059,5393.26,98.36,5491.63,voter pd share
7457,block_0437,DPoS,node_0191,10370.96,197.48,10568.43,voter pd share
7458,block_0437,DPoS,node_0402,3280.85,62.3,3343.16,voter pd share
7459,block_0437,DPoS,node_0052,5953.69,247.61,6201.31,self 20% + leftover
7460,block_0438,DPoS,node_0047,1341.0,27.98,1368.97,voter pd share
7461,block_0438,DPoS,node_0167,7037.95,121.66,7159.61,voter pd share
7462,block_0438,DPoS,node_0316,9613.7,177.7,9791.4,voter pd share
7463,block_0438,DPoS,node_0373,7867.18,138.88,8006.06,voter pd share
7464,block_0438,DPoS,node_0414,6450.7,103.22,6553.92,voter pd share
7465,block_0438,DPoS,node_0493,3668.29,207.56,3875.85,self 20% + leftover
7466,block_0439,DPoS,node_0018,5273.97,98.27,5372.23,voter pd share
7467,block_0439,DPoS,node_0250,8601.26,149.04,8750.3,voter pd share
7468,block_0439,DPoS,node_0322,8911.65,165.52,9077.17,voter pd share
7469,block_0439,DPoS,node_0337,959.74,18.51,978.25,voter pd share
7470,block_0439,DPoS,node_0343,10521.78,321.66,10843.44,self 20% + leftover
7471,block_0440,DPoS,node_0172,10651.85,151.22,10803.07,voter pd share
7472,block_0440,DPoS,node_0175,5768.08,81.67,5849.75,voter pd share
7473,block_0440,DPoS,node_0225,1751.1,34.44,1785.55,voter pd share
7474,block_0440,DPoS,node_0240,4442.19,73.16,4515.35,voter pd share
7475,block_0440,DPoS,node_0355,547.35,4.65,552.0,voter pd share
7476,block_0440,DPoS,node_0484,10512.2,262.86,10775.06,self 20% + leftover
7477,block_0441,DPoS,node_0266,6322.91,132.25,6455.16,voter pd share
7478,block_0441,DPoS,node_0318,10241.78,221.34,10463.12,voter pd share
7479,block_0441,DPoS,node_0477,4594.95,104.67,4699.62,voter pd share
7480,block_0441,DPoS,node_0114,9243.14,316.74,9559.88,self 20% + leftover
7481,block_0442,DPoS,node_0106,8942.0,205.98,9147.98,voter pd share
7482,block_0442,DPoS,node_0431,8789.3,207.82,8997.11,voter pd share
7483,block_0442,DPoS,node_0482,4569.63,227.2,4796.83,self 20% + leftover
7484,block_0443,DPoS,node_0076,4192.83,112.89,4305.72,voter pd share
7485,block_0443,DPoS,node_0104,8133.97,184.17,8318.14,voter pd share
7486,block_0443,DPoS,node_0384,9897.48,191.73,10089.2,voter pd share
7487,block_0443,DPoS,node_0489,6185.38,286.21,6471.59,self 20% + leftover
7488,block_0444,DPoS,node_0096,4261.78,101.37,4363.15,voter pd share
7489,block_0444,DPoS,node_0210,4077.17,81.54,4158.7,voter pd share
7490,block_0444,DPoS,node_0374,8533.73,190.19,8723.93,voter pd share
7491,block_0444,DPoS,node_0479,10184.4,211.91,10396.31,voter pd share
7492,block_0444,DPoS,node_0359,1056.26,166.99,1223.25,self 20% + leftover
7493,block_0445,DPoS,node_0030,12703.96,192.37,12896.33,voter pd share
7494,block_0445,DPoS,node_0224,6949.19,108.24,7057.43,voter pd share
7495,block_0445,DPoS,node_0080,9735.31,262.4,9997.71,self 20% + leftover
7496,block_0446,DPoS,node_0230,7321.51,130.24,7451.75,voter pd share
7497,block_0446,DPoS,node_0376,8680.89,153.84,8834.73,voter pd share
7498,block_0446,DPoS,node_0393,115.36,8.0,123.35,voter pd share
7499,block_0446,DPoS,node_0457,8806.51,271.93,9078.44,self 20% + leftover
7500,block_0447,DPoS,node_0265,8079.3,118.73,8198.03,voter pd share
7501,block_0447,DPoS,node_0375,10144.86,153.72,10298.58,voter pd share
7502,block_0447,DPoS,node_0107,12070.57,266.54,12337.12,self 20% + leftover
7503,block_0448,DPoS,node_0310,3781.86,54.16,3836.02,voter pd share
7504,block_0448,DPoS,node_0327,2893.98,52.44,2946.42,voter pd share
7505,block_0448,DPoS,node_0342,4921.43,86.68,5008.11,voter pd share
7506,block_0448,DPoS,node_0351,5491.33,100.62,5591.95,voter pd share
7507,block_0448,DPoS,node_0138,10985.86,289.09,11274.95,self 20% + leftover
7508,block_0449,DPoS,node_0054,2446.02,41.44,2487.46,voter pd share
7509,block_0449,DPoS,node_0082,2270.55,35.45,2305.99,voter pd share
7510,block_0449,DPoS,node_0115,7114.93,114.8,7229.73,voter pd share
7511,block_0449,DPoS,node_0158,7090.73,119.51,7210.25,voter pd share
7512,block_0449,DPoS,node_0141,7236.23,224.8,7461.04,self 20% + leftover
7513,block_0450,DPoS,node_0002,4088.68,69.06,4157.74,voter pd share
7514,block_0450,DPoS,node_0087,4954.8,72.61,5027.41,voter pd share
7515,block_0450,DPoS,node_0231,10001.08,172.34,10173.42,voter pd share
7516,block_0450,DPoS,node_0193,8239.47,218.99,8458.46,self 20% + leftover
7517,block_0451,DPoS,node_0007,4255.21,36.18,4291.38,voter pd share
7518,block_0451,DPoS,node_0023,8624.28,74.11,8698.4,voter pd share
7519,block_0451,DPoS,node_0075,5050.89,41.07,5091.96,voter pd share
7520,block_0451,DPoS,node_0280,9097.55,73.83,9171.38,voter pd share
7521,block_0451,DPoS,node_0288,3009.2,24.26,3033.46,voter pd share
7522,block_0451,DPoS,node_0366,5125.58,43.22,5168.8,voter pd share
7523,block_0451,DPoS,node_0417,329.43,3.35,332.78,voter pd share
7524,block_0451,DPoS,node_0434,8715.11,67.39,8782.5,voter pd share
7525,block_0451,DPoS,node_0441,8810.92,70.53,8881.45,voter pd share
7526,block_0451,DPoS,node_0133,5659.57,153.07,5812.64,self 20% + leftover
7527,block_0452,DPoS,node_0042,2121.6,28.95,2150.55,voter pd share
7528,block_0452,DPoS,node_0177,8973.61,106.74,9080.35,voter pd share
7529,block_0452,DPoS,node_0185,4803.13,54.69,4857.82,voter pd share
7530,block_0452,DPoS,node_0255,7927.43,86.4,8013.83,voter pd share
7531,block_0452,DPoS,node_0315,8040.96,100.65,8141.61,voter pd share
7532,block_0452,DPoS,node_0413,8040.13,90.6,8130.73,voter pd share
7533,block_0452,DPoS,node_0491,4668.32,70.97,4739.3,voter pd share
7534,block_0452,DPoS,node_0401,7314.5,236.99,7551.49,self 20% + leftover
7535,block_0453,DPoS,node_0097,8197.47,84.36,8281.84,voter pd share
7536,block_0453,DPoS,node_0120,4331.29,48.8,4380.09,voter pd share
7537,block_0453,DPoS,node_0249,5472.52,46.86,5519.39,voter pd share
7538,block_0453,DPoS,node_0311,11451.03,108.63,11559.66,voter pd share
7539,block_0453,DPoS,node_0472,11300.36,110.77,11411.13,voter pd share
7540,block_0453,DPoS,node_0386,10265.74,214.57,10480.31,self 20% + leftover
7541,block_0454,DPoS,node_0012,6125.55,143.56,6269.12,voter pd share
7542,block_0454,DPoS,node_0063,5413.71,145.35,5559.07,voter pd share
7543,block_0454,DPoS,node_0222,2536.68,60.99,2597.66,voter pd share
7544,block_0454,DPoS,node_0365,10780.25,426.09,11206.35,self 20% + leftover
7545,block_0455,DPoS,node_0118,4254.81,111.46,4366.27,voter pd share
7546,block_0455,DPoS,node_0169,3858.1,118.83,3976.93,voter pd share
7547,block_0455,DPoS,node_0334,8876.06,257.88,9133.95,voter pd share
7548,block_0455,DPoS,node_0046,4305.94,285.83,4591.77,self 20% + leftover
7549,block_0456,DPoS,node_0196,12750.59,176.0,12926.59,voter pd share
7550,block_0456,DPoS,node_0211,11170.09,159.61,11329.7,voter pd share
7551,block_0456,DPoS,node_0229,8179.03,128.04,8307.07,voter pd share
7552,block_0456,DPoS,node_0289,5494.39,82.18,5576.58,voter pd share
7553,block_0456,DPoS,node_0443,6866.23,229.16,7095.4,self 20% + leftover
7554,block_0457,DPoS,node_0071,713.82,17.59,731.41,voter pd share
7555,block_0457,DPoS,node_0137,5872.11,66.8,5938.91,voter pd share
7556,block_0457,DPoS,node_0170,7863.85,97.44,7961.29,voter pd share
7557,block_0457,DPoS,node_0179,5917.11,83.19,6000.3,voter pd share
7558,block_0457,DPoS,node_0235,8368.15,131.34,8499.5,voter pd share
7559,block_0457,DPoS,node_0357,7142.68,104.68,7247.36,voter pd share
7560,block_0457,DPoS,node_0161,5324.33,222.95,5547.28,self 20% + leftover
7561,block_0458,DPoS,node_0098,10413.07,125.62,10538.69,voter pd share
7562,block_0458,DPoS,node_0146,3096.3,31.57,3127.88,voter pd share
7563,block_0458,DPoS,node_0184,287.86,11.04,298.9,voter pd share
7564,block_0458,DPoS,node_0208,6182.75,67.81,6250.56,voter pd share
7565,block_0458,DPoS,node_0426,6587.51,76.98,6664.49,voter pd share
7566,block_0458,DPoS,node_0459,5119.33,62.25,5181.58,voter pd share
7567,block_0458,DPoS,node_0256,8182.5,208.73,8391.23,self 20% + leftover
7568,block_0459,DPoS,node_0162,6437.16,144.69,6581.85,voter pd share
7569,block_0459,DPoS,node_0410,10661.99,251.66,10913.65,voter pd share
7570,block_0459,DPoS,node_0239,8553.68,375.64,8929.32,self 20% + leftover
7571,block_0460,DPoS,node_0069,825.0,40.22,865.22,voter pd share
7572,block_0460,DPoS,node_0125,3675.5,106.15,3781.65,voter pd share
7573,block_0460,DPoS,node_0465,7442.95,191.21,7634.16,voter pd share
7574,block_0460,DPoS,node_0168,10138.0,436.42,10574.42,self 20% + leftover
7575,block_0461,DPoS,node_0027,3311.55,62.7,3374.24,voter pd share
7576,block_0461,DPoS,node_0272,9153.07,168.49,9321.57,voter pd share
7577,block_0461,DPoS,node_0326,2571.41,41.86,2613.27,voter pd share
7578,block_0461,DPoS,node_0468,3914.25,63.16,3977.41,voter pd share
7579,block_0461,DPoS,node_0475,5927.91,105.4,6033.31,voter pd share
7580,block_0461,DPoS,node_0409,3826.73,171.39,3998.11,self 20% + leftover
7581,block_0462,DPoS,node_0103,6414.35,102.38,6516.74,voter pd share
7582,block_0462,DPoS,node_0142,10486.05,173.71,10659.76,voter pd share
7583,block_0462,DPoS,node_0267,8842.04,151.69,8993.73,voter pd share
7584,block_0462,DPoS,node_0308,245.2,9.57,254.77,voter pd share
7585,block_0462,DPoS,node_0455,4760.99,90.62,4851.61,voter pd share
7586,block_0462,DPoS,node_0285,6116.78,246.02,6362.8,self 20% + leftover
7587,block_0463,DPoS,node_0150,4206.48,47.48,4253.96,voter pd share
7588,block_0463,DPoS,node_0218,8580.27,109.46,8689.73,voter pd share
7589,block_0463,DPoS,node_0243,4794.3,50.88,4845.18,voter pd share
7590,block_0463,DPoS,node_0423,1368.23,21.98,1390.21,voter pd share
7591,block_0463,DPoS,node_0447,10149.69,128.51,10278.2,voter pd share
7592,block_0463,DPoS,node_0093,8995.46,225.68,9221.14,self 20% + leftover
7593,block_0464,DPoS,node_0203,9235.12,151.25,9386.37,voter pd share
7594,block_0464,DPoS,node_0383,7888.54,137.16,8025.7,voter pd share
7595,block_0464,DPoS,node_0387,7897.23,120.94,8018.17,voter pd share
7596,block_0464,DPoS,node_0481,4387.56,69.95,4457.51,voter pd share
7597,block_0464,DPoS,node_0435,6380.54,234.7,6615.24,self 20% + leftover
7598,block_0465,DPoS,node_0013,1361.74,16.66,1378.4,voter pd share
7599,block_0465,DPoS,node_0029,3780.15,75.29,3855.45,voter pd share
7600,block_0465,DPoS,node_0108,2040.21,31.82,2072.03,voter pd share
7601,block_0465,DPoS,node_0163,1689.39,37.77,1727.16,voter pd share
7602,block_0465,DPoS,node_0180,4859.9,77.23,4937.13,voter pd share
7603,block_0465,DPoS,node_0067,10155.58,297.23,10452.81,self 20% + leftover
7604,block_0466,DPoS,node_0085,6034.66,77.17,6111.83,voter pd share
7605,block_0466,DPoS,node_0121,6012.58,79.44,6092.02,voter pd share
7606,block_0466,DPoS,node_0251,4043.98,40.7,4084.67,voter pd share
7607,block_0466,DPoS,node_0352,10331.61,123.1,10454.72,voter pd share
7608,block_0466,DPoS,node_0060,10305.63,236.59,10542.23,self 20% + leftover
7609,block_0467,DPoS,node_0040,8740.72,160.73,8901.45,voter pd share
7610,block_0467,DPoS,node_0059,5767.63,93.41,5861.04,voter pd share
7611,block_0467,DPoS,node_0191,10849.43,187.54,11036.97,voter pd share
7612,block_0467,DPoS,node_0402,3287.16,59.17,3346.32,voter pd share
7613,block_0467,DPoS,node_0052,6374.31,235.15,6609.46,self 20% + leftover
7614,block_0468,DPoS,node_0047,1436.97,22.9,1459.87,voter pd share
7615,block_0468,DPoS,node_0167,7029.61,99.59,7129.2,voter pd share
7616,block_0468,DPoS,node_0316,10150.4,145.46,10295.86,voter pd share
7617,block_0468,DPoS,node_0373,8192.06,113.68,8305.74,voter pd share
7618,block_0468,DPoS,node_0414,6123.92,84.49,6208.41,voter pd share
7619,block_0468,DPoS,node_0493,3911.85,169.89,4081.74,self 20% + leftover
7620,block_0469,DPoS,node_0018,5073.23,75.04,5148.27,voter pd share
7621,block_0469,DPoS,node_0250,8900.3,113.81,9014.1,voter pd share
7622,block_0469,DPoS,node_0322,8704.17,126.39,8830.57,voter pd share
7623,block_0469,DPoS,node_0337,589.25,14.14,603.38,voter pd share
7624,block_0469,DPoS,node_0343,10806.44,245.62,11052.07,self 20% + leftover
7625,block_0470,DPoS,node_0172,10900.07,169.13,11069.2,voter pd share
7626,block_0470,DPoS,node_0175,5655.75,91.34,5747.09,voter pd share
7627,block_0470,DPoS,node_0225,1623.55,38.52,1662.07,voter pd share
7628,block_0470,DPoS,node_0240,4719.35,81.82,4801.17,voter pd share
7629,block_0470,DPoS,node_0355,744.0,5.2,749.2,voter pd share
7630,block_0470,DPoS,node_0484,10674.06,293.99,10968.05,self 20% + leftover
7631,block_0471,DPoS,node_0266,6189.16,117.24,6306.39,voter pd share
7632,block_0471,DPoS,node_0318,10590.12,196.2,10786.32,voter pd share
7633,block_0471,DPoS,node_0477,4368.62,92.78,4461.4,voter pd share
7634,block_0471,DPoS,node_0114,9498.88,280.78,9779.65,self 20% + leftover
7635,block_0472,DPoS,node_0106,8924.98,248.08,9173.06,voter pd share
7636,block_0472,DPoS,node_0431,8478.11,250.29,8728.4,voter pd share
7637,block_0472,DPoS,node_0482,4548.83,273.63,4822.46,self 20% + leftover
7638,block_0473,DPoS,node_0076,4420.72,104.59,4525.31,voter pd share
7639,block_0473,DPoS,node_0104,8353.14,170.63,8523.77,voter pd share
7640,block_0473,DPoS,node_0384,9698.2,177.62,9875.83,voter pd share
7641,block_0473,DPoS,node_0489,6790.59,265.16,7055.75,self 20% + leftover
7642,block_0474,DPoS,node_0096,4267.15,74.41,4341.56,voter pd share
7643,block_0474,DPoS,node_0210,4189.7,59.85,4249.55,voter pd share
7644,block_0474,DPoS,node_0374,8972.93,139.61,9112.54,voter pd share
7645,block_0474,DPoS,node_0479,10282.31,155.55,10437.86,voter pd share
7646,block_0474,DPoS,node_0359,1095.25,122.58,1217.83,self 20% + leftover
7647,block_0475,DPoS,node_0030,12978.33,218.68,13197.01,voter pd share
7648,block_0475,DPoS,node_0224,6928.43,123.04,7051.47,voter pd share
7649,block_0475,DPoS,node_0080,9870.71,298.28,10168.99,self 20% + leftover
7650,block_0476,DPoS,node_0230,7617.75,126.78,7744.53,voter pd share
7651,block_0476,DPoS,node_0376,9090.73,149.75,9240.48,voter pd share
7652,block_0476,DPoS,node_0393,25.35,7.78,33.14,voter pd share
7653,block_0476,DPoS,node_0457,9136.44,264.69,9401.13,self 20% + leftover
7654,block_0477,DPoS,node_0265,8096.03,171.16,8267.2,voter pd share
7655,block_0477,DPoS,node_0375,10263.58,221.6,10485.18,voter pd share
7656,block_0477,DPoS,node_0107,12422.12,384.24,12806.35,self 20% + leftover
7657,block_0478,DPoS,node_0310,3777.02,57.32,3834.35,voter pd share
7658,block_0478,DPoS,node_0327,2759.42,55.5,2814.92,voter pd share
7659,block_0478,DPoS,node_0342,5095.11,91.74,5186.85,voter pd share
7660,block_0478,DPoS,node_0351,5950.95,106.49,6057.45,voter pd share
7661,block_0478,DPoS,node_0138,11474.95,305.95,11780.91,self 20% + leftover
7662,block_0479,DPoS,node_0054,2244.46,59.99,2304.45,voter pd share
7663,block_0479,DPoS,node_0082,2177.99,51.32,2229.31,voter pd share
7664,block_0479,DPoS,node_0115,7083.73,166.2,7249.93,voter pd share
7665,block_0479,DPoS,node_0158,7283.25,173.03,7456.27,voter pd share
7666,block_0479,DPoS,node_0141,7198.04,325.46,7523.5,self 20% + leftover
7667,block_0480,DPoS,node_0002,3595.74,78.0,3673.74,voter pd share
7668,block_0480,DPoS,node_0087,4602.41,82.01,4684.43,voter pd share
7669,block_0480,DPoS,node_0231,9624.42,194.65,9819.07,voter pd share
7670,block_0480,DPoS,node_0193,8392.46,247.34,8639.8,self 20% + leftover
7671,block_0481,DPoS,node_0007,3996.38,45.48,4041.87,voter pd share
7672,block_0481,DPoS,node_0023,8929.4,93.18,9022.57,voter pd share
7673,block_0481,DPoS,node_0075,5102.96,51.64,5154.6,voter pd share
7674,block_0481,DPoS,node_0280,9192.38,92.82,9285.2,voter pd share
7675,block_0481,DPoS,node_0288,3021.46,30.5,3051.96,voter pd share
7676,block_0481,DPoS,node_0366,5533.8,54.34,5588.14,voter pd share
7677,block_0481,DPoS,node_0417,156.78,4.21,160.99,voter pd share
7678,block_0481,DPoS,node_0434,8891.5,84.73,8976.22,voter pd share
7679,block_0481,DPoS,node_0441,9005.45,88.67,9094.12,voter pd share
7680,block_0481,DPoS,node_0133,5823.64,192.44,6016.08,self 20% + leftover
7681,block_0482,DPoS,node_0042,1980.55,20.11,2000.66,voter pd share
7682,block_0482,DPoS,node_0177,8881.35,74.14,8955.49,voter pd share
7683,block_0482,DPoS,node_0185,4888.82,37.99,4926.8,voter pd share
7684,block_0482,DPoS,node_0255,7931.83,60.01,7991.84,voter pd share
7685,block_0482,DPoS,node_0315,8630.61,69.91,8700.53,voter pd share
7686,block_0482,DPoS,node_0413,8284.73,62.93,8347.65,voter pd share
7687,block_0482,DPoS,node_0491,4263.3,49.3,4312.59,voter pd share
7688,block_0482,DPoS,node_0401,7564.49,164.61,7729.1,self 20% + leftover
7689,block_0483,DPoS,node_0097,8108.84,95.49,8204.33,voter pd share
7690,block_0483,DPoS,node_0120,3795.09,55.24,3850.33,voter pd share
7691,block_0483,DPoS,node_0249,5389.39,53.04,5442.43,voter pd share
7692,block_0483,DPoS,node_0311,11666.66,122.96,11789.62,voter pd share
7693,block_0483,DPoS,node_0472,11402.13,125.38,11527.51,voter pd share
7694,block_0483,DPoS,node_0386,10233.31,242.88,10476.19,self 20% + leftover
7695,block_0484,DPoS,node_0012,5958.12,118.4,6076.52,voter pd share
7696,block_0484,DPoS,node_0063,5259.07,119.88,5378.95,voter pd share
7697,block_0484,DPoS,node_0222,2683.66,50.3,2733.96,voter pd share
7698,block_0484,DPoS,node_0365,11235.35,351.42,11586.76,self 20% + leftover
7699,block_0485,DPoS,node_0118,4603.27,106.13,4709.4,voter pd share
7700,block_0485,DPoS,node_0169,3885.93,113.15,3999.09,voter pd share
7701,block_0485,DPoS,node_0334,8883.95,245.56,9129.5,voter pd share
7702,block_0485,DPoS,node_0046,4617.77,272.16,4889.93,self 20% + leftover
7703,block_0486,DPoS,node_0196,12891.59,176.46,13068.05,voter pd share
7704,block_0486,DPoS,node_0211,10799.7,160.02,10959.72,voter pd share
7705,block_0486,DPoS,node_0229,8197.07,128.37,8325.44,voter pd share
7706,block_0486,DPoS,node_0289,5611.58,82.4,5693.98,voter pd share
7707,block_0486,DPoS,node_0443,6696.4,229.75,6926.15,self 20% + leftover
7708,block_0487,DPoS,node_0071,389.41,14.48,403.9,voter pd share
7709,block_0487,DPoS,node_0137,6039.91,54.99,6094.9,voter pd share
7710,block_0487,DPoS,node_0170,7805.29,80.21,7885.5,voter pd share
7711,block_0487,DPoS,node_0179,5765.3,68.48,5833.78,voter pd share
7712,block_0487,DPoS,node_0235,8478.5,108.12,8586.62,voter pd share
7713,block_0487,DPoS,node_0357,7235.36,86.17,7321.53,voter pd share
7714,block_0487,DPoS,node_0161,5547.28,183.53,5730.82,self 20% + leftover
7715,block_0488,DPoS,node_0098,10415.69,162.62,10578.3,voter pd share
7716,block_0488,DPoS,node_0146,3360.88,40.87,3401.74,voter pd share
7717,block_0488,DPoS,node_0184,301.9,14.29,316.2,voter pd share
7718,block_0488,DPoS,node_0208,5981.56,87.78,6069.34,voter pd share
7719,block_0488,DPoS,node_0426,6668.49,99.65,6768.14,voter pd share
7720,block_0488,DPoS,node_0459,5046.58,80.59,5127.17,voter pd share
7721,block_0488,DPoS,node_0256,8169.23,270.21,8439.44,self 20% + leftover
7722,block_0489,DPoS,node_0162,6812.85,112.83,6925.68,voter pd share
7723,block_0489,DPoS,node_0410,10971.65,196.25,11167.9,voter pd share
7724,block_0489,DPoS,node_0239,8817.32,292.92,9110.24,self 20% + leftover
7725,block_0490,DPoS,node_0069,885.22,31.23,916.45,voter pd share
7726,block_0490,DPoS,node_0125,3685.65,82.43,3768.08,voter pd share
7727,block_0490,DPoS,node_0465,7441.16,148.47,7589.63,voter pd share
7728,block_0490,DPoS,node_0168,10947.42,338.87,11286.29,self 20% + leftover
7729,block_0491,DPoS,node_0027,3800.24,56.15,3856.39,voter pd share
7730,block_0491,DPoS,node_0272,9701.57,150.9,9852.47,voter pd share
7731,block_0491,DPoS,node_0326,3001.27,37.49,3038.76,voter pd share
7732,block_0491,DPoS,node_0468,4061.41,56.57,4117.98,voter pd share
7733,block_0491,DPoS,node_0475,6020.31,94.4,6114.7,voter pd share
7734,block_0491,DPoS,node_0409,3675.11,153.49,3828.61,self 20% + leftover
7735,block_0492,DPoS,node_0103,6298.74,96.96,6395.7,voter pd share
7736,block_0492,DPoS,node_0142,10706.76,164.51,10871.27,voter pd share
7737,block_0492,DPoS,node_0267,9108.73,143.66,9252.38,voter pd share
7738,block_0492,DPoS,node_0308,395.77,9.07,404.83,voter pd share
7739,block_0492,DPoS,node_0455,4649.61,85.82,4735.43,voter pd share
7740,block_0492,DPoS,node_0285,6484.8,232.99,6717.79,self 20% + leftover
7741,block_0493,DPoS,node_0150,3916.96,45.53,3962.49,voter pd share
7742,block_0493,DPoS,node_0218,8552.73,104.97,8657.7,voter pd share
7743,block_0493,DPoS,node_0243,5031.18,48.79,5079.97,voter pd share
7744,block_0493,DPoS,node_0423,1235.21,21.08,1256.29,voter pd share
7745,block_0493,DPoS,node_0447,10389.2,123.23,10512.43,voter pd share
7746,block_0493,DPoS,node_0093,8961.14,216.4,9177.54,self 20% + leftover
7747,block_0494,DPoS,node_0203,9089.37,114.39,9203.76,voter pd share
7748,block_0494,DPoS,node_0383,7974.7,103.73,8078.43,voter pd share
7749,block_0494,DPoS,node_0387,7908.17,91.47,7999.64,voter pd share
7750,block_0494,DPoS,node_0481,4392.51,52.91,4445.42,voter pd share
7751,block_0494,DPoS,node_0435,6416.24,177.5,6593.74,self 20% + leftover
7752,block_0495,DPoS,node_0013,1654.4,20.85,1675.25,voter pd share
7753,block_0495,DPoS,node_0029,3949.45,94.25,4043.7,voter pd share
7754,block_0495,DPoS,node_0108,1968.03,39.83,2007.86,voter pd share
7755,block_0495,DPoS,node_0163,1926.16,47.29,1973.45,voter pd share
7756,block_0495,DPoS,node_0180,4778.13,96.68,4874.81,voter pd share
7757,block_0495,DPoS,node_0067,10089.81,372.1,10461.9,self 20% + leftover
7758,block_0496,DPoS,node_0085,6345.83,84.51,6430.34,voter pd share
7759,block_0496,DPoS,node_0121,5909.02,87.0,5996.02,voter pd share
7760,block_0496,DPoS,node_0251,4040.67,44.57,4085.24,voter pd share
7761,block_0496,DPoS,node_0352,10669.72,134.82,10804.53,voter pd share
7762,block_0496,DPoS,node_0060,10322.23,259.1,10581.33,self 20% + leftover
7763,block_0497,DPoS,node_0040,8835.45,129.28,8964.73,voter pd share
7764,block_0497,DPoS,node_0059,6264.04,75.14,6339.17,voter pd share
7765,block_0497,DPoS,node_0191,10914.97,150.85,11065.82,voter pd share
7766,block_0497,DPoS,node_0402,3418.32,47.59,3465.92,voter pd share
7767,block_0497,DPoS,node_0052,6389.46,189.14,6578.6,self 20% + leftover
7768,block_0498,DPoS,node_0047,1334.87,22.25,1357.13,voter pd share
7769,block_0498,DPoS,node_0167,7579.2,96.77,7675.97,voter pd share
7770,block_0498,DPoS,node_0316,10376.86,141.34,10518.2,voter pd share
7771,block_0498,DPoS,node_0373,8151.74,110.46,8262.2,voter pd share
7772,block_0498,DPoS,node_0414,6324.41,82.1,6406.51,voter pd share
7773,block_0498,DPoS,node_0493,4096.74,165.08,4261.82,self 20% + leftover
7774,block_0499,DPoS,node_0018,4892.27,82.74,4975.01,voter pd share
7775,block_0499,DPoS,node_0250,9055.1,125.48,9180.59,voter pd share
7776,block_0499,DPoS,node_0322,9041.57,139.36,9180.93,voter pd share
7777,block_0499,DPoS,node_0337,544.38,15.59,559.97,voter pd share
7778,block_0499,DPoS,node_0343,11050.07,270.83,11320.9,self 20% + leftover
7779,block_0500,DPoS,node_0172,11179.2,183.55,11362.75,voter pd share
7780,block_0500,DPoS,node_0175,5713.09,99.13,5812.22,voter pd share
7781,block_0500,DPoS,node_0225,1315.07,41.81,1356.88,voter pd share
7782,block_0500,DPoS,node_0240,4296.17,88.8,4384.97,voter pd share
7783,block_0500,DPoS,node_0355,748.2,5.64,753.84,voter pd share
7784,block_0500,DPoS,node_0484,11041.05,319.07,11360.11,self 20% + leftover
7785,block_0501,DPoS,node_0266,6245.39,132.42,6377.82,voter pd share
7786,block_0501,DPoS,node_0318,11215.32,221.62,11436.94,voter pd share
7787,block_0501,DPoS,node_0477,4426.4,104.8,4531.21,voter pd share
7788,block_0501,DPoS,node_0114,9575.65,317.15,9892.8,self 20% + leftover
7789,block_0502,DPoS,node_0106,9365.06,229.12,9594.19,voter pd share
7790,block_0502,DPoS,node_0431,8309.4,231.16,8540.56,voter pd share
7791,block_0502,DPoS,node_0482,4771.46,252.72,5024.18,self 20% + leftover
7792,block_0503,DPoS,node_0076,4751.31,112.89,4864.2,voter pd share
7793,block_0503,DPoS,node_0104,8636.77,184.17,8820.94,voter pd share
7794,block_0503,DPoS,node_0384,9859.83,191.73,10051.55,voter pd share
7795,block_0503,DPoS,node_0489,7194.75,286.21,7480.96,self 20% + leftover
7796,block_0504,DPoS,node_0096,4179.56,86.14,4265.7,voter pd share
7797,block_0504,DPoS,node_0210,4590.55,69.29,4659.84,voter pd share
7798,block_0504,DPoS,node_0374,9519.54,161.61,9681.15,voter pd share
7799,block_0504,DPoS,node_0479,10243.86,180.06,10423.92,voter pd share
7800,block_0504,DPoS,node_0359,1080.83,141.9,1222.73,self 20% + leftover
7801,block_0505,DPoS,node_0030,13556.01,237.47,13793.48,voter pd share
7802,block_0505,DPoS,node_0224,7094.47,133.61,7228.08,voter pd share
7803,block_0505,DPoS,node_0080,10147.99,323.92,10471.91,self 20% + leftover
7804,block_0506,DPoS,node_0230,8253.53,136.7,8390.23,voter pd share
7805,block_0506,DPoS,node_0376,9444.48,161.48,9605.96,voter pd share
7806,block_0506,DPoS,node_0393,186.14,8.39,194.53,voter pd share
7807,block_0506,DPoS,node_0457,9351.13,285.43,9636.56,self 20% + leftover
7808,block_0507,DPoS,node_0265,8068.2,150.46,8218.65,voter pd share
7809,block_0507,DPoS,node_0375,10036.18,194.79,10230.97,voter pd share
7810,block_0507,DPoS,node_0107,12035.35,337.75,12373.11,self 20% + leftover
7811,block_0508,DPoS,node_0310,3715.35,72.18,3787.53,voter pd share
7812,block_0508,DPoS,node_0327,2600.92,69.89,2670.8,voter pd share
7813,block_0508,DPoS,node_0342,5653.85,115.53,5769.38,voter pd share
7814,block_0508,DPoS,node_0351,5964.45,134.11,6098.55,voter pd share
7815,block_0508,DPoS,node_0138,11790.91,385.29,12176.2,self 20% + leftover
7816,block_0509,DPoS,node_0054,2470.45,59.91,2530.37,voter pd share
7817,block_0509,DPoS,node_0082,2144.31,51.25,2195.57,voter pd share
7818,block_0509,DPoS,node_0115,7482.93,165.99,7648.91,voter pd share
7819,block_0509,DPoS,node_0158,7686.27,172.8,7859.07,voter pd share
7820,block_0509,DPoS,node_0141,7787.5,325.04,8112.54,self 20% + leftover
7821,block_0510,DPoS,node_0002,3565.74,88.88,3654.62,voter pd share
7822,block_0510,DPoS,node_0087,4867.43,93.46,4960.88,voter pd share
7823,block_0510,DPoS,node_0231,9859.07,221.81,10080.88,voter pd share
7824,block_0510,DPoS,node_0193,8496.8,281.85,8778.65,self 20% + leftover
7825,block_0511,DPoS,node_0007,3959.87,33.03,3992.9,voter pd share
7826,block_0511,DPoS,node_0023,8919.57,67.67,8987.25,voter pd share
7827,block_0511,DPoS,node_0075,5347.6,37.5,5385.1,voter pd share
7828,block_0511,DPoS,node_0280,9136.2,67.41,9203.61,voter pd share
7829,block_0511,DPoS,node_0288,2634.96,22.15,2657.11,voter pd share
7830,block_0511,DPoS,node_0366,5682.14,39.47,5721.6,voter pd share
7831,block_0511,DPoS,node_0417,212.99,3.06,216.05,voter pd share
7832,block_0511,DPoS,node_0434,9246.22,61.54,9307.76,voter pd share
7833,block_0511,DPoS,node_0441,8922.12,64.4,8986.52,voter pd share
7834,block_0511,DPoS,node_0133,6334.08,139.77,6473.85,self 20% + leftover
7835,block_0512,DPoS,node_0042,2018.66,26.49,2045.15,voter pd share
7836,block_0512,DPoS,node_0177,9057.49,97.66,9155.16,voter pd share
7837,block_0512,DPoS,node_0185,5257.8,50.04,5307.84,voter pd share
7838,block_0512,DPoS,node_0255,7652.84,79.05,7731.89,voter pd share
7839,block_0512,DPoS,node_0315,8674.53,92.09,8766.62,voter pd share
7840,block_0512,DPoS,node_0413,8378.65,82.89,8461.55,voter pd share
7841,block_0512,DPoS,node_0491,4656.59,64.94,4721.53,voter pd share
7842,block_0512,DPoS,node_0401,7933.1,216.83,8149.93,self 20% + leftover
7843,block_0513,DPoS,node_0097,8040.33,106.76,8147.09,voter pd share
7844,block_0513,DPoS,node_0120,3785.33,61.75,3847.08,voter pd share
7845,block_0513,DPoS,node_0249,5243.43,59.3,5302.73,voter pd share
7846,block_0513,DPoS,node_0311,11587.62,137.47,11725.09,voter pd share
7847,block_0513,DPoS,node_0472,11741.51,140.18,11881.69,voter pd share
7848,block_0513,DPoS,node_0386,10589.19,271.54,10860.73,self 20% + leftover
7849,block_0514,DPoS,node_0118,5003.4,97.78,5101.17,voter pd share
7850,block_0514,DPoS,node_0169,3644.09,104.25,3748.33,voter pd share
7851,block_0514,DPoS,node_0334,8745.5,226.23,8971.73,voter pd share
7852,block_0514,DPoS,node_0046,4734.93,250.75,4985.68,self 20% + leftover
7853,block_0515,DPoS,node_0118,5131.17,102.82,5233.99,voter pd share
7854,block_0515,DPoS,node_0169,3726.33,109.62,3835.96,voter pd share
7855,block_0515,DPoS,node_0334,8971.73,237.89,9209.62,voter pd share
7856,block_0515,DPoS,node_0046,4955.68,263.67,5219.35,self 20% + leftover
7857,block_0516,DPoS,node_0196,13174.05,134.67,13308.72,voter pd share
7858,block_0516,DPoS,node_0211,10933.72,122.13,11055.85,voter pd share
7859,block_0516,DPoS,node_0229,8110.44,97.97,8208.41,voter pd share
7860,block_0516,DPoS,node_0289,5800.98,62.88,5863.86,voter pd share
7861,block_0516,DPoS,node_0443,6737.15,175.35,6912.5,self 20% + leftover
7862,block_0517,DPoS,node_0071,265.9,14.14,280.04,voter pd share
7863,block_0517,DPoS,node_0137,6012.9,53.7,6066.6,voter pd share
7864,block_0517,DPoS,node_0170,7882.5,78.33,7960.83,voter pd share
7865,block_0517,DPoS,node_0179,5877.78,66.87,5944.65,voter pd share
7866,block_0517,DPoS,node_0235,7756.62,105.58,7862.2,voter pd share
7867,block_0517,DPoS,node_0357,7213.53,84.15,7297.68,voter pd share
7868,block_0517,DPoS,node_0161,5756.82,179.22,5936.04,self 20% + leftover
7869,block_0518,DPoS,node_0098,10373.3,151.43,10524.73,voter pd share
7870,block_0518,DPoS,node_0146,3390.74,38.06,3428.8,voter pd share
7871,block_0518,DPoS,node_0184,60.2,13.31,73.51,voter pd share
7872,block_0518,DPoS,node_0208,5825.34,81.74,5907.09,voter pd share
7873,block_0518,DPoS,node_0426,6850.14,92.79,6942.93,voter pd share
7874,block_0518,DPoS,node_0459,5127.17,75.04,5202.21,voter pd share
7875,block_0518,DPoS,node_0256,8548.44,251.62,8800.06,self 20% + leftover
7876,block_0519,DPoS,node_0162,7032.68,116.77,7149.44,voter pd share
7877,block_0519,DPoS,node_0410,10575.9,203.09,10778.99,voter pd share
7878,block_0519,DPoS,node_0239,8547.24,303.14,8850.39,self 20% + leftover
7879,block_0520,DPoS,node_0069,1068.45,36.37,1104.82,voter pd share
7880,block_0520,DPoS,node_0125,3943.08,96.0,4039.09,voter pd share
7881,block_0520,DPoS,node_0465,7557.63,172.93,7730.56,voter pd share
7882,block_0520,DPoS,node_0168,11064.29,394.69,11458.98,self 20% + leftover
7883,block_0521,DPoS,node_0027,3642.39,55.94,3698.33,voter pd share
7884,block_0521,DPoS,node_0272,9762.47,150.35,9912.82,voter pd share
7885,block_0521,DPoS,node_0326,2603.76,37.35,2641.11,voter pd share
7886,block_0521,DPoS,node_0468,3945.98,56.36,4002.35,voter pd share
7887,block_0521,DPoS,node_0475,6566.7,94.05,6660.75,voter pd share
7888,block_0521,DPoS,node_0409,3959.61,152.93,4112.54,self 20% + leftover
7889,block_0522,DPoS,node_0103,6346.7,75.93,6422.63,voter pd share
7890,block_0522,DPoS,node_0142,10603.27,128.83,10732.09,voter pd share
7891,block_0522,DPoS,node_0267,9113.38,112.49,9225.88,voter pd share
7892,block_0522,DPoS,node_0308,232.83,7.1,239.93,voter pd share
7893,block_0522,DPoS,node_0455,4599.43,67.2,4666.63,voter pd share
7894,block_0522,DPoS,node_0285,6684.79,182.45,6867.24,self 20% + leftover
7895,block_0523,DPoS,node_0150,3776.49,43.82,3820.31,voter pd share
7896,block_0523,DPoS,node_0218,8681.7,101.03,8782.73,voter pd share
7897,block_0523,DPoS,node_0243,5174.97,46.96,5221.93,voter pd share
7898,block_0523,DPoS,node_0423,1487.29,20.29,1507.58,voter pd share
7899,block_0523,DPoS,node_0447,10519.43,118.61,10638.04,voter pd share
7900,block_0523,DPoS,node_0093,9250.54,208.29,9458.83,self 20% + leftover
7901,block_0524,DPoS,node_0203,9326.76,121.38,9448.14,voter pd share
7902,block_0524,DPoS,node_0383,7838.43,110.07,7948.5,voter pd share
7903,block_0524,DPoS,node_0387,7863.64,97.06,7960.7,voter pd share
7904,block_0524,DPoS,node_0481,4372.42,56.14,4428.56,voter pd share
7905,block_0524,DPoS,node_0435,6632.74,188.35,6821.09,self 20% + leftover
7906,block_0525,DPoS,node_0013,1803.25,24.08,1827.33,voter pd share
7907,block_0525,DPoS,node_0029,4200.7,108.86,4309.56,voter pd share
7908,block_0525,DPoS,node_0108,1835.86,46.0,1881.86,voter pd share
7909,block_0525,DPoS,node_0163,2324.45,54.62,2379.06,voter pd share
7910,block_0525,DPoS,node_0180,5308.81,111.67,5420.48,voter pd share
7911,block_0525,DPoS,node_0067,10510.9,429.77,10940.67,self 20% + leftover
7912,block_0526,DPoS,node_0085,6570.34,107.1,6677.44,voter pd share
7913,block_0526,DPoS,node_0121,5987.02,110.25,6097.26,voter pd share
7914,block_0526,DPoS,node_0251,3985.24,56.48,4041.72,voter pd share
7915,block_0526,DPoS,node_0352,10781.53,170.84,10952.37,voter pd share
7916,block_0526,DPoS,node_0060,10449.33,328.34,10777.67,self 20% + leftover
7917,block_0527,DPoS,node_0040,9053.73,169.25,9222.98,voter pd share
7918,block_0527,DPoS,node_0059,5943.17,98.36,6041.54,voter pd share
7919,block_0527,DPoS,node_0191,10980.82,197.48,11178.3,voter pd share
7920,block_0527,DPoS,node_0402,3480.92,62.3,3543.22,voter pd share
7921,block_0527,DPoS,node_0052,6382.6,247.61,6630.21,self 20% + leftover
7922,block_0528,DPoS,node_0047,727.13,18.98,746.1,voter pd share
7923,block_0528,DPoS,node_0167,7736.97,82.52,7819.48,voter pd share
7924,block_0528,DPoS,node_0316,10508.2,120.53,10628.72,voter pd share
7925,block_0528,DPoS,node_0373,8150.2,94.2,8244.4,voter pd share
7926,block_0528,DPoS,node_0414,6261.51,70.01,6331.52,voter pd share
7927,block_0528,DPoS,node_0493,4030.82,140.77,4171.6,self 20% + leftover
7928,block_0529,DPoS,node_0018,5186.01,82.35,5268.36,voter pd share
7929,block_0529,DPoS,node_0250,9116.59,124.89,9241.48,voter pd share
7930,block_0529,DPoS,node_0322,9393.93,138.7,9532.63,voter pd share
7931,block_0529,DPoS,node_0337,872.97,15.51,888.48,voter pd share
7932,block_0529,DPoS,node_0343,10956.9,269.55,11226.44,self 20% + leftover
7933,block_0530,DPoS,node_0172,11411.75,167.64,11579.39,voter pd share
7934,block_0530,DPoS,node_0175,5451.22,90.53,5541.75,voter pd share
7935,block_0530,DPoS,node_0225,1266.88,38.18,1305.06,voter pd share
7936,block_0530,DPoS,node_0240,4235.97,81.1,4317.07,voter pd share
7937,block_0530,DPoS,node_0355,527.84,5.15,532.99,voter pd share
7938,block_0530,DPoS,node_0484,11243.11,291.4,11534.51,self 20% + leftover
7939,block_0531,DPoS,node_0266,6374.82,132.25,6507.07,voter pd share
7940,block_0531,DPoS,node_0318,11474.94,221.34,11696.28,voter pd share
7941,block_0531,DPoS,node_0477,4714.21,104.67,4818.88,voter pd share
7942,block_0531,DPoS,node_0114,9679.8,316.74,9996.55,self 20% + leftover
7943,block_0532,DPoS,node_0106,9851.19,228.8,10079.99,voter pd share
7944,block_0532,DPoS,node_0431,8535.56,230.84,8766.4,voter pd share
7945,block_0532,DPoS,node_0482,4964.18,252.36,5216.55,self 20% + leftover
7946,block_0533,DPoS,node_0076,5508.2,107.65,5615.84,voter pd share
7947,block_0533,DPoS,node_0104,8399.94,175.62,8575.56,voter pd share
7948,block_0533,DPoS,node_0384,10249.55,182.82,10432.37,voter pd share
7949,block_0533,DPoS,node_0489,7262.96,272.92,7535.88,self 20% + leftover
7950,block_0534,DPoS,node_0096,4144.7,104.34,4249.04,voter pd share
7951,block_0534,DPoS,node_0210,4448.84,83.92,4532.76,voter pd share
7952,block_0534,DPoS,node_0374,9909.15,195.76,10104.9,voter pd share
7953,block_0534,DPoS,node_0479,9838.92,218.11,10057.03,voter pd share
7954,block_0534,DPoS,node_0359,1292.73,171.88,1464.61,self 20% + leftover
7955,block_0535,DPoS,node_0230,8390.23,137.86,8528.09,voter pd share
7956,block_0535,DPoS,node_0376,9763.96,162.84,9926.8,voter pd share
7957,block_0535,DPoS,node_0393,537.53,8.46,545.99,voter pd share
7958,block_0535,DPoS,node_0457,9572.56,287.84,9860.4,self 20% + leftover
7959,block_0536,DPoS,node_0230,8485.09,178.73,8663.83,voter pd share
7960,block_0536,DPoS,node_0376,10003.8,211.12,10214.92,voter pd share
7961,block_0536,DPoS,node_0393,560.99,10.97,571.97,voter pd share
7962,block_0536,DPoS,node_0457,9835.4,373.18,10208.57,self 20% + leftover
7963,block_0537,DPoS,node_0265,7931.65,121.6,8053.25,voter pd share
7964,block_0537,DPoS,node_0375,10571.97,157.43,10729.4,voter pd share
7965,block_0537,DPoS,node_0107,12537.11,272.97,12810.08,self 20% + leftover
7966,block_0538,DPoS,node_0310,3753.53,57.79,3811.32,voter pd share
7967,block_0538,DPoS,node_0327,2786.8,55.95,2842.75,voter pd share
7968,block_0538,DPoS,node_0342,5582.38,92.48,5674.86,voter pd share
7969,block_0538,DPoS,node_0351,5920.55,107.36,6027.91,voter pd share
7970,block_0538,DPoS,node_0138,11759.2,308.43,12067.63,self 20% + leftover
7971,block_0539,DPoS,node_0054,2738.37,51.49,2789.86,voter pd share
7972,block_0539,DPoS,node_0082,1657.57,44.05,1701.61,voter pd share
7973,block_0539,DPoS,node_0115,7704.91,142.64,7847.56,voter pd share
7974,block_0539,DPoS,node_0158,7979.07,148.5,8127.57,voter pd share
7975,block_0539,DPoS,node_0141,8076.54,279.33,8355.86,self 20% + leftover
7976,block_0540,DPoS,node_0002,3490.62,97.69,3588.31,voter pd share
7977,block_0540,DPoS,node_0087,4525.88,102.72,4628.6,voter pd share
7978,block_0540,DPoS,node_0231,10230.88,243.8,10474.68,voter pd share
7979,block_0540,DPoS,node_0193,8948.65,309.79,9258.44,self 20% + leftover
7980,block_0541,DPoS,node_0007,3788.9,43.14,3832.05,voter pd share
7981,block_0541,DPoS,node_0023,8746.25,88.38,8834.63,voter pd share
7982,block_0541,DPoS,node_0075,5263.1,48.98,5312.08,voter pd share
7983,block_0541,DPoS,node_0280,9581.61,88.04,9669.65,voter pd share
7984,block_0541,DPoS,node_0288,2675.11,28.93,2704.04,voter pd share
7985,block_0541,DPoS,node_0366,5648.6,51.54,5700.15,voter pd share
7986,block_0541,DPoS,node_0417,16.05,3.99,20.04,voter pd share
7987,block_0541,DPoS,node_0434,9105.76,80.36,9186.13,voter pd share
7988,block_0541,DPoS,node_0441,8673.52,84.1,8757.62,voter pd share
7989,block_0541,DPoS,node_0133,6293.85,182.53,6476.39,self 20% + leftover
7990,block_0542,DPoS,node_0042,1911.15,28.88,1940.03,voter pd share
7991,block_0542,DPoS,node_0177,9056.16,106.47,9162.63,voter pd share
7992,block_0542,DPoS,node_0185,5244.84,54.55,5299.39,voter pd share
7993,block_0542,DPoS,node_0255,7890.89,86.18,7977.06,voter pd share
7994,block_0542,DPoS,node_0315,8649.62,100.4,8750.01,voter pd share
7995,block_0542,DPoS,node_0413,8671.55,90.36,8761.91,voter pd share
7996,block_0542,DPoS,node_0491,4699.53,70.79,4770.32,voter pd share
7997,block_0542,DPoS,node_0401,8162.93,236.38,8399.31,self 20% + leftover
7998,block_0543,DPoS,node_0097,8158.09,77.22,8235.31,voter pd share
7999,block_0543,DPoS,node_0120,3625.08,44.67,3669.75,voter pd share
8000,block_0543,DPoS,node_0249,5169.73,42.89,5212.63,voter pd share
8001,block_0543,DPoS,node_0311,12003.09,99.43,12102.52,voter pd share
8002,block_0543,DPoS,node_0472,11529.69,101.39,11631.08,voter pd share
8003,block_0543,DPoS,node_0386,10763.73,196.4,10960.13,self 20% + leftover
8004,block_0544,DPoS,node_0246,10613.44,300.08,10913.52,voter pd share
8005,block_0544,DPoS,node_0445,8994.24,224.89,9219.13,voter pd share
8006,block_0544,DPoS,node_0370,3481.84,249.03,3730.87,self 20% + leftover
8007,block_0545,DPoS,node_0118,5417.99,104.4,5522.39,voter pd share
8008,block_0545,DPoS,node_0169,3930.96,111.31,4042.27,voter pd share
8009,block_0545,DPoS,node_0334,9260.62,241.56,9502.18,voter pd share
8010,block_0545,DPoS,node_0046,5301.35,267.73,5569.08,self 20% + leftover
8011,block_0546,DPoS,node_0196,12809.72,128.77,12938.49,voter pd share
8012,block_0546,DPoS,node_0211,10806.85,116.77,10923.62,voter pd share
8013,block_0546,DPoS,node_0229,8397.41,93.68,8491.09,voter pd share
8014,block_0546,DPoS,node_0289,5940.86,60.13,6000.99,voter pd share
8015,block_0546,DPoS,node_0443,6849.5,167.66,7017.16,self 20% + leftover
8016,block_0547,DPoS,node_0071,118.04,15.4,133.44,voter pd share
8017,block_0547,DPoS,node_0137,6342.6,58.5,6401.1,voter pd share
8018,block_0547,DPoS,node_0170,7838.83,85.33,7924.16,voter pd share
8019,block_0547,DPoS,node_0179,5702.65,72.85,5775.5,voter pd share
8020,block_0547,DPoS,node_0235,7928.2,115.02,8043.22,voter pd share
8021,block_0547,DPoS,node_0357,6998.68,91.67,7090.35,voter pd share
8022,block_0547,DPoS,node_0161,5912.04,195.24,6107.28,self 20% + leftover
8023,block_0548,DPoS,node_0098,10543.73,166.06,10709.79,voter pd share
8024,block_0548,DPoS,node_0146,3340.8,41.73,3382.54,voter pd share
8025,block_0548,DPoS,node_0184,338.51,14.6,353.1,voter pd share
8026,block_0548,DPoS,node_0208,6126.09,89.64,6215.73,voter pd share
8027,block_0548,DPoS,node_0426,7220.93,101.76,7322.69,voter pd share
8028,block_0548,DPoS,node_0459,5307.21,82.29,5389.5,voter pd share
8029,block_0548,DPoS,node_0256,9120.06,275.93,9395.98,self 20% + leftover
8030,block_0549,DPoS,node_0162,6853.44,124.64,6978.08,voter pd share
8031,block_0549,DPoS,node_0410,10827.99,216.78,11044.78,voter pd share
8032,block_0549,DPoS,node_0239,8702.39,323.58,9025.96,self 20% + leftover
8033,block_0550,DPoS,node_0069,1192.82,32.16,1224.99,voter pd share
8034,block_0550,DPoS,node_0125,4048.09,84.9,4132.98,voter pd share
8035,block_0550,DPoS,node_0465,7864.56,152.92,8017.47,voter pd share
8036,block_0550,DPoS,node_0168,11044.98,349.02,11394.01,self 20% + leftover
8037,block_0551,DPoS,node_0027,3437.33,75.58,3512.92,voter pd share
8038,block_0551,DPoS,node_0272,9932.82,203.12,10135.94,voter pd share
8039,block_0551,DPoS,node_0326,2661.11,50.47,2711.58,voter pd share
8040,block_0551,DPoS,node_0468,3466.35,76.15,3542.49,voter pd share
8041,block_0551,DPoS,node_0475,6434.75,127.06,6561.82,voter pd share
8042,block_0551,DPoS,node_0409,3884.54,206.62,4091.16,self 20% + leftover
8043,block_0552,DPoS,node_0103,5966.63,78.05,6044.67,voter pd share
8044,block_0552,DPoS,node_0142,10942.09,132.42,11074.51,voter pd share
8045,block_0552,DPoS,node_0267,9368.88,115.63,9484.51,voter pd share
8046,block_0552,DPoS,node_0308,77.93,7.3,85.23,voter pd share
8047,block_0552,DPoS,node_0455,4911.63,69.08,4980.71,voter pd share
8048,block_0552,DPoS,node_0285,6667.24,187.54,6854.78,self 20% + leftover
8049,block_0553,DPoS,node_0203,9269.14,137.69,9406.83,voter pd share
8050,block_0553,DPoS,node_0383,8061.5,124.86,8186.36,voter pd share
8051,block_0553,DPoS,node_0387,7801.7,110.1,7911.8,voter pd share
8052,block_0553,DPoS,node_0481,4656.56,63.68,4720.24,voter pd share
8053,block_0553,DPoS,node_0435,6792.09,213.66,7005.75,self 20% + leftover
8054,block_0554,DPoS,node_0203,9392.83,118.2,9511.04,voter pd share
8055,block_0554,DPoS,node_0383,8186.36,107.19,8293.55,voter pd share
8056,block_0554,DPoS,node_0387,7930.8,94.52,8025.32,voter pd share
8057,block_0554,DPoS,node_0481,4766.24,54.67,4820.91,voter pd share
8058,block_0554,DPoS,node_0435,7094.75,183.42,7278.17,self 20% + leftover
8059,block_0555,DPoS,node_0013,1655.33,22.97,1678.3,voter pd share
8060,block_0555,DPoS,node_0029,4533.56,103.81,4637.37,voter pd share
8061,block_0555,DPoS,node_0108,1898.86,43.87,1942.73,voter pd share
8062,block_0555,DPoS,node_0163,2539.06,52.08,2591.14,voter pd share
8063,block_0555,DPoS,node_0180,5222.48,106.48,5328.96,voter pd share
8064,block_0555,DPoS,node_0067,10928.67,409.8,11338.48,self 20% + leftover
8065,block_0556,DPoS,node_0085,6559.44,92.83,6652.26,voter pd share
8066,block_0556,DPoS,node_0121,6259.26,95.56,6354.82,voter pd share
8067,block_0556,DPoS,node_0251,3913.72,48.95,3962.67,voter pd share
8068,block_0556,DPoS,node_0352,10877.37,148.08,11025.45,voter pd share
8069,block_0556,DPoS,node_0060,10730.67,284.59,11015.26,self 20% + leftover
8070,block_0557,DPoS,node_0040,9271.98,169.46,9441.44,voter pd share
8071,block_0557,DPoS,node_0059,6309.54,98.49,6408.03,voter pd share
8072,block_0557,DPoS,node_0191,11645.3,197.73,11843.03,voter pd share
8073,block_0557,DPoS,node_0402,3323.22,62.38,3385.6,voter pd share
8074,block_0557,DPoS,node_0052,6366.21,247.93,6614.14,self 20% + leftover
8075,block_0558,DPoS,node_0047,429.1,26.32,455.42,voter pd share
8076,block_0558,DPoS,node_0167,7926.48,114.46,8040.94,voter pd share
8077,block_0558,DPoS,node_0316,10536.72,167.18,10703.91,voter pd share
8078,block_0558,DPoS,node_0373,7839.4,130.66,7970.06,voter pd share
8079,block_0558,DPoS,node_0414,6251.52,97.11,6348.62,voter pd share
8080,block_0558,DPoS,node_0493,4120.6,195.27,4315.87,self 20% + leftover
8081,block_0559,DPoS,node_0018,5156.36,101.4,5257.76,voter pd share
8082,block_0559,DPoS,node_0250,9243.48,153.79,9397.26,voter pd share
8083,block_0559,DPoS,node_0322,9132.63,170.8,9303.43,voter pd share
8084,block_0559,DPoS,node_0337,641.48,19.1,660.58,voter pd share
8085,block_0559,DPoS,node_0343,11150.44,331.91,11482.36,self 20% + leftover
8086,block_0560,DPoS,node_0172,11370.39,185.79,11556.18,voter pd share
8087,block_0560,DPoS,node_0175,5308.75,100.34,5409.09,voter pd share
8088,block_0560,DPoS,node_0225,378.06,42.32,420.38,voter pd share
8089,block_0560,DPoS,node_0240,4388.07,89.88,4477.95,voter pd share
8090,block_0560,DPoS,node_0355,300.99,5.71,306.7,voter pd share
8091,block_0560,DPoS,node_0484,11682.51,322.96,12005.47,self 20% + leftover
8092,block_0561,DPoS,node_0266,6746.07,118.94,6865.01,voter pd share
8093,block_0561,DPoS,node_0318,11997.28,199.06,12196.34,voter pd share
8094,block_0561,DPoS,node_0477,4911.88,94.14,5006.01,voter pd share
8095,block_0561,DPoS,node_0114,10069.55,284.86,10354.41,self 20% + leftover
8096,block_0562,DPoS,node_0106,10120.99,228.16,10349.14,voter pd share
8097,block_0562,DPoS,node_0431,8700.4,230.19,8930.59,voter pd share
8098,block_0562,DPoS,node_0482,5068.55,251.65,5320.2,self 20% + leftover
8099,block_0563,DPoS,node_0076,5541.84,107.35,5649.2,voter pd share
8100,block_0563,DPoS,node_0104,8551.56,175.14,8726.7,voter pd share
8101,block_0563,DPoS,node_0384,10365.37,182.33,10547.7,voter pd share
8102,block_0563,DPoS,node_0489,7649.88,272.18,7922.06,self 20% + leftover
8103,block_0564,DPoS,node_0096,3810.04,75.62,3885.66,voter pd share
8104,block_0564,DPoS,node_0210,4481.76,60.83,4542.59,voter pd share
8105,block_0564,DPoS,node_0374,10297.9,141.89,10439.79,voter pd share
8106,block_0564,DPoS,node_0479,10149.03,158.08,10307.11,voter pd share
8107,block_0564,DPoS,node_0359,1440.61,124.58,1565.19,self 20% + leftover
8108,block_0565,DPoS,node_0230,8263.83,136.7,8400.53,voter pd share
8109,block_0565,DPoS,node_0376,10167.92,161.48,10329.39,voter pd share
8110,block_0565,DPoS,node_0393,936.97,8.39,945.36,voter pd share
8111,block_0565,DPoS,node_0457,9949.57,285.43,10235.0,self 20% + leftover
8112,block_0566,DPoS,node_0230,8467.53,133.47,8601.0,voter pd share
8113,block_0566,DPoS,node_0376,10369.39,157.66,10527.05,voter pd share
8114,block_0566,DPoS,node_0393,933.36,8.19,941.55,voter pd share
8115,block_0566,DPoS,node_0457,10281.0,278.68,10559.67,self 20% + leftover
8116,block_0567,DPoS,node_0265,8406.25,169.62,8575.87,voter pd share
8117,block_0567,DPoS,node_0375,10385.4,219.6,10605.0,voter pd share
8118,block_0567,DPoS,node_0107,12653.08,380.78,13033.85,self 20% + leftover
8119,block_0568,DPoS,node_0310,3989.32,64.01,4053.33,voter pd share
8120,block_0568,DPoS,node_0327,3423.75,61.97,3485.72,voter pd share
8121,block_0568,DPoS,node_0342,5758.86,102.44,5861.3,voter pd share
8122,block_0568,DPoS,node_0351,6087.91,118.92,6206.83,voter pd share
8123,block_0568,DPoS,node_0138,12042.63,341.65,12384.28,self 20% + leftover
8124,block_0569,DPoS,node_0054,2326.86,51.64,2378.5,voter pd share
8125,block_0569,DPoS,node_0082,1690.61,44.18,1734.79,voter pd share
8126,block_0569,DPoS,node_0115,7836.56,143.07,7979.63,voter pd share
8127,block_0569,DPoS,node_0158,7856.57,148.95,8005.52,voter pd share
8128,block_0569,DPoS,node_0141,8392.86,280.16,8673.03,self 20% + leftover
8129,block_0570,DPoS,node_0002,3830.31,100.67,3930.99,voter pd share
8130,block_0570,DPoS,node_0087,4331.6,105.85,4437.46,voter pd share
8131,block_0570,DPoS,node_0231,10096.68,251.24,10347.91,voter pd share
8132,block_0570,DPoS,node_0193,8753.44,319.24,9072.68,self 20% + leftover
8133,block_0571,DPoS,node_0007,3790.05,35.93,3825.98,voter pd share
8134,block_0571,DPoS,node_0023,9083.63,73.61,9157.23,voter pd share
8135,block_0571,DPoS,node_0075,5235.08,40.79,5275.87,voter pd share
8136,block_0571,DPoS,node_0280,9288.65,73.32,9361.97,voter pd share
8137,block_0571,DPoS,node_0288,3027.04,24.09,3051.13,voter pd share
8138,block_0571,DPoS,node_0366,5829.15,42.93,5872.07,voter pd share
8139,block_0571,DPoS,node_0417,91.04,3.32,94.36,voter pd share
8140,block_0571,DPoS,node_0434,9300.13,66.93,9367.06,voter pd share
8141,block_0571,DPoS,node_0441,8842.62,70.05,8912.67,voter pd share
8142,block_0571,DPoS,node_0133,6651.39,152.03,6803.41,self 20% + leftover
8143,block_0572,DPoS,node_0042,1880.03,25.04,1905.07,voter pd share
8144,block_0572,DPoS,node_0177,9288.63,92.3,9380.93,voter pd share
8145,block_0572,DPoS,node_0185,5161.39,47.29,5208.68,voter pd share
8146,block_0572,DPoS,node_0255,7706.06,74.71,7780.77,voter pd share
8147,block_0572,DPoS,node_0315,8425.01,87.04,8512.05,voter pd share
8148,block_0572,DPoS,node_0413,8292.91,78.34,8371.25,voter pd share
8149,block_0572,DPoS,node_0491,5161.32,61.37,5222.69,voter pd share
8150,block_0572,DPoS,node_0401,8112.31,204.92,8317.24,self 20% + leftover
8151,block_0573,DPoS,node_0097,8121.31,103.74,8225.05,voter pd share
8152,block_0573,DPoS,node_0120,3585.75,60.01,3645.76,voter pd share
8153,block_0573,DPoS,node_0249,4921.63,57.62,4979.25,voter pd share
8154,block_0573,DPoS,node_0311,11779.52,133.58,11913.1,voter pd share
8155,block_0573,DPoS,node_0472,11499.08,136.21,11635.28,voter pd share
8156,block_0573,DPoS,node_0386,11046.13,263.85,11309.98,self 20% + leftover
8157,block_0574,DPoS,node_0246,11053.52,209.36,11262.88,voter pd share
8158,block_0574,DPoS,node_0445,9327.13,156.9,9484.02,voter pd share
8159,block_0574,DPoS,node_0370,3642.87,173.74,3816.61,self 20% + leftover
8160,block_0575,DPoS,node_0118,5812.39,92.3,5904.69,voter pd share
8161,block_0575,DPoS,node_0169,3774.27,98.41,3872.68,voter pd share
8162,block_0575,DPoS,node_0334,9478.18,213.57,9691.75,voter pd share
8163,block_0575,DPoS,node_0046,5344.08,236.71,5580.79,self 20% + leftover
8164,block_0576,DPoS,node_0049,10164.53,285.68,10450.22,voter pd share
8165,block_0576,DPoS,node_0159,3882.0,94.64,3976.64,voter pd share
8166,block_0576,DPoS,node_0485,37.0,21.35,58.35,voter pd share
8167,block_0576,DPoS,node_0149,7597.98,375.32,7973.3,self 20% + leftover
8168,block_0577,DPoS,node_0071,41.44,13.61,55.05,voter pd share
8169,block_0577,DPoS,node_0137,6506.1,51.67,6557.77,voter pd share
8170,block_0577,DPoS,node_0170,7724.16,75.37,7799.53,voter pd share
8171,block_0577,DPoS,node_0179,5632.5,64.34,5696.84,voter pd share
8172,block_0577,DPoS,node_0235,7982.22,101.59,8083.81,voter pd share
8173,block_0577,DPoS,node_0357,7096.35,80.97,7177.32,voter pd share
8174,block_0577,DPoS,node_0161,6301.28,172.45,6473.72,self 20% + leftover
8175,block_0578,DPoS,node_0098,10837.79,132.5,10970.29,voter pd share
8176,block_0578,DPoS,node_0146,3284.54,33.3,3317.84,voter pd share
8177,block_0578,DPoS,node_0184,94.1,11.65,105.75,voter pd share
8178,block_0578,DPoS,node_0208,5978.73,71.53,6050.25,voter pd share
8179,block_0578,DPoS,node_0426,7155.69,81.19,7236.88,voter pd share
8180,block_0578,DPoS,node_0459,5566.5,65.66,5632.16,voter pd share
8181,block_0578,DPoS,node_0256,8840.98,220.17,9061.15,self 20% + leftover
8182,block_0579,DPoS,node_0162,6859.08,143.94,7003.02,voter pd share
8183,block_0579,DPoS,node_0410,10796.78,250.36,11047.14,voter pd share
8184,block_0579,DPoS,node_0239,8758.96,373.7,9132.66,self 20% + leftover
8185,block_0580,DPoS,node_0069,1435.99,30.14,1466.13,voter pd share
8186,block_0580,DPoS,node_0125,4122.98,79.55,4202.53,voter pd share
8187,block_0580,DPoS,node_0465,8233.47,143.28,8376.76,voter pd share
8188,block_0580,DPoS,node_0168,11032.01,327.03,11359.04,self 20% + leftover
8189,block_0581,DPoS,node_0027,3758.92,79.37,3838.28,voter pd share
8190,block_0581,DPoS,node_0272,10064.94,213.29,10278.24,voter pd share
8191,block_0581,DPoS,node_0326,2731.58,52.99,2784.57,voter pd share
8192,block_0581,DPoS,node_0468,2922.49,79.96,3002.45,voter pd share
8193,block_0581,DPoS,node_0475,6795.82,133.43,6929.24,voter pd share
8194,block_0581,DPoS,node_0409,3861.16,216.96,4078.12,self 20% + leftover
8195,block_0582,DPoS,node_0103,5798.67,86.51,5885.18,voter pd share
8196,block_0582,DPoS,node_0142,10827.51,146.78,10974.29,voter pd share
8197,block_0582,DPoS,node_0267,9638.51,128.17,9766.68,voter pd share
8198,block_0582,DPoS,node_0308,55.23,8.09,63.32,voter pd share
8199,block_0582,DPoS,node_0455,4790.71,76.57,4867.27,voter pd share
8200,block_0582,DPoS,node_0285,6657.78,207.88,6865.66,self 20% + leftover
8201,block_0583,DPoS,node_0005,4252.27,120.22,4372.48,voter pd share
8202,block_0583,DPoS,node_0212,890.22,44.78,935.0,voter pd share
8203,block_0583,DPoS,node_0471,4331.29,122.25,4453.54,voter pd share
8204,block_0583,DPoS,node_0422,8889.15,367.75,9256.9,self 20% + leftover
8205,block_0584,DPoS,node_0095,1190.0,29.61,1219.61,voter pd share
8206,block_0584,DPoS,node_0358,10189.21,289.84,10479.05,voter pd share
8207,block_0584,DPoS,node_0446,4739.56,125.92,4865.48,voter pd share
8208,block_0584,DPoS,node_0221,5209.39,325.64,5535.03,self 20% + leftover
8209,block_0585,DPoS,node_0013,1767.3,23.37,1790.67,voter pd share
8210,block_0585,DPoS,node_0029,4541.37,105.63,4647.0,voter pd share
8211,block_0585,DPoS,node_0108,1653.73,44.64,1698.37,voter pd share
8212,block_0585,DPoS,node_0163,2453.14,52.99,2506.13,voter pd share
8213,block_0585,DPoS,node_0180,5064.96,108.35,5173.31,voter pd share
8214,block_0585,DPoS,node_0067,11023.48,417.01,11440.49,self 20% + leftover
8215,block_0586,DPoS,node_0085,6903.26,107.23,7010.5,voter pd share
8216,block_0586,DPoS,node_0121,6631.82,110.39,6742.21,voter pd share
8217,block_0586,DPoS,node_0251,4095.67,56.55,4152.23,voter pd share
8218,block_0586,DPoS,node_0352,11228.45,171.06,11399.51,voter pd share
8219,block_0586,DPoS,node_0060,11078.26,328.76,11407.02,self 20% + leftover
8220,block_0587,DPoS,node_0040,9483.44,169.25,9652.68,voter pd share
8221,block_0587,DPoS,node_0059,6495.03,98.36,6593.39,voter pd share
8222,block_0587,DPoS,node_0191,11614.03,197.48,11811.51,voter pd share
8223,block_0587,DPoS,node_0402,3067.6,62.3,3129.91,voter pd share
8224,block_0587,DPoS,node_0052,7062.14,247.61,7309.75,self 20% + leftover
8225,block_0588,DPoS,node_0047,575.42,27.98,603.4,voter pd share
8226,block_0588,DPoS,node_0167,7989.94,121.66,8111.61,voter pd share
8227,block_0588,DPoS,node_0316,10949.91,177.7,11127.61,voter pd share
8228,block_0588,DPoS,node_0373,7511.06,138.88,7649.94,voter pd share
8229,block_0588,DPoS,node_0414,6544.62,103.22,6647.84,voter pd share
8230,block_0588,DPoS,node_0493,4040.87,207.56,4248.42,self 20% + leftover
8231,block_0589,DPoS,node_0018,5264.76,97.75,5362.51,voter pd share
8232,block_0589,DPoS,node_0250,9083.26,148.24,9231.51,voter pd share
8233,block_0589,DPoS,node_0322,9294.43,164.64,9459.08,voter pd share
8234,block_0589,DPoS,node_0337,465.58,18.41,483.99,voter pd share
8235,block_0589,DPoS,node_0343,11539.36,319.95,11859.31,self 20% + leftover
8236,block_0590,DPoS,node_0172,11333.18,154.21,11487.39,voter pd share
8237,block_0590,DPoS,node_0175,5596.09,83.28,5679.36,voter pd share
8238,block_0590,DPoS,node_0225,670.38,35.12,705.5,voter pd share
8239,block_0590,DPoS,node_0240,4435.95,74.6,4510.56,voter pd share
8240,block_0590,DPoS,node_0355,203.7,4.74,208.44,voter pd share
8241,block_0590,DPoS,node_0484,11588.47,268.05,11856.52,self 20% + leftover
8242,block_0591,DPoS,node_0266,6713.01,129.69,6842.7,voter pd share
8243,block_0591,DPoS,node_0318,12361.34,217.05,12578.39,voter pd share
8244,block_0591,DPoS,node_0477,5077.01,102.64,5179.66,voter pd share
8245,block_0591,DPoS,node_0114,10154.41,310.61,10465.02,self 20% + leftover
8246,block_0592,DPoS,node_0106,10638.14,248.08,10886.22,voter pd share
8247,block_0592,DPoS,node_0431,9040.59,250.29,9290.88,voter pd share
8248,block_0592,DPoS,node_0482,5356.2,273.63,5629.83,self 20% + leftover
8249,block_0593,DPoS,node_0076,5945.2,103.13,6048.32,voter pd share
8250,block_0593,DPoS,node_0104,8777.7,168.25,8945.95,voter pd share
8251,block_0593,DPoS,node_0384,10414.7,175.15,10589.85,voter pd share
8252,block_0593,DPoS,node_0489,7494.06,261.47,7755.53,self 20% + leftover
8253,block_0594,DPoS,node_0096,3254.66,100.02,3354.68,voter pd share
8254,block_0594,DPoS,node_0210,4678.59,80.45,4759.04,voter pd share
8255,block_0594,DPoS,node_0374,10219.79,187.66,10407.45,voter pd share
8256,block_0594,DPoS,node_0479,10456.11,209.09,10665.2,voter pd share
8257,block_0594,DPoS,node_0359,1726.19,164.77,1890.96,self 20% + leftover
8258,block_0595,DPoS,node_0028,7081.37,188.6,7269.97,voter pd share
8259,block_0595,DPoS,node_0094,9429.0,227.64,9656.64,voter pd share
8260,block_0595,DPoS,node_0312,2026.0,201.76,2227.76,self 20% + leftover
8261,block_0596,DPoS,node_0230,8218.0,129.55,8347.55,voter pd share
8262,block_0596,DPoS,node_0376,10530.05,153.02,10683.07,voter pd share
8263,block_0596,DPoS,node_0393,593.55,7.95,601.5,voter pd share
8264,block_0596,DPoS,node_0457,10314.67,270.48,10585.15,self 20% + leftover
8265,block_0597,DPoS,node_0265,8475.87,132.39,8608.26,voter pd share
8266,block_0597,DPoS,node_0375,10368.0,171.4,10539.41,voter pd share
8267,block_0597,DPoS,node_0107,12709.85,297.2,13007.06,self 20% + leftover
8268,block_0598,DPoS,node_0310,3991.33,52.3,4043.63,voter pd share
8269,block_0598,DPoS,node_0327,3795.72,50.64,3846.36,voter pd share
8270,block_0598,DPoS,node_0342,5616.3,83.71,5700.01,voter pd share
8271,block_0598,DPoS,node_0351,5747.83,97.17,5845.0,voter pd share
8272,block_0598,DPoS,node_0138,12391.28,279.17,12670.46,self 20% + leftover
8273,block_0599,DPoS,node_0054,2335.5,51.1,2386.6,voter pd share
8274,block_0599,DPoS,node_0082,1673.79,43.71,1717.51,voter pd share
8275,block_0599,DPoS,node_0115,8511.63,141.57,8653.2,voter pd share
8276,block_0599,DPoS,node_0158,7903.52,147.38,8050.9,voter pd share
8277,block_0599,DPoS,node_0141,8883.03,277.23,9160.26,self 20% + leftover
8278,block_0600,DPoS,node_0002,4106.99,99.89,4206.88,voter pd share
8279,block_0600,DPoS,node_0087,4256.46,105.04,4361.5,voter pd share
8280,block_0600,DPoS,node_0231,10167.91,249.3,10417.21,voter pd share
8281,block_0600,DPoS,node_0193,8862.68,316.77,9179.45,self 20% + leftover
8282,block_0601,DPoS,node_0056,11535.28,95.06,11630.33,voter pd share
8283,block_0601,DPoS,node_0075,5357.87,44.61,5402.48,voter pd share
8284,block_0601,DPoS,node_0106,10713.22,88.71,10801.93,voter pd share
8285,block_0601,DPoS,node_0141,9154.26,75.89,9230.15,voter pd share
8286,block_0601,DPoS,node_0146,3009.84,24.98,3034.81,voter pd share
8287,block_0601,DPoS,node_0161,6387.72,52.62,6440.35,voter pd share
8288,block_0601,DPoS,node_0406,3699.39,30.67,3730.06,voter pd share
8289,block_0601,DPoS,node_0428,4797.96,40.05,4838.01,voter pd share
8290,block_0601,DPoS,node_0467,4883.0,40.29,4923.29,voter pd share
8291,block_0601,DPoS,node_0104,9211.95,218.13,9430.08,self 20% + leftover
8292,block_0602,DPoS,node_0116,4251.89,44.05,4295.93,voter pd share
8293,block_0602,DPoS,node_0142,10763.29,113.63,10876.92,voter pd share
8294,block_0602,DPoS,node_0202,2790.22,29.13,2819.35,voter pd share
8295,block_0602,DPoS,node_0248,6745.0,69.72,6814.72,voter pd share
8296,block_0602,DPoS,node_0256,9381.15,97.26,9478.41,voter pd share
8297,block_0602,DPoS,node_0334,9318.75,96.24,9414.99,voter pd share
8298,block_0602,DPoS,node_0366,5855.07,61.1,5916.17,voter pd share
8299,block_0602,DPoS,node_0435,6343.36,66.26,6409.62,voter pd share
8300,block_0602,DPoS,node_0007,4069.98,197.61,4267.59,self 20% + leftover
8301,block_0603,DPoS,node_0148,4118.0,35.02,4153.02,voter pd share
8302,block_0603,DPoS,node_0158,7856.9,64.36,7921.26,voter pd share
8303,block_0603,DPoS,node_0213,8414.0,68.93,8482.93,voter pd share
8304,block_0603,DPoS,node_0215,10171.75,82.7,10254.45,voter pd share
8305,block_0603,DPoS,node_0226,2444.46,21.19,2465.65,voter pd share
8306,block_0603,DPoS,node_0365,11086.76,89.87,11176.63,voter pd share
8307,block_0603,DPoS,node_0400,3055.59,25.18,3080.77,voter pd share
8308,block_0603,DPoS,node_0433,698.46,6.18,704.64,voter pd share
8309,block_0603,DPoS,node_0496,1102.0,9.32,1111.32,voter pd share
8310,block_0603,DPoS,node_0439,6681.23,170.25,6851.48,self 20% + leftover
8311,block_0604,DPoS,node_0009,6926.93,72.02,6998.95,voter pd share
8312,block_0604,DPoS,node_0193,9148.45,95.86,9244.3,voter pd share
8313,block_0604,DPoS,node_0204,4557.0,47.23,4604.23,voter pd share
8314,block_0604,DPoS,node_0235,8079.81,84.23,8164.04,voter pd share
8315,block_0604,DPoS,node_0245,916.0,11.1,927.1,voter pd share
8316,block_0604,DPoS,node_0295,7506.14,79.33,7585.47,voter pd share
8317,block_0604,DPoS,node_0389,5719.0,60.38,5779.38,voter pd share
8318,block_0604,DPoS,node_0472,11566.28,263.85,11830.14,self 20% + leftover
8319,block_0605,DPoS,node_0086,3168.03,28.99,3197.01,voter pd share
8320,block_0605,DPoS,node_0094,9559.64,89.2,9648.83,voter pd share
8321,block_0605,DPoS,node_0171,8854.86,81.57,8936.43,voter pd share
8322,block_0605,DPoS,node_0183,8667.22,79.63,8746.85,voter pd share
8323,block_0605,DPoS,node_0339,5566.87,52.39,5619.26,voter pd share
8324,block_0605,DPoS,node_0394,1533.0,14.28,1547.28,voter pd share
8325,block_0605,DPoS,node_0429,1100.24,9.26,1109.5,voter pd share
8326,block_0605,DPoS,node_0036,9424.0,198.7,9622.7,self 20% + leftover
8327,block_0606,DPoS,node_0026,3788.0,48.47,3836.47,voter pd share
8328,block_0606,DPoS,node_0067,10990.49,141.38,11131.86,voter pd share
8329,block_0606,DPoS,node_0115,8807.2,109.59,8916.79,voter pd share
8330,block_0606,DPoS,node_0236,1483.79,18.95,1502.74,voter pd share
8331,block_0606,DPoS,node_0307,4686.32,60.57,4746.89,voter pd share
8332,block_0606,DPoS,node_0309,3812.0,47.3,3859.3,voter pd share
8333,block_0606,DPoS,node_0326,2770.57,35.0,2805.57,voter pd share
8334,block_0606,DPoS,node_0328,781.0,6.6,787.6,voter pd share
8335,block_0606,DPoS,node_0358,10756.05,287.15,11043.2,self 20% + leftover
8336,block_0607,DPoS,node_0055,3754.54,39.14,3793.68,voter pd share
8337,block_0607,DPoS,node_0097,8122.05,85.67,8207.72,voter pd share
8338,block_0607,DPoS,node_0157,7911.0,84.15,7995.15,voter pd share
8339,block_0607,DPoS,node_0341,2446.0,26.9,2472.9,voter pd share
8340,block_0607,DPoS,node_0459,5454.16,59.28,5513.45,voter pd share
8341,block_0607,DPoS,node_0476,7017.0,78.38,7095.38,voter pd share
8342,block_0607,DPoS,node_0311,12186.1,255.47,12441.57,self 20% + leftover
8343,block_0608,DPoS,node_0037,163.18,0.97,164.15,voter pd share
8344,block_0608,DPoS,node_0145,5328.32,68.22,5396.54,voter pd share
8345,block_0608,DPoS,node_0179,5934.84,77.59,6012.43,voter pd share
8346,block_0608,DPoS,node_0196,12876.49,163.84,13040.33,voter pd share
8347,block_0608,DPoS,node_0242,805.72,8.98,814.7,voter pd share
8348,block_0608,DPoS,node_0310,4359.63,52.67,4412.3,voter pd share
8349,block_0608,DPoS,node_0432,6590.53,85.51,6676.04,voter pd share
8350,block_0608,DPoS,node_0093,9126.83,263.23,9390.06,self 20% + leftover
8351,block_0609,DPoS,node_0087,4547.5,63.38,4610.87,voter pd share
8352,block_0609,DPoS,node_0303,11276.84,162.59,11439.43,voter pd share
8353,block_0609,DPoS,node_0374,10436.45,149.61,10586.06,voter pd share
8354,block_0609,DPoS,node_0390,3445.0,52.18,3497.18,voter pd share
8355,block_0609,DPoS,node_0408,5758.1,87.19,5845.29,voter pd share
8356,block_0609,DPoS,node_0373,7364.94,263.06,7627.99,self 20% + leftover
8357,block_0610,DPoS,node_0088,4113.0,63.95,4176.95,voter pd share
8358,block_0610,DPoS,node_0149,8032.3,122.42,8154.72,voter pd share
8359,block_0610,DPoS,node_0154,6911.93,105.28,7017.21,voter pd share
8360,block_0610,DPoS,node_0173,5392.0,77.83,5469.83,voter pd share
8361,block_0610,DPoS,node_0279,1910.0,30.09,1940.09,voter pd share
8362,block_0610,DPoS,node_0331,300.0,4.15,304.15,voter pd share
8363,block_0610,DPoS,node_0414,7005.84,102.09,7107.93,voter pd share
8364,block_0610,DPoS,node_0500,7646.83,272.2,7919.03,self 20% + leftover
8365,block_0611,DPoS,node_0041,4039.0,65.61,4104.61,voter pd share
8366,block_0611,DPoS,node_0273,4310.0,63.53,4373.53,voter pd share
8367,block_0611,DPoS,node_0317,642.0,15.65,657.65,voter pd share
8368,block_0611,DPoS,node_0342,5883.01,91.44,5974.45,voter pd share
8369,block_0611,DPoS,node_0444,10858.29,176.54,11034.84,voter pd share
8370,block_0611,DPoS,node_0107,13257.06,363.23,13620.29,self 20% + leftover
8371,block_0612,DPoS,node_0189,7718.0,91.84,7809.84,voter pd share
8372,block_0612,DPoS,node_0192,13068.79,155.47,13224.26,voter pd share
8373,block_0612,DPoS,node_0413,8266.25,98.45,8364.69,voter pd share
8374,block_0612,DPoS,node_0280,9604.97,228.24,9833.21,self 20% + leftover
8375,block_0613,DPoS,node_0053,7424.82,104.17,7528.99,voter pd share
8376,block_0613,DPoS,node_0084,9039.27,123.77,9163.05,voter pd share
8377,block_0613,DPoS,node_0160,4392.82,61.41,4454.23,voter pd share
8378,block_0613,DPoS,node_0349,4325.74,61.55,4387.29,voter pd share
8379,block_0613,DPoS,node_0466,5737.97,78.96,5816.93,voter pd share
8380,block_0613,DPoS,node_0261,6613.33,215.14,6828.47,self 20% + leftover
8381,block_0614,DPoS,node_0008,171.0,3.5,174.5,voter pd share
8382,block_0614,DPoS,node_0039,4078.14,69.22,4147.36,voter pd share
8383,block_0614,DPoS,node_0044,10580.79,190.81,10771.6,voter pd share
8384,block_0614,DPoS,node_0231,10401.21,184.92,10586.13,voter pd share
8385,block_0614,DPoS,node_0301,535.38,11.42,546.8,voter pd share
8386,block_0614,DPoS,node_0322,9088.08,318.14,9406.21,self 20% + leftover
8387,block_0615,DPoS,node_0058,4864.13,84.75,4948.88,voter pd share
8388,block_0615,DPoS,node_0191,12064.51,203.05,12267.56,voter pd share
8389,block_0615,DPoS,node_0343,11870.31,196.89,12067.2,voter pd share
8390,block_0615,DPoS,node_0495,6522.0,248.31,6770.31,self 20% + leftover
8391,block_0616,DPoS,node_0243,4683.93,68.4,4752.33,voter pd share
8392,block_0616,DPoS,node_0416,8581.0,130.09,8711.09,voter pd share
8393,block_0616,DPoS,node_0445,9411.02,138.73,9549.75,voter pd share
8394,block_0616,DPoS,node_0488,7038.0,106.94,7144.94,voter pd share
8395,block_0616,DPoS,node_0381,5332.01,214.84,5546.85,self 20% + leftover
8396,block_0617,DPoS,node_0168,11195.04,167.48,11362.52,voter pd share
8397,block_0617,DPoS,node_0360,1297.0,20.26,1317.26,voter pd share
8398,block_0617,DPoS,node_0377,8206.3,126.75,8333.05,voter pd share
8399,block_0617,DPoS,node_0456,5855.0,89.44,5944.44,voter pd share
8400,block_0617,DPoS,node_0486,7296.71,237.07,7533.79,self 20% + leftover
8401,block_0618,DPoS,node_0028,7128.97,115.35,7244.32,voter pd share
8402,block_0618,DPoS,node_0038,6267.2,102.47,6369.67,voter pd share
8403,block_0618,DPoS,node_0043,6370.51,97.51,6468.02,voter pd share
8404,block_0618,DPoS,node_0291,2106.64,35.15,2141.79,voter pd share
8405,block_0618,DPoS,node_0484,11901.52,317.51,12219.03,self 20% + leftover
8406,block_0619,DPoS,node_0216,3286.0,56.83,3342.83,voter pd share
8407,block_0619,DPoS,node_0352,11112.51,210.09,11322.61,voter pd share
8408,block_0619,DPoS,node_0354,6444.0,121.51,6565.51,voter pd share
8409,block_0619,DPoS,node_0499,4824.0,92.8,4916.8,voter pd share
8410,block_0619,DPoS,node_0263,7374.42,293.76,7668.18,self 20% + leftover
8411,block_0620,DPoS,node_0133,6583.41,104.14,6687.55,voter pd share
8412,block_0620,DPoS,node_0296,1661.17,29.57,1690.73,voter pd share
8413,block_0620,DPoS,node_0397,5491.0,84.82,5575.82,voter pd share
8414,block_0620,DPoS,node_0474,5477.72,86.65,5564.37,voter pd share
8415,block_0620,DPoS,node_0483,5844.41,91.09,5935.49,voter pd share
8416,block_0620,DPoS,node_0170,7327.53,248.74,7576.27,self 20% + leftover
8417,block_0621,DPoS,node_0021,1676.0,22.86,1698.86,voter pd share
8418,block_0621,DPoS,node_0281,9076.95,125.35,9202.29,voter pd share
8419,block_0621,DPoS,node_0325,9091.0,120.12,9211.12,voter pd share
8420,block_0621,DPoS,node_0346,4157.22,57.45,4214.66,voter pd share
8421,block_0621,DPoS,node_0446,4554.48,59.36,4613.84,voter pd share
8422,block_0621,DPoS,node_0327,3778.36,159.86,3938.22,self 20% + leftover
8423,block_0622,DPoS,node_0080,10216.91,197.15,10414.06,voter pd share
8424,block_0622,DPoS,node_0095,1447.61,23.61,1471.22,voter pd share
8425,block_0622,DPoS,node_0151,1711.54,37.64,1749.19,voter pd share
8426,block_0622,DPoS,node_0178,7274.0,137.79,7411.79,voter pd share
8427,block_0622,DPoS,node_0367,4708.0,86.35,4794.35,voter pd share
8428,block_0622,DPoS,node_0123,6793.0,293.45,7086.45,self 20% + leftover
8429,block_0623,DPoS,node_0035,5958.44,86.35,6044.8,voter pd share
8430,block_0623,DPoS,node_0091,1123.0,21.4,1144.4,voter pd share
8431,block_0623,DPoS,node_0137,6102.77,84.75,6187.52,voter pd share
8432,block_0623,DPoS,node_0181,3173.0,43.73,3216.73,voter pd share
8433,block_0623,DPoS,node_0320,2223.24,29.67,2252.92,voter pd share
8434,block_0623,DPoS,node_0359,2178.96,27.64,2206.6,voter pd share
8435,block_0623,DPoS,node_0277,9753.66,244.46,9998.12,self 20% + leftover
8436,block_0624,DPoS,node_0073,4198.38,75.18,4273.55,voter pd share
8437,block_0624,DPoS,node_0403,6288.7,106.83,6395.53,voter pd share
8438,block_0624,DPoS,node_0480,8971.41,158.46,9129.88,voter pd share
8439,block_0624,DPoS,node_0211,10355.62,312.53,10668.15,self 20% + leftover
8440,block_0625,DPoS,node_0290,7908.92,128.05,8036.97,voter pd share
8441,block_0625,DPoS,node_0355,194.44,3.77,198.22,voter pd share
8442,block_0625,DPoS,node_0443,6300.44,107.67,6408.11,voter pd share
8443,block_0625,DPoS,node_0450,5810.0,95.66,5905.66,voter pd share
8444,block_0625,DPoS,node_0330,9028.69,267.85,9296.54,self 20% + leftover
8445,block_0626,DPoS,node_0270,9878.48,190.9,10069.38,voter pd share
8446,block_0626,DPoS,node_0361,2003.87,29.17,2033.03,voter pd share
8447,block_0626,DPoS,node_0378,2343.0,50.35,2393.35,voter pd share
8448,block_0626,DPoS,node_0411,2577.46,47.58,2625.04,voter pd share
8449,block_0626,DPoS,node_0138,12463.46,390.0,12853.46,self 20% + leftover
8450,block_0627,DPoS,node_0147,8013.43,154.88,8168.31,voter pd share
8451,block_0627,DPoS,node_0316,10746.61,209.71,10956.32,voter pd share
8452,block_0627,DPoS,node_0440,7816.87,279.41,8096.28,self 20% + leftover
8453,block_0628,DPoS,node_0112,1563.0,37.11,1600.11,voter pd share
8454,block_0628,DPoS,node_0136,9208.5,204.75,9413.25,voter pd share
8455,block_0628,DPoS,node_0241,6177.16,131.67,6308.83,voter pd share
8456,block_0628,DPoS,node_0201,9051.12,346.47,9397.59,self 20% + leftover
8457,block_0629,DPoS,node_0383,8297.55,194.29,8491.84,voter pd share
8458,block_0629,DPoS,node_0479,10474.2,249.34,10723.53,voter pd share
8459,block_0629,DPoS,node_0356,7000.66,331.37,7332.03,self 20% + leftover
8460,block_0630,DPoS,node_0048,7355.0,173.04,7528.04,voter pd share
8461,block_0630,DPoS,node_0239,8674.66,214.11,8888.78,voter pd share
8462,block_0630,DPoS,node_0254,9083.62,215.75,9299.38,voter pd share
8463,block_0630,DPoS,node_0452,481.79,3.08,484.87,voter pd share
8464,block_0630,DPoS,node_0199,586.0,168.01,754.01,self 20% + leftover
8465,block_0631,DPoS,node_0056,11806.33,101.21,11907.54,voter pd share
8466,block_0631,DPoS,node_0075,5476.48,47.49,5523.97,voter pd share
8467,block_0631,DPoS,node_0106,10557.93,94.45,10652.37,voter pd share
8468,block_0631,DPoS,node_0141,9594.15,80.8,9674.95,voter pd share
8469,block_0631,DPoS,node_0146,2760.81,26.59,2787.41,voter pd share
8470,block_0631,DPoS,node_0161,6151.35,56.03,6207.38,voter pd share
8471,block_0631,DPoS,node_0406,3406.06,32.65,3438.71,voter pd share
8472,block_0631,DPoS,node_0428,4353.01,42.64,4395.65,voter pd share
8473,block_0631,DPoS,node_0467,4934.29,42.9,4977.19,voter pd share
8474,block_0631,DPoS,node_0104,8974.08,232.24,9206.32,self 20% + leftover
8475,block_0632,DPoS,node_0116,4546.93,43.93,4590.87,voter pd share
8476,block_0632,DPoS,node_0142,10757.92,113.34,10871.26,voter pd share
8477,block_0632,DPoS,node_0202,2633.35,29.05,2662.4,voter pd share
8478,block_0632,DPoS,node_0248,6614.72,69.54,6684.25,voter pd share
8479,block_0632,DPoS,node_0256,9104.41,97.0,9201.41,voter pd share
8480,block_0632,DPoS,node_0334,9384.99,96.0,9480.99,voter pd share
8481,block_0632,DPoS,node_0366,5828.17,60.94,5889.11,voter pd share
8482,block_0632,DPoS,node_0435,6253.62,66.09,6319.71,voter pd share
8483,block_0632,DPoS,node_0007,4433.59,197.1,4630.7,self 20% + leftover
8484,block_0633,DPoS,node_0148,4019.02,32.88,4051.91,voter pd share
8485,block_0633,DPoS,node_0158,8202.26,60.43,8262.69,voter pd share
8486,block_0633,DPoS,node_0213,8481.93,64.72,8546.65,voter pd share
8487,block_0633,DPoS,node_0215,10083.45,77.65,10161.09,voter pd share
8488,block_0633,DPoS,node_0226,2308.65,19.9,2328.55,voter pd share
8489,block_0633,DPoS,node_0365,10928.63,84.38,11013.01,voter pd share
8490,block_0633,DPoS,node_0400,3273.77,23.64,3297.41,voter pd share
8491,block_0633,DPoS,node_0433,679.64,5.8,685.45,voter pd share
8492,block_0633,DPoS,node_0496,1122.32,8.76,1131.08,voter pd share
8493,block_0633,DPoS,node_0439,6700.48,159.85,6860.33,self 20% + leftover
8494,block_0634,DPoS,node_0009,7233.95,71.62,7305.57,voter pd share
8495,block_0634,DPoS,node_0193,8790.3,95.32,8885.62,voter pd share
8496,block_0634,DPoS,node_0204,4534.23,46.97,4581.2,voter pd share
8497,block_0634,DPoS,node_0235,8060.04,83.76,8143.8,voter pd share
8498,block_0634,DPoS,node_0245,549.1,11.04,560.14,voter pd share
8499,block_0634,DPoS,node_0295,7250.47,78.89,7329.36,voter pd share
8500,block_0634,DPoS,node_0389,6210.38,60.04,6270.42,voter pd share
8501,block_0634,DPoS,node_0472,11902.14,262.37,12164.51,self 20% + leftover
8502,block_0635,DPoS,node_0086,3420.01,27.62,3447.64,voter pd share
8503,block_0635,DPoS,node_0094,8766.83,85.01,8851.84,voter pd share
8504,block_0635,DPoS,node_0171,9146.43,77.74,9224.17,voter pd share
8505,block_0635,DPoS,node_0183,9132.85,75.89,9208.74,voter pd share
8506,block_0635,DPoS,node_0339,5632.26,49.93,5682.19,voter pd share
8507,block_0635,DPoS,node_0394,1579.28,13.61,1592.89,voter pd share
8508,block_0635,DPoS,node_0429,1615.5,8.82,1624.32,voter pd share
8509,block_0635,DPoS,node_0036,10078.7,189.38,10268.07,self 20% + leftover
8510,block_0636,DPoS,node_0026,3756.47,46.99,3803.46,voter pd share
8511,block_0636,DPoS,node_0067,10673.86,137.07,10810.93,voter pd share
8512,block_0636,DPoS,node_0115,8947.79,106.25,9054.04,voter pd share
8513,block_0636,DPoS,node_0236,1311.74,18.37,1330.1,voter pd share
8514,block_0636,DPoS,node_0307,4619.89,58.72,4678.61,voter pd share
8515,block_0636,DPoS,node_0309,3746.3,45.86,3792.16,voter pd share
8516,block_0636,DPoS,node_0326,2324.57,33.93,2358.5,voter pd share
8517,block_0636,DPoS,node_0328,681.6,6.4,688.0,voter pd share
8518,block_0636,DPoS,node_0358,10904.2,278.41,11182.61,self 20% + leftover
8519,block_0637,DPoS,node_0055,3153.68,42.01,3195.69,voter pd share
8520,block_0637,DPoS,node_0097,8064.72,91.93,8156.65,voter pd share
8521,block_0637,DPoS,node_0157,7884.15,90.3,7974.45,voter pd share
8522,block_0637,DPoS,node_0341,2409.9,28.87,2438.77,voter pd share
8523,block_0637,DPoS,node_0459,5853.45,63.62,5917.07,voter pd share
8524,block_0637,DPoS,node_0476,6867.38,84.11,6951.5,voter pd share
8525,block_0637,DPoS,node_0311,12628.57,274.15,12902.72,self 20% + leftover
8526,block_0638,DPoS,node_0037,141.15,0.92,142.07,voter pd share
8527,block_0638,DPoS,node_0145,5571.54,65.19,5636.72,voter pd share
8528,block_0638,DPoS,node_0179,5980.43,74.15,6054.58,voter pd share
8529,block_0638,DPoS,node_0196,12566.33,156.57,12722.9,voter pd share
8530,block_0638,DPoS,node_0242,563.7,8.58,572.28,voter pd share
8531,block_0638,DPoS,node_0310,4213.3,50.33,4263.63,voter pd share
8532,block_0638,DPoS,node_0432,6608.04,81.71,6689.75,voter pd share
8533,block_0638,DPoS,node_0093,9559.06,251.55,9810.61,self 20% + leftover
8534,block_0639,DPoS,node_0087,4483.87,50.18,4534.05,voter pd share
8535,block_0639,DPoS,node_0303,11144.43,128.73,11273.16,voter pd share
8536,block_0639,DPoS,node_0374,10452.06,118.45,10570.51,voter pd share
8537,block_0639,DPoS,node_0390,3630.18,41.32,3671.5,voter pd share
8538,block_0639,DPoS,node_0408,5862.29,69.03,5931.32,voter pd share
8539,block_0639,DPoS,node_0373,7465.99,208.28,7674.28,self 20% + leftover
8540,block_0640,DPoS,node_0088,4481.95,63.21,4545.16,voter pd share
8541,block_0640,DPoS,node_0149,8063.72,121.0,8184.72,voter pd share
8542,block_0640,DPoS,node_0154,7119.21,104.06,7223.27,voter pd share
8543,block_0640,DPoS,node_0173,5167.83,76.93,5244.75,voter pd share
8544,block_0640,DPoS,node_0279,1815.09,29.74,1844.83,voter pd share
8545,block_0640,DPoS,node_0331,432.15,4.1,436.25,voter pd share
8546,block_0640,DPoS,node_0414,7317.93,100.91,7418.84,voter pd share
8547,block_0640,DPoS,node_0500,8312.03,269.05,8581.09,self 20% + leftover
8548,block_0641,DPoS,node_0041,4147.61,54.61,4202.22,voter pd share
8549,block_0641,DPoS,node_0273,3962.53,52.89,4015.42,voter pd share
8550,block_0641,DPoS,node_0317,745.65,13.03,758.68,voter pd share
8551,block_0641,DPoS,node_0342,5996.45,76.12,6072.57,voter pd share
8552,block_0641,DPoS,node_0444,11224.84,146.97,11371.8,voter pd share
8553,block_0641,DPoS,node_0107,13531.29,302.38,13833.67,self 20% + leftover
8554,block_0642,DPoS,node_0189,8036.84,112.32,8149.16,voter pd share
8555,block_0642,DPoS,node_0192,13170.26,190.14,13360.4,voter pd share
8556,block_0642,DPoS,node_0413,7965.69,120.4,8086.09,voter pd share
8557,block_0642,DPoS,node_0280,9747.21,279.14,10026.36,self 20% + leftover
8558,block_0643,DPoS,node_0053,7194.99,112.57,7307.56,voter pd share
8559,block_0643,DPoS,node_0084,9301.05,133.75,9434.79,voter pd share
8560,block_0643,DPoS,node_0160,4226.23,66.36,4292.59,voter pd share
8561,block_0643,DPoS,node_0349,4203.29,66.51,4269.81,voter pd share
8562,block_0643,DPoS,node_0466,5839.93,85.32,5925.25,voter pd share
8563,block_0643,DPoS,node_0261,6647.47,232.48,6879.95,self 20% + leftover
8564,block_0644,DPoS,node_0008,290.5,3.15,293.65,voter pd share
8565,block_0644,DPoS,node_0039,4730.36,62.37,4792.72,voter pd share
8566,block_0644,DPoS,node_0044,10880.6,171.92,11052.52,voter pd share
8567,block_0644,DPoS,node_0231,10074.13,166.62,10240.75,voter pd share
8568,block_0644,DPoS,node_0301,467.8,10.29,478.09,voter pd share
8569,block_0644,DPoS,node_0322,9302.21,286.65,9588.86,self 20% + leftover
8570,block_0645,DPoS,node_0058,4908.88,89.37,4998.25,voter pd share
8571,block_0645,DPoS,node_0191,12426.56,214.13,12640.68,voter pd share
8572,block_0645,DPoS,node_0343,12067.2,207.64,12274.84,voter pd share
8573,block_0645,DPoS,node_0495,6606.31,261.86,6868.18,self 20% + leftover
8574,block_0646,DPoS,node_0243,4586.33,58.02,4644.35,voter pd share
8575,block_0646,DPoS,node_0416,8811.09,110.35,8921.44,voter pd share
8576,block_0646,DPoS,node_0445,9549.75,117.68,9667.43,voter pd share
8577,block_0646,DPoS,node_0488,6929.94,90.71,7020.65,voter pd share
8578,block_0646,DPoS,node_0381,5735.85,182.24,5918.09,self 20% + leftover
8579,block_0647,DPoS,node_0168,11035.52,149.71,11185.23,voter pd share
8580,block_0647,DPoS,node_0360,1222.26,18.11,1240.38,voter pd share
8581,block_0647,DPoS,node_0377,8190.05,113.3,8303.35,voter pd share
8582,block_0647,DPoS,node_0456,6116.44,79.95,6196.38,voter pd share
8583,block_0647,DPoS,node_0486,7421.79,211.92,7633.71,self 20% + leftover
8584,block_0648,DPoS,node_0028,7102.32,101.02,7203.34,voter pd share
8585,block_0648,DPoS,node_0038,6172.67,89.74,6262.41,voter pd share
8586,block_0648,DPoS,node_0043,6337.02,85.4,6422.42,voter pd share
8587,block_0648,DPoS,node_0291,2006.79,30.78,2037.57,voter pd share
8588,block_0648,DPoS,node_0484,12286.03,278.06,12564.09,self 20% + leftover
8589,block_0649,DPoS,node_0216,3136.83,50.38,3187.21,voter pd share
8590,block_0649,DPoS,node_0352,11406.61,186.24,11592.85,voter pd share
8591,block_0649,DPoS,node_0354,6447.51,107.72,6555.23,voter pd share
8592,block_0649,DPoS,node_0499,4875.8,82.26,4958.07,voter pd share
8593,block_0649,DPoS,node_0263,7635.18,260.4,7895.58,self 20% + leftover
8594,block_0650,DPoS,node_0133,6589.55,118.67,6708.22,voter pd share
8595,block_0650,DPoS,node_0296,1540.73,33.69,1574.43,voter pd share
8596,block_0650,DPoS,node_0397,5383.82,96.66,5480.48,voter pd share
8597,block_0650,DPoS,node_0474,5644.37,98.74,5743.11,voter pd share
8598,block_0650,DPoS,node_0483,6181.49,103.8,6285.29,voter pd share
8599,block_0650,DPoS,node_0170,7386.27,283.44,7669.71,self 20% + leftover
8600,block_0651,DPoS,node_0021,1531.86,22.69,1554.56,voter pd share
8601,block_0651,DPoS,node_0281,9120.29,124.43,9244.72,voter pd share
8602,block_0651,DPoS,node_0325,9140.12,119.24,9259.36,voter pd share
8603,block_0651,DPoS,node_0346,4030.66,57.02,4087.69,voter pd share
8604,block_0651,DPoS,node_0446,4326.84,58.93,4385.77,voter pd share
8605,block_0651,DPoS,node_0327,3658.22,158.69,3816.9,self 20% + leftover
8606,block_0652,DPoS,node_0080,10314.06,137.96,10452.01,voter pd share
8607,block_0652,DPoS,node_0095,1408.22,16.52,1424.73,voter pd share
8608,block_0652,DPoS,node_0151,1547.19,26.34,1573.53,voter pd share
8609,block_0652,DPoS,node_0178,7700.79,96.42,7797.21,voter pd share
8610,block_0652,DPoS,node_0367,4747.35,60.42,4807.77,voter pd share
8611,block_0652,DPoS,node_0123,7187.45,205.34,7392.79,self 20% + leftover
8612,block_0653,DPoS,node_0035,6247.8,119.09,6366.89,voter pd share
8613,block_0653,DPoS,node_0091,881.4,29.51,910.91,voter pd share
8614,block_0653,DPoS,node_0137,6026.52,116.88,6143.4,voter pd share
8615,block_0653,DPoS,node_0181,2946.73,60.31,3007.04,voter pd share
8616,block_0653,DPoS,node_0320,2115.92,40.93,2156.84,voter pd share
8617,block_0653,DPoS,node_0359,2476.6,38.12,2514.71,voter pd share
8618,block_0653,DPoS,node_0277,10139.12,337.16,10476.27,self 20% + leftover
8619,block_0654,DPoS,node_0073,4557.55,75.06,4632.62,voter pd share
8620,block_0654,DPoS,node_0403,6738.53,106.67,6845.2,voter pd share
8621,block_0654,DPoS,node_0480,8957.88,158.22,9116.1,voter pd share
8622,block_0654,DPoS,node_0211,10328.15,312.05,10640.2,self 20% + leftover
8623,block_0655,DPoS,node_0290,7713.97,113.4,7827.36,voter pd share
8624,block_0655,DPoS,node_0355,133.22,3.34,136.56,voter pd share
8625,block_0655,DPoS,node_0443,6124.11,95.35,6219.47,voter pd share
8626,block_0655,DPoS,node_0450,5825.66,84.71,5910.37,voter pd share
8627,block_0655,DPoS,node_0330,9175.54,237.2,9412.73,self 20% + leftover
8628,block_0656,DPoS,node_0147,8120.31,164.5,8284.8,voter pd share
8629,block_0656,DPoS,node_0316,11074.32,222.74,11297.06,voter pd share
8630,block_0656,DPoS,node_0440,8428.28,296.76,8725.04,self 20% + leftover
8631,block_0657,DPoS,node_0147,8308.8,186.62,8495.43,voter pd share
8632,block_0657,DPoS,node_0316,11337.06,252.7,11589.76,voter pd share
8633,block_0657,DPoS,node_0440,8685.04,336.68,9021.72,self 20% + leftover
8634,block_0658,DPoS,node_0112,1216.11,38.81,1254.92,voter pd share
8635,block_0658,DPoS,node_0136,9301.25,214.13,9515.38,voter pd share
8636,block_0658,DPoS,node_0241,6241.83,137.7,6379.54,voter pd share
8637,block_0658,DPoS,node_0201,9302.59,362.35,9664.95,self 20% + leftover
8638,block_0659,DPoS,node_0383,8280.84,137.88,8418.73,voter pd share
8639,block_0659,DPoS,node_0479,10734.53,176.95,10911.48,voter pd share
8640,block_0659,DPoS,node_0356,7336.03,235.17,7571.2,self 20% + leftover
8641,block_0660,DPoS,node_0048,7677.04,173.49,7850.52,voter pd share
8642,block_0660,DPoS,node_0239,8935.78,214.67,9150.44,voter pd share
8643,block_0660,DPoS,node_0254,9387.38,216.31,9603.69,voter pd share
8644,block_0660,DPoS,node_0452,729.87,3.09,732.96,voter pd share
8645,block_0660,DPoS,node_0199,543.01,168.45,711.46,self 20% + leftover
8646,block_0661,DPoS,node_0056,11948.54,75.4,12023.95,voter pd share
8647,block_0661,DPoS,node_0075,5632.97,35.39,5668.36,voter pd share
8648,block_0661,DPoS,node_0106,10666.37,70.37,10736.74,voter pd share
8649,block_0661,DPoS,node_0141,9842.95,60.2,9903.15,voter pd share
8650,block_0661,DPoS,node_0146,2542.41,19.81,2562.22,voter pd share
8651,block_0661,DPoS,node_0161,5848.38,41.74,5890.12,voter pd share
8652,block_0661,DPoS,node_0406,3490.71,24.33,3515.04,voter pd share
8653,block_0661,DPoS,node_0428,4369.65,31.77,4401.42,voter pd share
8654,block_0661,DPoS,node_0467,4861.19,31.96,4893.15,voter pd share
8655,block_0661,DPoS,node_0104,9459.32,173.03,9632.36,self 20% + leftover
8656,block_0662,DPoS,node_0116,4449.87,35.12,4484.99,voter pd share
8657,block_0662,DPoS,node_0142,10591.26,90.61,10681.87,voter pd share
8658,block_0662,DPoS,node_0202,2605.4,23.23,2628.63,voter pd share
8659,block_0662,DPoS,node_0248,6332.25,55.59,6387.85,voter pd share
8660,block_0662,DPoS,node_0256,8860.41,77.55,8937.97,voter pd share
8661,block_0662,DPoS,node_0334,9315.99,76.75,9392.74,voter pd share
8662,block_0662,DPoS,node_0366,6081.11,48.72,6129.83,voter pd share
8663,block_0662,DPoS,node_0435,6671.71,52.84,6724.55,voter pd share
8664,block_0662,DPoS,node_0007,4861.7,157.58,5019.28,self 20% + leftover
8665,block_0663,DPoS,node_0148,4135.91,38.81,4174.72,voter pd share
8666,block_0663,DPoS,node_0158,8016.69,71.32,8088.01,voter pd share
8667,block_0663,DPoS,node_0213,8277.65,76.39,8354.03,voter pd share
8668,block_0663,DPoS,node_0215,10172.09,91.65,10263.74,voter pd share
8669,block_0663,DPoS,node_0226,2446.55,23.48,2470.03,voter pd share
8670,block_0663,DPoS,node_0365,11302.01,99.59,11401.6,voter pd share
8671,block_0663,DPoS,node_0400,2844.41,27.91,2872.32,voter pd share
8672,block_0663,DPoS,node_0433,558.45,6.85,565.29,voter pd share
8673,block_0663,DPoS,node_0496,1099.08,10.33,1109.41,voter pd share
8674,block_0663,DPoS,node_0439,6862.33,188.67,7051.0,self 20% + leftover
8675,block_0664,DPoS,node_0009,7131.57,53.16,7184.73,voter pd share
8676,block_0664,DPoS,node_0193,8604.62,70.75,8675.37,voter pd share
8677,block_0664,DPoS,node_0204,4474.2,34.86,4509.06,voter pd share
8678,block_0664,DPoS,node_0235,7797.8,62.17,7859.96,voter pd share
8679,block_0664,DPoS,node_0245,836.14,8.19,844.33,voter pd share
8680,block_0664,DPoS,node_0295,7316.36,58.56,7374.91,voter pd share
8681,block_0664,DPoS,node_0389,5666.42,44.57,5710.98,voter pd share
8682,block_0664,DPoS,node_0472,11842.51,194.75,12037.26,self 20% + leftover
8683,block_0665,DPoS,node_0086,3297.64,32.28,3329.92,voter pd share
8684,block_0665,DPoS,node_0094,9085.84,99.34,9185.18,voter pd share
8685,block_0665,DPoS,node_0171,8959.17,90.84,9050.01,voter pd share
8686,block_0665,DPoS,node_0183,9088.74,88.69,9177.43,voter pd share
8687,block_0665,DPoS,node_0339,5773.19,58.34,5831.53,voter pd share
8688,block_0665,DPoS,node_0394,1551.89,15.9,1567.79,voter pd share
8689,block_0665,DPoS,node_0429,1405.32,10.31,1415.63,voter pd share
8690,block_0665,DPoS,node_0036,10405.07,221.3,10626.37,self 20% + leftover
8691,block_0666,DPoS,node_0026,3426.46,43.01,3469.47,voter pd share
8692,block_0666,DPoS,node_0067,11113.93,125.46,11239.39,voter pd share
8693,block_0666,DPoS,node_0115,8530.04,97.25,8627.3,voter pd share
8694,block_0666,DPoS,node_0236,1113.1,16.81,1129.92,voter pd share
8695,block_0666,DPoS,node_0307,4634.61,53.75,4688.36,voter pd share
8696,block_0666,DPoS,node_0309,3698.16,41.98,3740.14,voter pd share
8697,block_0666,DPoS,node_0326,2085.5,31.06,2116.56,voter pd share
8698,block_0666,DPoS,node_0328,156.0,5.86,161.85,voter pd share
8699,block_0666,DPoS,node_0358,10821.61,254.82,11076.43,self 20% + leftover
8700,block_0667,DPoS,node_0055,3020.69,33.04,3053.73,voter pd share
8701,block_0667,DPoS,node_0097,8372.65,72.32,8444.97,voter pd share
8702,block_0667,DPoS,node_0157,8688.45,71.04,8759.49,voter pd share
8703,block_0667,DPoS,node_0341,1990.77,22.71,2013.48,voter pd share
8704,block_0667,DPoS,node_0459,5682.07,50.05,5732.11,voter pd share
8705,block_0667,DPoS,node_0476,7258.5,66.17,7324.67,voter pd share
8706,block_0667,DPoS,node_0311,12938.72,215.67,13154.39,self 20% + leftover
8707,block_0668,DPoS,node_0037,477.07,0.73,477.8,voter pd share
8708,block_0668,DPoS,node_0145,5786.72,51.66,5838.38,voter pd share
8709,block_0668,DPoS,node_0179,5967.58,58.76,6026.34,voter pd share
8710,block_0668,DPoS,node_0196,12649.9,124.08,12773.98,voter pd share
8711,block_0668,DPoS,node_0242,414.28,6.8,421.08,voter pd share
8712,block_0668,DPoS,node_0310,4078.63,39.88,4118.51,voter pd share
8713,block_0668,DPoS,node_0432,6977.75,64.75,7042.5,voter pd share
8714,block_0668,DPoS,node_0093,9640.61,199.34,9839.95,self 20% + leftover
8715,block_0669,DPoS,node_0087,4516.05,56.37,4572.43,voter pd share
8716,block_0669,DPoS,node_0303,11455.16,144.62,11599.78,voter pd share
8717,block_0669,DPoS,node_0374,10219.51,133.07,10352.58,voter pd share
8718,block_0669,DPoS,node_0390,3649.5,46.41,3695.91,voter pd share
8719,block_0669,DPoS,node_0408,5811.32,77.55,5888.87,voter pd share
8720,block_0669,DPoS,node_0373,7595.28,233.98,7829.26,self 20% + leftover
8721,block_0670,DPoS,node_0088,4565.16,62.22,4627.38,voter pd share
8722,block_0670,DPoS,node_0149,8099.72,119.12,8218.84,voter pd share
8723,block_0670,DPoS,node_0154,7470.27,102.44,7572.71,voter pd share
8724,block_0670,DPoS,node_0173,5172.75,75.73,5248.48,voter pd share
8725,block_0670,DPoS,node_0279,1874.83,29.28,1904.11,voter pd share
8726,block_0670,DPoS,node_0331,202.25,4.04,206.28,voter pd share
8727,block_0670,DPoS,node_0414,7378.84,99.33,7478.17,voter pd share
8728,block_0670,DPoS,node_0500,8251.09,264.85,8515.94,self 20% + leftover
8729,block_0671,DPoS,node_0041,3566.22,47.26,3613.48,voter pd share
8730,block_0671,DPoS,node_0273,4194.42,45.77,4240.18,voter pd share
8731,block_0671,DPoS,node_0317,929.68,11.27,940.96,voter pd share
8732,block_0671,DPoS,node_0342,5985.57,65.87,6051.43,voter pd share
8733,block_0671,DPoS,node_0444,11560.8,127.17,11687.98,voter pd share
8734,block_0671,DPoS,node_0107,14075.67,261.66,14337.33,self 20% + leftover
8735,block_0672,DPoS,node_0189,7723.16,104.8,7827.96,voter pd share
8736,block_0672,DPoS,node_0192,13716.4,177.41,13893.81,voter pd share
8737,block_0672,DPoS,node_0413,7871.09,112.34,7983.43,voter pd share
8738,block_0672,DPoS,node_0280,10304.36,260.45,10564.81,self 20% + leftover
8739,block_0673,DPoS,node_0053,6982.56,124.36,7106.92,voter pd share
8740,block_0673,DPoS,node_0084,9317.79,147.76,9465.55,voter pd share
8741,block_0673,DPoS,node_0160,4138.59,73.31,4211.91,voter pd share
8742,block_0673,DPoS,node_0349,4008.81,73.48,4082.28,voter pd share
8743,block_0673,DPoS,node_0466,5934.25,94.26,6028.51,voter pd share
8744,block_0673,DPoS,node_0261,7280.95,256.83,7537.79,self 20% + leftover
8745,block_0674,DPoS,node_0008,709.65,2.85,712.49,voter pd share
8746,block_0674,DPoS,node_0039,5108.72,56.32,5165.04,voter pd share
8747,block_0674,DPoS,node_0044,11480.52,155.25,11635.77,voter pd share
8748,block_0674,DPoS,node_0231,10511.75,150.46,10662.21,voter pd share
8749,block_0674,DPoS,node_0301,423.09,9.29,432.39,voter pd share
8750,block_0674,DPoS,node_0322,9430.86,258.84,9689.7,self 20% + leftover
8751,block_0675,DPoS,node_0058,4677.25,76.77,4754.02,voter pd share
8752,block_0675,DPoS,node_0191,12411.68,183.93,12595.62,voter pd share
8753,block_0675,DPoS,node_0343,12142.84,178.36,12321.2,voter pd share
8754,block_0675,DPoS,node_0495,6703.18,224.94,6928.11,self 20% + leftover
8755,block_0676,DPoS,node_0243,4391.35,55.53,4446.88,voter pd share
8756,block_0676,DPoS,node_0416,8732.44,105.61,8838.06,voter pd share
8757,block_0676,DPoS,node_0445,9426.43,112.63,9539.06,voter pd share
8758,block_0676,DPoS,node_0488,7143.65,86.82,7230.46,voter pd share
8759,block_0676,DPoS,node_0381,5935.09,174.42,6109.51,self 20% + leftover
8760,block_0677,DPoS,node_0168,10907.23,185.77,11093.0,voter pd share
8761,block_0677,DPoS,node_0360,929.38,22.48,951.85,voter pd share
8762,block_0677,DPoS,node_0377,8543.35,140.59,8683.94,voter pd share
8763,block_0677,DPoS,node_0456,6517.38,99.2,6616.58,voter pd share
8764,block_0677,DPoS,node_0486,7782.71,262.96,8045.68,self 20% + leftover
8765,block_0678,DPoS,node_0216,3244.21,42.6,3286.81,voter pd share
8766,block_0678,DPoS,node_0352,11563.85,157.5,11721.35,voter pd share
8767,block_0678,DPoS,node_0354,6351.23,91.1,6442.33,voter pd share
8768,block_0678,DPoS,node_0499,5044.07,69.57,5113.64,voter pd share
8769,block_0678,DPoS,node_0263,7844.58,220.22,8064.8,self 20% + leftover
8770,block_0679,DPoS,node_0216,3286.81,39.23,3326.04,voter pd share
8771,block_0679,DPoS,node_0352,11740.35,145.03,11885.38,voter pd share
8772,block_0679,DPoS,node_0354,6464.33,83.88,6548.21,voter pd share
8773,block_0679,DPoS,node_0499,5113.64,64.06,5177.7,voter pd share
8774,block_0679,DPoS,node_0263,8057.8,202.79,8260.59,self 20% + leftover
8775,block_0680,DPoS,node_0133,7528.22,109.79,7638.01,voter pd share
8776,block_0680,DPoS,node_0296,1581.43,31.17,1612.6,voter pd share
8777,block_0680,DPoS,node_0397,5406.48,89.42,5495.9,voter pd share
8778,block_0680,DPoS,node_0474,5874.11,91.35,5965.46,voter pd share
8779,block_0680,DPoS,node_0483,5638.29,96.03,5734.32,voter pd share
8780,block_0680,DPoS,node_0170,7147.71,262.23,7409.95,self 20% + leftover
8781,block_0681,DPoS,node_0021,1519.56,22.78,1542.33,voter pd share
8782,block_0681,DPoS,node_0281,9193.72,124.89,9318.61,voter pd share
8783,block_0681,DPoS,node_0325,9682.36,119.68,9802.05,voter pd share
8784,block_0681,DPoS,node_0346,3917.69,57.24,3974.92,voter pd share
8785,block_0681,DPoS,node_0446,4463.77,59.15,4522.92,voter pd share
8786,block_0681,DPoS,node_0327,3563.9,159.27,3723.17,self 20% + leftover
8787,block_0682,DPoS,node_0080,10731.01,150.15,10881.16,voter pd share
8788,block_0682,DPoS,node_0095,1599.73,17.98,1617.71,voter pd share
8789,block_0682,DPoS,node_0151,1629.53,28.67,1658.2,voter pd share
8790,block_0682,DPoS,node_0178,7730.21,104.94,7835.16,voter pd share
8791,block_0682,DPoS,node_0367,4778.77,65.76,4844.54,voter pd share
8792,block_0682,DPoS,node_0123,7130.79,223.49,7354.29,self 20% + leftover
8793,block_0683,DPoS,node_0035,6562.89,99.83,6662.72,voter pd share
8794,block_0683,DPoS,node_0091,977.91,24.74,1002.65,voter pd share
8795,block_0683,DPoS,node_0137,6066.4,97.98,6164.38,voter pd share
8796,block_0683,DPoS,node_0181,2788.04,50.56,2838.6,voter pd share
8797,block_0683,DPoS,node_0320,2310.84,34.31,2345.15,voter pd share
8798,block_0683,DPoS,node_0359,2063.71,31.95,2095.67,voter pd share
8799,block_0683,DPoS,node_0277,10152.27,282.63,10434.9,self 20% + leftover
8800,block_0684,DPoS,node_0073,4364.62,89.11,4453.72,voter pd share
8801,block_0684,DPoS,node_0403,6278.2,126.63,6404.82,voter pd share
8802,block_0684,DPoS,node_0480,9197.1,187.82,9384.92,voter pd share
8803,block_0684,DPoS,node_0211,10499.2,370.44,10869.65,self 20% + leftover
8804,block_0685,DPoS,node_0290,8014.36,164.58,8178.94,voter pd share
8805,block_0685,DPoS,node_0355,20.56,4.85,25.41,voter pd share
8806,block_0685,DPoS,node_0443,6190.47,138.39,6328.85,voter pd share
8807,block_0685,DPoS,node_0450,5844.37,122.94,5967.31,voter pd share
8808,block_0685,DPoS,node_0330,9112.73,344.25,9456.98,self 20% + leftover
8809,block_0686,DPoS,node_0010,4366.09,82.93,4449.02,voter pd share
8810,block_0686,DPoS,node_0012,5541.52,103.03,5644.55,voter pd share
8811,block_0686,DPoS,node_0169,3813.68,67.98,3881.66,voter pd share
8812,block_0686,DPoS,node_0285,7122.66,127.34,7250.0,voter pd share
8813,block_0686,DPoS,node_0461,4565.5,191.72,4757.22,self 20% + leftover
8814,block_0687,DPoS,node_0147,8302.43,181.33,8483.76,voter pd share
8815,block_0687,DPoS,node_0316,11828.76,245.54,12074.3,voter pd share
8816,block_0687,DPoS,node_0440,9220.72,327.13,9547.85,self 20% + leftover
8817,block_0688,DPoS,node_0112,900.92,29.48,930.4,voter pd share
8818,block_0688,DPoS,node_0136,9632.38,162.66,9795.04,voter pd share
8819,block_0688,DPoS,node_0241,6159.54,104.6,6264.14,voter pd share
8820,block_0688,DPoS,node_0201,9564.95,275.25,9840.2,self 20% + leftover
8821,block_0689,DPoS,node_0383,8505.73,159.95,8665.67,voter pd share
8822,block_0689,DPoS,node_0479,10737.48,205.26,10942.74,voter pd share
8823,block_0689,DPoS,node_0356,7455.2,272.79,7728.0,self 20% + leftover
8824,block_0690,DPoS,node_0048,8105.52,156.72,8262.24,voter pd share
8825,block_0690,DPoS,node_0239,8841.44,193.92,9035.36,voter pd share
8826,block_0690,DPoS,node_0254,9229.69,195.4,9425.09,voter pd share
8827,block_0690,DPoS,node_0452,767.96,2.79,770.75,voter pd share
8828,block_0690,DPoS,node_0199,960.46,152.17,1112.63,self 20% + leftover
8829,block_0691,DPoS,node_0056,11975.95,90.11,12066.06,voter pd share
8830,block_0691,DPoS,node_0075,5633.36,42.29,5675.64,voter pd share
8831,block_0691,DPoS,node_0106,10309.74,84.09,10393.83,voter pd share
8832,block_0691,DPoS,node_0141,10214.15,71.94,10286.09,voter pd share
8833,block_0691,DPoS,node_0146,2196.22,23.68,2219.9,voter pd share
8834,block_0691,DPoS,node_0161,5813.12,49.89,5863.0,voter pd share
8835,block_0691,DPoS,node_0406,3497.04,29.07,3526.11,voter pd share
8836,block_0691,DPoS,node_0428,4356.42,37.97,4394.39,voter pd share
8837,block_0691,DPoS,node_0467,4563.15,38.19,4601.34,voter pd share
8838,block_0691,DPoS,node_0104,9250.36,206.78,9457.13,self 20% + leftover
8839,block_0692,DPoS,node_0116,4420.99,34.16,4455.15,voter pd share
8840,block_0692,DPoS,node_0142,10319.87,88.12,10407.99,voter pd share
8841,block_0692,DPoS,node_0202,2563.63,22.59,2586.22,voter pd share
8842,block_0692,DPoS,node_0248,6693.85,54.06,6747.91,voter pd share
8843,block_0692,DPoS,node_0256,9200.97,75.42,9276.39,voter pd share
8844,block_0692,DPoS,node_0334,9386.74,74.64,9461.37,voter pd share
8845,block_0692,DPoS,node_0366,5705.83,47.38,5753.21,voter pd share
8846,block_0692,DPoS,node_0435,6734.55,51.39,6785.94,voter pd share
8847,block_0692,DPoS,node_0007,5036.28,153.25,5189.52,self 20% + leftover
8848,block_0693,DPoS,node_0148,3998.72,46.64,4045.36,voter pd share
8849,block_0693,DPoS,node_0158,7781.01,85.7,7866.71,voter pd share
8850,block_0693,DPoS,node_0213,8670.03,91.78,8761.82,voter pd share
8851,block_0693,DPoS,node_0215,10166.74,110.12,10276.86,voter pd share
8852,block_0693,DPoS,node_0226,2544.03,28.22,2572.25,voter pd share
8853,block_0693,DPoS,node_0365,11673.6,119.67,11793.27,voter pd share
8854,block_0693,DPoS,node_0400,2896.32,33.53,2929.85,voter pd share
8855,block_0693,DPoS,node_0433,288.29,8.23,296.52,voter pd share
8856,block_0693,DPoS,node_0496,1315.41,12.42,1327.83,voter pd share
8857,block_0693,DPoS,node_0439,7141.0,226.7,7367.7,self 20% + leftover
8858,block_0694,DPoS,node_0009,6896.73,77.57,6974.3,voter pd share
8859,block_0694,DPoS,node_0193,8764.37,103.24,8867.62,voter pd share
8860,block_0694,DPoS,node_0204,5415.06,50.87,5465.93,voter pd share
8861,block_0694,DPoS,node_0235,8038.96,90.72,8129.68,voter pd share
8862,block_0694,DPoS,node_0245,1119.33,11.96,1131.29,voter pd share
8863,block_0694,DPoS,node_0295,7100.91,85.44,7186.36,voter pd share
8864,block_0694,DPoS,node_0389,5548.98,65.03,5614.01,voter pd share
8865,block_0694,DPoS,node_0472,11772.26,284.18,12056.44,self 20% + leftover
8866,block_0695,DPoS,node_0086,3174.92,40.39,3215.31,voter pd share
8867,block_0695,DPoS,node_0094,9618.18,124.29,9742.47,voter pd share
8868,block_0695,DPoS,node_0171,8701.01,113.66,8814.67,voter pd share
8869,block_0695,DPoS,node_0183,9395.43,110.97,9506.4,voter pd share
8870,block_0695,DPoS,node_0339,5863.53,73.0,5936.53,voter pd share
8871,block_0695,DPoS,node_0394,1490.79,19.9,1510.69,voter pd share
8872,block_0695,DPoS,node_0429,1422.63,12.9,1435.53,voter pd share
8873,block_0695,DPoS,node_0036,10310.37,276.89,10587.26,self 20% + leftover
8874,block_0696,DPoS,node_0026,3409.47,43.91,3453.38,voter pd share
8875,block_0696,DPoS,node_0067,11202.39,128.08,11330.47,voter pd share
8876,block_0696,DPoS,node_0115,8663.3,99.29,8762.58,voter pd share
8877,block_0696,DPoS,node_0236,1511.92,17.16,1529.08,voter pd share
8878,block_0696,DPoS,node_0307,4393.36,54.87,4448.23,voter pd share
8879,block_0696,DPoS,node_0309,3591.14,42.85,3633.99,voter pd share
8880,block_0696,DPoS,node_0326,1948.56,31.71,1980.27,voter pd share
8881,block_0696,DPoS,node_0328,342.85,5.98,348.83,voter pd share
8882,block_0696,DPoS,node_0358,11182.43,260.15,11442.58,self 20% + leftover
8883,block_0697,DPoS,node_0055,2917.73,48.17,2965.9,voter pd share
8884,block_0697,DPoS,node_0097,8650.97,105.42,8756.39,voter pd share
8885,block_0697,DPoS,node_0157,8733.49,103.55,8837.04,voter pd share
8886,block_0697,DPoS,node_0341,2105.48,33.1,2138.59,voter pd share
8887,block_0697,DPoS,node_0459,5566.11,72.95,5639.06,voter pd share
8888,block_0697,DPoS,node_0476,7873.67,96.45,7970.12,voter pd share
8889,block_0697,DPoS,node_0311,12907.39,314.36,13221.75,self 20% + leftover
8890,block_0698,DPoS,node_0037,952.8,0.95,953.75,voter pd share
8891,block_0698,DPoS,node_0145,5425.38,66.8,5492.18,voter pd share
8892,block_0698,DPoS,node_0179,6087.34,75.98,6163.32,voter pd share
8893,block_0698,DPoS,node_0196,13194.98,160.44,13355.41,voter pd share
8894,block_0698,DPoS,node_0242,337.08,8.79,345.88,voter pd share
8895,block_0698,DPoS,node_0310,4406.51,51.57,4458.08,voter pd share
8896,block_0698,DPoS,node_0432,6810.5,83.73,6894.23,voter pd share
8897,block_0698,DPoS,node_0093,9880.95,257.75,10138.7,self 20% + leftover
8898,block_0699,DPoS,node_0087,4758.43,62.64,4821.07,voter pd share
8899,block_0699,DPoS,node_0303,11331.78,160.71,11492.48,voter pd share
8900,block_0699,DPoS,node_0374,10306.58,147.88,10454.46,voter pd share
8901,block_0699,DPoS,node_0390,3515.91,51.58,3567.49,voter pd share
8902,block_0699,DPoS,node_0408,5838.87,86.18,5925.06,voter pd share
8903,block_0699,DPoS,node_0373,8024.26,260.01,8284.27,self 20% + leftover
8904,block_0700,DPoS,node_0088,4591.38,63.21,4654.58,voter pd share
8905,block_0700,DPoS,node_0149,8379.84,121.0,8500.84,voter pd share
8906,block_0700,DPoS,node_0154,7924.71,104.06,8028.78,voter pd share
8907,block_0700,DPoS,node_0173,5621.48,76.93,5698.41,voter pd share
8908,block_0700,DPoS,node_0279,1933.11,29.74,1962.85,voter pd share
8909,block_0700,DPoS,node_0331,69.28,4.1,73.38,voter pd share
8910,block_0700,DPoS,node_0414,7511.17,100.91,7612.07,voter pd share
8911,block_0700,DPoS,node_0500,8425.94,269.05,8694.99,self 20% + leftover
8912,block_0701,DPoS,node_0041,3711.48,59.35,3770.83,voter pd share
8913,block_0701,DPoS,node_0273,3995.18,57.47,4052.66,voter pd share
8914,block_0701,DPoS,node_0317,482.96,14.16,497.11,voter pd share
8915,block_0701,DPoS,node_0342,6007.43,82.72,6090.15,voter pd share
8916,block_0701,DPoS,node_0444,11689.98,159.71,11849.69,voter pd share
8917,block_0701,DPoS,node_0107,14568.33,328.59,14896.93,self 20% + leftover
8918,block_0702,DPoS,node_0189,7269.96,124.16,7394.12,voter pd share
8919,block_0702,DPoS,node_0192,13515.81,210.18,13725.99,voter pd share
8920,block_0702,DPoS,node_0413,7895.43,133.09,8028.52,voter pd share
8921,block_0702,DPoS,node_0280,10739.81,308.57,11048.37,self 20% + leftover
8922,block_0703,DPoS,node_0053,6794.92,88.5,6883.43,voter pd share
8923,block_0703,DPoS,node_0084,9443.55,105.16,9548.71,voter pd share
8924,block_0703,DPoS,node_0160,3945.91,52.18,3998.09,voter pd share
8925,block_0703,DPoS,node_0349,4303.28,52.29,4355.58,voter pd share
8926,block_0703,DPoS,node_0466,6045.51,67.08,6112.59,voter pd share
8927,block_0703,DPoS,node_0261,7499.79,182.79,7682.57,self 20% + leftover
8928,block_0704,DPoS,node_0008,858.49,3.48,861.98,voter pd share
8929,block_0704,DPoS,node_0039,5142.04,68.95,5210.99,voter pd share
8930,block_0704,DPoS,node_0044,11334.77,190.07,11524.84,voter pd share
8931,block_0704,DPoS,node_0231,10588.21,184.21,10772.42,voter pd share
8932,block_0704,DPoS,node_0301,286.39,11.38,297.76,voter pd share
8933,block_0704,DPoS,node_0322,9998.7,316.91,10315.61,self 20% + leftover
8934,block_0705,DPoS,node_0058,4924.02,67.64,4991.66,voter pd share
8935,block_0705,DPoS,node_0191,12717.62,162.05,12879.67,voter pd share
8936,block_0705,DPoS,node_0343,12704.2,157.14,12861.33,voter pd share
8937,block_0705,DPoS,node_0495,6622.11,198.18,6820.29,self 20% + leftover
8938,block_0706,DPoS,node_0243,5049.88,80.65,5130.53,voter pd share
8939,block_0706,DPoS,node_0416,8882.06,153.39,9035.44,voter pd share
8940,block_0706,DPoS,node_0445,9668.06,163.57,9831.63,voter pd share
8941,block_0706,DPoS,node_0488,7164.46,126.09,7290.55,voter pd share
8942,block_0706,DPoS,node_0381,6020.51,253.31,6273.82,self 20% + leftover
8943,block_0707,DPoS,node_0168,10788.0,199.09,10987.09,voter pd share
8944,block_0707,DPoS,node_0360,643.85,24.09,667.94,voter pd share
8945,block_0707,DPoS,node_0377,8433.94,150.67,8584.61,voter pd share
8946,block_0707,DPoS,node_0456,6419.58,106.32,6525.9,voter pd share
8947,block_0707,DPoS,node_0486,8151.68,281.83,8433.51,self 20% + leftover
8948,block_0708,DPoS,node_0060,11195.02,220.98,11416.0,voter pd share
8949,block_0708,DPoS,node_0109,958.0,7.98,965.98,voter pd share
8950,block_0708,DPoS,node_0286,1090.17,15.71,1105.88,voter pd share
8951,block_0708,DPoS,node_0436,6942.19,116.57,7058.76,voter pd share
8952,block_0708,DPoS,node_0166,6728.27,245.76,6974.03,self 20% + leftover
8953,block_0709,DPoS,node_0216,2997.04,46.05,3043.1,voter pd share
8954,block_0709,DPoS,node_0352,11812.38,170.24,11982.63,voter pd share
8955,block_0709,DPoS,node_0354,6354.21,98.47,6452.67,voter pd share
8956,block_0709,DPoS,node_0499,5380.7,75.2,5455.9,voter pd share
8957,block_0709,DPoS,node_0263,7713.59,238.04,7951.63,self 20% + leftover
8958,block_0710,DPoS,node_0133,8156.01,87.99,8244.0,voter pd share
8959,block_0710,DPoS,node_0296,1546.6,24.98,1571.58,voter pd share
8960,block_0710,DPoS,node_0397,5273.9,71.67,5345.58,voter pd share
8961,block_0710,DPoS,node_0474,5507.46,73.22,5580.68,voter pd share
8962,block_0710,DPoS,node_0483,6089.32,76.96,6166.28,voter pd share
8963,block_0710,DPoS,node_0170,6951.95,210.17,7162.12,self 20% + leftover
8964,block_0711,DPoS,node_0021,1649.33,28.73,1678.07,voter pd share
8965,block_0711,DPoS,node_0281,9247.61,157.54,9405.15,voter pd share
8966,block_0711,DPoS,node_0325,9507.05,150.98,9658.03,voter pd share
8967,block_0711,DPoS,node_0346,4446.92,72.2,4519.12,voter pd share
8968,block_0711,DPoS,node_0446,4474.92,74.61,4549.54,voter pd share
8969,block_0711,DPoS,node_0327,3564.17,200.92,3765.1,self 20% + leftover
8970,block_0712,DPoS,node_0080,11122.16,197.15,11319.32,voter pd share
8971,block_0712,DPoS,node_0095,1429.71,23.61,1453.32,voter pd share
8972,block_0712,DPoS,node_0151,1321.2,37.64,1358.84,voter pd share
8973,block_0712,DPoS,node_0178,7841.16,137.79,7978.95,voter pd share
8974,block_0712,DPoS,node_0367,4613.54,86.35,4699.89,voter pd share
8975,block_0712,DPoS,node_0123,7146.29,293.45,7439.74,self 20% + leftover
8976,block_0713,DPoS,node_0035,6538.72,109.46,6648.19,voter pd share
8977,block_0713,DPoS,node_0091,1346.65,27.13,1373.78,voter pd share
8978,block_0713,DPoS,node_0137,6414.38,107.43,6521.81,voter pd share
8979,block_0713,DPoS,node_0181,2307.6,55.43,2363.03,voter pd share
8980,block_0713,DPoS,node_0320,2266.15,37.62,2303.77,voter pd share
8981,block_0713,DPoS,node_0359,1872.67,35.04,1907.7,voter pd share
8982,block_0713,DPoS,node_0277,10522.9,309.89,10832.8,self 20% + leftover
8983,block_0714,DPoS,node_0073,4019.72,76.1,4095.82,voter pd share
8984,block_0714,DPoS,node_0403,5982.82,108.14,6090.96,voter pd share
8985,block_0714,DPoS,node_0480,9405.92,160.4,9566.32,voter pd share
8986,block_0714,DPoS,node_0211,10607.65,316.36,10924.0,self 20% + leftover
8987,block_0715,DPoS,node_0290,8006.94,132.3,8139.24,voter pd share
8988,block_0715,DPoS,node_0355,31.41,3.9,35.3,voter pd share
8989,block_0715,DPoS,node_0443,6191.85,111.25,6303.1,voter pd share
8990,block_0715,DPoS,node_0450,6005.31,98.83,6104.14,voter pd share
8991,block_0715,DPoS,node_0330,9349.98,276.73,9626.71,self 20% + leftover
8992,block_0716,DPoS,node_0010,4560.02,112.46,4672.48,voter pd share
8993,block_0716,DPoS,node_0012,6172.55,139.71,6312.26,voter pd share
8994,block_0716,DPoS,node_0169,4026.66,92.18,4118.84,voter pd share
8995,block_0716,DPoS,node_0285,6888.0,172.68,7060.68,voter pd share
8996,block_0716,DPoS,node_0461,4269.22,259.98,4529.2,self 20% + leftover
8997,block_0717,DPoS,node_0147,8292.76,187.1,8479.86,voter pd share
8998,block_0717,DPoS,node_0316,12088.3,253.35,12341.65,voter pd share
8999,block_0717,DPoS,node_0440,9741.85,337.55,10079.4,self 20% + leftover
9000,block_0718,DPoS,node_0112,992.4,30.67,1023.07,voter pd share
9001,block_0718,DPoS,node_0136,9846.04,169.2,10015.24,voter pd share
9002,block_0718,DPoS,node_0241,5881.14,108.81,5989.95,voter pd share
9003,block_0718,DPoS,node_0201,10043.2,286.32,10329.52,self 20% + leftover
9004,block_0719,DPoS,node_0383,8604.67,194.54,8799.21,voter pd share
9005,block_0719,DPoS,node_0479,10752.74,249.66,11002.4,voter pd share
9006,block_0719,DPoS,node_0356,7896.0,331.8,8227.8,self 20% + leftover
9007,block_0720,DPoS,node_0048,8282.24,129.89,8412.13,voter pd share
9008,block_0720,DPoS,node_0239,8632.36,160.72,8793.09,voter pd share
9009,block_0720,DPoS,node_0254,9184.09,161.95,9346.05,voter pd share
9010,block_0720,DPoS,node_0452,361.75,2.31,364.06,voter pd share
9011,block_0720,DPoS,node_0199,1136.63,126.12,1262.74,self 20% + leftover
9012,block_0721,DPoS,node_0056,11713.06,103.21,11816.27,voter pd share
9013,block_0721,DPoS,node_0075,5443.64,48.44,5492.08,voter pd share
9014,block_0721,DPoS,node_0106,10372.83,96.32,10469.15,voter pd share
9015,block_0721,DPoS,node_0141,10238.09,82.4,10320.49,voter pd share
9016,block_0721,DPoS,node_0146,2215.9,27.12,2243.02,voter pd share
9017,block_0721,DPoS,node_0161,6086.0,57.14,6143.14,voter pd share
9018,block_0721,DPoS,node_0406,3748.11,33.3,3781.41,voter pd share
9019,block_0721,DPoS,node_0428,4248.39,43.49,4291.87,voter pd share
9020,block_0721,DPoS,node_0467,4348.34,43.75,4392.09,voter pd share
9021,block_0721,DPoS,node_0104,9355.13,236.84,9591.98,self 20% + leftover
9022,block_0722,DPoS,node_0116,4301.15,44.05,4345.2,voter pd share
9023,block_0722,DPoS,node_0142,10235.99,113.63,10349.63,voter pd share
9024,block_0722,DPoS,node_0202,3033.22,29.13,3062.35,voter pd share
9025,block_0722,DPoS,node_0248,6467.91,69.72,6537.63,voter pd share
9026,block_0722,DPoS,node_0256,8865.39,97.26,8962.64,voter pd share
9027,block_0722,DPoS,node_0334,8895.37,96.24,8991.62,voter pd share
9028,block_0722,DPoS,node_0366,5857.21,61.1,5918.31,voter pd share
9029,block_0722,DPoS,node_0435,6915.94,66.26,6982.2,voter pd share
9030,block_0722,DPoS,node_0007,5672.52,197.61,5870.14,self 20% + leftover
9031,block_0723,DPoS,node_0148,4149.36,45.29,4194.65,voter pd share
9032,block_0723,DPoS,node_0158,7813.71,83.23,7896.94,voter pd share
9033,block_0723,DPoS,node_0213,9053.82,89.14,9142.95,voter pd share
9034,block_0723,DPoS,node_0215,10364.86,106.94,10471.8,voter pd share
9035,block_0723,DPoS,node_0226,2653.25,27.4,2680.65,voter pd share
9036,block_0723,DPoS,node_0365,11271.27,116.22,11387.49,voter pd share
9037,block_0723,DPoS,node_0400,3009.85,32.56,3042.41,voter pd share
9038,block_0723,DPoS,node_0433,187.52,7.99,195.51,voter pd share
9039,block_0723,DPoS,node_0496,1570.83,12.06,1582.89,voter pd share
9040,block_0723,DPoS,node_0439,7054.7,220.16,7274.87,self 20% + leftover
9041,block_0724,DPoS,node_0009,7061.3,78.28,7139.57,voter pd share
9042,block_0724,DPoS,node_0193,9164.62,104.18,9268.8,voter pd share
9043,block_0724,DPoS,node_0204,5080.93,51.33,5132.26,voter pd share
9044,block_0724,DPoS,node_0235,7956.68,91.54,8048.22,voter pd share
9045,block_0724,DPoS,node_0245,1254.29,12.06,1266.35,voter pd share
9046,block_0724,DPoS,node_0295,7014.36,86.22,7100.58,voter pd share
9047,block_0724,DPoS,node_0389,5654.01,65.62,5719.63,voter pd share
9048,block_0724,DPoS,node_0472,12107.44,286.76,12394.2,self 20% + leftover
9049,block_0725,DPoS,node_0086,3673.31,37.04,3710.35,voter pd share
9050,block_0725,DPoS,node_0094,9566.47,113.99,9680.46,voter pd share
9051,block_0725,DPoS,node_0171,8783.67,104.24,8887.91,voter pd share
9052,block_0725,DPoS,node_0183,9451.4,101.77,9553.16,voter pd share
9053,block_0725,DPoS,node_0339,6209.53,66.95,6276.48,voter pd share
9054,block_0725,DPoS,node_0394,1069.69,18.25,1087.94,voter pd share
9055,block_0725,DPoS,node_0429,1875.53,11.83,1887.36,voter pd share
9056,block_0725,DPoS,node_0036,11030.26,253.93,11284.19,self 20% + leftover
9057,block_0726,DPoS,node_0026,3165.38,47.12,3212.5,voter pd share
9058,block_0726,DPoS,node_0067,11498.47,137.44,11635.91,voter pd share
9059,block_0726,DPoS,node_0115,8644.58,106.54,8751.13,voter pd share
9060,block_0726,DPoS,node_0236,1679.08,18.42,1697.5,voter pd share
9061,block_0726,DPoS,node_0307,4392.23,58.88,4451.11,voter pd share
9062,block_0726,DPoS,node_0309,3829.99,45.99,3875.97,voter pd share
9063,block_0726,DPoS,node_0326,2108.27,34.02,2142.29,voter pd share
9064,block_0726,DPoS,node_0328,539.83,6.42,546.25,voter pd share
9065,block_0726,DPoS,node_0358,10739.58,279.17,11018.75,self 20% + leftover
9066,block_0727,DPoS,node_0055,2810.9,42.07,2852.97,voter pd share
9067,block_0727,DPoS,node_0097,8751.39,92.07,8843.46,voter pd share
9068,block_0727,DPoS,node_0157,8728.04,90.44,8818.48,voter pd share
9069,block_0727,DPoS,node_0341,2426.59,28.91,2455.5,voter pd share
9070,block_0727,DPoS,node_0459,5556.06,63.71,5619.78,voter pd share
9071,block_0727,DPoS,node_0476,8480.12,84.24,8564.36,voter pd share
9072,block_0727,DPoS,node_0311,13145.75,274.56,13420.31,self 20% + leftover
9073,block_0728,DPoS,node_0037,1105.75,0.74,1106.49,voter pd share
9074,block_0728,DPoS,node_0145,5908.18,52.51,5960.69,voter pd share
9075,block_0728,DPoS,node_0179,6285.32,59.73,6345.04,voter pd share
9076,block_0728,DPoS,node_0196,13018.41,126.12,13144.54,voter pd share
9077,block_0728,DPoS,node_0242,57.88,6.91,64.79,voter pd share
9078,block_0728,DPoS,node_0310,4356.08,40.54,4396.62,voter pd share
9079,block_0728,DPoS,node_0432,6689.23,65.82,6755.04,voter pd share
9080,block_0728,DPoS,node_0093,9851.7,202.62,10054.33,self 20% + leftover
9081,block_0729,DPoS,node_0087,5099.07,62.89,5161.96,voter pd share
9082,block_0729,DPoS,node_0303,11096.48,161.33,11257.82,voter pd share
9083,block_0729,DPoS,node_0374,10071.46,148.45,10219.91,voter pd share
9084,block_0729,DPoS,node_0390,3513.49,51.78,3565.27,voter pd share
9085,block_0729,DPoS,node_0408,6016.06,86.52,6102.57,voter pd share
9086,block_0729,DPoS,node_0373,8476.27,261.03,8737.3,self 20% + leftover
9087,block_0730,DPoS,node_0088,4586.58,62.71,4649.3,voter pd share
9088,block_0730,DPoS,node_0149,8512.84,120.06,8632.9,voter pd share
9089,block_0730,DPoS,node_0154,7910.78,103.25,8014.03,voter pd share
9090,block_0730,DPoS,node_0173,5214.41,76.33,5290.73,voter pd share
9091,block_0730,DPoS,node_0279,2123.85,29.51,2153.36,voter pd share
9092,block_0730,DPoS,node_0331,579.38,4.07,583.45,voter pd share
9093,block_0730,DPoS,node_0414,7675.07,100.12,7775.19,voter pd share
9094,block_0730,DPoS,node_0500,8991.99,266.95,9258.95,self 20% + leftover
9095,block_0731,DPoS,node_0098,10380.29,267.14,10647.43,voter pd share
9096,block_0731,DPoS,node_0210,4006.04,117.42,4123.47,voter pd share
9097,block_0731,DPoS,node_0424,6044.63,152.76,6197.39,voter pd share
9098,block_0731,DPoS,node_0096,3063.68,239.68,3303.36,self 20% + leftover
9099,block_0732,DPoS,node_0189,7505.12,88.0,7593.12,voter pd share
9100,block_0732,DPoS,node_0192,13693.99,148.97,13842.96,voter pd share
9101,block_0732,DPoS,node_0413,7982.52,94.33,8076.85,voter pd share
9102,block_0732,DPoS,node_0280,10704.37,218.7,10923.07,self 20% + leftover
9103,block_0733,DPoS,node_0099,780.66,22.72,803.37,voter pd share
9104,block_0733,DPoS,node_0267,9668.68,225.43,9894.11,voter pd share
9105,block_0733,DPoS,node_0289,5821.99,149.19,5971.18,voter pd share
9106,block_0733,DPoS,node_0391,5386.92,132.23,5519.15,voter pd share
9107,block_0733,DPoS,node_0001,1490.49,190.43,1680.92,self 20% + leftover
9108,block_0734,DPoS,node_0008,331.98,2.45,334.43,voter pd share
9109,block_0734,DPoS,node_0039,5412.99,48.49,5461.47,voter pd share
9110,block_0734,DPoS,node_0044,11040.84,133.66,11174.5,voter pd share
9111,block_0734,DPoS,node_0231,10610.42,129.54,10739.96,voter pd share
9112,block_0734,DPoS,node_0301,99.76,8.0,107.76,voter pd share
9113,block_0734,DPoS,node_0322,10515.61,222.86,10738.47,self 20% + leftover
9114,block_0735,DPoS,node_0058,5265.66,77.93,5343.59,voter pd share
9115,block_0735,DPoS,node_0191,12646.67,186.7,12833.37,voter pd share
9116,block_0735,DPoS,node_0343,12891.33,181.04,13072.38,voter pd share
9117,block_0735,DPoS,node_0495,7217.29,228.33,7445.61,self 20% + leftover
9118,block_0736,DPoS,node_0243,5844.53,54.6,5899.12,voter pd share
9119,block_0736,DPoS,node_0416,9144.44,103.84,9248.28,voter pd share
9120,block_0736,DPoS,node_0445,9863.63,110.73,9974.36,voter pd share
9121,block_0736,DPoS,node_0488,7636.55,85.36,7721.9,voter pd share
9122,block_0736,DPoS,node_0381,6235.82,171.48,6407.3,self 20% + leftover
9123,block_0737,DPoS,node_0168,11044.09,191.78,11235.87,voter pd share
9124,block_0737,DPoS,node_0360,817.94,23.2,841.15,voter pd share
9125,block_0737,DPoS,node_0377,8686.61,145.14,8831.75,voter pd share
9126,block_0737,DPoS,node_0456,6366.9,102.41,6469.31,voter pd share
9127,block_0737,DPoS,node_0486,8629.51,271.47,8900.98,self 20% + leftover
9128,block_0738,DPoS,node_0060,11656.0,218.07,11874.07,voter pd share
9129,block_0738,DPoS,node_0109,490.98,7.87,498.85,voter pd share
9130,block_0738,DPoS,node_0286,726.88,15.5,742.39,voter pd share
9131,block_0738,DPoS,node_0436,6688.76,115.03,6803.8,voter pd share
9132,block_0738,DPoS,node_0166,6811.03,242.52,7053.55,self 20% + leftover
9133,block_0739,DPoS,node_0216,3470.1,52.58,3522.67,voter pd share
9134,block_0739,DPoS,node_0352,12038.63,194.37,12233.0,voter pd share
9135,block_0739,DPoS,node_0354,6505.67,112.42,6618.09,voter pd share
9136,block_0739,DPoS,node_0499,5445.9,85.86,5531.76,voter pd share
9137,block_0739,DPoS,node_0263,7873.63,271.77,8145.41,self 20% + leftover
9138,block_0740,DPoS,node_0133,7825.0,124.8,7949.81,voter pd share
9139,block_0740,DPoS,node_0296,1349.58,35.43,1385.02,voter pd share
9140,block_0740,DPoS,node_0397,5028.58,101.66,5130.23,voter pd share
9141,block_0740,DPoS,node_0474,5942.68,103.85,6046.52,voter pd share
9142,block_0740,DPoS,node_0483,6539.28,109.16,6648.44,voter pd share
9143,block_0740,DPoS,node_0170,7416.12,298.1,7714.22,self 20% + leftover
9144,block_0741,DPoS,node_0021,1568.07,30.71,1598.78,voter pd share
9145,block_0741,DPoS,node_0281,9396.15,168.35,9564.5,voter pd share
9146,block_0741,DPoS,node_0325,9594.03,161.34,9755.37,voter pd share
9147,block_0741,DPoS,node_0346,4049.12,77.16,4126.28,voter pd share
9148,block_0741,DPoS,node_0446,4885.54,79.73,4965.27,voter pd share
9149,block_0741,DPoS,node_0327,3975.1,214.71,4189.81,self 20% + leftover
9150,block_0742,DPoS,node_0035,6352.19,122.46,6474.65,voter pd share
9151,block_0742,DPoS,node_0091,1181.78,30.35,1212.13,voter pd share
9152,block_0742,DPoS,node_0137,6515.81,120.19,6636.0,voter pd share
9153,block_0742,DPoS,node_0181,2548.03,62.02,2610.05,voter pd share
9154,block_0742,DPoS,node_0320,2508.77,42.08,2550.85,voter pd share
9155,block_0742,DPoS,node_0359,1871.7,39.2,1910.9,voter pd share
9156,block_0742,DPoS,node_0277,10955.8,346.7,11302.49,self 20% + leftover
9157,block_0743,DPoS,node_0035,6474.65,124.23,6598.88,voter pd share
9158,block_0743,DPoS,node_0091,1219.13,30.79,1249.92,voter pd share
9159,block_0743,DPoS,node_0137,6617.0,121.92,6738.92,voter pd share
9160,block_0743,DPoS,node_0181,2605.05,62.91,2667.97,voter pd share
9161,block_0743,DPoS,node_0320,2496.85,42.69,2539.54,voter pd share
9162,block_0743,DPoS,node_0359,1874.9,39.76,1914.66,voter pd share
9163,block_0743,DPoS,node_0277,11388.49,351.7,11740.19,self 20% + leftover
9164,block_0744,DPoS,node_0073,4143.82,77.48,4221.3,voter pd share
9165,block_0744,DPoS,node_0403,5894.96,110.1,6005.07,voter pd share
9166,block_0744,DPoS,node_0480,9469.32,163.32,9632.64,voter pd share
9167,block_0744,DPoS,node_0211,10666.0,322.1,10988.11,self 20% + leftover
9168,block_0745,DPoS,node_0290,8025.24,135.48,8160.72,voter pd share
9169,block_0745,DPoS,node_0355,256.3,3.99,260.3,voter pd share
9170,block_0745,DPoS,node_0443,5711.1,113.92,5825.02,voter pd share
9171,block_0745,DPoS,node_0450,6057.14,101.21,6158.35,voter pd share
9172,block_0745,DPoS,node_0330,9519.71,283.39,9803.1,self 20% + leftover
9173,block_0746,DPoS,node_0010,4514.48,93.64,4608.12,voter pd share
9174,block_0746,DPoS,node_0012,5929.26,116.34,6045.6,voter pd share
9175,block_0746,DPoS,node_0169,4489.84,76.76,4566.59,voter pd share
9176,block_0746,DPoS,node_0285,7143.68,143.79,7287.47,voter pd share
9177,block_0746,DPoS,node_0461,4424.2,216.48,4640.68,self 20% + leftover
9178,block_0747,DPoS,node_0147,8739.86,186.62,8926.48,voter pd share
9179,block_0747,DPoS,node_0316,11884.65,252.7,12137.35,voter pd share
9180,block_0747,DPoS,node_0440,9761.4,336.68,10098.08,self 20% + leftover
9181,block_0748,DPoS,node_0112,824.07,35.87,859.94,voter pd share
9182,block_0748,DPoS,node_0136,9950.24,197.92,10148.17,voter pd share
9183,block_0748,DPoS,node_0241,6100.95,127.28,6228.23,voter pd share
9184,block_0748,DPoS,node_0201,10521.52,334.92,10856.44,self 20% + leftover
9185,block_0749,DPoS,node_0383,9018.21,181.26,9199.47,voter pd share
9186,block_0749,DPoS,node_0479,11093.4,232.61,11326.01,voter pd share
9187,block_0749,DPoS,node_0356,8088.8,309.14,8397.93,self 20% + leftover
9188,block_0750,DPoS,node_0048,8039.13,167.9,8207.03,voter pd share
9189,block_0750,DPoS,node_0239,9032.09,207.75,9239.84,voter pd share
9190,block_0750,DPoS,node_0254,9324.05,209.34,9533.39,voter pd share
9191,block_0750,DPoS,node_0452,692.06,2.99,695.05,voter pd share
9192,block_0750,DPoS,node_0199,1193.74,163.02,1356.76,self 20% + leftover
9193,block_0751,DPoS,node_0056,11372.27,103.61,11475.88,voter pd share
9194,block_0751,DPoS,node_0075,5377.08,48.62,5425.7,voter pd share
9195,block_0751,DPoS,node_0106,10178.15,96.69,10274.84,voter pd share
9196,block_0751,DPoS,node_0141,10553.49,82.72,10636.21,voter pd share
9197,block_0751,DPoS,node_0146,2120.02,27.23,2147.24,voter pd share
9198,block_0751,DPoS,node_0161,5955.14,57.36,6012.5,voter pd share
9199,block_0751,DPoS,node_0406,3778.41,33.43,3811.84,voter pd share
9200,block_0751,DPoS,node_0428,3843.87,43.65,3887.53,voter pd share
9201,block_0751,DPoS,node_0467,4695.09,43.92,4739.0,voter pd share
9202,block_0751,DPoS,node_0104,9728.98,237.76,9966.74,self 20% + leftover
9203,block_0752,DPoS,node_0016,944.25,20.92,965.17,voter pd share
9204,block_0752,DPoS,node_0159,4428.64,89.84,4518.48,voter pd share
9205,block_0752,DPoS,node_0294,8512.0,155.55,8667.55,voter pd share
9206,block_0752,DPoS,node_0238,11451.82,362.69,11814.51,self 20% + leftover
9207,block_0753,DPoS,node_0134,4528.87,110.92,4639.8,voter pd share
9208,block_0753,DPoS,node_0284,2441.0,28.27,2469.27,voter pd share
9209,block_0753,DPoS,node_0305,3083.0,60.15,3143.15,voter pd share
9210,block_0753,DPoS,node_0312,1336.76,41.3,1378.06,voter pd share
9211,block_0753,DPoS,node_0487,5257.0,125.15,5382.15,voter pd share
9212,block_0753,DPoS,node_0219,5398.05,246.2,5644.25,self 20% + leftover
9213,block_0754,DPoS,node_0009,7235.57,59.21,7294.78,voter pd share
9214,block_0754,DPoS,node_0193,9199.8,78.81,9278.6,voter pd share
9215,block_0754,DPoS,node_0204,4546.26,38.83,4585.09,voter pd share
9216,block_0754,DPoS,node_0235,7937.22,69.25,8006.47,voter pd share
9217,block_0754,DPoS,node_0245,1185.35,9.13,1194.48,voter pd share
9218,block_0754,DPoS,node_0295,7237.58,65.22,7302.8,voter pd share
9219,block_0754,DPoS,node_0389,5802.63,49.64,5852.27,voter pd share
9220,block_0754,DPoS,node_0472,12201.2,216.92,12418.12,self 20% + leftover
9221,block_0755,DPoS,node_0086,3426.35,40.6,3466.95,voter pd share
9222,block_0755,DPoS,node_0094,9368.46,124.94,9493.4,voter pd share
9223,block_0755,DPoS,node_0171,9136.91,114.25,9251.16,voter pd share
9224,block_0755,DPoS,node_0183,9634.16,111.54,9745.71,voter pd share
9225,block_0755,DPoS,node_0339,6187.48,73.38,6260.86,voter pd share
9226,block_0755,DPoS,node_0394,1019.94,20.0,1039.94,voter pd share
9227,block_0755,DPoS,node_0429,1560.36,12.96,1573.32,voter pd share
9228,block_0755,DPoS,node_0036,11147.19,278.32,11425.52,self 20% + leftover
9229,block_0756,DPoS,node_0026,2674.5,46.09,2720.6,voter pd share
9230,block_0756,DPoS,node_0067,11566.91,134.45,11701.36,voter pd share
9231,block_0756,DPoS,node_0115,8653.13,104.22,8757.35,voter pd share
9232,block_0756,DPoS,node_0236,1409.5,18.02,1427.52,voter pd share
9233,block_0756,DPoS,node_0307,4483.11,57.6,4540.71,voter pd share
9234,block_0756,DPoS,node_0309,3494.97,44.98,3539.96,voter pd share
9235,block_0756,DPoS,node_0326,2594.29,33.28,2627.57,voter pd share
9236,block_0756,DPoS,node_0328,348.25,6.28,354.53,voter pd share
9237,block_0756,DPoS,node_0358,11034.75,273.08,11307.83,self 20% + leftover
9238,block_0757,DPoS,node_0055,2532.97,47.86,2580.82,voter pd share
9239,block_0757,DPoS,node_0097,8949.46,104.74,9054.2,voter pd share
9240,block_0757,DPoS,node_0157,8396.48,102.88,8499.36,voter pd share
9241,block_0757,DPoS,node_0341,2763.5,32.89,2796.39,voter pd share
9242,block_0757,DPoS,node_0459,5199.78,72.48,5272.25,voter pd share
9243,block_0757,DPoS,node_0476,8297.36,95.83,8393.19,voter pd share
9244,block_0757,DPoS,node_0311,12723.31,312.33,13035.64,self 20% + leftover
9245,block_0758,DPoS,node_0037,1130.49,0.79,1131.29,voter pd share
9246,block_0758,DPoS,node_0145,5961.69,56.01,6017.7,voter pd share
9247,block_0758,DPoS,node_0179,6620.04,63.71,6683.75,voter pd share
9248,block_0758,DPoS,node_0196,13179.54,134.53,13314.06,voter pd share
9249,block_0758,DPoS,node_0242,143.79,7.37,151.17,voter pd share
9250,block_0758,DPoS,node_0310,4615.62,43.24,4658.87,voter pd share
9251,block_0758,DPoS,node_0432,6812.04,70.21,6882.25,voter pd share
9252,block_0758,DPoS,node_0093,9761.33,216.13,9977.46,self 20% + leftover
9253,block_0759,DPoS,node_0087,5350.96,63.3,5414.26,voter pd share
9254,block_0759,DPoS,node_0303,11494.82,162.38,11657.2,voter pd share
9255,block_0759,DPoS,node_0374,9553.91,149.41,9703.32,voter pd share
9256,block_0759,DPoS,node_0390,3631.27,52.11,3683.38,voter pd share
9257,block_0759,DPoS,node_0408,6278.57,87.08,6365.65,voter pd share
9258,block_0759,DPoS,node_0373,8280.3,262.72,8543.02,self 20% + leftover
9259,block_0760,DPoS,node_0088,4993.3,63.7,5057.0,voter pd share
9260,block_0760,DPoS,node_0149,8234.9,121.95,8356.85,voter pd share
9261,block_0760,DPoS,node_0154,8013.03,104.88,8117.9,voter pd share
9262,block_0760,DPoS,node_0173,5563.73,77.53,5641.26,voter pd share
9263,block_0760,DPoS,node_0279,2786.36,29.97,2816.33,voter pd share
9264,block_0760,DPoS,node_0331,199.45,4.13,203.58,voter pd share
9265,block_0760,DPoS,node_0414,7912.19,101.69,8013.88,voter pd share
9266,block_0760,DPoS,node_0500,9035.95,271.15,9307.1,self 20% + leftover
9267,block_0761,DPoS,node_0098,10729.43,265.77,10995.2,voter pd share
9268,block_0761,DPoS,node_0210,4313.47,116.82,4430.28,voter pd share
9269,block_0761,DPoS,node_0424,5946.39,151.97,6098.36,voter pd share
9270,block_0761,DPoS,node_0096,3336.36,238.44,3574.8,self 20% + leftover
9271,block_0762,DPoS,node_0189,7206.12,116.32,7322.44,voter pd share
9272,block_0762,DPoS,node_0192,13796.96,196.91,13993.87,voter pd share
9273,block_0762,DPoS,node_0413,7984.85,124.69,8109.54,voter pd share
9274,block_0762,DPoS,node_0280,10884.07,289.08,11173.15,self 20% + leftover
9275,block_0763,DPoS,node_0099,994.37,19.91,1014.28,voter pd share
9276,block_0763,DPoS,node_0267,9424.11,197.57,9621.68,voter pd share
9277,block_0763,DPoS,node_0289,5931.18,130.75,6061.93,voter pd share
9278,block_0763,DPoS,node_0391,5403.15,115.89,5519.03,voter pd share
9279,block_0763,DPoS,node_0001,1864.92,166.89,2031.81,self 20% + leftover
9280,block_0764,DPoS,node_0008,430.43,3.46,433.89,voter pd share
9281,block_0764,DPoS,node_0039,5564.47,68.5,5632.98,voter pd share
9282,block_0764,DPoS,node_0044,10966.5,188.85,11155.35,voter pd share
9283,block_0764,DPoS,node_0231,10750.96,183.02,10933.98,voter pd share
9284,block_0764,DPoS,node_0301,343.76,11.3,355.07,voter pd share
9285,block_0764,DPoS,node_0322,10814.47,314.86,11129.33,self 20% + leftover
9286,block_0765,DPoS,node_0058,5704.59,84.86,5789.45,voter pd share
9287,block_0765,DPoS,node_0191,12909.37,203.32,13112.7,voter pd share
9288,block_0765,DPoS,node_0343,13090.38,197.16,13287.54,voter pd share
9289,block_0765,DPoS,node_0495,7387.61,248.65,7636.26,self 20% + leftover
9290,block_0766,DPoS,node_0243,5587.12,72.35,5659.47,voter pd share
9291,block_0766,DPoS,node_0416,9079.28,137.59,9216.87,voter pd share
9292,block_0766,DPoS,node_0445,9809.36,146.73,9956.09,voter pd share
9293,block_0766,DPoS,node_0488,7778.9,113.1,7892.01,voter pd share
9294,block_0766,DPoS,node_0381,6098.3,227.23,6325.53,self 20% + leftover
9295,block_0767,DPoS,node_0168,11278.87,159.38,11438.25,voter pd share
9296,block_0767,DPoS,node_0360,985.15,19.28,1004.43,voter pd share
9297,block_0767,DPoS,node_0377,8807.75,120.62,8928.37,voter pd share
9298,block_0767,DPoS,node_0456,6294.31,85.11,6379.42,voter pd share
9299,block_0767,DPoS,node_0486,9242.98,225.61,9468.59,self 20% + leftover
9300,block_0768,DPoS,node_0060,11631.07,192.95,11824.02,voter pd share
9301,block_0768,DPoS,node_0109,572.85,6.97,579.82,voter pd share
9302,block_0768,DPoS,node_0286,903.39,13.72,917.1,voter pd share
9303,block_0768,DPoS,node_0436,7224.8,101.78,7326.58,voter pd share
9304,block_0768,DPoS,node_0166,7263.55,214.58,7478.13,self 20% + leftover
9305,block_0769,DPoS,node_0216,3429.67,56.54,3486.21,voter pd share
9306,block_0769,DPoS,node_0352,11952.0,209.01,12161.01,voter pd share
9307,block_0769,DPoS,node_0354,6318.09,120.89,6438.98,voter pd share
9308,block_0769,DPoS,node_0499,5414.76,92.32,5507.08,voter pd share
9309,block_0769,DPoS,node_0263,8028.41,292.24,8320.65,self 20% + leftover
9310,block_0770,DPoS,node_0133,7825.81,101.23,7927.04,voter pd share
9311,block_0770,DPoS,node_0296,1273.02,28.74,1301.76,voter pd share
9312,block_0770,DPoS,node_0397,4724.23,82.46,4806.69,voter pd share
9313,block_0770,DPoS,node_0474,5419.52,84.23,5503.76,voter pd share
9314,block_0770,DPoS,node_0483,6576.44,88.54,6664.99,voter pd share
9315,block_0770,DPoS,node_0170,7513.22,241.79,7755.01,self 20% + leftover
9316,block_0771,DPoS,node_0021,1182.78,30.29,1213.06,voter pd share
9317,block_0771,DPoS,node_0281,9952.5,166.05,10118.56,voter pd share
9318,block_0771,DPoS,node_0325,9874.37,159.14,10033.5,voter pd share
9319,block_0771,DPoS,node_0346,3965.28,76.1,4041.38,voter pd share
9320,block_0771,DPoS,node_0446,4696.27,78.64,4774.91,voter pd share
9321,block_0771,DPoS,node_0327,4326.81,211.78,4538.58,self 20% + leftover
9322,block_0772,DPoS,node_0003,12784.23,231.89,13016.11,voter pd share
9323,block_0772,DPoS,node_0427,1650.44,14.93,1665.38,voter pd share
9324,block_0772,DPoS,node_0447,10038.04,193.5,10231.54,voter pd share
9325,block_0772,DPoS,node_0045,974.0,125.68,1099.68,self 20% + leftover
9326,block_0773,DPoS,node_0035,6730.88,88.76,6819.64,voter pd share
9327,block_0773,DPoS,node_0091,1353.92,22.0,1375.91,voter pd share
9328,block_0773,DPoS,node_0137,6975.92,87.11,7063.03,voter pd share
9329,block_0773,DPoS,node_0181,2665.97,44.95,2710.92,voter pd share
9330,block_0773,DPoS,node_0320,2515.54,30.5,2546.04,voter pd share
9331,block_0773,DPoS,node_0359,1525.66,28.41,1554.07,voter pd share
9332,block_0773,DPoS,node_0277,11673.19,251.28,11924.46,self 20% + leftover
9333,block_0774,DPoS,node_0073,4261.3,89.11,4350.41,voter pd share
9334,block_0774,DPoS,node_0403,6077.07,126.63,6203.69,voter pd share
9335,block_0774,DPoS,node_0480,9270.64,187.82,9458.46,voter pd share
9336,block_0774,DPoS,node_0211,11282.11,370.44,11652.55,self 20% + leftover
9337,block_0775,DPoS,node_0290,8305.72,162.88,8468.6,voter pd share
9338,block_0775,DPoS,node_0355,58.3,4.8,63.09,voter pd share
9339,block_0775,DPoS,node_0443,6009.02,136.96,6145.98,voter pd share
9340,block_0775,DPoS,node_0450,6040.35,121.67,6162.02,voter pd share
9341,block_0775,DPoS,node_0330,9662.1,340.69,10002.8,self 20% + leftover
9342,block_0776,DPoS,node_0010,4444.12,80.18,4524.3,voter pd share
9343,block_0776,DPoS,node_0012,6155.6,99.61,6255.21,voter pd share
9344,block_0776,DPoS,node_0169,4586.59,65.72,4652.32,voter pd share
9345,block_0776,DPoS,node_0285,7371.47,123.12,7494.59,voter pd share
9346,block_0776,DPoS,node_0461,4589.68,185.36,4775.04,self 20% + leftover
9347,block_0777,DPoS,node_0147,8651.48,128.42,8779.91,voter pd share
9348,block_0777,DPoS,node_0316,11923.35,173.89,12097.24,voter pd share
9349,block_0777,DPoS,node_0440,9740.08,231.68,9971.76,self 20% + leftover
9350,block_0778,DPoS,node_0112,962.94,33.09,996.03,voter pd share
9351,block_0778,DPoS,node_0136,10230.17,182.57,10412.74,voter pd share
9352,block_0778,DPoS,node_0241,5980.23,117.4,6097.64,voter pd share
9353,block_0778,DPoS,node_0201,10283.44,308.94,10592.38,self 20% + leftover
9354,block_0779,DPoS,node_0383,8965.47,188.53,9153.99,voter pd share
9355,block_0779,DPoS,node_0479,10864.01,241.94,11105.94,voter pd share
9356,block_0779,DPoS,node_0356,8460.93,321.54,8782.47,self 20% + leftover
9357,block_0780,DPoS,node_0048,8540.03,135.93,8675.96,voter pd share
9358,block_0780,DPoS,node_0239,9039.84,168.19,9208.03,voter pd share
9359,block_0780,DPoS,node_0254,8832.39,169.48,9001.87,voter pd share
9360,block_0780,DPoS,node_0452,661.05,2.42,663.47,voter pd share
9361,block_0780,DPoS,node_0199,1549.76,131.98,1681.74,self 20% + leftover
9362,block_0781,DPoS,node_0056,11447.88,77.14,11525.02,voter pd share
9363,block_0781,DPoS,node_0075,5379.7,36.2,5415.9,voter pd share
9364,block_0781,DPoS,node_0106,10501.84,71.99,10573.83,voter pd share
9365,block_0781,DPoS,node_0141,10754.21,61.59,10815.8,voter pd share
9366,block_0781,DPoS,node_0146,1934.24,20.27,1954.51,voter pd share
9367,block_0781,DPoS,node_0161,6084.5,42.71,6127.21,voter pd share
9368,block_0781,DPoS,node_0406,3610.84,24.89,3635.73,voter pd share
9369,block_0781,DPoS,node_0428,3610.53,32.5,3643.03,voter pd share
9370,block_0781,DPoS,node_0467,4831.0,32.7,4863.7,voter pd share
9371,block_0781,DPoS,node_0104,9740.74,177.02,9917.76,self 20% + leftover
9372,block_0782,DPoS,node_0016,614.17,23.15,637.33,voter pd share
9373,block_0782,DPoS,node_0159,4496.48,99.41,4595.89,voter pd share
9374,block_0782,DPoS,node_0294,8944.55,172.12,9116.67,voter pd share
9375,block_0782,DPoS,node_0238,11816.51,401.32,12217.83,self 20% + leftover
9376,block_0783,DPoS,node_0134,4617.8,120.17,4737.96,voter pd share
9377,block_0783,DPoS,node_0284,2688.27,30.62,2718.89,voter pd share
9378,block_0783,DPoS,node_0305,2664.15,65.17,2729.32,voter pd share
9379,block_0783,DPoS,node_0312,1277.06,44.74,1321.81,voter pd share
9380,block_0783,DPoS,node_0487,5029.15,135.58,5164.73,voter pd share
9381,block_0783,DPoS,node_0219,5567.25,266.72,5833.98,self 20% + leftover
9382,block_0784,DPoS,node_0009,6949.78,58.0,7007.78,voter pd share
9383,block_0784,DPoS,node_0193,8892.6,77.2,8969.8,voter pd share
9384,block_0784,DPoS,node_0204,4738.09,38.04,4776.13,voter pd share
9385,block_0784,DPoS,node_0235,7963.47,67.83,8031.3,voter pd share
9386,block_0784,DPoS,node_0245,1087.48,8.94,1096.42,voter pd share
9387,block_0784,DPoS,node_0295,7402.8,63.89,7466.69,voter pd share
9388,block_0784,DPoS,node_0389,5888.27,48.62,5936.9,voter pd share
9389,block_0784,DPoS,node_0472,12877.12,212.49,13089.61,self 20% + leftover
9390,block_0785,DPoS,node_0026,2687.6,39.48,2727.08,voter pd share
9391,block_0785,DPoS,node_0067,11200.36,115.16,11315.52,voter pd share
9392,block_0785,DPoS,node_0115,8866.35,89.27,8955.62,voter pd share
9393,block_0785,DPoS,node_0236,1537.52,15.43,1552.95,voter pd share
9394,block_0785,DPoS,node_0307,4445.71,49.34,4495.05,voter pd share
9395,block_0785,DPoS,node_0309,3062.96,38.53,3101.49,voter pd share
9396,block_0785,DPoS,node_0326,2703.57,28.51,2732.08,voter pd share
9397,block_0785,DPoS,node_0328,116.53,5.38,121.9,voter pd share
9398,block_0785,DPoS,node_0358,10864.83,233.91,11098.73,self 20% + leftover
9399,block_0786,DPoS,node_0026,2678.08,38.13,2716.21,voter pd share
9400,block_0786,DPoS,node_0067,11244.52,111.23,11355.75,voter pd share
9401,block_0786,DPoS,node_0115,8955.62,86.22,9041.84,voter pd share
9402,block_0786,DPoS,node_0236,1586.95,14.91,1601.85,voter pd share
9403,block_0786,DPoS,node_0307,4517.05,47.65,4564.7,voter pd share
9404,block_0786,DPoS,node_0309,3085.49,37.21,3122.7,voter pd share
9405,block_0786,DPoS,node_0326,2712.08,27.53,2739.61,voter pd share
9406,block_0786,DPoS,node_0328,171.9,5.19,177.09,voter pd share
9407,block_0786,DPoS,node_0358,11120.73,225.92,11346.65,self 20% + leftover
9408,block_0787,DPoS,node_0055,2558.82,48.23,2607.05,voter pd share
9409,block_0787,DPoS,node_0097,8686.2,105.55,8791.75,voter pd share
9410,block_0787,DPoS,node_0157,8882.36,103.68,8986.04,voter pd share
9411,block_0787,DPoS,node_0341,3079.39,33.15,3112.54,voter pd share
9412,block_0787,DPoS,node_0459,5224.25,73.04,5297.3,voter pd share
9413,block_0787,DPoS,node_0476,8049.19,96.58,8145.76,voter pd share
9414,block_0787,DPoS,node_0311,12712.64,314.77,13027.41,self 20% + leftover
9415,block_0788,DPoS,node_0037,1399.29,1.03,1400.32,voter pd share
9416,block_0788,DPoS,node_0145,6506.7,72.95,6579.64,voter pd share
9417,block_0788,DPoS,node_0179,6920.75,82.97,7003.73,voter pd share
9418,block_0788,DPoS,node_0196,13635.06,175.21,13810.27,voter pd share
9419,block_0788,DPoS,node_0242,406.17,9.6,415.77,voter pd share
9420,block_0788,DPoS,node_0310,4517.87,56.32,4574.18,voter pd share
9421,block_0788,DPoS,node_0432,6708.25,91.43,6799.69,voter pd share
9422,block_0788,DPoS,node_0093,10144.46,281.48,10425.95,self 20% + leftover
9423,block_0789,DPoS,node_0087,5109.26,44.89,5154.14,voter pd share
9424,block_0789,DPoS,node_0303,11791.2,115.15,11906.34,voter pd share
9425,block_0789,DPoS,node_0374,9761.32,105.95,9867.28,voter pd share
9426,block_0789,DPoS,node_0390,3694.38,36.96,3731.34,voter pd share
9427,block_0789,DPoS,node_0408,6655.65,61.75,6717.4,voter pd share
9428,block_0789,DPoS,node_0373,8333.02,186.3,8519.32,self 20% + leftover
9429,block_0790,DPoS,node_0088,5244.0,50.22,5294.22,voter pd share
9430,block_0790,DPoS,node_0149,8374.85,96.14,8470.99,voter pd share
9431,block_0790,DPoS,node_0154,8067.9,82.68,8150.59,voter pd share
9432,block_0790,DPoS,node_0173,5661.26,61.12,5722.38,voter pd share
9433,block_0790,DPoS,node_0279,2828.33,23.63,2851.96,voter pd share
9434,block_0790,DPoS,node_0331,142.58,3.26,145.84,voter pd share
9435,block_0790,DPoS,node_0414,7938.88,80.17,8019.06,voter pd share
9436,block_0790,DPoS,node_0500,9591.1,213.77,9804.87,self 20% + leftover
9437,block_0791,DPoS,node_0098,10828.2,217.98,11046.18,voter pd share
9438,block_0791,DPoS,node_0210,4282.28,95.81,4378.1,voter pd share
9439,block_0791,DPoS,node_0424,5922.36,124.65,6047.01,voter pd share
9440,block_0791,DPoS,node_0096,3701.8,195.57,3897.37,self 20% + leftover
9441,block_0792,DPoS,node_0189,6945.44,122.72,7068.16,voter pd share
9442,block_0792,DPoS,node_0192,14283.87,207.75,14491.62,voter pd share
9443,block_0792,DPoS,node_0413,7808.54,131.55,7940.09,voter pd share
9444,block_0792,DPoS,node_0280,11511.15,304.99,11816.14,self 20% + leftover
9445,block_0793,DPoS,node_0099,779.28,21.61,800.89,voter pd share
9446,block_0793,DPoS,node_0267,9954.68,214.47,10169.15,voter pd share
9447,block_0793,DPoS,node_0289,5465.93,141.94,5607.88,voter pd share
9448,block_0793,DPoS,node_0391,5513.03,125.8,5638.84,voter pd share
9449,block_0793,DPoS,node_0001,2382.81,181.17,2563.98,self 20% + leftover
9450,block_0794,DPoS,node_0008,159.89,3.47,163.36,voter pd share
9451,block_0794,DPoS,node_0039,5577.98,68.77,5646.75,voter pd share
9452,block_0794,DPoS,node_0044,10954.35,189.58,11143.93,voter pd share
9453,block_0794,DPoS,node_0231,10836.98,183.73,11020.71,voter pd share
9454,block_0794,DPoS,node_0301,33.07,11.35,44.41,voter pd share
9455,block_0794,DPoS,node_0322,11147.33,316.09,11463.42,self 20% + leftover
9456,block_0795,DPoS,node_0119,5780.0,125.94,5905.94,voter pd share
9457,block_0795,DPoS,node_0375,9928.41,239.17,10167.57,voter pd share
9458,block_0795,DPoS,node_0387,8464.32,317.89,8782.2,self 20% + leftover
9459,block_0796,DPoS,node_0243,5725.47,58.23,5783.7,voter pd share
9460,block_0796,DPoS,node_0416,8833.87,110.75,8944.62,voter pd share
9461,block_0796,DPoS,node_0445,9808.09,118.1,9926.19,voter pd share
9462,block_0796,DPoS,node_0488,7721.01,91.03,7812.04,voter pd share
9463,block_0796,DPoS,node_0381,6244.53,182.89,6427.42,self 20% + leftover
9464,block_0797,DPoS,node_0168,11396.25,146.84,11543.09,voter pd share
9465,block_0797,DPoS,node_0360,1240.43,17.77,1258.2,voter pd share
9466,block_0797,DPoS,node_0377,9049.37,111.13,9160.49,voter pd share
9467,block_0797,DPoS,node_0456,6607.42,78.41,6685.84,voter pd share
9468,block_0797,DPoS,node_0486,9381.59,207.86,9589.44,self 20% + leftover
9469,block_0798,DPoS,node_0060,11887.02,202.41,12089.43,voter pd share
9470,block_0798,DPoS,node_0109,534.82,7.31,542.13,voter pd share
9471,block_0798,DPoS,node_0286,839.1,14.39,853.5,voter pd share
9472,block_0798,DPoS,node_0436,7422.58,106.78,7529.36,voter pd share
9473,block_0798,DPoS,node_0166,7639.13,225.11,7864.24,self 20% + leftover
9474,block_0799,DPoS,node_0216,3825.21,51.62,3876.83,voter pd share
9475,block_0799,DPoS,node_0352,12031.01,190.85,12221.86,voter pd share
9476,block_0799,DPoS,node_0354,6197.98,110.38,6308.36,voter pd share
9477,block_0799,DPoS,node_0499,5420.08,84.3,5504.38,voter pd share
9478,block_0799,DPoS,node_0263,8354.65,266.85,8621.49,self 20% + leftover
9479,block_0800,DPoS,node_0133,7814.04,116.25,7930.29,voter pd share
9480,block_0800,DPoS,node_0296,1035.76,33.01,1068.76,voter pd share
9481,block_0800,DPoS,node_0397,4424.69,94.69,4519.37,voter pd share
9482,block_0800,DPoS,node_0474,5502.76,96.73,5599.48,voter pd share
9483,block_0800,DPoS,node_0483,6378.99,101.68,6480.66,voter pd share
9484,block_0800,DPoS,node_0170,7626.01,277.66,7903.67,self 20% + leftover
9485,block_0801,DPoS,node_0021,1350.06,30.62,1380.69,voter pd share
9486,block_0801,DPoS,node_0281,10160.56,167.89,10328.45,voter pd share
9487,block_0801,DPoS,node_0325,9984.5,160.9,10145.4,voter pd share
9488,block_0801,DPoS,node_0346,4218.38,76.95,4295.33,voter pd share
9489,block_0801,DPoS,node_0446,4903.91,79.52,4983.43,voter pd share
9490,block_0801,DPoS,node_0327,4277.58,214.12,4491.7,self 20% + leftover
9491,block_0802,DPoS,node_0003,13150.11,220.82,13370.94,voter pd share
9492,block_0802,DPoS,node_0427,1425.38,14.22,1439.6,voter pd share
9493,block_0802,DPoS,node_0447,9564.54,184.27,9748.81,voter pd share
9494,block_0802,DPoS,node_0045,1174.68,119.69,1294.37,self 20% + leftover
9495,block_0803,DPoS,node_0035,6734.64,118.93,6853.58,voter pd share
9496,block_0803,DPoS,node_0091,1000.91,29.47,1030.38,voter pd share
9497,block_0803,DPoS,node_0137,7058.03,116.72,7174.75,voter pd share
9498,block_0803,DPoS,node_0181,2878.92,60.23,2939.15,voter pd share
9499,block_0803,DPoS,node_0320,2631.04,40.87,2671.92,voter pd share
9500,block_0803,DPoS,node_0359,1631.07,38.07,1669.13,voter pd share
9501,block_0803,DPoS,node_0277,11893.46,336.7,12230.16,self 20% + leftover
9502,block_0804,DPoS,node_0073,4464.41,75.52,4539.93,voter pd share
9503,block_0804,DPoS,node_0403,6556.69,107.32,6664.02,voter pd share
9504,block_0804,DPoS,node_0480,9610.46,159.19,9769.65,voter pd share
9505,block_0804,DPoS,node_0211,11616.55,313.97,11930.51,self 20% + leftover
9506,block_0805,DPoS,node_0290,8578.6,152.68,8731.28,voter pd share
9507,block_0805,DPoS,node_0355,117.09,4.5,121.59,voter pd share
9508,block_0805,DPoS,node_0443,6273.98,128.39,6402.37,voter pd share
9509,block_0805,DPoS,node_0450,6120.02,114.06,6234.08,voter pd share
9510,block_0805,DPoS,node_0330,10067.8,319.37,10387.17,self 20% + leftover
9511,block_0806,DPoS,node_0010,4591.3,97.11,4688.41,voter pd share
9512,block_0806,DPoS,node_0012,6358.21,120.65,6478.86,voter pd share
9513,block_0806,DPoS,node_0169,4932.32,79.6,5011.92,voter pd share
9514,block_0806,DPoS,node_0285,7186.59,149.12,7335.71,voter pd share
9515,block_0806,DPoS,node_0461,4690.04,224.51,4914.55,self 20% + leftover
9516,block_0807,DPoS,node_0147,8374.91,144.3,8519.2,voter pd share
9517,block_0807,DPoS,node_0316,12321.24,195.39,12516.63,voter pd share
9518,block_0807,DPoS,node_0440,9713.76,260.32,9974.08,self 20% + leftover
9519,block_0808,DPoS,node_0112,1119.03,38.91,1157.94,voter pd share
9520,block_0808,DPoS,node_0136,10478.74,214.7,10693.44,voter pd share
9521,block_0808,DPoS,node_0241,6402.64,138.07,6540.7,voter pd share
9522,block_0808,DPoS,node_0201,10333.38,363.31,10696.69,self 20% + leftover
9523,block_0809,DPoS,node_0383,9056.99,140.39,9197.38,voter pd share
9524,block_0809,DPoS,node_0479,10939.94,180.17,11120.11,voter pd share
9525,block_0809,DPoS,node_0356,8610.47,239.44,8849.92,self 20% + leftover
9526,block_0810,DPoS,node_0048,8977.96,134.81,9112.77,voter pd share
9527,block_0810,DPoS,node_0239,9210.03,166.81,9376.84,voter pd share
9528,block_0810,DPoS,node_0254,8802.87,168.09,8970.95,voter pd share
9529,block_0810,DPoS,node_0452,328.47,2.4,330.87,voter pd share
9530,block_0810,DPoS,node_0199,1718.74,130.89,1849.63,self 20% + leftover
9531,block_0811,DPoS,node_0056,11922.02,86.63,12008.66,voter pd share
9532,block_0811,DPoS,node_0075,5534.9,40.66,5575.56,voter pd share
9533,block_0811,DPoS,node_0106,10377.83,80.85,10458.67,voter pd share
9534,block_0811,DPoS,node_0141,10739.8,69.17,10808.96,voter pd share
9535,block_0811,DPoS,node_0146,1783.51,22.76,1806.27,voter pd share
9536,block_0811,DPoS,node_0161,6515.21,47.96,6563.17,voter pd share
9537,block_0811,DPoS,node_0406,3893.73,27.95,3921.68,voter pd share
9538,block_0811,DPoS,node_0428,3751.03,36.5,3787.53,voter pd share
9539,block_0811,DPoS,node_0467,5145.7,36.72,5182.42,voter pd share
9540,block_0811,DPoS,node_0104,9754.76,198.8,9953.56,self 20% + leftover
9541,block_0812,DPoS,node_0016,301.33,25.51,326.84,voter pd share
9542,block_0812,DPoS,node_0159,4451.89,109.55,4561.44,voter pd share
9543,block_0812,DPoS,node_0294,9311.67,189.68,9501.35,voter pd share
9544,block_0812,DPoS,node_0238,12334.83,442.26,12777.08,self 20% + leftover
9545,block_0813,DPoS,node_0134,4743.96,105.3,4849.26,voter pd share
9546,block_0813,DPoS,node_0284,2731.89,26.84,2758.73,voter pd share
9547,block_0813,DPoS,node_0305,3057.32,57.11,3114.43,voter pd share
9548,block_0813,DPoS,node_0312,1662.81,39.21,1702.02,voter pd share
9549,block_0813,DPoS,node_0487,5225.73,118.81,5344.54,voter pd share
9550,block_0813,DPoS,node_0219,5477.98,233.73,5711.71,self 20% + leftover
9551,block_0814,DPoS,node_0009,6927.78,78.07,7005.86,voter pd share
9552,block_0814,DPoS,node_0193,9322.8,103.91,9426.71,voter pd share
9553,block_0814,DPoS,node_0204,4791.13,51.2,4842.33,voter pd share
9554,block_0814,DPoS,node_0235,8388.3,91.31,8479.6,voter pd share
9555,block_0814,DPoS,node_0245,1002.42,12.03,1014.45,voter pd share
9556,block_0814,DPoS,node_0295,7402.69,86.0,7488.69,voter pd share
9557,block_0814,DPoS,node_0389,6152.9,65.45,6218.35,voter pd share
9558,block_0814,DPoS,node_0472,12933.61,286.02,13219.63,self 20% + leftover
9559,block_0815,DPoS,node_0011,13.61,3.77,17.38,voter pd share
9560,block_0815,DPoS,node_0076,5220.32,131.34,5351.66,voter pd share
9561,block_0815,DPoS,node_0188,3661.0,71.42,3732.42,voter pd share
9562,block_0815,DPoS,node_0266,6240.7,147.24,6387.94,voter pd share
9563,block_0815,DPoS,node_0388,7381.06,153.19,7534.25,voter pd share
9564,block_0815,DPoS,node_0237,607.94,132.04,739.98,self 20% + leftover
9565,block_0816,DPoS,node_0026,2696.21,43.4,2739.61,voter pd share
9566,block_0816,DPoS,node_0067,11453.75,126.58,11580.33,voter pd share
9567,block_0816,DPoS,node_0115,9248.84,98.13,9346.97,voter pd share
9568,block_0816,DPoS,node_0236,1006.85,16.96,1023.82,voter pd share
9569,block_0816,DPoS,node_0307,4540.7,54.23,4594.93,voter pd share
9570,block_0816,DPoS,node_0309,2998.7,42.35,3041.05,voter pd share
9571,block_0816,DPoS,node_0326,2520.61,31.34,2551.95,voter pd share
9572,block_0816,DPoS,node_0328,354.09,5.91,360.0,voter pd share
9573,block_0816,DPoS,node_0358,11608.65,257.11,11865.76,self 20% + leftover
9574,block_0817,DPoS,node_0055,2094.05,37.15,2131.2,voter pd share
9575,block_0817,DPoS,node_0097,8612.75,81.31,8694.06,voter pd share
9576,block_0817,DPoS,node_0157,8652.04,79.87,8731.91,voter pd share
9577,block_0817,DPoS,node_0341,2617.54,25.53,2643.07,voter pd share
9578,block_0817,DPoS,node_0459,5596.3,56.27,5652.57,voter pd share
9579,block_0817,DPoS,node_0476,7451.76,74.39,7526.16,voter pd share
9580,block_0817,DPoS,node_0311,13339.41,242.47,13581.88,self 20% + leftover
9581,block_0818,DPoS,node_0037,1025.32,1.04,1026.36,voter pd share
9582,block_0818,DPoS,node_0145,6885.64,73.32,6958.97,voter pd share
9583,block_0818,DPoS,node_0179,6919.73,83.4,7003.13,voter pd share
9584,block_0818,DPoS,node_0196,13565.27,176.12,13741.39,voter pd share
9585,block_0818,DPoS,node_0242,477.77,9.65,487.42,voter pd share
9586,block_0818,DPoS,node_0310,4563.18,56.61,4619.8,voter pd share
9587,block_0818,DPoS,node_0432,6294.69,91.91,6386.6,voter pd share
9588,block_0818,DPoS,node_0093,10341.95,282.94,10624.89,self 20% + leftover
9589,block_0819,DPoS,node_0087,5324.14,62.64,5386.79,voter pd share
9590,block_0819,DPoS,node_0303,11970.34,160.71,12131.05,voter pd share
9591,block_0819,DPoS,node_0374,9594.28,147.88,9742.15,voter pd share
9592,block_0819,DPoS,node_0390,3166.34,51.58,3217.92,voter pd share
9593,block_0819,DPoS,node_0408,6698.4,86.18,6784.58,voter pd share
9594,block_0819,DPoS,node_0373,8657.32,260.01,8917.34,self 20% + leftover
9595,block_0820,DPoS,node_0088,5621.22,54.25,5675.47,voter pd share
9596,block_0820,DPoS,node_0149,8293.99,103.85,8397.85,voter pd share
9597,block_0820,DPoS,node_0154,8183.59,89.31,8272.9,voter pd share
9598,block_0820,DPoS,node_0173,5123.38,66.02,5189.4,voter pd share
9599,block_0820,DPoS,node_0279,2893.96,25.53,2919.49,voter pd share
9600,block_0820,DPoS,node_0331,468.84,3.52,472.35,voter pd share
9601,block_0820,DPoS,node_0414,7899.06,86.6,7985.66,voter pd share
9602,block_0820,DPoS,node_0500,10213.87,230.92,10444.79,self 20% + leftover
9603,block_0821,DPoS,node_0098,11479.18,266.8,11745.98,voter pd share
9604,block_0821,DPoS,node_0210,4175.1,117.27,4292.37,voter pd share
9605,block_0821,DPoS,node_0424,6004.01,152.56,6156.57,voter pd share
9606,block_0821,DPoS,node_0096,4066.37,239.37,4305.73,self 20% + leftover
9607,block_0822,DPoS,node_0189,6967.16,97.28,7064.44,voter pd share
9608,block_0822,DPoS,node_0192,14514.62,164.68,14679.3,voter pd share
9609,block_0822,DPoS,node_0413,7831.09,104.28,7935.36,voter pd share
9610,block_0822,DPoS,node_0280,11900.14,241.76,12141.9,self 20% + leftover
9611,block_0823,DPoS,node_0099,868.89,20.57,889.47,voter pd share
9612,block_0823,DPoS,node_0267,9964.15,204.14,10168.29,voter pd share
9613,block_0823,DPoS,node_0289,5482.88,135.1,5617.98,voter pd share
9614,block_0823,DPoS,node_0391,5307.84,119.74,5427.58,voter pd share
9615,block_0823,DPoS,node_0001,2214.98,172.44,2387.42,self 20% + leftover
9616,block_0824,DPoS,node_0008,294.36,2.99,297.36,voter pd share
9617,block_0824,DPoS,node_0039,5423.75,59.25,5483.0,voter pd share
9618,block_0824,DPoS,node_0044,11405.93,163.34,11569.27,voter pd share
9619,block_0824,DPoS,node_0231,11115.71,158.3,11274.01,voter pd share
9620,block_0824,DPoS,node_0301,69.41,9.78,79.19,voter pd share
9621,block_0824,DPoS,node_0322,11802.42,272.34,12074.76,self 20% + leftover
9622,block_0825,DPoS,node_0119,6000.94,137.38,6138.32,voter pd share
9623,block_0825,DPoS,node_0375,9962.57,260.88,10223.45,voter pd share
9624,block_0825,DPoS,node_0387,8782.2,346.75,9128.95,self 20% + leftover
9625,block_0826,DPoS,node_0243,5243.7,61.14,5304.83,voter pd share
9626,block_0826,DPoS,node_0416,9273.62,116.27,9389.89,voter pd share
9627,block_0826,DPoS,node_0445,10336.19,123.99,10460.18,voter pd share
9628,block_0826,DPoS,node_0488,7729.04,95.58,7824.62,voter pd share
9629,block_0826,DPoS,node_0381,6711.42,192.02,6903.44,self 20% + leftover
9630,block_0827,DPoS,node_0060,12287.43,281.78,12569.21,voter pd share
9631,block_0827,DPoS,node_0109,302.13,10.18,312.31,voter pd share
9632,block_0827,DPoS,node_0286,655.5,20.03,675.53,voter pd share
9633,block_0827,DPoS,node_0436,7555.36,148.64,7704.0,voter pd share
9634,block_0827,DPoS,node_0166,8162.24,313.37,8475.62,self 20% + leftover
9635,block_0828,DPoS,node_0060,12492.21,271.22,12763.43,voter pd share
9636,block_0828,DPoS,node_0109,298.31,9.79,308.1,voter pd share
9637,block_0828,DPoS,node_0286,675.53,19.28,694.81,voter pd share
9638,block_0828,DPoS,node_0436,7687.0,143.07,7830.07,voter pd share
9639,block_0828,DPoS,node_0166,8442.62,301.63,8744.25,self 20% + leftover
9640,block_0829,DPoS,node_0216,4356.83,56.54,4413.37,voter pd share
9641,block_0829,DPoS,node_0352,12134.86,209.01,12343.87,voter pd share
9642,block_0829,DPoS,node_0354,6096.36,120.89,6217.25,voter pd share
9643,block_0829,DPoS,node_0499,5174.38,92.32,5266.71,voter pd share
9644,block_0829,DPoS,node_0263,8205.49,292.24,8497.74,self 20% + leftover
9645,block_0830,DPoS,node_0133,7473.29,96.87,7570.16,voter pd share
9646,block_0830,DPoS,node_0296,982.76,27.5,1010.27,voter pd share
9647,block_0830,DPoS,node_0397,4522.37,78.9,4601.28,voter pd share
9648,block_0830,DPoS,node_0474,5326.48,80.61,5407.09,voter pd share
9649,block_0830,DPoS,node_0483,6540.66,84.73,6625.39,voter pd share
9650,block_0830,DPoS,node_0170,8152.67,231.38,8384.05,self 20% + leftover
9651,block_0831,DPoS,node_0021,1527.69,30.62,1558.31,voter pd share
9652,block_0831,DPoS,node_0281,10538.45,167.89,10706.35,voter pd share
9653,block_0831,DPoS,node_0325,10204.4,160.9,10365.3,voter pd share
9654,block_0831,DPoS,node_0346,4019.33,76.95,4096.28,voter pd share
9655,block_0831,DPoS,node_0446,5094.43,79.52,5173.95,voter pd share
9656,block_0831,DPoS,node_0327,4258.7,214.12,4472.83,self 20% + leftover
9657,block_0832,DPoS,node_0003,13409.94,318.74,13728.68,voter pd share
9658,block_0832,DPoS,node_0427,1596.6,20.53,1617.12,voter pd share
9659,block_0832,DPoS,node_0447,9841.81,265.98,10107.78,voter pd share
9660,block_0832,DPoS,node_0045,1691.37,172.76,1864.12,self 20% + leftover
9661,block_0833,DPoS,node_0073,4620.93,89.34,4710.27,voter pd share
9662,block_0833,DPoS,node_0403,6581.02,126.95,6707.97,voter pd share
9663,block_0833,DPoS,node_0480,10092.65,188.31,10280.96,voter pd share
9664,block_0833,DPoS,node_0211,11966.51,371.4,12337.91,self 20% + leftover
9665,block_0834,DPoS,node_0073,4632.27,89.45,4721.72,voter pd share
9666,block_0834,DPoS,node_0403,6733.97,127.12,6861.09,voter pd share
9667,block_0834,DPoS,node_0480,10349.96,188.55,10538.52,voter pd share
9668,block_0834,DPoS,node_0211,12405.91,371.88,12777.79,self 20% + leftover
9669,block_0835,DPoS,node_0290,8803.28,165.21,8968.49,voter pd share
9670,block_0835,DPoS,node_0355,462.59,4.87,467.46,voter pd share
9671,block_0835,DPoS,node_0443,6077.37,138.92,6216.29,voter pd share
9672,block_0835,DPoS,node_0450,6511.08,123.42,6634.5,voter pd share
9673,block_0835,DPoS,node_0330,10304.17,345.58,10649.75,self 20% + leftover
9674,block_0836,DPoS,node_0010,4789.41,90.75,4880.16,voter pd share
9675,block_0836,DPoS,node_0012,6581.86,112.74,6694.6,voter pd share
9676,block_0836,DPoS,node_0169,4994.92,74.38,5069.3,voter pd share
9677,block_0836,DPoS,node_0285,7127.71,139.34,7267.05,voter pd share
9678,block_0836,DPoS,node_0461,4721.55,209.79,4931.34,self 20% + leftover
9679,block_0837,DPoS,node_0147,8609.2,186.86,8796.06,voter pd share
9680,block_0837,DPoS,node_0316,12575.63,253.03,12828.65,voter pd share
9681,block_0837,DPoS,node_0440,10060.08,337.11,10397.19,self 20% + leftover
9682,block_0838,DPoS,node_0112,1109.94,38.86,1148.8,voter pd share
9683,block_0838,DPoS,node_0136,11025.44,214.42,11239.86,voter pd share
9684,block_0838,DPoS,node_0241,6691.7,137.89,6829.59,voter pd share
9685,block_0838,DPoS,node_0201,10426.69,362.83,10789.53,self 20% + leftover
9686,block_0839,DPoS,node_0383,8920.38,191.78,9112.17,voter pd share
9687,block_0839,DPoS,node_0479,11225.11,246.12,11471.23,voter pd share
9688,block_0839,DPoS,node_0356,9041.92,327.1,9369.01,self 20% + leftover
9689,block_0840,DPoS,node_0048,9377.77,138.61,9516.38,voter pd share
9690,block_0840,DPoS,node_0239,9276.84,171.51,9448.36,voter pd share
9691,block_0840,DPoS,node_0254,8740.95,172.83,8913.78,voter pd share
9692,block_0840,DPoS,node_0452,488.87,2.47,491.34,voter pd share
9693,block_0840,DPoS,node_0199,2057.63,134.58,2192.22,self 20% + leftover
9694,block_0841,DPoS,node_0005,4488.48,101.3,4589.78,voter pd share
9695,block_0841,DPoS,node_0165,6465.81,162.92,6628.74,voter pd share
9696,block_0841,DPoS,node_0225,349.5,11.67,361.18,voter pd share
9697,block_0841,DPoS,node_0227,69.36,10.82,80.18,voter pd share
9698,block_0841,DPoS,node_0384,10342.85,384.29,10727.14,self 20% + leftover
9699,block_0842,DPoS,node_0016,54.84,25.01,79.85,voter pd share
9700,block_0842,DPoS,node_0159,4542.44,107.41,4649.84,voter pd share
9701,block_0842,DPoS,node_0294,9900.35,185.97,10086.32,voter pd share
9702,block_0842,DPoS,node_0238,13206.08,433.61,13639.69,self 20% + leftover
9703,block_0843,DPoS,node_0134,4487.26,104.76,4592.02,voter pd share
9704,block_0843,DPoS,node_0284,2866.73,26.7,2893.43,voter pd share
9705,block_0843,DPoS,node_0305,3471.43,56.81,3528.24,voter pd share
9706,block_0843,DPoS,node_0312,1234.02,39.01,1273.03,voter pd share
9707,block_0843,DPoS,node_0487,5438.54,118.2,5556.73,voter pd share
9708,block_0843,DPoS,node_0219,5320.71,232.53,5553.23,self 20% + leftover
9709,block_0844,DPoS,node_0009,6677.86,54.37,6732.23,voter pd share
9710,block_0844,DPoS,node_0193,9308.71,72.36,9381.07,voter pd share
9711,block_0844,DPoS,node_0204,4927.33,35.66,4962.98,voter pd share
9712,block_0844,DPoS,node_0235,8487.6,63.58,8551.18,voter pd share
9713,block_0844,DPoS,node_0245,1412.45,8.38,1420.83,voter pd share
9714,block_0844,DPoS,node_0295,7128.69,59.89,7188.58,voter pd share
9715,block_0844,DPoS,node_0389,6289.35,45.58,6334.93,voter pd share
9716,block_0844,DPoS,node_0472,13307.63,199.18,13506.81,self 20% + leftover
9717,block_0845,DPoS,node_0011,346.38,4.41,350.79,voter pd share
9718,block_0845,DPoS,node_0076,5488.66,153.54,5642.2,voter pd share
9719,block_0845,DPoS,node_0188,3348.42,83.49,3431.9,voter pd share
9720,block_0845,DPoS,node_0266,6383.94,172.13,6556.07,voter pd share
9721,block_0845,DPoS,node_0388,7628.25,179.08,7807.33,voter pd share
9722,block_0845,DPoS,node_0237,451.98,154.36,606.34,self 20% + leftover
9723,block_0846,DPoS,node_0026,3361.61,44.68,3406.29,voter pd share
9724,block_0846,DPoS,node_0067,11670.33,130.33,11800.66,voter pd share
9725,block_0846,DPoS,node_0115,9343.97,101.03,9445.0,voter pd share
9726,block_0846,DPoS,node_0236,1030.82,17.47,1048.28,voter pd share
9727,block_0846,DPoS,node_0307,4516.93,55.83,4572.76,voter pd share
9728,block_0846,DPoS,node_0309,2924.05,43.6,2967.66,voter pd share
9729,block_0846,DPoS,node_0326,1893.95,32.26,1926.21,voter pd share
9730,block_0846,DPoS,node_0328,360.0,6.08,366.09,voter pd share
9731,block_0846,DPoS,node_0358,11793.76,264.71,12058.47,self 20% + leftover
9732,block_0847,DPoS,node_0055,2262.2,46.98,2309.19,voter pd share
9733,block_0847,DPoS,node_0097,8343.06,102.83,8445.89,voter pd share
9734,block_0847,DPoS,node_0157,8650.91,101.01,8751.92,voter pd share
9735,block_0847,DPoS,node_0341,2539.07,32.29,2571.36,voter pd share
9736,block_0847,DPoS,node_0459,5478.57,71.16,5549.73,voter pd share
9737,block_0847,DPoS,node_0476,7859.16,94.08,7953.24,voter pd share
9738,block_0847,DPoS,node_0311,13910.88,306.65,14217.53,self 20% + leftover
9739,block_0848,DPoS,node_0037,1015.36,1.04,1016.4,voter pd share
9740,block_0848,DPoS,node_0145,6929.97,73.61,7003.58,voter pd share
9741,block_0848,DPoS,node_0179,7141.13,83.73,7224.85,voter pd share
9742,block_0848,DPoS,node_0196,13477.39,176.8,13654.18,voter pd share
9743,block_0848,DPoS,node_0242,494.42,9.69,504.11,voter pd share
9744,block_0848,DPoS,node_0310,4521.8,56.83,4578.63,voter pd share
9745,block_0848,DPoS,node_0432,6099.6,92.27,6191.86,voter pd share
9746,block_0848,DPoS,node_0093,10365.89,284.04,10649.93,self 20% + leftover
9747,block_0849,DPoS,node_0087,5556.79,63.22,5620.0,voter pd share
9748,block_0849,DPoS,node_0303,11967.05,162.17,12129.22,voter pd share
9749,block_0849,DPoS,node_0374,9596.15,149.22,9745.37,voter pd share
9750,block_0849,DPoS,node_0390,3085.92,52.05,3137.97,voter pd share
9751,block_0849,DPoS,node_0408,7110.58,86.96,7197.54,voter pd share
9752,block_0849,DPoS,node_0373,9341.34,262.38,9603.72,self 20% + leftover
9753,block_0850,DPoS,node_0088,5718.47,54.17,5772.64,voter pd share
9754,block_0850,DPoS,node_0149,9083.85,103.7,9187.54,voter pd share
9755,block_0850,DPoS,node_0154,7673.9,89.18,7763.08,voter pd share
9756,block_0850,DPoS,node_0173,5385.4,65.92,5451.32,voter pd share
9757,block_0850,DPoS,node_0279,2655.49,25.49,2680.97,voter pd share
9758,block_0850,DPoS,node_0331,1020.35,3.51,1023.87,voter pd share
9759,block_0850,DPoS,node_0414,8010.66,86.47,8097.13,voter pd share
9760,block_0850,DPoS,node_0500,10294.79,230.57,10525.35,self 20% + leftover
9761,block_0851,DPoS,node_0098,11330.98,222.79,11553.77,voter pd share
9762,block_0851,DPoS,node_0210,4382.37,97.93,4480.29,voter pd share
9763,block_0851,DPoS,node_0424,6446.57,127.4,6573.97,voter pd share
9764,block_0851,DPoS,node_0096,4293.73,199.88,4493.62,self 20% + leftover
9765,block_0852,DPoS,node_0082,1266.51,42.43,1308.94,voter pd share
9766,block_0852,DPoS,node_0357,6499.32,163.82,6663.14,voter pd share
9767,block_0852,DPoS,node_0393,475.5,13.41,488.91,voter pd share
9768,block_0852,DPoS,node_0399,3627.0,80.47,3707.47,voter pd share
9769,block_0852,DPoS,node_0421,8034.91,350.87,8385.78,self 20% + leftover
9770,block_0853,DPoS,node_0099,765.47,17.79,783.26,voter pd share
9771,block_0853,DPoS,node_0267,10233.29,176.59,10409.88,voter pd share
9772,block_0853,DPoS,node_0289,5784.98,116.87,5901.85,voter pd share
9773,block_0853,DPoS,node_0391,5430.58,103.58,5534.16,voter pd share
9774,block_0853,DPoS,node_0001,1905.42,149.17,2054.58,self 20% + leftover
9775,block_0854,DPoS,node_0008,498.36,3.29,501.64,voter pd share
9776,block_0854,DPoS,node_0039,5728.0,65.03,5793.04,voter pd share
9777,block_0854,DPoS,node_0044,11375.27,179.28,11554.55,voter pd share
9778,block_0854,DPoS,node_0231,11331.01,173.75,11504.77,voter pd share
9779,block_0854,DPoS,node_0301,131.19,10.73,141.92,voter pd share
9780,block_0854,DPoS,node_0322,12110.76,298.92,12409.68,self 20% + leftover
9781,block_0855,DPoS,node_0119,6218.32,141.62,6359.94,voter pd share
9782,block_0855,DPoS,node_0375,10204.45,268.93,10473.38,voter pd share
9783,block_0855,DPoS,node_0387,9052.95,357.45,9410.4,self 20% + leftover
9784,block_0856,DPoS,node_0243,4870.83,68.4,4939.24,voter pd share
9785,block_0856,DPoS,node_0416,9032.89,130.09,9162.98,voter pd share
9786,block_0856,DPoS,node_0445,10898.18,138.73,11036.91,voter pd share
9787,block_0856,DPoS,node_0488,7616.62,106.94,7723.56,voter pd share
9788,block_0856,DPoS,node_0381,7217.44,214.84,7432.28,self 20% + leftover
9789,block_0857,DPoS,node_0315,6608.05,217.53,6825.58,voter pd share
9790,block_0857,DPoS,node_0463,7098.19,165.02,7263.21,voter pd share
9791,block_0857,DPoS,node_0121,6454.21,320.46,6774.66,self 20% + leftover
9792,block_0858,DPoS,node_0060,12919.43,214.43,13133.85,voter pd share
9793,block_0858,DPoS,node_0109,68.1,7.74,75.84,voter pd share
9794,block_0858,DPoS,node_0286,88.81,15.25,104.06,voter pd share
9795,block_0858,DPoS,node_0436,7710.07,113.11,7823.18,voter pd share
9796,block_0858,DPoS,node_0166,8864.25,238.47,9102.72,self 20% + leftover
9797,block_0859,DPoS,node_0216,4548.37,46.42,4594.79,voter pd share
9798,block_0859,DPoS,node_0352,11817.87,171.6,11989.47,voter pd share
9799,block_0859,DPoS,node_0354,6404.25,99.25,6503.5,voter pd share
9800,block_0859,DPoS,node_0499,4990.71,75.8,5066.51,voter pd share
9801,block_0859,DPoS,node_0263,8767.74,239.93,9007.67,self 20% + leftover
9802,block_0860,DPoS,node_0133,7516.16,119.8,7635.96,voter pd share
9803,block_0860,DPoS,node_0296,1139.27,34.01,1173.28,voter pd share
9804,block_0860,DPoS,node_0397,4594.28,97.58,4691.85,voter pd share
9805,block_0860,DPoS,node_0474,4904.09,99.68,5003.77,voter pd share
9806,block_0860,DPoS,node_0483,6475.39,104.78,6580.18,voter pd share
9807,block_0860,DPoS,node_0170,8055.05,286.14,8341.19,self 20% + leftover
9808,block_0861,DPoS,node_0021,1501.31,31.46,1532.77,voter pd share
9809,block_0861,DPoS,node_0281,10390.35,172.49,10562.84,voter pd share
9810,block_0861,DPoS,node_0325,10133.3,165.31,10298.61,voter pd share
9811,block_0861,DPoS,node_0346,3576.28,79.05,3655.33,voter pd share
9812,block_0861,DPoS,node_0446,5355.95,81.69,5437.64,voter pd share
9813,block_0861,DPoS,node_0327,4373.83,219.99,4593.82,self 20% + leftover
9814,block_0862,DPoS,node_0003,13607.68,314.23,13921.91,voter pd share
9815,block_0862,DPoS,node_0427,1366.12,20.24,1386.36,voter pd share
9816,block_0862,DPoS,node_0447,10081.78,262.22,10344.0,voter pd share
9817,block_0862,DPoS,node_0045,1612.12,170.31,1782.44,self 20% + leftover
9818,block_0863,DPoS,node_0022,114.0,34.08,148.08,voter pd share
9819,block_0863,DPoS,node_0441,8284.67,228.38,8513.05,voter pd share
9820,block_0863,DPoS,node_0172,12151.39,430.54,12581.93,self 20% + leftover
9821,block_0864,DPoS,node_0073,4581.72,66.54,4648.26,voter pd share
9822,block_0864,DPoS,node_0403,7302.09,94.56,7396.65,voter pd share
9823,block_0864,DPoS,node_0480,10684.52,140.26,10824.78,voter pd share
9824,block_0864,DPoS,node_0211,12861.79,276.63,13138.42,self 20% + leftover
9825,block_0865,DPoS,node_0020,7784.85,199.62,7984.47,voter pd share
9826,block_0865,DPoS,node_0049,11295.22,315.46,11610.67,voter pd share
9827,block_0865,DPoS,node_0259,3795.0,259.93,4054.93,self 20% + leftover
9828,block_0866,DPoS,node_0010,4883.16,108.84,4991.99,voter pd share
9829,block_0866,DPoS,node_0012,6579.6,135.22,6714.82,voter pd share
9830,block_0866,DPoS,node_0169,5406.3,89.21,5495.52,voter pd share
9831,block_0866,DPoS,node_0285,7488.05,167.12,7655.17,voter pd share
9832,block_0866,DPoS,node_0461,4925.34,251.61,5176.95,self 20% + leftover
9833,block_0867,DPoS,node_0112,1280.8,33.91,1314.72,voter pd share
9834,block_0867,DPoS,node_0136,11555.86,187.12,11742.98,voter pd share
9835,block_0867,DPoS,node_0241,7087.59,120.33,7207.92,voter pd share
9836,block_0867,DPoS,node_0201,11203.53,316.64,11520.16,self 20% + leftover
9837,block_0868,DPoS,node_0112,1292.72,32.57,1325.29,voter pd share
9838,block_0868,DPoS,node_0136,11791.98,179.72,11971.7,voter pd share
9839,block_0868,DPoS,node_0241,7211.92,115.58,7327.5,voter pd share
9840,block_0868,DPoS,node_0201,11546.16,304.13,11850.29,self 20% + leftover
9841,block_0869,DPoS,node_0383,8992.17,181.26,9173.42,voter pd share
9842,block_0869,DPoS,node_0479,11425.23,232.61,11657.83,voter pd share
9843,block_0869,DPoS,node_0356,9175.01,309.14,9484.15,self 20% + leftover
9844,block_0870,DPoS,node_0048,9418.38,150.46,9568.84,voter pd share
9845,block_0870,DPoS,node_0239,9439.36,186.17,9625.53,voter pd share
9846,block_0870,DPoS,node_0254,9044.78,187.6,9232.38,voter pd share
9847,block_0870,DPoS,node_0452,338.34,2.68,341.02,voter pd share
9848,block_0870,DPoS,node_0199,1757.22,146.09,1903.31,self 20% + leftover
9849,block_0871,DPoS,node_0005,4781.78,112.32,4894.1,voter pd share
9850,block_0871,DPoS,node_0165,6689.74,180.65,6870.39,voter pd share
9851,block_0871,DPoS,node_0225,466.18,12.94,479.12,voter pd share
9852,block_0871,DPoS,node_0227,77.18,11.99,89.17,voter pd share
9853,block_0871,DPoS,node_0384,10865.14,426.1,11291.23,self 20% + leftover
9854,block_0872,DPoS,node_0016,329.85,20.36,350.21,voter pd share
9855,block_0872,DPoS,node_0159,4380.84,87.41,4468.25,voter pd share
9856,block_0872,DPoS,node_0294,10155.32,151.35,10306.67,voter pd share
9857,block_0872,DPoS,node_0238,13801.69,352.88,14154.58,self 20% + leftover
9858,block_0873,DPoS,node_0134,4225.02,107.48,4332.5,voter pd share
9859,block_0873,DPoS,node_0284,2529.43,27.39,2556.82,voter pd share
9860,block_0873,DPoS,node_0305,3758.24,58.29,3816.52,voter pd share
9861,block_0873,DPoS,node_0312,1684.03,40.02,1724.05,voter pd share
9862,block_0873,DPoS,node_0487,5162.73,121.26,5284.0,voter pd share
9863,block_0873,DPoS,node_0219,5294.23,238.56,5532.79,self 20% + leftover
9864,block_0874,DPoS,node_0009,6753.23,75.75,6828.98,voter pd share
9865,block_0874,DPoS,node_0193,9249.07,100.82,9349.89,voter pd share
9866,block_0874,DPoS,node_0204,4763.98,49.68,4813.66,voter pd share
9867,block_0874,DPoS,node_0235,8750.18,88.59,8838.78,voter pd share
9868,block_0874,DPoS,node_0245,1569.83,11.68,1581.51,voter pd share
9869,block_0874,DPoS,node_0295,7120.58,83.44,7204.02,voter pd share
9870,block_0874,DPoS,node_0389,6137.93,63.51,6201.44,voter pd share
9871,block_0874,DPoS,node_0472,13439.81,277.53,13717.34,self 20% + leftover
9872,block_0875,DPoS,node_0011,105.79,3.09,108.88,voter pd share
9873,block_0875,DPoS,node_0076,5802.2,107.5,5909.7,voter pd share
9874,block_0875,DPoS,node_0188,3595.9,58.45,3654.35,voter pd share
9875,block_0875,DPoS,node_0266,6426.07,120.51,6546.58,voter pd share
9876,block_0875,DPoS,node_0388,7857.33,125.38,7982.72,voter pd share
9877,block_0875,DPoS,node_0237,784.34,108.07,892.41,self 20% + leftover
9878,block_0876,DPoS,node_0026,3283.29,45.96,3329.25,voter pd share
9879,block_0876,DPoS,node_0067,11466.66,134.07,11600.73,voter pd share
9880,block_0876,DPoS,node_0115,9469.0,103.93,9572.93,voter pd share
9881,block_0876,DPoS,node_0236,1003.28,17.97,1021.25,voter pd share
9882,block_0876,DPoS,node_0307,4589.76,57.44,4647.2,voter pd share
9883,block_0876,DPoS,node_0309,3067.66,44.86,3112.51,voter pd share
9884,block_0876,DPoS,node_0326,2001.21,33.19,2034.4,voter pd share
9885,block_0876,DPoS,node_0328,42.09,6.26,48.34,voter pd share
9886,block_0876,DPoS,node_0358,11791.47,272.32,12063.79,self 20% + leftover
9887,block_0877,DPoS,node_0055,2431.19,39.08,2470.27,voter pd share
9888,block_0877,DPoS,node_0097,8504.89,85.53,8590.42,voter pd share
9889,block_0877,DPoS,node_0157,8901.92,84.02,8985.94,voter pd share
9890,block_0877,DPoS,node_0341,2002.36,26.86,2029.22,voter pd share
9891,block_0877,DPoS,node_0459,5752.73,59.19,5811.91,voter pd share
9892,block_0877,DPoS,node_0476,7737.24,78.26,7815.5,voter pd share
9893,block_0877,DPoS,node_0311,14087.53,255.06,14342.59,self 20% + leftover
9894,block_0878,DPoS,node_0037,1044.4,1.03,1045.43,voter pd share
9895,block_0878,DPoS,node_0145,6746.58,72.66,6819.24,voter pd share
9896,block_0878,DPoS,node_0179,7048.85,82.65,7131.5,voter pd share
9897,block_0878,DPoS,node_0196,13440.18,174.52,13614.71,voter pd share
9898,block_0878,DPoS,node_0242,448.11,9.57,457.68,voter pd share
9899,block_0878,DPoS,node_0310,4778.63,56.1,4834.73,voter pd share
9900,block_0878,DPoS,node_0432,6599.86,91.08,6690.94,voter pd share
9901,block_0878,DPoS,node_0093,11135.93,280.39,11416.32,self 20% + leftover
9902,block_0879,DPoS,node_0087,5350.0,47.82,5397.82,voter pd share
9903,block_0879,DPoS,node_0303,12277.22,122.67,12399.89,voter pd share
9904,block_0879,DPoS,node_0374,9742.37,112.88,9855.25,voter pd share
9905,block_0879,DPoS,node_0390,3221.97,39.37,3261.34,voter pd share
9906,block_0879,DPoS,node_0408,7511.54,65.78,7577.33,voter pd share
9907,block_0879,DPoS,node_0373,9742.72,198.48,9941.2,self 20% + leftover
9908,block_0880,DPoS,node_0088,5595.64,63.45,5659.09,voter pd share
9909,block_0880,DPoS,node_0149,9025.54,121.48,9147.02,voter pd share
9910,block_0880,DPoS,node_0154,7905.08,104.47,8009.55,voter pd share
9911,block_0880,DPoS,node_0173,5917.32,77.23,5994.55,voter pd share
9912,block_0880,DPoS,node_0279,2195.97,29.86,2225.83,voter pd share
9913,block_0880,DPoS,node_0331,829.87,4.12,833.98,voter pd share
9914,block_0880,DPoS,node_0414,8046.13,101.3,8147.43,voter pd share
9915,block_0880,DPoS,node_0500,10721.35,270.1,10991.45,self 20% + leftover
9916,block_0881,DPoS,node_0098,11568.77,266.11,11834.88,voter pd share
9917,block_0881,DPoS,node_0210,4237.29,116.97,4354.26,voter pd share
9918,block_0881,DPoS,node_0424,6239.97,152.17,6392.14,voter pd share
9919,block_0881,DPoS,node_0096,4079.62,238.75,4318.37,self 20% + leftover
9920,block_0882,DPoS,node_0082,1534.94,50.12,1585.06,voter pd share
9921,block_0882,DPoS,node_0357,7012.14,193.51,7205.66,voter pd share
9922,block_0882,DPoS,node_0393,561.91,15.84,577.75,voter pd share
9923,block_0882,DPoS,node_0399,3453.47,95.06,3548.52,voter pd share
9924,block_0882,DPoS,node_0421,8655.78,414.47,9070.25,self 20% + leftover
9925,block_0883,DPoS,node_0099,961.26,23.16,984.42,voter pd share
9926,block_0883,DPoS,node_0267,10465.88,229.81,10695.69,voter pd share
9927,block_0883,DPoS,node_0289,5630.85,152.1,5782.94,voter pd share
9928,block_0883,DPoS,node_0391,5582.16,134.8,5716.96,voter pd share
9929,block_0883,DPoS,node_0001,2027.58,194.13,2221.71,self 20% + leftover
9930,block_0884,DPoS,node_0008,733.64,3.42,737.06,voter pd share
9931,block_0884,DPoS,node_0039,5686.04,67.7,5753.74,voter pd share
9932,block_0884,DPoS,node_0044,11247.55,186.64,11434.19,voter pd share
9933,block_0884,DPoS,node_0231,11030.77,180.88,11211.65,voter pd share
9934,block_0884,DPoS,node_0301,61.92,11.17,73.09,voter pd share
9935,block_0884,DPoS,node_0322,12124.68,311.18,12435.86,self 20% + leftover
9936,block_0885,DPoS,node_0119,6067.94,142.72,6210.66,voter pd share
9937,block_0885,DPoS,node_0375,10004.38,271.03,10275.41,voter pd share
9938,block_0885,DPoS,node_0387,10087.4,360.24,10447.64,self 20% + leftover
9939,block_0886,DPoS,node_0243,5141.24,62.17,5203.41,voter pd share
9940,block_0886,DPoS,node_0416,8398.98,118.25,8517.23,voter pd share
9941,block_0886,DPoS,node_0445,10846.91,126.1,10973.01,voter pd share
9942,block_0886,DPoS,node_0488,7518.56,97.2,7615.76,voter pd share
9943,block_0886,DPoS,node_0381,7879.28,195.28,8074.56,self 20% + leftover
9944,block_0887,DPoS,node_0315,6829.58,178.23,7007.81,voter pd share
9945,block_0887,DPoS,node_0463,7777.21,135.2,7912.41,voter pd share
9946,block_0887,DPoS,node_0121,6640.66,262.56,6903.22,self 20% + leftover
9947,block_0888,DPoS,node_0060,13266.85,250.1,13516.96,voter pd share
9948,block_0888,DPoS,node_0109,493.84,9.03,502.87,voter pd share
9949,block_0888,DPoS,node_0286,144.06,17.78,161.84,voter pd share
9950,block_0888,DPoS,node_0436,8005.18,131.93,8137.12,voter pd share
9951,block_0888,DPoS,node_0166,9384.72,278.15,9662.87,self 20% + leftover
9952,block_0889,DPoS,node_0216,4450.79,49.86,4500.65,voter pd share
9953,block_0889,DPoS,node_0352,12026.47,184.34,12210.81,voter pd share
9954,block_0889,DPoS,node_0354,6196.5,106.62,6303.11,voter pd share
9955,block_0889,DPoS,node_0499,5189.51,81.43,5270.93,voter pd share
9956,block_0889,DPoS,node_0263,8810.67,257.75,9068.42,self 20% + leftover
9957,block_0890,DPoS,node_0133,7246.96,93.8,7340.76,voter pd share
9958,block_0890,DPoS,node_0296,1185.28,26.63,1211.92,voter pd share
9959,block_0890,DPoS,node_0397,4617.85,76.41,4694.26,voter pd share
9960,block_0890,DPoS,node_0474,4960.77,78.05,5038.82,voter pd share
9961,block_0890,DPoS,node_0483,6313.18,82.05,6395.23,voter pd share
9962,block_0890,DPoS,node_0170,8012.19,224.06,8236.25,self 20% + leftover
9963,block_0891,DPoS,node_0021,1671.77,31.21,1702.98,voter pd share
9964,block_0891,DPoS,node_0281,10779.84,171.11,10950.95,voter pd share
9965,block_0891,DPoS,node_0325,10066.61,163.98,10230.59,voter pd share
9966,block_0891,DPoS,node_0346,4021.33,78.42,4099.75,voter pd share
9967,block_0891,DPoS,node_0446,5291.64,81.04,5372.68,voter pd share
9968,block_0891,DPoS,node_0327,4663.82,218.23,4882.04,self 20% + leftover
9969,block_0892,DPoS,node_0003,14060.91,305.63,14366.55,voter pd share
9970,block_0892,DPoS,node_0427,1562.36,19.68,1582.04,voter pd share
9971,block_0892,DPoS,node_0447,9938.0,255.04,10193.04,voter pd share
9972,block_0892,DPoS,node_0045,1772.44,165.65,1938.09,self 20% + leftover
9973,block_0893,DPoS,node_0022,54.08,36.64,90.72,voter pd share
9974,block_0893,DPoS,node_0441,8968.05,245.52,9213.57,voter pd share
9975,block_0893,DPoS,node_0172,12620.93,462.84,13083.77,self 20% + leftover
9976,block_0894,DPoS,node_0073,4944.26,88.19,5032.45,voter pd share
9977,block_0894,DPoS,node_0403,7769.65,125.32,7894.97,voter pd share
9978,block_0894,DPoS,node_0480,10619.78,185.88,10805.66,voter pd share
9979,block_0894,DPoS,node_0211,13292.42,366.61,13659.04,self 20% + leftover
9980,block_0895,DPoS,node_0020,8274.47,191.89,8466.36,voter pd share
9981,block_0895,DPoS,node_0049,11136.67,303.24,11439.92,voter pd share
9982,block_0895,DPoS,node_0259,3674.93,249.87,3924.79,self 20% + leftover
9983,block_0896,DPoS,node_0010,5036.99,110.43,5147.42,voter pd share
9984,block_0896,DPoS,node_0012,6826.82,137.19,6964.01,voter pd share
9985,block_0896,DPoS,node_0169,5373.52,90.52,5464.03,voter pd share
9986,block_0896,DPoS,node_0285,7619.17,169.57,7788.74,voter pd share
9987,block_0896,DPoS,node_0461,4880.95,255.29,5136.24,self 20% + leftover
9988,block_0897,DPoS,node_0247,2931.0,80.12,3011.12,voter pd share
9989,block_0897,DPoS,node_0380,5530.82,152.87,5683.69,voter pd share
9990,block_0897,DPoS,node_0498,3733.31,89.41,3822.72,voter pd share
9991,block_0897,DPoS,node_0118,5535.69,246.6,5782.29,self 20% + leftover
9992,block_0898,DPoS,node_0112,1274.29,40.0,1314.29,voter pd share
9993,block_0898,DPoS,node_0136,11895.7,220.67,12116.38,voter pd share
9994,block_0898,DPoS,node_0241,7155.5,141.91,7297.41,voter pd share
9995,block_0898,DPoS,node_0201,11983.29,373.42,12356.71,self 20% + leftover
9996,block_0899,DPoS,node_0383,9517.42,194.54,9711.97,voter pd share
9997,block_0899,DPoS,node_0479,11739.83,249.66,11989.49,voter pd share
9998,block_0899,DPoS,node_0356,9396.15,331.8,9727.95,self 20% + leftover
9999,block_0900,DPoS,node_0048,9739.84,161.19,9901.03,voter pd share
10000,block_0900,DPoS,node_0239,9525.53,199.45,9724.98,voter pd share
10001,block_0900,DPoS,node_0254,9235.38,200.98,9436.36,voter pd share
10002,block_0900,DPoS,node_0452,152.02,2.87,154.89,voter pd share
10003,block_0900,DPoS,node_0199,2129.31,156.51,2285.81,self 20% + leftover
10004,block_0901,DPoS,node_0046,5326.79,41.37,5368.16,voter pd share
10005,block_0901,DPoS,node_0196,13520.71,105.12,13625.83,voter pd share
10006,block_0901,DPoS,node_0198,589.63,4.94,594.57,voter pd share
10007,block_0901,DPoS,node_0281,11051.95,86.04,11138.0,voter pd share
10008,block_0901,DPoS,node_0282,6771.67,52.56,6824.23,voter pd share
10009,block_0901,DPoS,node_0318,11743.39,90.47,11833.87,voter pd share
10010,block_0901,DPoS,node_0323,885.0,7.41,892.41,voter pd share
10011,block_0901,DPoS,node_0352,12404.81,96.04,12500.84,voter pd share
10012,block_0901,DPoS,node_0371,8988.45,68.98,9057.43,voter pd share
10013,block_0901,DPoS,node_0382,401.45,3.53,404.97,voter pd share
10014,block_0901,DPoS,node_0147,8064.06,217.54,8281.61,self 20% + leftover
10015,block_0902,DPoS,node_0002,4054.88,34.84,4089.72,voter pd share
10016,block_0902,DPoS,node_0044,11251.19,97.16,11348.35,voter pd share
10017,block_0902,DPoS,node_0084,8467.71,73.19,8540.9,voter pd share
10018,block_0902,DPoS,node_0131,657.0,5.33,662.33,voter pd share
10019,block_0902,DPoS,node_0270,10108.38,87.33,10195.71,voter pd share
10020,block_0902,DPoS,node_0341,1946.22,17.09,1963.32,voter pd share
10021,block_0902,DPoS,node_0425,5596.07,47.79,5643.86,voter pd share
10022,block_0902,DPoS,node_0463,7900.41,68.42,7968.83,voter pd share
10023,block_0902,DPoS,node_0496,1040.89,9.15,1050.04,voter pd share
10024,block_0902,DPoS,node_0121,6780.22,183.7,6963.92,self 20% + leftover
