Election_ID,account_id,candidate_account_id,Profit_demand,Stakes,Status,Remarks
1,node_0001,node_0046,0.86,1874,active,voter (Total-weighted random choice)
1,node_0002,node_0484,1.15,4062,active,voter (Total-weighted random choice)
1,node_0003,node_0003,1.00,8985,active,self-vote (candidate self-stake)
1,node_0004,node_0478,1.09,570,active,voter (Total-weighted random choice)
1,node_0005,node_0201,1.25,3861,active,voter (Total-weighted random choice)
1,node_0006,node_0205,1.12,9245,active,voter (Total-weighted random choice)
1,node_0007,node_0383,0.65,3661,active,voter (Total-weighted random choice)
1,node_0008,node_0461,0.59,156,active,voter (Total-weighted random choice)
1,node_0009,node_0315,0.94,6974,active,voter (Total-weighted random choice)
1,node_0010,node_0010,1.00,3577,active,self-vote (candidate self-stake)
1,node_0011,node_0479,0.85,1724,active,voter (Total-weighted random choice)
1,node_0012,node_0010,1.42,5931,active,voter (Total-weighted random choice)
1,node_0013,node_0457,0.75,761,active,voter (Total-weighted random choice)
1,node_0014,node_0425,0.96,6251,active,voter (Total-weighted random choice)
1,node_0015,node_0383,1.12,5975,active,voter (Total-weighted random choice)
1,node_0016,node_0016,1.00,800,active,self-vote (candidate self-stake)
1,node_0017,node_0192,1.29,1357,rejected,voter (Total-weighted random choice)
1,node_0018,node_0190,0.66,6277,active,voter (Total-weighted random choice)
1,node_0019,node_0019,1.00,2714,active,self-vote (candidate self-stake)
1,node_0020,node_0020,1.00,4424,active,self-vote (candidate self-stake)
1,node_0021,node_0451,1.44,2853,active,voter (Total-weighted random choice)
1,node_0022,node_0022,1.00,2727,active,self-vote (candidate self-stake)
1,node_0023,node_0336,1.30,9175,rejected,voter (Total-weighted random choice)
1,node_0024,node_0479,0.81,966,active,voter (Total-weighted random choice)
1,node_0025,node_0297,0.52,5218,active,voter (Total-weighted random choice)
1,node_0026,node_0026,1.00,3506,active,self-vote (candidate self-stake)
1,node_0027,node_0258,1.32,3533,active,voter (Total-weighted random choice)
1,node_0028,node_0303,1.23,7567,rejected,voter (Total-weighted random choice)
1,node_0029,node_0468,1.44,4090,active,voter (Total-weighted random choice)
1,node_0030,node_0086,1.42,9627,rejected,voter (Total-weighted random choice)
1,node_0031,node_0031,1.00,5980,active,self-vote (candidate self-stake)
1,node_0032,node_0020,1.03,8398,active,voter (Total-weighted random choice)
1,node_0033,node_0468,1.00,1846,active,voter (Total-weighted random choice)
1,node_0034,node_0496,0.77,6966,active,voter (Total-weighted random choice)
1,node_0035,node_0103,1.30,6302,rejected,voter (Total-weighted random choice)
1,node_0036,node_0077,1.26,8719,active,voter (Total-weighted random choice)
1,node_0037,node_0194,1.39,1926,rejected,voter (Total-weighted random choice)
1,node_0038,node_0315,0.95,5623,rejected,voter (Total-weighted random choice)
1,node_0039,node_0039,1.00,2641,active,self-vote (candidate self-stake)
1,node_0040,node_0077,1.33,8251,active,voter (Total-weighted random choice)
1,node_0041,node_0258,0.88,4939,active,voter (Total-weighted random choice)
1,node_0042,node_0397,0.69,2554,active,voter (Total-weighted random choice)
1,node_0043,node_0403,0.70,8887,active,voter (Total-weighted random choice)
1,node_0044,node_0003,0.56,9863,active,voter (Total-weighted random choice)
1,node_0045,node_0478,0.70,1882,active,voter (Total-weighted random choice)
1,node_0046,node_0046,1.00,3973,active,self-vote (candidate self-stake)
1,node_0047,node_0047,1.00,1453,active,self-vote (candidate self-stake)
1,node_0048,node_0026,0.54,8777,active,voter (Total-weighted random choice)
1,node_0049,node_0049,1.00,7837,active,self-vote (candidate self-stake)
1,node_0050,node_0294,1.39,4392,active,voter (Total-weighted random choice)
1,node_0051,node_0258,0.58,3520,active,voter (Total-weighted random choice)
1,node_0052,node_0052,1.00,5157,active,self-vote (candidate self-stake)
1,node_0053,node_0403,1.24,7227,rejected,voter (Total-weighted random choice)
1,node_0054,node_0459,1.09,2032,active,voter (Total-weighted random choice)
1,node_0055,node_0500,1.37,5589,rejected,voter (Total-weighted random choice)
1,node_0056,node_0003,0.51,9691,active,voter (Total-weighted random choice)
1,node_0057,node_0020,0.92,1014,active,voter (Total-weighted random choice)
1,node_0058,node_0400,1.35,5463,active,voter (Total-weighted random choice)
1,node_0059,node_0059,1.00,4612,active,self-vote (candidate self-stake)
1,node_0060,node_0496,1.14,8884,active,voter (Total-weighted random choice)
1,node_0061,node_0192,0.63,4031,active,voter (Total-weighted random choice)
1,node_0062,node_0383,1.41,3169,rejected,voter (Total-weighted random choice)
1,node_0063,node_0285,0.58,5854,active,voter (Total-weighted random choice)
1,node_0064,node_0363,1.38,937,active,voter (Total-weighted random choice)
1,node_0065,node_0457,0.93,1043,active,voter (Total-weighted random choice)
1,node_0066,node_0067,0.64,1840,active,voter (Total-weighted random choice)
1,node_0067,node_0067,1.00,8836,active,self-vote (candidate self-stake)
1,node_0068,node_0403,1.06,3056,active,voter (Total-weighted random choice)
1,node_0069,node_0102,1.34,1285,active,voter (Total-weighted random choice)
1,node_0070,node_0258,1.39,878,active,voter (Total-weighted random choice)
1,node_0071,node_0071,1.00,1578,active,self-vote (candidate self-stake)
1,node_0072,node_0181,0.86,2774,active,voter (Total-weighted random choice)
1,node_0073,node_0086,1.45,3552,rejected,voter (Total-weighted random choice)
1,node_0074,node_0067,1.24,2747,rejected,voter (Total-weighted random choice)
1,node_0075,node_0209,1.23,4395,rejected,voter (Total-weighted random choice)
1,node_0076,node_0463,1.03,4723,rejected,voter (Total-weighted random choice)
1,node_0077,node_0077,1.00,2586,active,self-vote (candidate self-stake)
1,node_0078,node_0102,1.11,1008,active,voter (Total-weighted random choice)
1,node_0079,node_0194,1.37,5188,active,voter (Total-weighted random choice)
1,node_0080,node_0496,0.81,8288,active,voter (Total-weighted random choice)
1,node_0081,node_0181,1.36,981,active,voter (Total-weighted random choice)
1,node_0082,node_0478,0.60,3094,active,voter (Total-weighted random choice)
1,node_0083,node_0083,1.00,3903,active,self-vote (candidate self-stake)
1,node_0084,node_0468,0.90,9535,active,voter (Total-weighted random choice)
1,node_0085,node_0209,0.61,6918,active,voter (Total-weighted random choice)
1,node_0086,node_0086,1.00,4322,active,self-vote (candidate self-stake)
1,node_0087,node_0352,1.05,3960,active,voter (Total-weighted random choice)
1,node_0088,node_0400,1.01,4965,active,voter (Total-weighted random choice)
1,node_0089,node_0367,0.81,202,active,voter (Total-weighted random choice)
1,node_0090,node_0039,1.25,1250,rejected,voter (Total-weighted random choice)
1,node_0091,node_0285,1.26,2220,active,voter (Total-weighted random choice)
1,node_0092,node_0179,0.52,4052,active,voter (Total-weighted random choice)
1,node_0093,node_0083,0.85,7229,active,voter (Total-weighted random choice)
1,node_0094,node_0094,1.00,8716,active,self-vote (candidate self-stake)
1,node_0095,node_0297,0.75,1747,active,voter (Total-weighted random choice)
1,node_0096,node_0406,1.40,4383,active,voter (Total-weighted random choice)
1,node_0097,node_0097,1.00,9114,active,self-vote (candidate self-stake)
1,node_0098,node_0086,1.23,9959,active,voter (Total-weighted random choice)
1,node_0099,node_0333,0.74,3385,active,voter (Total-weighted random choice)
1,node_0100,node_0442,0.68,8330,active,voter (Total-weighted random choice)
1,node_0101,node_0352,1.16,1562,rejected,voter (Total-weighted random choice)
1,node_0102,node_0102,1.00,772,active,self-vote (candidate self-stake)
1,node_0103,node_0103,1.00,4341,active,self-vote (candidate self-stake)
1,node_0104,node_0010,0.77,9088,active,voter (Total-weighted random choice)
1,node_0105,node_0181,0.79,1882,active,voter (Total-weighted random choice)
1,node_0106,node_0102,1.10,8988,active,voter (Total-weighted random choice)
1,node_0107,node_0463,0.98,9593,active,voter (Total-weighted random choice)
1,node_0108,node_0475,1.07,2138,active,voter (Total-weighted random choice)
1,node_0109,node_0109,1.00,703,active,self-vote (candidate self-stake)
1,node_0110,node_0201,1.27,4138,active,voter (Total-weighted random choice)
1,node_0111,node_0367,1.07,9223,active,voter (Total-weighted random choice)
1,node_0112,node_0112,1.00,2582,active,self-vote (candidate self-stake)
1,node_0113,node_0478,1.25,2712,active,voter (Total-weighted random choice)
1,node_0114,node_0194,1.10,6805,active,voter (Total-weighted random choice)
1,node_0115,node_0403,1.22,6795,rejected,voter (Total-weighted random choice)
1,node_0116,node_0120,1.34,4421,active,voter (Total-weighted random choice)
1,node_0117,node_0086,1.15,6317,active,voter (Total-weighted random choice)
1,node_0118,node_0315,1.39,3694,rejected,voter (Total-weighted random choice)
1,node_0119,node_0294,1.45,5778,active,voter (Total-weighted random choice)
1,node_0120,node_0120,1.00,3702,active,self-vote (candidate self-stake)
1,node_0121,node_0103,0.62,6578,active,voter (Total-weighted random choice)
1,node_0122,node_0039,0.56,4623,active,voter (Total-weighted random choice)
1,node_0123,node_0314,1.01,8835,active,voter (Total-weighted random choice)
1,node_0124,node_0010,1.07,1939,active,voter (Total-weighted random choice)
1,node_0125,node_0303,1.11,2975,active,voter (Total-weighted random choice)
1,node_0126,node_0393,1.16,676,active,voter (Total-weighted random choice)
1,node_0127,node_0077,0.53,5713,active,voter (Total-weighted random choice)
1,node_0128,node_0103,0.67,7199,active,voter (Total-weighted random choice)
1,node_0129,node_0421,1.42,6361,rejected,voter (Total-weighted random choice)
1,node_0130,node_0130,1.00,4223,active,self-vote (candidate self-stake)
1,node_0131,node_0102,0.62,77,active,voter (Total-weighted random choice)
1,node_0132,node_0326,1.35,6017,active,voter (Total-weighted random choice)
1,node_0133,node_0223,0.71,5193,active,voter (Total-weighted random choice)
1,node_0134,node_0479,1.27,4970,active,voter (Total-weighted random choice)
1,node_0135,node_0393,1.50,5394,active,voter (Total-weighted random choice)
1,node_0136,node_0271,0.96,9133,active,voter (Total-weighted random choice)
1,node_0137,node_0326,0.75,6261,active,voter (Total-weighted random choice)
1,node_0138,node_0500,0.59,9374,active,voter (Total-weighted random choice)
1,node_0139,node_0304,0.80,5028,active,voter (Total-weighted random choice)
1,node_0140,node_0228,1.38,9552,active,voter (Total-weighted random choice)
1,node_0141,node_0326,0.66,7668,active,voter (Total-weighted random choice)
1,node_0142,node_0475,1.21,8425,active,voter (Total-weighted random choice)
1,node_0143,node_0403,1.25,1439,rejected,voter (Total-weighted random choice)
1,node_0144,node_0370,0.60,1580,active,voter (Total-weighted random choice)
1,node_0145,node_0463,0.75,5135,active,voter (Total-weighted random choice)
1,node_0146,node_0271,1.00,2464,active,voter (Total-weighted random choice)
1,node_0147,node_0315,1.28,7834,rejected,voter (Total-weighted random choice)
1,node_0148,node_0312,0.98,7511,active,voter (Total-weighted random choice)
1,node_0149,node_0103,1.42,6341,rejected,voter (Total-weighted random choice)
1,node_0150,node_0039,1.03,2467,rejected,voter (Total-weighted random choice)
1,node_0151,node_0475,1.17,1796,active,voter (Total-weighted random choice)
1,node_0152,node_0475,1.34,2931,rejected,voter (Total-weighted random choice)
1,node_0153,node_0289,1.25,872,active,voter (Total-weighted random choice)
1,node_0154,node_0039,1.18,7528,rejected,voter (Total-weighted random choice)
1,node_0155,node_0451,0.89,8752,active,voter (Total-weighted random choice)
1,node_0156,node_0459,1.16,7301,active,voter (Total-weighted random choice)
1,node_0157,node_0157,1.00,9026,active,self-vote (candidate self-stake)
1,node_0158,node_0266,0.95,7827,active,voter (Total-weighted random choice)
1,node_0159,node_0206,0.86,4593,active,voter (Total-weighted random choice)
1,node_0160,node_0077,0.72,3969,active,voter (Total-weighted random choice)
1,node_0161,node_0383,0.63,4731,active,voter (Total-weighted random choice)
1,node_0162,node_0383,1.34,5288,rejected,voter (Total-weighted random choice)
1,node_0163,node_0157,0.52,2317,active,voter (Total-weighted random choice)
1,node_0164,node_0497,1.39,2553,rejected,voter (Total-weighted random choice)
1,node_0165,node_0046,0.72,6847,active,voter (Total-weighted random choice)
1,node_0166,node_0303,0.81,6862,active,voter (Total-weighted random choice)
1,node_0167,node_0498,1.29,6431,rejected,voter (Total-weighted random choice)
1,node_0168,node_0397,0.68,9482,active,voter (Total-weighted random choice)
1,node_0169,node_0494,1.02,5813,active,voter (Total-weighted random choice)
1,node_0170,node_0393,0.67,6915,active,voter (Total-weighted random choice)
1,node_0171,node_0486,1.19,8049,active,voter (Total-weighted random choice)
1,node_0172,node_0192,1.24,8006,active,voter (Total-weighted random choice)
1,node_0173,node_0173,1.00,6674,active,self-vote (candidate self-stake)
1,node_0174,node_0039,0.98,2141,rejected,voter (Total-weighted random choice)
1,node_0175,node_0400,1.48,6505,active,voter (Total-weighted random choice)
1,node_0176,node_0266,0.62,1425,active,voter (Total-weighted random choice)
1,node_0177,node_0479,1.19,7614,active,voter (Total-weighted random choice)
1,node_0178,node_0258,0.87,6261,active,voter (Total-weighted random choice)
1,node_0179,node_0179,1.00,5405,active,self-vote (candidate self-stake)
1,node_0180,node_0297,0.50,4608,active,voter (Total-weighted random choice)
1,node_0181,node_0181,1.00,4183,active,self-vote (candidate self-stake)
1,node_0182,node_0498,1.39,367,rejected,voter (Total-weighted random choice)
1,node_0183,node_0194,1.05,5783,active,voter (Total-weighted random choice)
1,node_0184,node_0206,0.61,709,active,voter (Total-weighted random choice)
1,node_0185,node_0185,1.00,3316,active,self-vote (candidate self-stake)
1,node_0186,node_0496,0.65,3958,active,voter (Total-weighted random choice)
1,node_0187,node_0031,0.89,9290,active,voter (Total-weighted random choice)
1,node_0188,node_0173,0.51,4248,active,voter (Total-weighted random choice)
1,node_0189,node_0222,1.15,9976,active,voter (Total-weighted random choice)
1,node_0190,node_0190,1.00,2733,active,self-vote (candidate self-stake)
1,node_0191,node_0450,1.20,9531,rejected,voter (Total-weighted random choice)
1,node_0192,node_0192,1.00,9483,active,self-vote (candidate self-stake)
1,node_0193,node_0363,0.67,6548,active,voter (Total-weighted random choice)
1,node_0194,node_0194,1.00,1295,active,self-vote (candidate self-stake)
1,node_0195,node_0185,1.29,1719,active,voter (Total-weighted random choice)
1,node_0196,node_0303,1.15,9887,active,voter (Total-weighted random choice)
1,node_0197,node_0071,1.18,5738,active,voter (Total-weighted random choice)
1,node_0198,node_0425,1.45,1179,rejected,voter (Total-weighted random choice)
1,node_0199,node_0496,0.81,257,active,voter (Total-weighted random choice)
1,node_0200,node_0206,1.29,1779,active,voter (Total-weighted random choice)
1,node_0201,node_0201,1.00,7582,active,self-vote (candidate self-stake)
1,node_0202,node_0500,1.17,2935,active,voter (Total-weighted random choice)
1,node_0203,node_0449,1.20,8867,active,voter (Total-weighted random choice)
1,node_0204,node_0314,1.12,7186,active,voter (Total-weighted random choice)
1,node_0205,node_0205,1.00,5330,active,self-vote (candidate self-stake)
1,node_0206,node_0206,1.00,4619,active,self-vote (candidate self-stake)
1,node_0207,node_0463,1.28,7663,rejected,voter (Total-weighted random choice)
1,node_0208,node_0333,1.12,5561,active,voter (Total-weighted random choice)
1,node_0209,node_0209,1.00,3029,active,self-vote (candidate self-stake)
1,node_0210,node_0459,1.40,4282,rejected,voter (Total-weighted random choice)
1,node_0211,node_0497,1.11,9156,active,voter (Total-weighted random choice)
1,node_0212,node_0463,0.70,1452,active,voter (Total-weighted random choice)
1,node_0213,node_0206,0.56,8054,active,voter (Total-weighted random choice)
1,node_0214,node_0194,0.92,7850,active,voter (Total-weighted random choice)
1,node_0215,node_0303,1.30,7392,rejected,voter (Total-weighted random choice)
1,node_0216,node_0228,0.57,4870,active,voter (Total-weighted random choice)
1,node_0217,node_0333,1.50,5066,rejected,voter (Total-weighted random choice)
1,node_0218,node_0425,1.11,7803,active,voter (Total-weighted random choice)
1,node_0219,node_0352,0.69,7021,active,voter (Total-weighted random choice)
1,node_0220,node_0421,1.01,5814,active,voter (Total-weighted random choice)
1,node_0221,node_0315,1.07,5073,rejected,voter (Total-weighted random choice)
1,node_0222,node_0222,1.00,3205,active,self-vote (candidate self-stake)
1,node_0223,node_0223,1.00,3188,active,self-vote (candidate self-stake)
1,node_0224,node_0333,0.68,4580,active,voter (Total-weighted random choice)
1,node_0225,node_0459,1.27,1697,rejected,voter (Total-weighted random choice)
1,node_0226,node_0039,1.32,3777,rejected,voter (Total-weighted random choice)
1,node_0227,node_0496,0.98,281,active,voter (Total-weighted random choice)
1,node_0228,node_0228,1.00,4544,active,self-vote (candidate self-stake)
1,node_0229,node_0003,0.93,9116,rejected,voter (Total-weighted random choice)
1,node_0230,node_0209,0.63,8092,active,voter (Total-weighted random choice)
1,node_0231,node_0376,0.70,9455,active,voter (Total-weighted random choice)
1,node_0232,node_0494,1.37,7266,active,voter (Total-weighted random choice)
1,node_0233,node_0494,1.36,4186,active,voter (Total-weighted random choice)
1,node_0234,node_0383,0.54,1919,active,voter (Total-weighted random choice)
1,node_0235,node_0479,1.40,8106,active,voter (Total-weighted random choice)
1,node_0236,node_0173,0.90,2535,active,voter (Total-weighted random choice)
1,node_0237,node_0103,1.39,1445,rejected,voter (Total-weighted random choice)
1,node_0238,node_0315,0.70,9193,active,voter (Total-weighted random choice)
1,node_0239,node_0190,0.62,8611,active,voter (Total-weighted random choice)
1,node_0240,node_0421,0.69,4921,active,voter (Total-weighted random choice)
1,node_0241,node_0425,1.31,5053,active,voter (Total-weighted random choice)
1,node_0242,node_0020,1.29,1675,rejected,voter (Total-weighted random choice)
1,node_0243,node_0500,1.26,3507,active,voter (Total-weighted random choice)
1,node_0244,node_0315,0.58,2623,active,voter (Total-weighted random choice)
1,node_0245,node_0400,1.37,2614,active,voter (Total-weighted random choice)
1,node_0246,node_0039,0.92,9779,active,voter (Total-weighted random choice)
1,node_0247,node_0059,0.56,3842,active,voter (Total-weighted random choice)
1,node_0248,node_0112,0.93,7488,active,voter (Total-weighted random choice)
1,node_0249,node_0475,0.65,4384,active,voter (Total-weighted random choice)
1,node_0250,node_0498,0.99,7015,active,voter (Total-weighted random choice)
1,node_0251,node_0157,0.59,2491,active,voter (Total-weighted random choice)
1,node_0252,node_0312,1.30,1219,active,voter (Total-weighted random choice)
1,node_0253,node_0253,1.00,9799,active,self-vote (candidate self-stake)
1,node_0254,node_0086,1.31,7245,active,voter (Total-weighted random choice)
1,node_0255,node_0459,1.04,6644,active,voter (Total-weighted random choice)
1,node_0256,node_0003,1.41,7222,rejected,voter (Total-weighted random choice)
1,node_0257,node_0022,0.99,7128,active,voter (Total-weighted random choice)
1,node_0258,node_0258,1.00,473,active,self-vote (candidate self-stake)
1,node_0259,node_0026,1.47,4465,active,voter (Total-weighted random choice)
1,node_0260,node_0497,0.98,7758,active,voter (Total-weighted random choice)
1,node_0261,node_0336,1.33,4607,rejected,voter (Total-weighted random choice)
1,node_0262,node_0276,0.68,8106,active,voter (Total-weighted random choice)
1,node_0263,node_0442,1.30,5750,active,voter (Total-weighted random choice)
1,node_0264,node_0228,1.07,1763,active,voter (Total-weighted random choice)
1,node_0265,node_0315,1.31,6794,rejected,voter (Total-weighted random choice)
1,node_0266,node_0266,1.00,6611,active,self-vote (candidate self-stake)
1,node_0267,node_0049,1.37,7501,active,voter (Total-weighted random choice)
1,node_0268,node_0421,0.50,5346,active,voter (Total-weighted random choice)
1,node_0269,node_0279,0.81,8481,active,voter (Total-weighted random choice)
1,node_0270,node_0486,1.42,8939,active,voter (Total-weighted random choice)
1,node_0271,node_0271,1.00,3123,active,self-vote (candidate self-stake)
1,node_0272,node_0500,0.99,7292,active,voter (Total-weighted random choice)
1,node_0273,node_0047,0.81,4425,active,voter (Total-weighted random choice)
1,node_0274,node_0279,0.83,7228,active,voter (Total-weighted random choice)
1,node_0275,node_0046,1.38,2039,active,voter (Total-weighted random choice)
1,node_0276,node_0276,1.00,2644,active,self-vote (candidate self-stake)
1,node_0277,node_0406,0.72,9098,active,voter (Total-weighted random choice)
1,node_0278,node_0333,0.64,1908,active,voter (Total-weighted random choice)
1,node_0279,node_0279,1.00,2572,active,self-vote (candidate self-stake)
1,node_0280,node_0450,0.65,8387,active,voter (Total-weighted random choice)
1,node_0281,node_0352,0.98,7955,active,voter (Total-weighted random choice)
1,node_0282,node_0383,0.60,7533,active,voter (Total-weighted random choice)
1,node_0283,node_0190,0.83,3172,active,voter (Total-weighted random choice)
1,node_0284,node_0094,1.21,1193,active,voter (Total-weighted random choice)
1,node_0285,node_0285,1.00,5618,active,self-vote (candidate self-stake)
1,node_0286,node_0003,1.08,92,rejected,voter (Total-weighted random choice)
1,node_0287,node_0185,1.27,9666,active,voter (Total-weighted random choice)
1,node_0288,node_0333,0.53,2484,active,voter (Total-weighted random choice)
1,node_0289,node_0289,1.00,5704,active,self-vote (candidate self-stake)
1,node_0290,node_0303,1.36,7510,rejected,voter (Total-weighted random choice)
1,node_0291,node_0303,1.05,3962,active,voter (Total-weighted random choice)
1,node_0292,node_0336,0.91,6780,active,voter (Total-weighted random choice)
1,node_0293,node_0293,1.00,6296,active,self-vote (candidate self-stake)
1,node_0294,node_0294,1.00,8165,active,self-vote (candidate self-stake)
1,node_0295,node_0003,1.17,8279,rejected,voter (Total-weighted random choice)
1,node_0296,node_0271,1.45,1694,active,voter (Total-weighted random choice)
1,node_0297,node_0297,1.00,1683,active,self-vote (candidate self-stake)
1,node_0298,node_0086,1.06,301,active,voter (Total-weighted random choice)
1,node_0299,node_0039,1.33,2579,rejected,voter (Total-weighted random choice)
1,node_0300,node_0367,1.46,5596,active,voter (Total-weighted random choice)
1,node_0301,node_0289,1.02,1365,active,voter (Total-weighted random choice)
1,node_0302,node_0352,1.42,5238,rejected,voter (Total-weighted random choice)
1,node_0303,node_0303,1.00,8914,active,self-vote (candidate self-stake)
1,node_0304,node_0304,1.00,3896,active,self-vote (candidate self-stake)
1,node_0305,node_0276,0.63,3777,active,voter (Total-weighted random choice)
1,node_0306,node_0457,1.20,1662,active,voter (Total-weighted random choice)
1,node_0307,node_0181,1.22,7319,active,voter (Total-weighted random choice)
1,node_0308,node_0094,0.59,524,active,voter (Total-weighted random choice)
1,node_0309,node_0266,1.36,4856,active,voter (Total-weighted random choice)
1,node_0310,node_0383,0.94,2435,active,voter (Total-weighted random choice)
1,node_0311,node_0498,0.93,9322,active,voter (Total-weighted random choice)
1,node_0312,node_0312,1.00,2835,active,self-vote (candidate self-stake)
1,node_0313,node_0026,0.60,3995,active,voter (Total-weighted random choice)
1,node_0314,node_0314,1.00,3854,active,self-vote (candidate self-stake)
1,node_0315,node_0315,1.00,7579,active,self-vote (candidate self-stake)
1,node_0316,node_0120,1.04,7672,active,voter (Total-weighted random choice)
1,node_0317,node_0071,1.49,1260,active,voter (Total-weighted random choice)
1,node_0318,node_0039,0.66,9676,active,voter (Total-weighted random choice)
1,node_0319,node_0157,1.01,4147,active,voter (Total-weighted random choice)
1,node_0320,node_0425,0.94,3313,active,voter (Total-weighted random choice)
1,node_0321,node_0312,0.67,1797,active,voter (Total-weighted random choice)
1,node_0322,node_0303,1.39,9467,rejected,voter (Total-weighted random choice)
1,node_0323,node_0258,1.07,409,active,voter (Total-weighted random choice)
1,node_0324,node_0157,1.32,4547,active,voter (Total-weighted random choice)
1,node_0325,node_0059,0.55,9985,active,voter (Total-weighted random choice)
1,node_0326,node_0326,1.00,3820,active,self-vote (candidate self-stake)
1,node_0327,node_0315,0.57,3638,active,voter (Total-weighted random choice)
1,node_0328,node_0360,0.85,2290,active,voter (Total-weighted random choice)
1,node_0329,node_0363,1.04,5111,active,voter (Total-weighted random choice)
1,node_0330,node_0403,1.36,9545,rejected,voter (Total-weighted random choice)
1,node_0331,node_0378,0.53,1526,active,voter (Total-weighted random choice)
1,node_0332,node_0049,0.97,6857,active,voter (Total-weighted random choice)
1,node_0333,node_0333,1.00,8887,active,self-vote (candidate self-stake)
1,node_0334,node_0209,0.69,8747,active,voter (Total-weighted random choice)
1,node_0335,node_0097,0.72,2745,active,voter (Total-weighted random choice)
1,node_0336,node_0336,1.00,4885,active,self-vote (candidate self-stake)
1,node_0337,node_0157,1.44,1936,active,voter (Total-weighted random choice)
1,node_0338,node_0367,0.67,2356,active,voter (Total-weighted random choice)
1,node_0339,node_0442,1.33,6561,active,voter (Total-weighted random choice)
1,node_0340,node_0185,1.43,1529,active,voter (Total-weighted random choice)
1,node_0341,node_0179,1.40,4382,active,voter (Total-weighted random choice)
1,node_0342,node_0393,0.64,6088,active,voter (Total-weighted random choice)
1,node_0343,node_0031,0.53,9627,active,voter (Total-weighted random choice)
1,node_0344,node_0463,1.16,1825,rejected,voter (Total-weighted random choice)
1,node_0345,node_0094,0.74,460,active,voter (Total-weighted random choice)
1,node_0346,node_0192,1.12,3676,active,voter (Total-weighted random choice)
1,node_0347,node_0130,0.95,5001,active,voter (Total-weighted random choice)
1,node_0348,node_0047,1.38,2340,active,voter (Total-weighted random choice)
1,node_0349,node_0370,1.22,5036,active,voter (Total-weighted random choice)
1,node_0350,node_0489,1.11,1642,active,voter (Total-weighted random choice)
1,node_0351,node_0315,0.94,6417,rejected,voter (Total-weighted random choice)
1,node_0352,node_0352,1.00,9672,active,self-vote (candidate self-stake)
1,node_0353,node_0353,1.00,6847,active,self-vote (candidate self-stake)
1,node_0354,node_0489,1.49,6736,active,voter (Total-weighted random choice)
1,node_0355,node_0103,1.34,586,rejected,voter (Total-weighted random choice)
1,node_0356,node_0046,0.66,7314,active,voter (Total-weighted random choice)
1,node_0357,node_0046,0.86,5992,active,voter (Total-weighted random choice)
1,node_0358,node_0442,1.44,8970,rejected,voter (Total-weighted random choice)
1,node_0359,node_0397,1.44,1042,active,voter (Total-weighted random choice)
1,node_0360,node_0360,1.00,2051,active,self-vote (candidate self-stake)
1,node_0361,node_0039,1.44,1551,rejected,voter (Total-weighted random choice)
1,node_0362,node_0400,1.36,878,active,voter (Total-weighted random choice)
1,node_0363,node_0363,1.00,2113,active,self-vote (candidate self-stake)
1,node_0364,node_0486,1.07,1174,active,voter (Total-weighted random choice)
1,node_0365,node_0498,0.59,9657,active,voter (Total-weighted random choice)
1,node_0366,node_0397,1.39,5433,active,voter (Total-weighted random choice)
1,node_0367,node_0367,1.00,4592,active,self-vote (candidate self-stake)
1,node_0368,node_0228,1.16,2179,active,voter (Total-weighted random choice)
1,node_0369,node_0103,1.19,1851,rejected,voter (Total-weighted random choice)
1,node_0370,node_0370,1.00,2209,active,self-vote (candidate self-stake)
1,node_0371,node_0336,1.04,9697,active,voter (Total-weighted random choice)
1,node_0372,node_0102,1.34,4397,active,voter (Total-weighted random choice)
1,node_0373,node_0067,1.17,8669,active,voter (Total-weighted random choice)
1,node_0374,node_0120,1.21,7852,active,voter (Total-weighted random choice)
1,node_0375,node_0103,0.79,8458,active,voter (Total-weighted random choice)
1,node_0376,node_0376,1.00,8304,active,self-vote (candidate self-stake)
1,node_0377,node_0370,1.17,8593,active,voter (Total-weighted random choice)
1,node_0378,node_0378,1.00,1046,active,self-vote (candidate self-stake)
1,node_0379,node_0421,0.75,7034,active,voter (Total-weighted random choice)
1,node_0380,node_0020,0.62,7317,active,voter (Total-weighted random choice)
1,node_0381,node_0003,0.83,5327,rejected,voter (Total-weighted random choice)
1,node_0382,node_0303,1.39,2117,rejected,voter (Total-weighted random choice)
1,node_0383,node_0383,1.00,6290,active,self-vote (candidate self-stake)
1,node_0384,node_0194,1.39,7483,rejected,voter (Total-weighted random choice)
1,node_0385,node_0468,0.84,1674,active,voter (Total-weighted random choice)
1,node_0386,node_0370,1.00,9083,active,voter (Total-weighted random choice)
1,node_0387,node_0484,1.13,7096,active,voter (Total-weighted random choice)
1,node_0388,node_0010,0.84,6829,active,voter (Total-weighted random choice)
1,node_0389,node_0461,1.20,6582,active,voter (Total-weighted random choice)
1,node_0390,node_0390,1.00,5170,active,self-vote (candidate self-stake)
1,node_0391,node_0336,0.86,6182,active,voter (Total-weighted random choice)
1,node_0392,node_0185,1.47,1149,active,voter (Total-weighted random choice)
1,node_0393,node_0393,1.00,1577,active,self-vote (candidate self-stake)
1,node_0394,node_0094,0.55,2181,active,voter (Total-weighted random choice)
1,node_0395,node_0039,0.72,2052,active,voter (Total-weighted random choice)
1,node_0396,node_0258,1.35,892,active,voter (Total-weighted random choice)
1,node_0397,node_0397,1.00,5811,active,self-vote (candidate self-stake)
1,node_0398,node_0022,1.42,2585,active,voter (Total-weighted random choice)
1,node_0399,node_0130,0.67,1823,active,voter (Total-weighted random choice)
1,node_0400,node_0400,1.00,1932,active,self-vote (candidate self-stake)
1,node_0401,node_0497,1.23,7080,active,voter (Total-weighted random choice)
1,node_0402,node_0223,0.59,4431,active,voter (Total-weighted random choice)
1,node_0403,node_0403,1.00,5112,active,self-vote (candidate self-stake)
1,node_0404,node_0442,0.52,150,active,voter (Total-weighted random choice)
1,node_0405,node_0475,0.62,9328,active,voter (Total-weighted random choice)
1,node_0406,node_0406,1.00,2374,active,self-vote (candidate self-stake)
1,node_0407,node_0266,0.71,1553,active,voter (Total-weighted random choice)
1,node_0408,node_0201,0.83,6213,active,voter (Total-weighted random choice)
1,node_0409,node_0303,0.77,2628,active,voter (Total-weighted random choice)
1,node_0410,node_0494,0.83,9349,active,voter (Total-weighted random choice)
1,node_0411,node_0049,0.84,2599,active,voter (Total-weighted random choice)
1,node_0412,node_0479,1.02,1386,active,voter (Total-weighted random choice)
1,node_0413,node_0478,1.16,8007,active,voter (Total-weighted random choice)
1,node_0414,node_0425,1.40,4525,rejected,voter (Total-weighted random choice)
1,node_0415,node_0498,1.16,5705,rejected,voter (Total-weighted random choice)
1,node_0416,node_0094,1.38,9767,active,voter (Total-weighted random choice)
1,node_0417,node_0209,1.44,794,rejected,voter (Total-weighted random choice)
1,node_0418,node_0010,0.54,175,active,voter (Total-weighted random choice)
1,node_0419,node_0315,1.13,2298,rejected,voter (Total-weighted random choice)
1,node_0420,node_0173,1.00,5425,active,voter (Total-weighted random choice)
1,node_0421,node_0421,1.00,7105,active,self-vote (candidate self-stake)
1,node_0422,node_0201,0.86,8775,active,voter (Total-weighted random choice)
1,node_0423,node_0421,1.10,1230,rejected,voter (Total-weighted random choice)
1,node_0424,node_0461,0.83,7197,active,voter (Total-weighted random choice)
1,node_0425,node_0425,1.00,5179,active,self-vote (candidate self-stake)
1,node_0426,node_0312,1.29,6893,active,voter (Total-weighted random choice)
1,node_0427,node_0103,1.43,391,rejected,voter (Total-weighted random choice)
1,node_0428,node_0209,0.57,7588,active,voter (Total-weighted random choice)
1,node_0429,node_0031,1.24,1493,active,voter (Total-weighted random choice)
1,node_0430,node_0185,0.56,4036,active,voter (Total-weighted random choice)
1,node_0431,node_0450,0.77,8634,active,voter (Total-weighted random choice)
1,node_0432,node_0442,0.79,5612,active,voter (Total-weighted random choice)
1,node_0433,node_0192,0.62,1301,active,voter (Total-weighted random choice)
1,node_0434,node_0297,0.53,8743,active,voter (Total-weighted random choice)
1,node_0435,node_0179,0.57,5802,active,voter (Total-weighted random choice)
1,node_0436,node_0315,0.70,3921,active,voter (Total-weighted random choice)
1,node_0437,node_0173,1.37,3282,active,voter (Total-weighted random choice)
1,node_0438,node_0192,0.52,1284,active,voter (Total-weighted random choice)
1,node_0439,node_0459,1.16,7651,active,voter (Total-weighted random choice)
1,node_0440,node_0403,1.14,9298,active,voter (Total-weighted random choice)
1,node_0441,node_0120,1.38,5229,rejected,voter (Total-weighted random choice)
1,node_0442,node_0442,1.00,7732,active,self-vote (candidate self-stake)
1,node_0443,node_0194,0.73,4550,active,voter (Total-weighted random choice)
1,node_0444,node_0497,0.67,8362,active,voter (Total-weighted random choice)
1,node_0445,node_0020,0.90,7454,active,voter (Total-weighted random choice)
1,node_0446,node_0049,0.63,4753,active,voter (Total-weighted random choice)
1,node_0447,node_0486,0.57,9783,active,voter (Total-weighted random choice)
1,node_0448,node_0067,0.85,9558,active,voter (Total-weighted random choice)
1,node_0449,node_0449,1.00,7418,active,self-vote (candidate self-stake)
1,node_0450,node_0450,1.00,5317,active,self-vote (candidate self-stake)
1,node_0451,node_0451,1.00,1063,active,self-vote (candidate self-stake)
1,node_0452,node_0383,1.13,1431,rejected,voter (Total-weighted random choice)
1,node_0453,node_0450,0.92,691,rejected,voter (Total-weighted random choice)
1,node_0454,node_0463,0.64,7249,active,voter (Total-weighted random choice)
1,node_0455,node_0059,0.85,6012,active,voter (Total-weighted random choice)
1,node_0456,node_0390,0.72,6397,active,voter (Total-weighted random choice)
1,node_0457,node_0457,1.00,9845,active,self-vote (candidate self-stake)
1,node_0458,node_0393,1.23,1129,active,voter (Total-weighted random choice)
1,node_0459,node_0459,1.00,4705,active,self-vote (candidate self-stake)
1,node_0460,node_0336,1.14,5511,active,voter (Total-weighted random choice)
1,node_0461,node_0461,1.00,5781,active,self-vote (candidate self-stake)
1,node_0462,node_0192,0.60,2162,active,voter (Total-weighted random choice)
1,node_0463,node_0463,1.00,5122,active,self-vote (candidate self-stake)
1,node_0464,node_0258,0.86,2143,active,voter (Total-weighted random choice)
1,node_0465,node_0450,0.69,6987,active,voter (Total-weighted random choice)
1,node_0466,node_0097,0.65,5990,active,voter (Total-weighted random choice)
1,node_0467,node_0047,1.31,5648,active,voter (Total-weighted random choice)
1,node_0468,node_0468,1.00,3195,active,self-vote (candidate self-stake)
1,node_0469,node_0173,1.24,2588,active,voter (Total-weighted random choice)
1,node_0470,node_0022,0.80,8367,active,voter (Total-weighted random choice)
1,node_0471,node_0406,1.22,5567,active,voter (Total-weighted random choice)
1,node_0472,node_0271,1.05,9835,active,voter (Total-weighted random choice)
1,node_0473,node_0450,0.59,3012,active,voter (Total-weighted random choice)
1,node_0474,node_0403,0.66,7220,active,voter (Total-weighted random choice)
1,node_0475,node_0475,1.00,3941,active,self-vote (candidate self-stake)
1,node_0476,node_0083,0.80,7405,active,voter (Total-weighted random choice)
1,node_0477,node_0406,1.05,5120,active,voter (Total-weighted random choice)
1,node_0478,node_0478,1.00,3228,active,self-vote (candidate self-stake)
1,node_0479,node_0479,1.00,7614,active,self-vote (candidate self-stake)
1,node_0480,node_0097,1.31,8289,active,voter (Total-weighted random choice)
1,node_0481,node_0103,0.72,3321,active,voter (Total-weighted random choice)
1,node_0482,node_0120,0.93,4146,active,voter (Total-weighted random choice)
1,node_0483,node_0003,0.71,6131,rejected,voter (Total-weighted random choice)
1,node_0484,node_0484,1.00,8502,active,self-vote (candidate self-stake)
1,node_0485,node_0484,0.93,1424,active,voter (Total-weighted random choice)
1,node_0486,node_0486,1.00,7411,active,self-vote (candidate self-stake)
1,node_0487,node_0390,0.91,7217,active,voter (Total-weighted random choice)
1,node_0488,node_0071,0.99,7441,active,voter (Total-weighted random choice)
1,node_0489,node_0489,1.00,6847,active,self-vote (candidate self-stake)
1,node_0490,node_0333,0.91,3912,active,voter (Total-weighted random choice)
1,node_0491,node_0353,0.84,6192,active,voter (Total-weighted random choice)
1,node_0492,node_0496,0.68,1673,active,voter (Total-weighted random choice)
1,node_0493,node_0425,1.14,2442,active,voter (Total-weighted random choice)
1,node_0494,node_0494,1.00,7790,active,self-vote (candidate self-stake)
1,node_0495,node_0304,0.94,7735,active,voter (Total-weighted random choice)
1,node_0496,node_0496,1.00,1348,active,self-vote (candidate self-stake)
1,node_0497,node_0497,1.00,2499,active,self-vote (candidate self-stake)
1,node_0498,node_0498,1.00,1871,active,self-vote (candidate self-stake)
1,node_0499,node_0047,1.26,4984,active,voter (Total-weighted random choice)
1,node_0500,node_0500,1.00,6928,active,self-vote (candidate self-stake)
2,node_0001,node_0480,1.00,1438,active,voter (Total-weighted random choice)
2,node_0002,node_0193,1.06,4080,active,voter (Total-weighted random choice)
2,node_0003,node_0456,1.38,14232,active,voter (Total-weighted random choice)
2,node_0004,node_0488,0.50,247,active,voter (Total-weighted random choice)
2,node_0005,node_0422,1.01,5033,active,voter (Total-weighted random choice)
2,node_0006,node_0006,1.00,9140,active,self-vote (candidate self-stake)
2,node_0007,node_0133,0.55,4220,active,voter (Total-weighted random choice)
2,node_0008,node_0284,1.38,26,active,voter (Total-weighted random choice)
2,node_0009,node_0074,0.52,7933,active,voter (Total-weighted random choice)
2,node_0010,node_0490,0.90,4618,active,voter (Total-weighted random choice)
2,node_0011,node_0201,1.02,1557,active,voter (Total-weighted random choice)
2,node_0012,node_0365,0.90,5657,active,voter (Total-weighted random choice)
2,node_0013,node_0067,1.04,922,active,voter (Total-weighted random choice)
2,node_0014,node_0014,1.00,8724,active,self-vote (candidate self-stake)
2,node_0015,node_0015,1.00,6338,active,self-vote (candidate self-stake)
2,node_0016,node_0461,0.85,995,active,voter (Total-weighted random choice)
2,node_0017,node_0017,1.00,1473,active,self-vote (candidate self-stake)
2,node_0018,node_0343,1.35,5298,active,voter (Total-weighted random choice)
2,node_0019,node_0019,1.00,1704,active,self-vote (candidate self-stake)
2,node_0020,node_0100,1.10,4312,active,voter (Total-weighted random choice)
2,node_0021,node_0021,1.00,943,active,self-vote (candidate self-stake)
2,node_0022,node_0022,1.00,2199,active,self-vote (candidate self-stake)
2,node_0023,node_0133,1.29,7678,rejected,voter (Total-weighted random choice)
2,node_0024,node_0024,1.00,679,active,self-vote (candidate self-stake)
2,node_0025,node_0025,1.00,4263,active,self-vote (candidate self-stake)
2,node_0026,node_0026,1.00,4340,active,self-vote (candidate self-stake)
2,node_0027,node_0409,0.76,3208,active,voter (Total-weighted random choice)
2,node_0028,node_0312,0.94,7316,active,voter (Total-weighted random choice)
2,node_0029,node_0067,0.79,4154,active,voter (Total-weighted random choice)
2,node_0030,node_0080,0.98,10023,active,voter (Total-weighted random choice)
2,node_0031,node_0178,0.58,6251,active,voter (Total-weighted random choice)
2,node_0032,node_0032,1.00,7101,active,self-vote (candidate self-stake)
2,node_0033,node_0015,0.67,254,active,voter (Total-weighted random choice)
2,node_0034,node_0034,1.00,7689,active,self-vote (candidate self-stake)
2,node_0035,node_0143,1.16,6448,active,voter (Total-weighted random choice)
2,node_0036,node_0036,1.00,9216,active,self-vote (candidate self-stake)
2,node_0037,node_0037,1.00,252,active,self-vote (candidate self-stake)
2,node_0038,node_0424,0.65,5621,active,voter (Total-weighted random choice)
2,node_0039,node_0333,1.06,5666,active,voter (Total-weighted random choice)
2,node_0040,node_0052,0.77,9066,active,voter (Total-weighted random choice)
2,node_0041,node_0041,1.00,4528,active,self-vote (candidate self-stake)
2,node_0042,node_0401,0.57,2340,active,voter (Total-weighted random choice)
2,node_0043,node_0043,1.00,9091,active,self-vote (candidate self-stake)
2,node_0044,node_0044,1.00,11565,active,self-vote (candidate self-stake)
2,node_0045,node_0045,1.00,628,active,self-vote (candidate self-stake)
2,node_0046,node_0046,1.00,4938,active,self-vote (candidate self-stake)
2,node_0047,node_0493,1.31,1479,active,voter (Total-weighted random choice)
2,node_0048,node_0048,1.00,7553,active,self-vote (candidate self-stake)
2,node_0049,node_0149,0.82,8430,active,voter (Total-weighted random choice)
2,node_0050,node_0050,1.00,5490,active,self-vote (candidate self-stake)
2,node_0051,node_0006,0.50,3469,active,voter (Total-weighted random choice)
2,node_0052,node_0052,1.00,4944,active,self-vote (candidate self-stake)
2,node_0053,node_0026,1.04,7747,active,voter (Total-weighted random choice)
2,node_0054,node_0141,1.21,2704,active,voter (Total-weighted random choice)
2,node_0055,node_0262,1.22,4011,active,voter (Total-weighted random choice)
2,node_0056,node_0100,1.41,11897,rejected,voter (Total-weighted random choice)
2,node_0057,node_0057,1.00,1258,active,self-vote (candidate self-stake)
2,node_0058,node_0302,0.96,5080,active,voter (Total-weighted random choice)
2,node_0059,node_0052,1.12,5251,active,voter (Total-weighted random choice)
2,node_0060,node_0060,1.00,11324,active,self-vote (candidate self-stake)
2,node_0061,node_0392,0.91,4227,active,voter (Total-weighted random choice)
2,node_0062,node_0092,0.89,2959,active,voter (Total-weighted random choice)
2,node_0063,node_0365,1.24,5515,active,voter (Total-weighted random choice)
2,node_0064,node_0217,0.86,823,active,voter (Total-weighted random choice)
2,node_0065,node_0022,1.33,891,active,voter (Total-weighted random choice)
2,node_0066,node_0066,1.00,1354,active,self-vote (candidate self-stake)
2,node_0067,node_0067,1.00,11983,active,self-vote (candidate self-stake)
2,node_0068,node_0068,1.00,2874,active,self-vote (candidate self-stake)
2,node_0069,node_0168,1.50,1405,active,voter (Total-weighted random choice)
2,node_0070,node_0155,1.21,320,active,voter (Total-weighted random choice)
2,node_0071,node_0161,0.80,1239,active,voter (Total-weighted random choice)
2,node_0072,node_0333,0.72,2824,active,voter (Total-weighted random choice)
2,node_0073,node_0263,1.10,4307,active,voter (Total-weighted random choice)
2,node_0074,node_0074,1.00,2586,active,self-vote (candidate self-stake)
2,node_0075,node_0133,1.20,4239,active,voter (Total-weighted random choice)
2,node_0076,node_0489,0.91,4334,active,voter (Total-weighted random choice)
2,node_0077,node_0077,1.00,3323,active,self-vote (candidate self-stake)
2,node_0078,node_0084,0.67,732,active,voter (Total-weighted random choice)
2,node_0079,node_0307,1.40,4902,rejected,voter (Total-weighted random choice)
2,node_0080,node_0080,1.00,10124,active,self-vote (candidate self-stake)
2,node_0081,node_0081,1.00,1244,active,self-vote (candidate self-stake)
2,node_0082,node_0141,1.06,2097,active,voter (Total-weighted random choice)
2,node_0083,node_0331,0.66,3358,active,voter (Total-weighted random choice)
2,node_0084,node_0084,1.00,8379,active,self-vote (candidate self-stake)
2,node_0085,node_0060,0.73,5660,active,voter (Total-weighted random choice)
2,node_0086,node_0305,0.67,4751,active,voter (Total-weighted random choice)
2,node_0087,node_0193,0.84,4718,active,voter (Total-weighted random choice)
2,node_0088,node_0216,1.20,4876,active,voter (Total-weighted random choice)
2,node_0089,node_0156,1.37,168,active,voter (Total-weighted random choice)
2,node_0090,node_0045,1.49,202,active,voter (Total-weighted random choice)
2,node_0091,node_0077,0.86,2184,active,voter (Total-weighted random choice)
2,node_0092,node_0092,1.00,4074,active,self-vote (candidate self-stake)
2,node_0093,node_0093,1.00,7964,active,self-vote (candidate self-stake)
2,node_0094,node_0312,0.64,9544,active,voter (Total-weighted random choice)
2,node_0095,node_0221,0.54,949,active,voter (Total-weighted random choice)
2,node_0096,node_0359,1.36,4735,active,voter (Total-weighted random choice)
2,node_0097,node_0386,1.43,8162,rejected,voter (Total-weighted random choice)
2,node_0098,node_0256,1.14,10558,active,voter (Total-weighted random choice)
2,node_0099,node_0057,1.09,2646,active,voter (Total-weighted random choice)
2,node_0100,node_0100,1.00,8383,active,self-vote (candidate self-stake)
2,node_0101,node_0173,1.33,1774,active,voter (Total-weighted random choice)
2,node_0102,node_0102,1.00,971,active,self-vote (candidate self-stake)
2,node_0103,node_0285,1.50,5106,rejected,voter (Total-weighted random choice)
2,node_0104,node_0489,0.87,7946,active,voter (Total-weighted random choice)
2,node_0105,node_0371,0.77,3070,active,voter (Total-weighted random choice)
2,node_0106,node_0482,1.04,9019,active,voter (Total-weighted random choice)
2,node_0107,node_0107,1.00,9848,active,self-vote (candidate self-stake)
2,node_0108,node_0067,1.41,1837,active,voter (Total-weighted random choice)
2,node_0109,node_0495,1.42,650,active,voter (Total-weighted random choice)
2,node_0110,node_0171,1.48,5054,active,voter (Total-weighted random choice)
2,node_0111,node_0302,0.99,9301,active,voter (Total-weighted random choice)
2,node_0112,node_0074,1.32,2275,active,voter (Total-weighted random choice)
2,node_0113,node_0439,1.48,1358,active,voter (Total-weighted random choice)
2,node_0114,node_0114,1.00,7844,active,self-vote (candidate self-stake)
2,node_0115,node_0141,0.85,6686,active,voter (Total-weighted random choice)
2,node_0116,node_0116,1.00,4475,active,self-vote (candidate self-stake)
2,node_0117,node_0480,0.66,6842,active,voter (Total-weighted random choice)
2,node_0118,node_0046,1.48,3664,active,voter (Total-weighted random choice)
2,node_0119,node_0119,1.00,5129,active,self-vote (candidate self-stake)
2,node_0120,node_0386,1.31,3528,rejected,voter (Total-weighted random choice)
2,node_0121,node_0060,1.30,5883,rejected,voter (Total-weighted random choice)
2,node_0122,node_0122,1.00,4671,active,self-vote (candidate self-stake)
2,node_0123,node_0305,0.75,7681,active,voter (Total-weighted random choice)
2,node_0124,node_0124,1.00,2335,active,self-vote (candidate self-stake)
2,node_0125,node_0168,1.49,4032,active,voter (Total-weighted random choice)
2,node_0126,node_0263,1.34,664,active,voter (Total-weighted random choice)
2,node_0127,node_0127,1.00,6774,active,self-vote (candidate self-stake)
2,node_0128,node_0416,1.44,8034,active,voter (Total-weighted random choice)
2,node_0129,node_0084,0.53,6768,active,voter (Total-weighted random choice)
2,node_0130,node_0388,0.50,3592,active,voter (Total-weighted random choice)
2,node_0131,node_0450,0.73,1005,active,voter (Total-weighted random choice)
2,node_0132,node_0234,1.02,5254,active,voter (Total-weighted random choice)
2,node_0133,node_0133,1.00,4123,active,self-vote (candidate self-stake)
2,node_0134,node_0262,0.58,6301,active,voter (Total-weighted random choice)
2,node_0135,node_0135,1.00,6407,active,self-vote (candidate self-stake)
2,node_0136,node_0461,1.26,9527,active,voter (Total-weighted random choice)
2,node_0137,node_0161,1.35,4705,rejected,voter (Total-weighted random choice)
2,node_0138,node_0138,1.00,9218,active,self-vote (candidate self-stake)
2,node_0139,node_0307,1.15,5219,active,voter (Total-weighted random choice)
2,node_0140,node_0100,0.63,8622,active,voter (Total-weighted random choice)
2,node_0141,node_0141,1.00,6957,active,self-vote (candidate self-stake)
2,node_0142,node_0285,1.13,10345,active,voter (Total-weighted random choice)
2,node_0143,node_0143,1.00,1707,active,self-vote (candidate self-stake)
2,node_0144,node_0144,1.00,403,active,self-vote (candidate self-stake)
2,node_0145,node_0145,1.00,4813,active,self-vote (candidate self-stake)
2,node_0146,node_0256,1.23,2655,rejected,voter (Total-weighted random choice)
2,node_0147,node_0307,0.98,8387,active,voter (Total-weighted random choice)
2,node_0148,node_0331,0.66,4470,active,voter (Total-weighted random choice)
2,node_0149,node_0149,1.00,6843,active,self-vote (candidate self-stake)
2,node_0150,node_0093,0.80,3284,active,voter (Total-weighted random choice)
2,node_0151,node_0066,1.36,2334,active,voter (Total-weighted random choice)
2,node_0152,node_0254,0.56,2768,active,voter (Total-weighted random choice)
2,node_0153,node_0499,1.48,562,active,voter (Total-weighted random choice)
2,node_0154,node_0411,0.88,8142,active,voter (Total-weighted random choice)
2,node_0155,node_0155,1.00,8858,active,self-vote (candidate self-stake)
2,node_0156,node_0156,1.00,6851,active,self-vote (candidate self-stake)
2,node_0157,node_0057,0.83,7615,active,voter (Total-weighted random choice)
2,node_0158,node_0141,0.63,7070,active,voter (Total-weighted random choice)
2,node_0159,node_0149,1.24,3262,active,voter (Total-weighted random choice)
2,node_0160,node_0160,1.00,4270,active,self-vote (candidate self-stake)
2,node_0161,node_0161,1.00,5532,active,self-vote (candidate self-stake)
2,node_0162,node_0239,0.89,4876,active,voter (Total-weighted random choice)
2,node_0163,node_0067,0.66,2084,active,voter (Total-weighted random choice)
2,node_0164,node_0201,1.16,1388,active,voter (Total-weighted random choice)
2,node_0165,node_0330,0.64,7000,active,voter (Total-weighted random choice)
2,node_0166,node_0143,1.11,6814,active,voter (Total-weighted random choice)
2,node_0167,node_0493,1.43,5611,active,voter (Total-weighted random choice)
2,node_0168,node_0168,1.00,9971,active,self-vote (candidate self-stake)
2,node_0169,node_0046,1.03,3973,active,voter (Total-weighted random choice)
2,node_0170,node_0161,1.24,6863,rejected,voter (Total-weighted random choice)
2,node_0171,node_0171,1.00,9333,active,self-vote (candidate self-stake)
2,node_0172,node_0484,0.69,8983,active,voter (Total-weighted random choice)
2,node_0173,node_0173,1.00,4854,active,self-vote (candidate self-stake)
2,node_0174,node_0143,0.97,2639,active,voter (Total-weighted random choice)
2,node_0175,node_0484,0.95,5132,active,voter (Total-weighted random choice)
2,node_0176,node_0444,0.93,618,active,voter (Total-weighted random choice)
2,node_0177,node_0401,0.83,8883,active,voter (Total-weighted random choice)
2,node_0178,node_0178,1.00,5957,active,self-vote (candidate self-stake)
2,node_0179,node_0161,0.61,5859,active,voter (Total-weighted random choice)
2,node_0180,node_0067,0.64,4261,active,voter (Total-weighted random choice)
2,node_0181,node_0389,0.60,4209,active,voter (Total-weighted random choice)
2,node_0182,node_0347,1.33,497,active,voter (Total-weighted random choice)
2,node_0183,node_0217,0.84,7980,active,voter (Total-weighted random choice)
2,node_0184,node_0256,1.39,934,rejected,voter (Total-weighted random choice)
2,node_0185,node_0401,0.74,4420,active,voter (Total-weighted random choice)
2,node_0186,node_0116,0.79,4245,active,voter (Total-weighted random choice)
2,node_0187,node_0461,0.75,9631,active,voter (Total-weighted random choice)
2,node_0188,node_0440,0.99,3145,active,voter (Total-weighted random choice)
2,node_0189,node_0408,1.02,9377,active,voter (Total-weighted random choice)
2,node_0190,node_0100,1.22,2983,rejected,voter (Total-weighted random choice)
2,node_0191,node_0052,0.57,9215,active,voter (Total-weighted random choice)
2,node_0192,node_0461,1.44,10331,active,voter (Total-weighted random choice)
2,node_0193,node_0193,1.00,6640,active,self-vote (candidate self-stake)
2,node_0194,node_0392,0.76,2775,active,voter (Total-weighted random choice)
2,node_0195,node_0195,1.00,1357,active,self-vote (candidate self-stake)
2,node_0196,node_0443,0.97,12643,active,voter (Total-weighted random choice)
2,node_0197,node_0282,1.37,4445,rejected,voter (Total-weighted random choice)
2,node_0198,node_0036,1.37,135,active,voter (Total-weighted random choice)
2,node_0199,node_0050,0.51,260,active,voter (Total-weighted random choice)
2,node_0200,node_0017,1.19,1825,active,voter (Total-weighted random choice)
2,node_0201,node_0201,1.00,10005,active,self-vote (candidate self-stake)
2,node_0202,node_0202,1.00,4618,active,self-vote (candidate self-stake)
2,node_0203,node_0435,1.16,8843,active,voter (Total-weighted random choice)
2,node_0204,node_0204,1.00,6052,active,self-vote (candidate self-stake)
2,node_0205,node_0424,1.21,4687,active,voter (Total-weighted random choice)
2,node_0206,node_0019,1.08,3091,active,voter (Total-weighted random choice)
2,node_0207,node_0415,0.73,7190,active,voter (Total-weighted random choice)
2,node_0208,node_0256,1.10,5907,active,voter (Total-weighted random choice)
2,node_0209,node_0084,1.34,5199,rejected,voter (Total-weighted random choice)
2,node_0210,node_0359,1.11,3387,active,voter (Total-weighted random choice)
2,node_0211,node_0443,1.43,10961,rejected,voter (Total-weighted random choice)
2,node_0212,node_0422,1.34,1741,active,voter (Total-weighted random choice)
2,node_0213,node_0213,1.00,8191,active,self-vote (candidate self-stake)
2,node_0214,node_0214,1.00,7884,active,self-vote (candidate self-stake)
2,node_0215,node_0424,0.94,9282,active,voter (Total-weighted random choice)
2,node_0216,node_0216,1.00,4456,active,self-vote (candidate self-stake)
2,node_0217,node_0217,1.00,5246,active,self-vote (candidate self-stake)
2,node_0218,node_0093,0.84,8366,active,voter (Total-weighted random choice)
2,node_0219,node_0219,1.00,7596,active,self-vote (candidate self-stake)
2,node_0220,node_0220,1.00,5500,active,self-vote (candidate self-stake)
2,node_0221,node_0221,1.00,5396,active,self-vote (candidate self-stake)
2,node_0222,node_0365,1.43,2314,active,voter (Total-weighted random choice)
2,node_0223,node_0223,1.00,1631,active,self-vote (candidate self-stake)
2,node_0224,node_0080,1.02,6189,active,voter (Total-weighted random choice)
2,node_0225,node_0484,1.24,2054,active,voter (Total-weighted random choice)
2,node_0226,node_0226,1.00,2328,active,self-vote (candidate self-stake)
2,node_0227,node_0307,1.40,138,rejected,voter (Total-weighted random choice)
2,node_0228,node_0195,1.07,4250,active,voter (Total-weighted random choice)
2,node_0229,node_0443,1.37,7683,active,voter (Total-weighted random choice)
2,node_0230,node_0457,0.91,7092,active,voter (Total-weighted random choice)
2,node_0231,node_0193,0.96,10182,active,voter (Total-weighted random choice)
2,node_0232,node_0452,0.98,6591,active,voter (Total-weighted random choice)
2,node_0233,node_0269,1.07,3144,active,voter (Total-weighted random choice)
2,node_0234,node_0234,1.00,2060,active,self-vote (candidate self-stake)
2,node_0235,node_0161,0.77,9783,active,voter (Total-weighted random choice)
2,node_0236,node_0282,0.79,2098,active,voter (Total-weighted random choice)
2,node_0237,node_0319,1.37,1086,active,voter (Total-weighted random choice)
2,node_0238,node_0034,1.36,10940,active,voter (Total-weighted random choice)
2,node_0239,node_0239,1.00,8562,active,self-vote (candidate self-stake)
2,node_0240,node_0484,1.20,4583,active,voter (Total-weighted random choice)
2,node_0241,node_0411,1.22,6131,active,voter (Total-weighted random choice)
2,node_0242,node_0242,1.00,606,active,self-vote (candidate self-stake)
2,node_0243,node_0093,1.37,4022,rejected,voter (Total-weighted random choice)
2,node_0244,node_0124,0.94,1800,active,voter (Total-weighted random choice)
2,node_0245,node_0026,1.42,2001,active,voter (Total-weighted random choice)
2,node_0246,node_0370,1.36,12081,active,voter (Total-weighted random choice)
2,node_0247,node_0448,0.82,4229,active,voter (Total-weighted random choice)
2,node_0248,node_0248,1.00,7356,active,self-vote (candidate self-stake)
2,node_0249,node_0386,0.95,4348,active,voter (Total-weighted random choice)
2,node_0250,node_0343,1.25,7963,active,voter (Total-weighted random choice)
2,node_0251,node_0060,1.40,3031,rejected,voter (Total-weighted random choice)
2,node_0252,node_0416,0.57,863,active,voter (Total-weighted random choice)
2,node_0253,node_0253,1.00,8215,active,self-vote (candidate self-stake)
2,node_0254,node_0254,1.00,8346,active,self-vote (candidate self-stake)
2,node_0255,node_0401,0.61,7751,active,voter (Total-weighted random choice)
2,node_0256,node_0256,1.00,7094,active,self-vote (candidate self-stake)
2,node_0257,node_0019,1.24,7029,active,voter (Total-weighted random choice)
2,node_0258,node_0081,0.98,212,active,voter (Total-weighted random choice)
2,node_0259,node_0155,1.04,4596,active,voter (Total-weighted random choice)
2,node_0260,node_0325,0.59,6693,active,voter (Total-weighted random choice)
2,node_0261,node_0284,1.05,4599,active,voter (Total-weighted random choice)
2,node_0262,node_0262,1.00,8105,active,self-vote (candidate self-stake)
2,node_0263,node_0263,1.00,7190,active,self-vote (candidate self-stake)
2,node_0264,node_0242,0.68,2208,active,voter (Total-weighted random choice)
2,node_0265,node_0107,1.17,6752,active,voter (Total-weighted random choice)
2,node_0266,node_0114,1.46,6190,active,voter (Total-weighted random choice)
2,node_0267,node_0285,0.88,8514,active,voter (Total-weighted random choice)
2,node_0268,node_0173,1.34,5684,active,voter (Total-weighted random choice)
2,node_0269,node_0269,1.00,6597,active,self-vote (candidate self-stake)
2,node_0270,node_0270,1.00,11035,active,self-vote (candidate self-stake)
2,node_0271,node_0171,1.16,1907,active,voter (Total-weighted random choice)
2,node_0272,node_0409,1.01,8885,active,voter (Total-weighted random choice)
2,node_0273,node_0226,0.54,3925,active,voter (Total-weighted random choice)
2,node_0274,node_0274,1.00,8026,active,self-vote (candidate self-stake)
2,node_0275,node_0021,1.08,3216,active,voter (Total-weighted random choice)
2,node_0276,node_0404,1.23,3248,active,voter (Total-weighted random choice)
2,node_0277,node_0084,1.28,9031,active,voter (Total-weighted random choice)
2,node_0278,node_0274,0.72,799,active,voter (Total-weighted random choice)
2,node_0279,node_0404,0.70,2082,active,voter (Total-weighted random choice)
2,node_0280,node_0133,1.28,8621,active,voter (Total-weighted random choice)
2,node_0281,node_0081,1.24,9849,active,voter (Total-weighted random choice)
2,node_0282,node_0282,1.00,7432,active,self-vote (candidate self-stake)
2,node_0283,node_0270,1.35,2087,active,voter (Total-weighted random choice)
2,node_0284,node_0284,1.00,1102,active,self-vote (candidate self-stake)
2,node_0285,node_0285,1.00,5146,active,self-vote (candidate self-stake)
2,node_0286,node_0274,1.31,298,active,voter (Total-weighted random choice)
2,node_0287,node_0363,0.73,8740,active,voter (Total-weighted random choice)
2,node_0288,node_0133,1.32,2650,rejected,voter (Total-weighted random choice)
2,node_0289,node_0443,1.13,5451,active,voter (Total-weighted random choice)
2,node_0290,node_0290,1.00,7597,active,self-vote (candidate self-stake)
2,node_0291,node_0371,0.78,3490,active,voter (Total-weighted random choice)
2,node_0292,node_0488,0.57,9167,active,voter (Total-weighted random choice)
2,node_0293,node_0253,1.29,3946,active,voter (Total-weighted random choice)
2,node_0294,node_0270,1.09,8370,active,voter (Total-weighted random choice)
2,node_0295,node_0295,1.00,7917,active,self-vote (candidate self-stake)
2,node_0296,node_0296,1.00,1243,active,self-vote (candidate self-stake)
2,node_0297,node_0297,1.00,650,active,self-vote (candidate self-stake)
2,node_0298,node_0213,1.09,595,active,voter (Total-weighted random choice)
2,node_0299,node_0299,1.00,1356,active,self-vote (candidate self-stake)
2,node_0300,node_0116,1.13,6215,active,voter (Total-weighted random choice)
2,node_0301,node_0100,1.40,73,rejected,voter (Total-weighted random choice)
2,node_0302,node_0302,1.00,4769,active,self-vote (candidate self-stake)
2,node_0303,node_0282,0.68,11055,active,voter (Total-weighted random choice)
2,node_0304,node_0270,0.92,4249,active,voter (Total-weighted random choice)
2,node_0305,node_0305,1.00,4504,active,self-vote (candidate self-stake)
2,node_0306,node_0306,1.00,1092,active,self-vote (candidate self-stake)
2,node_0307,node_0307,1.00,7173,active,self-vote (candidate self-stake)
2,node_0308,node_0285,0.57,540,active,voter (Total-weighted random choice)
2,node_0309,node_0309,1.00,3463,active,self-vote (candidate self-stake)
2,node_0310,node_0138,1.15,3189,active,voter (Total-weighted random choice)
2,node_0311,node_0386,1.06,10345,active,voter (Total-weighted random choice)
2,node_0312,node_0312,1.00,3277,active,self-vote (candidate self-stake)
2,node_0313,node_0019,0.52,4038,active,voter (Total-weighted random choice)
2,node_0314,node_0406,0.67,2537,active,voter (Total-weighted random choice)
2,node_0315,node_0401,0.98,9076,rejected,voter (Total-weighted random choice)
2,node_0316,node_0493,1.26,8684,active,voter (Total-weighted random choice)
2,node_0317,node_0220,1.03,1123,active,voter (Total-weighted random choice)
2,node_0318,node_0114,0.61,11201,active,voter (Total-weighted random choice)
2,node_0319,node_0319,1.00,3921,active,self-vote (candidate self-stake)
2,node_0320,node_0499,0.77,2382,active,voter (Total-weighted random choice)
2,node_0321,node_0321,1.00,1405,active,self-vote (candidate self-stake)
2,node_0322,node_0343,0.84,8184,active,voter (Total-weighted random choice)
2,node_0323,node_0323,1.00,292,active,self-vote (candidate self-stake)
2,node_0324,node_0248,1.43,5539,active,voter (Total-weighted random choice)
2,node_0325,node_0325,1.00,10013,active,self-vote (candidate self-stake)
2,node_0326,node_0409,0.91,2142,active,voter (Total-weighted random choice)
2,node_0327,node_0138,1.13,3049,active,voter (Total-weighted random choice)
2,node_0328,node_0328,1.00,147,active,self-vote (candidate self-stake)
2,node_0329,node_0021,1.47,4919,active,voter (Total-weighted random choice)
2,node_0330,node_0330,1.00,8637,active,self-vote (candidate self-stake)
2,node_0331,node_0331,1.00,584,active,self-vote (candidate self-stake)
2,node_0332,node_0284,0.71,6662,active,voter (Total-weighted random choice)
2,node_0333,node_0333,1.00,10713,active,self-vote (candidate self-stake)
2,node_0334,node_0046,0.70,9140,active,voter (Total-weighted random choice)
2,node_0335,node_0335,1.00,2902,active,self-vote (candidate self-stake)
2,node_0336,node_0336,1.00,6597,active,self-vote (candidate self-stake)
2,node_0337,node_0343,0.89,998,active,voter (Total-weighted random choice)
2,node_0338,node_0204,1.49,2589,active,voter (Total-weighted random choice)
2,node_0339,node_0124,1.21,6552,active,voter (Total-weighted random choice)
2,node_0340,node_0440,0.74,1279,active,voter (Total-weighted random choice)
2,node_0341,node_0392,1.00,2859,active,voter (Total-weighted random choice)
2,node_0342,node_0138,0.56,4808,active,voter (Total-weighted random choice)
2,node_0343,node_0343,1.00,9114,active,self-vote (candidate self-stake)
2,node_0344,node_0452,1.14,788,active,voter (Total-weighted random choice)
2,node_0345,node_0248,0.61,350,active,voter (Total-weighted random choice)
2,node_0346,node_0022,1.18,4102,active,voter (Total-weighted random choice)
2,node_0347,node_0347,1.00,5007,active,self-vote (candidate self-stake)
2,node_0348,node_0217,0.77,1355,active,voter (Total-weighted random choice)
2,node_0349,node_0392,0.86,4611,active,voter (Total-weighted random choice)
2,node_0350,node_0307,1.27,1444,active,voter (Total-weighted random choice)
2,node_0351,node_0138,0.66,5090,active,voter (Total-weighted random choice)
2,node_0352,node_0060,1.16,11716,active,voter (Total-weighted random choice)
2,node_0353,node_0290,1.43,7559,active,voter (Total-weighted random choice)
2,node_0354,node_0354,1.00,5647,active,self-vote (candidate self-stake)
2,node_0355,node_0484,0.95,224,active,voter (Total-weighted random choice)
2,node_0356,node_0100,1.21,7143,active,voter (Total-weighted random choice)
2,node_0357,node_0161,1.19,7509,active,voter (Total-weighted random choice)
2,node_0358,node_0221,1.40,8646,active,voter (Total-weighted random choice)
2,node_0359,node_0359,1.00,740,active,self-vote (candidate self-stake)
2,node_0360,node_0216,1.45,1893,active,voter (Total-weighted random choice)
2,node_0361,node_0388,0.63,2004,active,voter (Total-weighted random choice)
2,node_0362,node_0404,0.95,141,active,voter (Total-weighted random choice)
2,node_0363,node_0363,1.00,3116,active,self-vote (candidate self-stake)
2,node_0364,node_0364,1.00,814,active,self-vote (candidate self-stake)
2,node_0365,node_0365,1.00,9721,active,self-vote (candidate self-stake)
2,node_0366,node_0133,0.77,4996,active,voter (Total-weighted random choice)
2,node_0367,node_0439,1.48,4242,active,voter (Total-weighted random choice)
2,node_0368,node_0368,1.00,322,active,self-vote (candidate self-stake)
2,node_0369,node_0369,1.00,1780,active,self-vote (candidate self-stake)
2,node_0370,node_0370,1.00,3306,active,self-vote (candidate self-stake)
2,node_0371,node_0371,1.00,11662,active,self-vote (candidate self-stake)
2,node_0372,node_0084,1.18,4768,active,voter (Total-weighted random choice)
2,node_0373,node_0493,1.03,8525,active,voter (Total-weighted random choice)
2,node_0374,node_0359,0.93,7940,active,voter (Total-weighted random choice)
2,node_0375,node_0107,1.22,9605,active,voter (Total-weighted random choice)
2,node_0376,node_0457,0.79,8466,active,voter (Total-weighted random choice)
2,node_0377,node_0302,0.87,9284,active,voter (Total-weighted random choice)
2,node_0378,node_0319,0.86,2016,active,voter (Total-weighted random choice)
2,node_0379,node_0306,0.53,7424,active,voter (Total-weighted random choice)
2,node_0380,node_0242,0.77,6825,active,voter (Total-weighted random choice)
2,node_0381,node_0043,0.63,4825,active,voter (Total-weighted random choice)
2,node_0382,node_0330,0.77,1657,active,voter (Total-weighted random choice)
2,node_0383,node_0435,0.85,8612,active,voter (Total-weighted random choice)
2,node_0384,node_0489,1.22,7425,active,voter (Total-weighted random choice)
2,node_0385,node_0385,1.00,1064,active,self-vote (candidate self-stake)
2,node_0386,node_0386,1.00,8840,active,self-vote (candidate self-stake)
2,node_0387,node_0435,1.05,7071,active,voter (Total-weighted random choice)
2,node_0388,node_0388,1.00,7260,active,self-vote (candidate self-stake)
2,node_0389,node_0389,1.00,6047,active,self-vote (candidate self-stake)
2,node_0390,node_0077,0.60,4449,active,voter (Total-weighted random choice)
2,node_0391,node_0127,1.33,5726,active,voter (Total-weighted random choice)
2,node_0392,node_0392,1.00,591,active,self-vote (candidate self-stake)
2,node_0393,node_0457,0.92,440,active,voter (Total-weighted random choice)
2,node_0394,node_0156,0.69,1718,active,voter (Total-weighted random choice)
2,node_0395,node_0135,1.26,2876,active,voter (Total-weighted random choice)
2,node_0396,node_0389,1.45,342,active,voter (Total-weighted random choice)
2,node_0397,node_0490,1.19,5438,active,voter (Total-weighted random choice)
2,node_0398,node_0021,0.74,3291,active,voter (Total-weighted random choice)
2,node_0399,node_0319,0.81,3367,active,voter (Total-weighted random choice)
2,node_0400,node_0100,0.86,2655,active,voter (Total-weighted random choice)
2,node_0401,node_0401,1.00,7041,active,self-vote (candidate self-stake)
2,node_0402,node_0052,0.67,3326,active,voter (Total-weighted random choice)
2,node_0403,node_0499,1.00,8483,active,voter (Total-weighted random choice)
2,node_0404,node_0404,1.00,524,active,self-vote (candidate self-stake)
2,node_0405,node_0050,0.73,9450,active,voter (Total-weighted random choice)
2,node_0406,node_0406,1.00,3247,active,self-vote (candidate self-stake)
2,node_0407,node_0102,1.46,832,active,voter (Total-weighted random choice)
2,node_0408,node_0408,1.00,7083,active,self-vote (candidate self-stake)
2,node_0409,node_0409,1.00,2601,active,self-vote (candidate self-stake)
2,node_0410,node_0239,1.36,9317,active,voter (Total-weighted random choice)
2,node_0411,node_0411,1.00,2818,active,self-vote (candidate self-stake)
2,node_0412,node_0302,0.53,1271,active,voter (Total-weighted random choice)
2,node_0413,node_0401,1.04,7322,rejected,voter (Total-weighted random choice)
2,node_0414,node_0493,1.24,4817,active,voter (Total-weighted random choice)
2,node_0415,node_0415,1.00,4655,active,self-vote (candidate self-stake)
2,node_0416,node_0416,1.00,9091,active,self-vote (candidate self-stake)
2,node_0417,node_0133,0.96,393,active,voter (Total-weighted random choice)
2,node_0418,node_0331,0.98,324,active,voter (Total-weighted random choice)
2,node_0419,node_0270,0.75,1404,active,voter (Total-weighted random choice)
2,node_0420,node_0034,0.77,4528,active,voter (Total-weighted random choice)
2,node_0421,node_0282,0.79,9312,active,voter (Total-weighted random choice)
2,node_0422,node_0422,1.00,9326,active,self-vote (candidate self-stake)
2,node_0423,node_0093,0.82,1417,active,voter (Total-weighted random choice)
2,node_0424,node_0424,1.00,7124,active,self-vote (candidate self-stake)
2,node_0425,node_0145,1.10,7516,active,voter (Total-weighted random choice)
2,node_0426,node_0256,0.79,6477,active,voter (Total-weighted random choice)
2,node_0427,node_0371,0.58,1411,active,voter (Total-weighted random choice)
2,node_0428,node_0036,1.37,7262,active,voter (Total-weighted random choice)
2,node_0429,node_0439,1.08,1014,active,voter (Total-weighted random choice)
2,node_0430,node_0306,1.06,3043,active,voter (Total-weighted random choice)
2,node_0431,node_0482,0.91,9428,active,voter (Total-weighted random choice)
2,node_0432,node_0084,0.63,6544,active,voter (Total-weighted random choice)
2,node_0433,node_0433,1.00,454,active,self-vote (candidate self-stake)
2,node_0434,node_0133,1.11,7790,active,voter (Total-weighted random choice)
2,node_0435,node_0435,1.00,5327,active,self-vote (candidate self-stake)
2,node_0436,node_0066,0.79,5412,active,voter (Total-weighted random choice)
2,node_0437,node_0043,1.28,2116,active,voter (Total-weighted random choice)
2,node_0438,node_0290,1.17,968,active,voter (Total-weighted random choice)
2,node_0439,node_0439,1.00,7660,active,self-vote (candidate self-stake)
2,node_0440,node_0440,1.00,10513,active,self-vote (candidate self-stake)
2,node_0441,node_0133,1.39,7197,rejected,voter (Total-weighted random choice)
2,node_0442,node_0135,1.07,9577,active,voter (Total-weighted random choice)
2,node_0443,node_0443,1.00,4835,active,self-vote (candidate self-stake)
2,node_0444,node_0444,1.00,10364,active,self-vote (candidate self-stake)
2,node_0445,node_0370,1.11,7051,active,voter (Total-weighted random choice)
2,node_0446,node_0221,0.73,3957,active,voter (Total-weighted random choice)
2,node_0447,node_0093,0.85,9154,active,voter (Total-weighted random choice)
2,node_0448,node_0448,1.00,11165,active,self-vote (candidate self-stake)
2,node_0449,node_0354,0.71,6335,active,voter (Total-weighted random choice)
2,node_0450,node_0450,1.00,6809,active,self-vote (candidate self-stake)
2,node_0451,node_0385,0.86,4,active,voter (Total-weighted random choice)
2,node_0452,node_0452,1.00,452,active,self-vote (candidate self-stake)
2,node_0453,node_0242,0.71,692,active,voter (Total-weighted random choice)
2,node_0454,node_0347,0.80,8013,active,voter (Total-weighted random choice)
2,node_0455,node_0285,0.64,5112,active,voter (Total-weighted random choice)
2,node_0456,node_0456,1.00,5934,active,self-vote (candidate self-stake)
2,node_0457,node_0457,1.00,8710,active,self-vote (candidate self-stake)
2,node_0458,node_0100,0.75,154,active,voter (Total-weighted random choice)
2,node_0459,node_0256,1.02,6545,active,voter (Total-weighted random choice)
2,node_0460,node_0201,0.95,6964,active,voter (Total-weighted random choice)
2,node_0461,node_0461,1.00,5384,active,self-vote (candidate self-stake)
2,node_0462,node_0462,1.00,3090,active,self-vote (candidate self-stake)
2,node_0463,node_0295,0.87,6716,active,voter (Total-weighted random choice)
2,node_0464,node_0025,0.73,1432,active,voter (Total-weighted random choice)
2,node_0465,node_0168,0.61,6907,active,voter (Total-weighted random choice)
2,node_0466,node_0302,0.52,5538,active,voter (Total-weighted random choice)
2,node_0467,node_0102,1.18,5982,active,voter (Total-weighted random choice)
2,node_0468,node_0409,1.43,3232,active,voter (Total-weighted random choice)
2,node_0469,node_0331,1.35,1396,active,voter (Total-weighted random choice)
2,node_0470,node_0045,0.92,8810,active,voter (Total-weighted random choice)
2,node_0471,node_0422,0.89,4953,active,voter (Total-weighted random choice)
2,node_0472,node_0386,1.30,10718,active,voter (Total-weighted random choice)
2,node_0473,node_0234,1.06,3058,active,voter (Total-weighted random choice)
2,node_0474,node_0406,0.74,6573,active,voter (Total-weighted random choice)
2,node_0475,node_0409,0.93,5418,active,voter (Total-weighted random choice)
2,node_0476,node_0328,0.57,7300,active,voter (Total-weighted random choice)
2,node_0477,node_0114,1.00,4909,active,voter (Total-weighted random choice)
2,node_0478,node_0022,0.97,2419,active,voter (Total-weighted random choice)
2,node_0479,node_0359,1.41,9813,active,voter (Total-weighted random choice)
2,node_0480,node_0480,1.00,9420,active,self-vote (candidate self-stake)
2,node_0481,node_0435,1.36,4124,rejected,voter (Total-weighted random choice)
2,node_0482,node_0482,1.00,3912,active,self-vote (candidate self-stake)
2,node_0483,node_0204,1.13,5543,active,voter (Total-weighted random choice)
2,node_0484,node_0484,1.00,8877,active,self-vote (candidate self-stake)
2,node_0485,node_0149,1.48,736,active,voter (Total-weighted random choice)
2,node_0486,node_0041,1.35,9578,active,voter (Total-weighted random choice)
2,node_0487,node_0306,0.92,7037,active,voter (Total-weighted random choice)
2,node_0488,node_0488,1.00,7784,active,self-vote (candidate self-stake)
2,node_0489,node_0489,1.00,5768,active,self-vote (candidate self-stake)
2,node_0490,node_0490,1.00,4885,active,self-vote (candidate self-stake)
2,node_0491,node_0401,0.74,5736,active,voter (Total-weighted random choice)
2,node_0492,node_0456,0.77,1807,active,voter (Total-weighted random choice)
2,node_0493,node_0493,1.00,2882,active,self-vote (candidate self-stake)
2,node_0494,node_0102,1.06,7148,active,voter (Total-weighted random choice)
2,node_0495,node_0495,1.00,7077,active,self-vote (candidate self-stake)
2,node_0496,node_0363,0.83,2401,active,voter (Total-weighted random choice)
2,node_0497,node_0204,0.85,4232,active,voter (Total-weighted random choice)
2,node_0498,node_0354,1.09,3515,active,voter (Total-weighted random choice)
2,node_0499,node_0499,1.00,5015,active,self-vote (candidate self-stake)
2,node_0500,node_0307,0.59,7350,active,voter (Total-weighted random choice)
3,node_0001,node_0001,1.00,2002,active,self-vote (candidate self-stake)
3,node_0002,node_0002,1.00,4322,active,self-vote (candidate self-stake)
3,node_0003,node_0045,1.46,14339,active,voter (Total-weighted random choice)
3,node_0004,node_0004,1.00,134,active,self-vote (candidate self-stake)
3,node_0005,node_0384,0.78,4529,active,voter (Total-weighted random choice)
3,node_0006,node_0222,1.29,8453,active,voter (Total-weighted random choice)
3,node_0007,node_0007,1.00,4063,active,self-vote (candidate self-stake)
3,node_0008,node_0322,1.35,197,rejected,voter (Total-weighted random choice)
3,node_0009,node_0472,0.60,7656,rejected,voter (Total-weighted random choice)
3,node_0010,node_0461,0.79,4557,active,voter (Total-weighted random choice)
3,node_0011,node_0237,0.89,210,active,voter (Total-weighted random choice)
3,node_0012,node_0461,0.90,6294,active,voter (Total-weighted random choice)
3,node_0013,node_0013,1.00,1806,active,self-vote (candidate self-stake)
3,node_0014,node_0014,1.00,8002,active,self-vote (candidate self-stake)
3,node_0015,node_0223,0.85,7065,active,voter (Total-weighted random choice)
3,node_0016,node_0238,1.15,1017,active,voter (Total-weighted random choice)
3,node_0017,node_0017,1.00,0,active,self-vote (candidate self-stake)
3,node_0018,node_0223,0.78,4819,active,voter (Total-weighted random choice)
3,node_0019,node_0451,0.57,1139,active,voter (Total-weighted random choice)
3,node_0020,node_0259,0.93,5317,active,voter (Total-weighted random choice)
3,node_0021,node_0327,1.14,1669,active,voter (Total-weighted random choice)
3,node_0022,node_0172,0.82,1334,active,voter (Total-weighted random choice)
3,node_0023,node_0129,0.60,7367,active,voter (Total-weighted random choice)
3,node_0024,node_0260,0.62,251,active,voter (Total-weighted random choice)
3,node_0025,node_0025,1.00,4093,active,self-vote (candidate self-stake)
3,node_0026,node_0358,1.00,3779,rejected,voter (Total-weighted random choice)
3,node_0027,node_0185,1.05,4015,active,voter (Total-weighted random choice)
3,node_0028,node_0484,1.15,6823,active,voter (Total-weighted random choice)
3,node_0029,node_0069,1.25,4623,active,voter (Total-weighted random choice)
3,node_0030,node_0030,1.00,12540,active,self-vote (candidate self-stake)
3,node_0031,node_0031,1.00,4448,active,self-vote (candidate self-stake)
3,node_0032,node_0032,1.00,7224,active,self-vote (candidate self-stake)
3,node_0033,node_0033,1.00,766,active,self-vote (candidate self-stake)
3,node_0034,node_0034,1.00,8676,active,self-vote (candidate self-stake)
3,node_0035,node_0277,1.28,5345,active,voter (Total-weighted random choice)
3,node_0036,node_0036,1.00,9420,active,self-vote (candidate self-stake)
3,node_0037,node_0093,0.91,81,active,voter (Total-weighted random choice)
3,node_0038,node_0484,1.39,6472,active,voter (Total-weighted random choice)
3,node_0039,node_0322,1.41,5192,rejected,voter (Total-weighted random choice)
3,node_0040,node_0152,0.98,8265,active,voter (Total-weighted random choice)
3,node_0041,node_0107,0.85,4112,active,voter (Total-weighted random choice)
3,node_0042,node_0392,0.59,1469,active,voter (Total-weighted random choice)
3,node_0043,node_0484,0.52,7188,active,voter (Total-weighted random choice)
3,node_0044,node_0322,0.59,11585,active,voter (Total-weighted random choice)
3,node_0045,node_0045,1.00,664,active,self-vote (candidate self-stake)
3,node_0046,node_0033,0.78,4665,active,voter (Total-weighted random choice)
3,node_0047,node_0462,0.72,446,active,voter (Total-weighted random choice)
3,node_0048,node_0199,0.87,7177,active,voter (Total-weighted random choice)
3,node_0049,node_0259,0.52,9151,active,voter (Total-weighted random choice)
3,node_0050,node_0050,1.00,5620,active,self-vote (candidate self-stake)
3,node_0051,node_0482,1.15,2369,active,voter (Total-weighted random choice)
3,node_0052,node_0455,1.15,5215,active,voter (Total-weighted random choice)
3,node_0053,node_0261,0.65,7406,active,voter (Total-weighted random choice)
3,node_0054,node_0030,0.53,2851,active,voter (Total-weighted random choice)
3,node_0055,node_0311,1.26,2787,rejected,voter (Total-weighted random choice)
3,node_0056,node_0104,0.93,11751,active,voter (Total-weighted random choice)
3,node_0057,node_0068,1.46,1556,active,voter (Total-weighted random choice)
3,node_0058,node_0495,0.70,5224,active,voter (Total-weighted random choice)
3,node_0059,node_0233,0.61,6135,active,voter (Total-weighted random choice)
3,node_0060,node_0166,1.28,14310,active,voter (Total-weighted random choice)
3,node_0061,node_0321,1.06,4133,active,voter (Total-weighted random choice)
3,node_0062,node_0282,1.43,2585,active,voter (Total-weighted random choice)
3,node_0063,node_0385,0.94,5799,active,voter (Total-weighted random choice)
3,node_0064,node_0283,1.40,116,active,voter (Total-weighted random choice)
3,node_0065,node_0101,1.44,342,active,voter (Total-weighted random choice)
3,node_0066,node_0066,1.00,836,active,self-vote (candidate self-stake)
3,node_0067,node_0358,0.52,14238,active,voter (Total-weighted random choice)
3,node_0068,node_0068,1.00,2682,active,self-vote (candidate self-stake)
3,node_0069,node_0069,1.00,1576,active,self-vote (candidate self-stake)
3,node_0070,node_0070,1.00,1167,active,self-vote (candidate self-stake)
3,node_0071,node_0246,0.77,122,active,voter (Total-weighted random choice)
3,node_0072,node_0072,1.00,2640,active,self-vote (candidate self-stake)
3,node_0073,node_0211,1.33,3805,active,voter (Total-weighted random choice)
3,node_0074,node_0321,0.50,1964,active,voter (Total-weighted random choice)
3,node_0075,node_0104,0.97,5185,rejected,voter (Total-weighted random choice)
3,node_0076,node_0237,0.54,5102,active,voter (Total-weighted random choice)
3,node_0077,node_0077,1.00,2538,active,self-vote (candidate self-stake)
3,node_0078,node_0448,1.01,1211,active,voter (Total-weighted random choice)
3,node_0079,node_0419,0.79,4255,active,voter (Total-weighted random choice)
3,node_0080,node_0123,0.68,11829,active,voter (Total-weighted random choice)
3,node_0081,node_0081,1.00,1407,active,self-vote (candidate self-stake)
3,node_0082,node_0421,1.21,1838,active,voter (Total-weighted random choice)
3,node_0083,node_0124,0.81,3039,active,voter (Total-weighted random choice)
3,node_0084,node_0261,1.37,10404,active,voter (Total-weighted random choice)
3,node_0085,node_0347,1.10,6814,active,voter (Total-weighted random choice)
3,node_0086,node_0036,0.82,2510,active,voter (Total-weighted random choice)
3,node_0087,node_0373,0.66,4805,active,voter (Total-weighted random choice)
3,node_0088,node_0500,0.84,4241,active,voter (Total-weighted random choice)
3,node_0089,node_0208,0.88,169,active,voter (Total-weighted random choice)
3,node_0090,node_0370,1.38,381,active,voter (Total-weighted random choice)
3,node_0091,node_0277,0.87,1516,active,voter (Total-weighted random choice)
3,node_0092,node_0465,1.24,3197,active,voter (Total-weighted random choice)
3,node_0093,node_0093,1.00,9521,active,self-vote (candidate self-stake)
3,node_0094,node_0036,1.20,9623,rejected,voter (Total-weighted random choice)
3,node_0095,node_0123,0.95,1158,active,voter (Total-weighted random choice)
3,node_0096,node_0096,1.00,3738,active,self-vote (candidate self-stake)
3,node_0097,node_0311,0.92,7022,active,voter (Total-weighted random choice)
3,node_0098,node_0096,0.72,11117,active,voter (Total-weighted random choice)
3,node_0099,node_0001,0.53,876,active,voter (Total-weighted random choice)
3,node_0100,node_0482,0.73,6544,active,voter (Total-weighted random choice)
3,node_0101,node_0101,1.00,967,active,self-vote (candidate self-stake)
3,node_0102,node_0102,1.00,880,active,self-vote (candidate self-stake)
3,node_0103,node_0419,1.05,4192,active,voter (Total-weighted random choice)
3,node_0104,node_0104,1.00,8761,active,self-vote (candidate self-stake)
3,node_0105,node_0223,0.80,3596,active,voter (Total-weighted random choice)
3,node_0106,node_0104,0.86,10464,active,voter (Total-weighted random choice)
3,node_0107,node_0107,1.00,9574,active,self-vote (candidate self-stake)
3,node_0108,node_0344,1.06,2018,active,voter (Total-weighted random choice)
3,node_0109,node_0166,0.98,431,active,voter (Total-weighted random choice)
3,node_0110,node_0224,1.08,4721,active,voter (Total-weighted random choice)
3,node_0111,node_0185,0.70,10679,active,voter (Total-weighted random choice)
3,node_0112,node_0201,1.21,1717,active,voter (Total-weighted random choice)
3,node_0113,node_0425,0.75,2319,active,voter (Total-weighted random choice)
3,node_0114,node_0114,1.00,9067,active,self-vote (candidate self-stake)
3,node_0115,node_0358,1.28,8364,rejected,voter (Total-weighted random choice)
3,node_0116,node_0007,1.13,3911,rejected,voter (Total-weighted random choice)
3,node_0117,node_0117,1.00,5697,active,self-vote (candidate self-stake)
3,node_0118,node_0118,1.00,5459,active,self-vote (candidate self-stake)
3,node_0119,node_0387,1.18,5510,active,voter (Total-weighted random choice)
3,node_0120,node_0321,1.17,1483,active,voter (Total-weighted random choice)
3,node_0121,node_0121,1.00,5969,active,self-vote (candidate self-stake)
3,node_0122,node_0292,1.08,4484,active,voter (Total-weighted random choice)
3,node_0123,node_0123,1.00,7260,active,self-vote (candidate self-stake)
3,node_0124,node_0124,1.00,3281,active,self-vote (candidate self-stake)
3,node_0125,node_0493,1.49,4102,active,voter (Total-weighted random choice)
3,node_0126,node_0187,1.26,504,active,voter (Total-weighted random choice)
3,node_0127,node_0194,1.11,6035,active,voter (Total-weighted random choice)
3,node_0128,node_0490,0.92,8647,active,voter (Total-weighted random choice)
3,node_0129,node_0129,1.00,7944,active,self-vote (candidate self-stake)
3,node_0130,node_0025,0.96,3155,active,voter (Total-weighted random choice)
3,node_0131,node_0131,1.00,1403,active,self-vote (candidate self-stake)
3,node_0132,node_0132,1.00,4512,active,self-vote (candidate self-stake)
3,node_0133,node_0170,1.02,6013,active,voter (Total-weighted random choice)
3,node_0134,node_0219,1.31,5728,active,voter (Total-weighted random choice)
3,node_0135,node_0494,1.01,4777,active,voter (Total-weighted random choice)
3,node_0136,node_0201,0.66,9647,active,voter (Total-weighted random choice)
3,node_0137,node_0277,0.68,5396,active,voter (Total-weighted random choice)
3,node_0138,node_0138,1.00,12701,active,self-vote (candidate self-stake)
3,node_0139,node_0139,1.00,6700,active,self-vote (candidate self-stake)
3,node_0140,node_0218,0.99,7781,active,voter (Total-weighted random choice)
3,node_0141,node_0104,0.54,9139,active,voter (Total-weighted random choice)
3,node_0142,node_0007,1.33,12272,rejected,voter (Total-weighted random choice)
3,node_0143,node_0185,1.15,359,active,voter (Total-weighted random choice)
3,node_0144,node_0221,1.17,404,active,voter (Total-weighted random choice)
3,node_0145,node_0093,0.74,5157,active,voter (Total-weighted random choice)
3,node_0146,node_0104,1.25,2669,rejected,voter (Total-weighted random choice)
3,node_0147,node_0440,0.97,8909,active,voter (Total-weighted random choice)
3,node_0148,node_0439,0.95,4293,active,voter (Total-weighted random choice)
3,node_0149,node_0500,1.21,7005,active,voter (Total-weighted random choice)
3,node_0150,node_0004,1.34,4054,active,voter (Total-weighted random choice)
3,node_0151,node_0123,0.54,2100,active,voter (Total-weighted random choice)
3,node_0152,node_0152,1.00,1770,active,self-vote (candidate self-stake)
3,node_0153,node_0174,0.86,107,active,voter (Total-weighted random choice)
3,node_0154,node_0500,1.01,6363,active,voter (Total-weighted random choice)
3,node_0155,node_0032,1.22,7045,active,voter (Total-weighted random choice)
3,node_0156,node_0156,1.00,4522,active,self-vote (candidate self-stake)
3,node_0157,node_0311,0.79,7820,active,voter (Total-weighted random choice)
3,node_0158,node_0439,1.00,7390,rejected,voter (Total-weighted random choice)
3,node_0159,node_0238,1.02,4211,active,voter (Total-weighted random choice)
3,node_0160,node_0261,1.05,4294,active,voter (Total-weighted random choice)
3,node_0161,node_0104,1.15,4587,rejected,voter (Total-weighted random choice)
3,node_0162,node_0162,1.00,5689,active,self-vote (candidate self-stake)
3,node_0163,node_0485,1.33,2394,active,voter (Total-weighted random choice)
3,node_0164,node_0164,1.00,1862,active,self-vote (candidate self-stake)
3,node_0165,node_0384,0.88,6898,active,voter (Total-weighted random choice)
3,node_0166,node_0166,1.00,6774,active,self-vote (candidate self-stake)
3,node_0167,node_0260,1.27,7219,active,voter (Total-weighted random choice)
3,node_0168,node_0486,0.51,10119,active,voter (Total-weighted random choice)
3,node_0169,node_0461,0.69,2970,active,voter (Total-weighted random choice)
3,node_0170,node_0170,1.00,6691,active,self-vote (candidate self-stake)
3,node_0171,node_0036,1.02,9362,active,voter (Total-weighted random choice)
3,node_0172,node_0172,1.00,10453,active,self-vote (candidate self-stake)
3,node_0173,node_0500,1.45,5142,rejected,voter (Total-weighted random choice)
3,node_0174,node_0174,1.00,2303,active,self-vote (candidate self-stake)
3,node_0175,node_0175,1.00,5629,active,self-vote (candidate self-stake)
3,node_0176,node_0176,1.00,93,active,self-vote (candidate self-stake)
3,node_0177,node_0396,0.79,9592,active,voter (Total-weighted random choice)
3,node_0178,node_0123,1.08,7224,active,voter (Total-weighted random choice)
3,node_0179,node_0093,1.04,5513,active,voter (Total-weighted random choice)
3,node_0180,node_0287,1.13,5448,active,voter (Total-weighted random choice)
3,node_0181,node_0277,0.75,3098,active,voter (Total-weighted random choice)
3,node_0182,node_0182,1.00,1173,active,self-vote (candidate self-stake)
3,node_0183,node_0036,0.78,8768,active,voter (Total-weighted random choice)
3,node_0184,node_0072,0.54,423,active,voter (Total-weighted random choice)
3,node_0185,node_0185,1.00,5608,active,self-vote (candidate self-stake)
3,node_0186,node_0460,1.31,2797,active,voter (Total-weighted random choice)
3,node_0187,node_0187,1.00,9101,active,self-vote (candidate self-stake)
3,node_0188,node_0237,1.16,3200,active,voter (Total-weighted random choice)
3,node_0189,node_0280,1.19,7733,active,voter (Total-weighted random choice)
3,node_0190,node_0321,0.59,2290,active,voter (Total-weighted random choice)
3,node_0191,node_0495,1.04,9300,active,voter (Total-weighted random choice)
3,node_0192,node_0280,0.84,10567,active,voter (Total-weighted random choice)
3,node_0193,node_0472,0.67,9334,rejected,voter (Total-weighted random choice)
3,node_0194,node_0194,1.00,3611,active,self-vote (candidate self-stake)
3,node_0195,node_0195,1.00,914,active,self-vote (candidate self-stake)
3,node_0196,node_0093,1.10,14098,rejected,voter (Total-weighted random choice)
3,node_0197,node_0197,1.00,4630,active,self-vote (candidate self-stake)
3,node_0198,node_0198,1.00,27,active,self-vote (candidate self-stake)
3,node_0199,node_0199,1.00,561,active,self-vote (candidate self-stake)
3,node_0200,node_0208,0.83,653,active,voter (Total-weighted random choice)
3,node_0201,node_0201,1.00,9977,active,self-vote (candidate self-stake)
3,node_0202,node_0007,1.12,3008,rejected,voter (Total-weighted random choice)
3,node_0203,node_0203,1.00,10411,active,self-vote (candidate self-stake)
3,node_0204,node_0472,0.51,4523,active,voter (Total-weighted random choice)
3,node_0205,node_0162,1.23,5941,active,voter (Total-weighted random choice)
3,node_0206,node_0471,0.56,3975,active,voter (Total-weighted random choice)
3,node_0207,node_0207,1.00,6119,active,self-vote (candidate self-stake)
3,node_0208,node_0208,1.00,6252,active,self-vote (candidate self-stake)
3,node_0209,node_0448,1.08,4329,active,voter (Total-weighted random choice)
3,node_0210,node_0096,1.02,4349,active,voter (Total-weighted random choice)
3,node_0211,node_0211,1.00,9405,active,self-vote (candidate self-stake)
3,node_0212,node_0244,0.55,929,active,voter (Total-weighted random choice)
3,node_0213,node_0439,0.74,8404,active,voter (Total-weighted random choice)
3,node_0214,node_0214,1.00,7740,active,self-vote (candidate self-stake)
3,node_0215,node_0439,1.00,10826,active,voter (Total-weighted random choice)
3,node_0216,node_0263,1.31,3041,active,voter (Total-weighted random choice)
3,node_0217,node_0176,1.13,6126,active,voter (Total-weighted random choice)
3,node_0218,node_0218,1.00,8765,active,self-vote (candidate self-stake)
3,node_0219,node_0219,1.00,6424,active,self-vote (candidate self-stake)
3,node_0220,node_0030,1.22,4161,active,voter (Total-weighted random choice)
3,node_0221,node_0221,1.00,4872,active,self-vote (candidate self-stake)
3,node_0222,node_0222,1.00,2849,active,self-vote (candidate self-stake)
3,node_0223,node_0223,1.00,1397,active,self-vote (candidate self-stake)
3,node_0224,node_0224,1.00,6987,active,self-vote (candidate self-stake)
3,node_0225,node_0384,0.76,495,active,voter (Total-weighted random choice)
3,node_0226,node_0439,0.89,2308,active,voter (Total-weighted random choice)
3,node_0227,node_0384,0.63,459,active,voter (Total-weighted random choice)
3,node_0228,node_0194,1.35,4249,active,voter (Total-weighted random choice)
3,node_0229,node_0229,1.00,8133,active,self-vote (candidate self-stake)
3,node_0230,node_0025,1.42,8111,active,voter (Total-weighted random choice)
3,node_0231,node_0322,0.61,10465,active,voter (Total-weighted random choice)
3,node_0232,node_0232,1.00,6646,active,self-vote (candidate self-stake)
3,node_0233,node_0233,1.00,1798,active,self-vote (candidate self-stake)
3,node_0234,node_0002,1.47,419,active,voter (Total-weighted random choice)
3,node_0235,node_0472,0.55,7894,active,voter (Total-weighted random choice)
3,node_0236,node_0358,1.30,1763,rejected,voter (Total-weighted random choice)
3,node_0237,node_0237,1.00,190,active,self-vote (candidate self-stake)
3,node_0238,node_0238,1.00,12964,active,self-vote (candidate self-stake)
3,node_0239,node_0199,0.64,8177,active,voter (Total-weighted random choice)
3,node_0240,node_0299,0.84,4922,active,voter (Total-weighted random choice)
3,node_0241,node_0201,1.43,6495,active,voter (Total-weighted random choice)
3,node_0242,node_0093,1.29,451,rejected,voter (Total-weighted random choice)
3,node_0243,node_0381,0.62,4435,active,voter (Total-weighted random choice)
3,node_0244,node_0244,1.00,1379,active,self-vote (candidate self-stake)
3,node_0245,node_0472,1.07,1063,rejected,voter (Total-weighted random choice)
3,node_0246,node_0246,1.00,14446,active,self-vote (candidate self-stake)
3,node_0247,node_0118,0.91,3738,active,voter (Total-weighted random choice)
3,node_0248,node_0007,0.62,6683,active,voter (Total-weighted random choice)
3,node_0249,node_0175,1.19,4991,active,voter (Total-weighted random choice)
3,node_0250,node_0392,0.72,8423,active,voter (Total-weighted random choice)
3,node_0251,node_0350,1.45,3501,active,voter (Total-weighted random choice)
3,node_0252,node_0252,1.00,581,active,self-vote (candidate self-stake)
3,node_0253,node_0222,0.78,7745,active,voter (Total-weighted random choice)
3,node_0254,node_0199,1.34,9002,active,voter (Total-weighted random choice)
3,node_0255,node_0069,0.81,8338,active,voter (Total-weighted random choice)
3,node_0256,node_0007,0.65,8808,active,voter (Total-weighted random choice)
3,node_0257,node_0124,0.68,7920,active,voter (Total-weighted random choice)
3,node_0258,node_0258,1.00,496,active,self-vote (candidate self-stake)
3,node_0259,node_0259,1.00,3610,active,self-vote (candidate self-stake)
3,node_0260,node_0260,1.00,7265,active,self-vote (candidate self-stake)
3,node_0261,node_0261,1.00,5778,active,self-vote (candidate self-stake)
3,node_0262,node_0262,1.00,6616,active,self-vote (candidate self-stake)
3,node_0263,node_0263,1.00,7778,active,self-vote (candidate self-stake)
3,node_0264,node_0072,0.60,338,active,voter (Total-weighted random choice)
3,node_0265,node_0368,1.18,6576,active,voter (Total-weighted random choice)
3,node_0266,node_0237,0.67,7077,active,voter (Total-weighted random choice)
3,node_0267,node_0001,0.51,9695,active,voter (Total-weighted random choice)
3,node_0268,node_0214,1.16,5753,active,voter (Total-weighted random choice)
3,node_0269,node_0034,0.56,6233,active,voter (Total-weighted random choice)
3,node_0270,node_0138,0.63,10850,active,voter (Total-weighted random choice)
3,node_0271,node_0276,1.31,1297,active,voter (Total-weighted random choice)
3,node_0272,node_0423,0.51,10097,active,voter (Total-weighted random choice)
3,node_0273,node_0107,0.63,3982,active,voter (Total-weighted random choice)
3,node_0274,node_0274,1.00,8340,active,self-vote (candidate self-stake)
3,node_0275,node_0275,1.00,3181,active,self-vote (candidate self-stake)
3,node_0276,node_0276,1.00,3857,active,self-vote (candidate self-stake)
3,node_0277,node_0277,1.00,10716,active,self-vote (candidate self-stake)
3,node_0278,node_0321,0.87,47,active,voter (Total-weighted random choice)
3,node_0279,node_0500,0.78,1988,active,voter (Total-weighted random choice)
3,node_0280,node_0280,1.00,10415,active,self-vote (candidate self-stake)
3,node_0281,node_0327,1.19,10118,active,voter (Total-weighted random choice)
3,node_0282,node_0282,1.00,10571,active,self-vote (candidate self-stake)
3,node_0283,node_0283,1.00,1837,active,self-vote (candidate self-stake)
3,node_0284,node_0219,0.76,1407,active,voter (Total-weighted random choice)
3,node_0285,node_0461,1.17,7249,active,voter (Total-weighted random choice)
3,node_0286,node_0166,0.95,836,active,voter (Total-weighted random choice)
3,node_0287,node_0287,1.00,8038,active,self-vote (candidate self-stake)
3,node_0288,node_0425,1.04,3159,active,voter (Total-weighted random choice)
3,node_0289,node_0001,0.58,6594,active,voter (Total-weighted random choice)
3,node_0290,node_0330,1.46,7303,active,voter (Total-weighted random choice)
3,node_0291,node_0484,1.05,2574,active,voter (Total-weighted random choice)
3,node_0292,node_0292,1.00,8157,active,self-vote (candidate self-stake)
3,node_0293,node_0293,1.00,3132,active,self-vote (candidate self-stake)
3,node_0294,node_0238,0.81,8167,active,voter (Total-weighted random choice)
3,node_0295,node_0472,1.41,6862,rejected,voter (Total-weighted random choice)
3,node_0296,node_0170,0.92,1887,active,voter (Total-weighted random choice)
3,node_0297,node_0297,1.00,320,active,self-vote (candidate self-stake)
3,node_0298,node_0298,1.00,1888,active,self-vote (candidate self-stake)
3,node_0299,node_0299,1.00,1262,active,self-vote (candidate self-stake)
3,node_0300,node_0068,1.42,6005,active,voter (Total-weighted random choice)
3,node_0301,node_0322,0.76,641,rejected,voter (Total-weighted random choice)
3,node_0302,node_0070,1.01,5782,active,voter (Total-weighted random choice)
3,node_0303,node_0373,1.50,13019,rejected,voter (Total-weighted random choice)
3,node_0304,node_0276,0.55,4408,active,voter (Total-weighted random choice)
3,node_0305,node_0219,0.97,2994,active,voter (Total-weighted random choice)
3,node_0306,node_0306,1.00,494,active,self-vote (candidate self-stake)
3,node_0307,node_0358,1.35,7971,rejected,voter (Total-weighted random choice)
3,node_0308,node_0232,1.32,401,active,voter (Total-weighted random choice)
3,node_0309,node_0358,0.73,3727,active,voter (Total-weighted random choice)
3,node_0310,node_0093,0.53,4583,active,voter (Total-weighted random choice)
3,node_0311,node_0311,1.00,12197,active,self-vote (candidate self-stake)
3,node_0312,node_0219,0.54,2132,active,voter (Total-weighted random choice)
3,node_0313,node_0293,1.21,3372,active,voter (Total-weighted random choice)
3,node_0314,node_0014,1.14,2325,active,voter (Total-weighted random choice)
3,node_0315,node_0121,0.53,8480,active,voter (Total-weighted random choice)
3,node_0316,node_0440,0.53,10074,active,voter (Total-weighted random choice)
3,node_0317,node_0107,0.84,981,active,voter (Total-weighted random choice)
3,node_0318,node_0318,1.00,12604,active,self-vote (candidate self-stake)
3,node_0319,node_0490,0.59,3891,active,voter (Total-weighted random choice)
3,node_0320,node_0277,1.10,2160,active,voter (Total-weighted random choice)
3,node_0321,node_0321,1.00,1379,active,self-vote (candidate self-stake)
3,node_0322,node_0322,1.00,7354,active,self-vote (candidate self-stake)
3,node_0323,node_0323,1.00,538,active,self-vote (candidate self-stake)
3,node_0324,node_0124,0.63,5002,active,voter (Total-weighted random choice)
3,node_0325,node_0327,1.33,8966,active,voter (Total-weighted random choice)
3,node_0326,node_0358,0.72,2703,active,voter (Total-weighted random choice)
3,node_0327,node_0327,1.00,4204,active,self-vote (candidate self-stake)
3,node_0328,node_0358,1.41,520,rejected,voter (Total-weighted random choice)
3,node_0329,node_0323,1.29,5098,active,voter (Total-weighted random choice)
3,node_0330,node_0330,1.00,8925,active,self-vote (candidate self-stake)
3,node_0331,node_0500,0.90,274,active,voter (Total-weighted random choice)
3,node_0332,node_0072,0.72,7336,active,voter (Total-weighted random choice)
3,node_0333,node_0370,0.83,10344,active,voter (Total-weighted random choice)
3,node_0334,node_0007,0.62,8044,active,voter (Total-weighted random choice)
3,node_0335,node_0072,0.58,2063,active,voter (Total-weighted random choice)
3,node_0336,node_0174,1.22,4867,active,voter (Total-weighted random choice)
3,node_0337,node_0129,0.83,313,active,voter (Total-weighted random choice)
3,node_0338,node_0292,0.93,1651,active,voter (Total-weighted random choice)
3,node_0339,node_0036,1.08,5962,rejected,voter (Total-weighted random choice)
3,node_0340,node_0070,0.61,289,active,voter (Total-weighted random choice)
3,node_0341,node_0311,1.36,2500,rejected,voter (Total-weighted random choice)
3,node_0342,node_0107,1.49,5425,rejected,voter (Total-weighted random choice)
3,node_0343,node_0495,0.92,9840,active,voter (Total-weighted random choice)
3,node_0344,node_0344,1.00,759,active,self-vote (candidate self-stake)
3,node_0345,node_0117,1.47,295,active,voter (Total-weighted random choice)
3,node_0346,node_0327,0.60,3957,active,voter (Total-weighted random choice)
3,node_0347,node_0347,1.00,4138,active,self-vote (candidate self-stake)
3,node_0348,node_0350,1.27,1506,active,voter (Total-weighted random choice)
3,node_0349,node_0261,0.79,4481,active,voter (Total-weighted random choice)
3,node_0350,node_0350,1.00,1361,active,self-vote (candidate self-stake)
3,node_0351,node_0351,1.00,5062,active,self-vote (candidate self-stake)
3,node_0352,node_0263,1.30,15165,active,voter (Total-weighted random choice)
3,node_0353,node_0353,1.00,6303,active,self-vote (candidate self-stake)
3,node_0354,node_0263,1.37,6559,active,voter (Total-weighted random choice)
3,node_0355,node_0330,0.52,162,active,voter (Total-weighted random choice)
3,node_0356,node_0356,1.00,7372,active,self-vote (candidate self-stake)
3,node_0357,node_0421,0.71,6664,active,voter (Total-weighted random choice)
3,node_0358,node_0358,1.00,9270,active,self-vote (candidate self-stake)
3,node_0359,node_0277,0.57,1927,active,voter (Total-weighted random choice)
3,node_0360,node_0486,1.28,1387,active,voter (Total-weighted random choice)
3,node_0361,node_0138,0.81,1367,active,voter (Total-weighted random choice)
3,node_0362,node_0494,1.40,1079,active,voter (Total-weighted random choice)
3,node_0363,node_0363,1.00,1002,active,self-vote (candidate self-stake)
3,node_0364,node_0081,1.48,1026,active,voter (Total-weighted random choice)
3,node_0365,node_0439,1.18,11829,rejected,voter (Total-weighted random choice)
3,node_0366,node_0007,0.59,5903,active,voter (Total-weighted random choice)
3,node_0367,node_0123,1.07,4527,active,voter (Total-weighted random choice)
3,node_0368,node_0368,1.00,812,active,self-vote (candidate self-stake)
3,node_0369,node_0350,0.85,2013,active,voter (Total-weighted random choice)
3,node_0370,node_0370,1.00,4359,active,self-vote (candidate self-stake)
3,node_0371,node_0371,1.00,9800,active,self-vote (candidate self-stake)
3,node_0372,node_0260,1.13,4348,active,voter (Total-weighted random choice)
3,node_0373,node_0373,1.00,8529,active,self-vote (candidate self-stake)
3,node_0374,node_0373,0.52,9192,active,voter (Total-weighted random choice)
3,node_0375,node_0387,1.32,8574,active,voter (Total-weighted random choice)
3,node_0376,node_0232,0.91,10094,active,voter (Total-weighted random choice)
3,node_0377,node_0486,1.42,8777,active,voter (Total-weighted random choice)
3,node_0378,node_0138,0.60,2565,active,voter (Total-weighted random choice)
3,node_0379,node_0485,0.98,5674,active,voter (Total-weighted random choice)
3,node_0380,node_0118,1.42,6255,active,voter (Total-weighted random choice)
3,node_0381,node_0381,1.00,4994,active,self-vote (candidate self-stake)
3,node_0382,node_0002,1.42,240,active,voter (Total-weighted random choice)
3,node_0383,node_0356,0.71,8928,active,voter (Total-weighted random choice)
3,node_0384,node_0384,1.00,9660,active,self-vote (candidate self-stake)
3,node_0385,node_0385,1.00,415,active,self-vote (candidate self-stake)
3,node_0386,node_0323,0.75,11535,active,voter (Total-weighted random choice)
3,node_0387,node_0387,1.00,8226,active,self-vote (candidate self-stake)
3,node_0388,node_0237,0.53,6934,active,voter (Total-weighted random choice)
3,node_0389,node_0472,0.58,5782,active,voter (Total-weighted random choice)
3,node_0390,node_0373,1.06,3591,active,voter (Total-weighted random choice)
3,node_0391,node_0001,0.60,5981,active,voter (Total-weighted random choice)
3,node_0392,node_0392,1.00,200,active,self-vote (candidate self-stake)
3,node_0393,node_0421,1.03,549,active,voter (Total-weighted random choice)
3,node_0394,node_0036,0.99,1508,active,voter (Total-weighted random choice)
3,node_0395,node_0395,1.00,2288,active,self-vote (candidate self-stake)
3,node_0396,node_0396,1.00,264,active,self-vote (candidate self-stake)
3,node_0397,node_0170,0.54,5368,active,voter (Total-weighted random choice)
3,node_0398,node_0152,0.79,3940,active,voter (Total-weighted random choice)
3,node_0399,node_0421,1.08,3388,active,voter (Total-weighted random choice)
3,node_0400,node_0439,1.29,3035,rejected,voter (Total-weighted random choice)
3,node_0401,node_0014,0.55,8553,active,voter (Total-weighted random choice)
3,node_0402,node_0283,1.05,2761,active,voter (Total-weighted random choice)
3,node_0403,node_0211,1.40,8068,active,voter (Total-weighted random choice)
3,node_0404,node_0066,1.20,72,active,voter (Total-weighted random choice)
3,node_0405,node_0132,0.92,8900,active,voter (Total-weighted random choice)
3,node_0406,node_0104,1.12,3680,rejected,voter (Total-weighted random choice)
3,node_0407,node_0477,1.33,471,active,voter (Total-weighted random choice)
3,node_0408,node_0373,1.03,5911,active,voter (Total-weighted random choice)
3,node_0409,node_0353,1.38,4378,active,voter (Total-weighted random choice)
3,node_0410,node_0274,1.17,10668,active,voter (Total-weighted random choice)
3,node_0411,node_0138,1.05,2305,active,voter (Total-weighted random choice)
3,node_0412,node_0203,1.34,867,active,voter (Total-weighted random choice)
3,node_0413,node_0280,0.66,7469,active,voter (Total-weighted random choice)
3,node_0414,node_0500,1.42,5996,active,voter (Total-weighted random choice)
3,node_0415,node_0297,1.23,4303,active,voter (Total-weighted random choice)
3,node_0416,node_0381,1.24,8585,active,voter (Total-weighted random choice)
3,node_0417,node_0417,1.00,105,active,self-vote (candidate self-stake)
3,node_0418,node_0462,1.46,704,active,voter (Total-weighted random choice)
3,node_0419,node_0419,1.00,189,active,self-vote (candidate self-stake)
3,node_0420,node_0420,1.00,4749,active,self-vote (candidate self-stake)
3,node_0421,node_0421,1.00,10828,active,self-vote (candidate self-stake)
3,node_0422,node_0208,0.59,8926,active,voter (Total-weighted random choice)
3,node_0423,node_0423,1.00,969,active,self-vote (candidate self-stake)
3,node_0424,node_0096,0.91,8910,active,voter (Total-weighted random choice)
3,node_0425,node_0425,1.00,7133,active,self-vote (candidate self-stake)
3,node_0426,node_0451,0.68,6828,active,voter (Total-weighted random choice)
3,node_0427,node_0045,0.86,815,active,voter (Total-weighted random choice)
3,node_0428,node_0104,1.49,4684,rejected,voter (Total-weighted random choice)
3,node_0429,node_0036,0.81,1025,active,voter (Total-weighted random choice)
3,node_0430,node_0207,1.23,3163,active,voter (Total-weighted random choice)
3,node_0431,node_0475,1.32,9211,active,voter (Total-weighted random choice)
3,node_0432,node_0093,0.83,6722,active,voter (Total-weighted random choice)
3,node_0433,node_0439,1.46,760,rejected,voter (Total-weighted random choice)
3,node_0434,node_0434,1.00,10181,active,self-vote (candidate self-stake)
3,node_0435,node_0007,1.21,7233,rejected,voter (Total-weighted random choice)
3,node_0436,node_0166,0.96,6274,active,voter (Total-weighted random choice)
3,node_0437,node_0318,0.69,1806,active,voter (Total-weighted random choice)
3,node_0438,node_0203,1.23,976,active,voter (Total-weighted random choice)
3,node_0439,node_0439,1.00,7865,active,self-vote (candidate self-stake)
3,node_0440,node_0440,1.00,9601,active,self-vote (candidate self-stake)
3,node_0441,node_0172,1.28,7173,active,voter (Total-weighted random choice)
3,node_0442,node_0306,1.49,9990,active,voter (Total-weighted random choice)
3,node_0443,node_0330,0.59,7439,active,voter (Total-weighted random choice)
3,node_0444,node_0107,1.45,10796,active,voter (Total-weighted random choice)
3,node_0445,node_0381,1.10,8849,active,voter (Total-weighted random choice)
3,node_0446,node_0327,1.30,4006,active,voter (Total-weighted random choice)
3,node_0447,node_0045,1.28,10077,active,voter (Total-weighted random choice)
3,node_0448,node_0448,1.00,12902,active,self-vote (candidate self-stake)
3,node_0449,node_0292,1.12,6010,active,voter (Total-weighted random choice)
3,node_0450,node_0330,0.72,6204,active,voter (Total-weighted random choice)
3,node_0451,node_0451,1.00,703,active,self-vote (candidate self-stake)
3,node_0452,node_0199,0.54,129,active,voter (Total-weighted random choice)
3,node_0453,node_0223,1.43,94,active,voter (Total-weighted random choice)
3,node_0454,node_0031,1.07,7165,active,voter (Total-weighted random choice)
3,node_0455,node_0455,1.00,4456,active,self-vote (candidate self-stake)
3,node_0456,node_0486,0.85,5998,active,voter (Total-weighted random choice)
3,node_0457,node_0033,0.73,10180,active,voter (Total-weighted random choice)
3,node_0458,node_0156,1.37,1288,active,voter (Total-weighted random choice)
3,node_0459,node_0311,1.16,7077,rejected,voter (Total-weighted random choice)
3,node_0460,node_0460,1.00,7275,active,self-vote (candidate self-stake)
3,node_0461,node_0461,1.00,4995,active,self-vote (candidate self-stake)
3,node_0462,node_0462,1.00,2831,active,self-vote (candidate self-stake)
3,node_0463,node_0121,1.28,5950,active,voter (Total-weighted random choice)
3,node_0464,node_0287,1.15,942,active,voter (Total-weighted random choice)
3,node_0465,node_0465,1.00,7802,active,self-vote (candidate self-stake)
3,node_0466,node_0261,0.70,5610,active,voter (Total-weighted random choice)
3,node_0467,node_0104,1.33,4860,rejected,voter (Total-weighted random choice)
3,node_0468,node_0425,0.57,3046,active,voter (Total-weighted random choice)
3,node_0469,node_0287,0.80,1035,active,voter (Total-weighted random choice)
3,node_0470,node_0276,0.66,8015,active,voter (Total-weighted random choice)
3,node_0471,node_0471,1.00,4674,active,self-vote (candidate self-stake)
3,node_0472,node_0472,1.00,12305,active,self-vote (candidate self-stake)
3,node_0473,node_0069,0.96,1773,active,voter (Total-weighted random choice)
3,node_0474,node_0170,1.38,6239,active,voter (Total-weighted random choice)
3,node_0475,node_0475,1.00,6851,active,self-vote (candidate self-stake)
3,node_0476,node_0311,0.73,7247,active,voter (Total-weighted random choice)
3,node_0477,node_0477,1.00,5057,active,self-vote (candidate self-stake)
3,node_0478,node_0129,1.23,2393,active,voter (Total-weighted random choice)
3,node_0479,node_0356,0.60,11343,active,voter (Total-weighted random choice)
3,node_0480,node_0211,1.25,9071,active,voter (Total-weighted random choice)
3,node_0481,node_0195,1.08,4821,active,voter (Total-weighted random choice)
3,node_0482,node_0482,1.00,4847,active,self-vote (candidate self-stake)
3,node_0483,node_0170,1.08,5220,active,voter (Total-weighted random choice)
3,node_0484,node_0484,1.00,11900,active,self-vote (candidate self-stake)
3,node_0485,node_0485,1.00,77,active,self-vote (candidate self-stake)
3,node_0486,node_0486,1.00,8917,active,self-vote (candidate self-stake)
3,node_0487,node_0219,0.87,6229,active,voter (Total-weighted random choice)
3,node_0488,node_0381,1.01,7057,active,voter (Total-weighted random choice)
3,node_0489,node_0462,0.52,7644,active,voter (Total-weighted random choice)
3,node_0490,node_0490,1.00,5893,active,self-vote (candidate self-stake)
3,node_0491,node_0114,1.15,5467,active,voter (Total-weighted random choice)
3,node_0492,node_0492,1.00,1237,active,self-vote (candidate self-stake)
3,node_0493,node_0493,1.00,3984,active,self-vote (candidate self-stake)
3,node_0494,node_0494,1.00,6099,active,self-vote (candidate self-stake)
3,node_0495,node_0495,1.00,6067,active,self-vote (candidate self-stake)
3,node_0496,node_0439,0.79,2779,active,voter (Total-weighted random choice)
3,node_0497,node_0492,0.88,3080,active,voter (Total-weighted random choice)
3,node_0498,node_0118,1.00,3553,active,voter (Total-weighted random choice)
3,node_0499,node_0263,1.46,4994,rejected,voter (Total-weighted random choice)
3,node_0500,node_0500,1.00,7845,active,self-vote (candidate self-stake)
4,node_0001,node_0471,1.29,2054,active,voter (Total-weighted random choice)
4,node_0002,node_0121,0.87,4145,rejected,voter (Total-weighted random choice)
4,node_0003,node_0442,1.11,16995,active,voter (Total-weighted random choice)
4,node_0004,node_0004,1.00,128,active,self-vote (candidate self-stake)
4,node_0005,node_0464,1.40,4974,active,voter (Total-weighted random choice)
4,node_0006,node_0006,1.00,6001,active,self-vote (candidate self-stake)
4,node_0007,node_0078,1.02,4813,active,voter (Total-weighted random choice)
4,node_0008,node_0043,1.30,845,active,voter (Total-weighted random choice)
4,node_0009,node_0009,1.00,6920,active,self-vote (candidate self-stake)
4,node_0010,node_0335,1.39,4932,active,voter (Total-weighted random choice)
4,node_0011,node_0011,1.00,122,active,self-vote (candidate self-stake)
4,node_0012,node_0228,1.12,7254,active,voter (Total-weighted random choice)
4,node_0013,node_0097,1.13,1832,active,voter (Total-weighted random choice)
4,node_0014,node_0014,1.00,6766,active,self-vote (candidate self-stake)
4,node_0015,node_0081,0.85,6544,active,voter (Total-weighted random choice)
4,node_0016,node_0016,1.00,371,active,self-vote (candidate self-stake)
4,node_0017,node_0053,0.61,1097,active,voter (Total-weighted random choice)
4,node_0018,node_0426,0.62,4132,active,voter (Total-weighted random choice)
4,node_0019,node_0482,1.00,1679,active,voter (Total-weighted random choice)
4,node_0020,node_0263,1.11,6332,active,voter (Total-weighted random choice)
4,node_0021,node_0375,1.06,1372,active,voter (Total-weighted random choice)
4,node_0022,node_0289,0.80,165,active,voter (Total-weighted random choice)
4,node_0023,node_0240,0.93,7505,active,voter (Total-weighted random choice)
4,node_0024,node_0375,1.09,354,active,voter (Total-weighted random choice)
4,node_0025,node_0238,1.04,3810,active,voter (Total-weighted random choice)
4,node_0026,node_0026,1.00,2570,active,self-vote (candidate self-stake)
4,node_0027,node_0217,1.45,2106,active,voter (Total-weighted random choice)
4,node_0028,node_0028,1.00,8291,active,self-vote (candidate self-stake)
4,node_0029,node_0202,0.96,4213,active,voter (Total-weighted random choice)
4,node_0030,node_0030,1.00,11759,active,self-vote (candidate self-stake)
4,node_0031,node_0128,1.06,3449,active,voter (Total-weighted random choice)
4,node_0032,node_0032,1.00,6250,active,self-vote (candidate self-stake)
4,node_0033,node_0414,1.32,1704,active,voter (Total-weighted random choice)
4,node_0034,node_0471,1.37,8619,active,voter (Total-weighted random choice)
4,node_0035,node_0311,1.30,5276,rejected,voter (Total-weighted random choice)
4,node_0036,node_0036,1.00,9382,active,self-vote (candidate self-stake)
4,node_0037,node_0167,0.84,959,active,voter (Total-weighted random choice)
4,node_0038,node_0250,1.45,7964,rejected,voter (Total-weighted random choice)
4,node_0039,node_0378,1.26,6321,active,voter (Total-weighted random choice)
4,node_0040,node_0009,1.02,8842,active,voter (Total-weighted random choice)
4,node_0041,node_0183,0.96,2184,active,voter (Total-weighted random choice)
4,node_0042,node_0228,1.16,211,active,voter (Total-weighted random choice)
4,node_0043,node_0043,1.00,7260,active,self-vote (candidate self-stake)
4,node_0044,node_0121,1.31,10512,rejected,voter (Total-weighted random choice)
4,node_0045,node_0283,0.58,1840,active,voter (Total-weighted random choice)
4,node_0046,node_0147,1.28,4400,rejected,voter (Total-weighted random choice)
4,node_0047,node_0032,1.37,574,active,voter (Total-weighted random choice)
4,node_0048,node_0048,1.00,8964,active,self-vote (candidate self-stake)
4,node_0049,node_0057,0.89,9116,active,voter (Total-weighted random choice)
4,node_0050,node_0193,1.26,6500,active,voter (Total-weighted random choice)
4,node_0051,node_0051,1.00,1506,active,self-vote (candidate self-stake)
4,node_0052,node_0366,1.03,4641,active,voter (Total-weighted random choice)
4,node_0053,node_0053,1.00,6420,active,self-vote (candidate self-stake)
4,node_0054,node_0108,0.72,2107,active,voter (Total-weighted random choice)
4,node_0055,node_0055,1.00,630,active,self-vote (candidate self-stake)
4,node_0056,node_0452,0.81,12562,active,voter (Total-weighted random choice)
4,node_0057,node_0057,1.00,320,active,self-vote (candidate self-stake)
4,node_0058,node_0480,1.32,5652,active,voter (Total-weighted random choice)
4,node_0059,node_0434,0.90,4690,active,voter (Total-weighted random choice)
4,node_0060,node_0211,0.80,17457,active,voter (Total-weighted random choice)
4,node_0061,node_0061,1.00,3369,active,self-vote (candidate self-stake)
4,node_0062,node_0062,1.00,1885,active,self-vote (candidate self-stake)
4,node_0063,node_0335,0.51,4728,active,voter (Total-weighted random choice)
4,node_0064,node_0488,0.72,569,active,voter (Total-weighted random choice)
4,node_0065,node_0081,0.57,746,active,voter (Total-weighted random choice)
4,node_0066,node_0066,1.00,73,active,self-vote (candidate self-stake)
4,node_0067,node_0028,1.41,14770,active,voter (Total-weighted random choice)
4,node_0068,node_0068,1.00,2204,active,self-vote (candidate self-stake)
4,node_0069,node_0108,0.69,426,active,voter (Total-weighted random choice)
4,node_0070,node_0452,0.92,785,active,voter (Total-weighted random choice)
4,node_0071,node_0246,0.99,248,rejected,voter (Total-weighted random choice)
4,node_0072,node_0378,0.89,594,active,voter (Total-weighted random choice)
4,node_0073,node_0455,0.98,4493,active,voter (Total-weighted random choice)
4,node_0074,node_0074,1.00,3097,active,self-vote (candidate self-stake)
4,node_0075,node_0223,1.18,4948,active,voter (Total-weighted random choice)
4,node_0076,node_0076,1.00,4873,active,self-vote (candidate self-stake)
4,node_0077,node_0343,1.50,2064,active,voter (Total-weighted random choice)
4,node_0078,node_0078,1.00,2,active,self-vote (candidate self-stake)
4,node_0079,node_0079,1.00,3429,active,self-vote (candidate self-stake)
4,node_0080,node_0369,0.82,12396,active,voter (Total-weighted random choice)
4,node_0081,node_0081,1.00,352,active,self-vote (candidate self-stake)
4,node_0082,node_0339,0.69,1821,active,voter (Total-weighted random choice)
4,node_0083,node_0028,0.68,2199,active,voter (Total-weighted random choice)
4,node_0084,node_0121,0.52,10474,active,voter (Total-weighted random choice)
4,node_0085,node_0085,1.00,5800,active,self-vote (candidate self-stake)
4,node_0086,node_0217,1.46,2268,active,voter (Total-weighted random choice)
4,node_0087,node_0419,0.93,5663,active,voter (Total-weighted random choice)
4,node_0088,node_0225,0.86,5028,active,voter (Total-weighted random choice)
4,node_0089,node_0089,1.00,167,active,self-vote (candidate self-stake)
4,node_0090,node_0114,1.18,625,active,voter (Total-weighted random choice)
4,node_0091,node_0062,0.72,566,active,voter (Total-weighted random choice)
4,node_0092,node_0190,0.68,1770,active,voter (Total-weighted random choice)
4,node_0093,node_0277,0.79,11881,active,voter (Total-weighted random choice)
4,node_0094,node_0255,1.23,8173,active,voter (Total-weighted random choice)
4,node_0095,node_0336,0.56,394,active,voter (Total-weighted random choice)
4,node_0096,node_0096,1.00,5535,active,self-vote (candidate self-stake)
4,node_0097,node_0097,1.00,8086,active,self-vote (candidate self-stake)
4,node_0098,node_0228,1.44,12575,active,voter (Total-weighted random choice)
4,node_0099,node_0419,0.96,759,active,voter (Total-weighted random choice)
4,node_0100,node_0238,0.56,5938,active,voter (Total-weighted random choice)
4,node_0101,node_0152,0.96,1659,active,voter (Total-weighted random choice)
4,node_0102,node_0373,1.11,415,active,voter (Total-weighted random choice)
4,node_0103,node_0314,0.84,4175,active,voter (Total-weighted random choice)
4,node_0104,node_0358,1.43,8645,active,voter (Total-weighted random choice)
4,node_0105,node_0486,1.18,2512,active,voter (Total-weighted random choice)
4,node_0106,node_0187,1.32,10762,active,voter (Total-weighted random choice)
4,node_0107,node_0480,1.14,11054,active,voter (Total-weighted random choice)
4,node_0108,node_0108,1.00,2420,active,self-vote (candidate self-stake)
4,node_0109,node_0311,1.06,668,rejected,voter (Total-weighted random choice)
4,node_0110,node_0026,1.16,5516,active,voter (Total-weighted random choice)
4,node_0111,node_0135,0.95,10462,active,voter (Total-weighted random choice)
4,node_0112,node_0112,1.00,1307,active,self-vote (candidate self-stake)
4,node_0113,node_0113,1.00,1945,active,self-vote (candidate self-stake)
4,node_0114,node_0114,1.00,9287,active,self-vote (candidate self-stake)
4,node_0115,node_0193,0.89,8025,active,voter (Total-weighted random choice)
4,node_0116,node_0168,0.72,2700,active,voter (Total-weighted random choice)
4,node_0117,node_0219,1.34,5573,active,voter (Total-weighted random choice)
4,node_0118,node_0486,1.09,4779,active,voter (Total-weighted random choice)
4,node_0119,node_0459,0.74,5968,active,voter (Total-weighted random choice)
4,node_0120,node_0127,0.57,765,active,voter (Total-weighted random choice)
4,node_0121,node_0121,1.00,5944,active,self-vote (candidate self-stake)
4,node_0122,node_0460,1.41,3903,active,voter (Total-weighted random choice)
4,node_0123,node_0057,1.10,9068,active,voter (Total-weighted random choice)
4,node_0124,node_0277,1.34,3253,rejected,voter (Total-weighted random choice)
4,node_0125,node_0488,1.27,2304,rejected,voter (Total-weighted random choice)
4,node_0126,node_0217,0.57,531,active,voter (Total-weighted random choice)
4,node_0127,node_0127,1.00,4889,active,self-vote (candidate self-stake)
4,node_0128,node_0128,1.00,7853,active,self-vote (candidate self-stake)
4,node_0129,node_0053,0.83,8252,active,voter (Total-weighted random choice)
4,node_0130,node_0255,1.08,2011,active,voter (Total-weighted random choice)
4,node_0131,node_0121,0.72,644,active,voter (Total-weighted random choice)
4,node_0132,node_0128,1.32,4064,active,voter (Total-weighted random choice)
4,node_0133,node_0343,1.08,6346,active,voter (Total-weighted random choice)
4,node_0134,node_0259,0.91,4926,active,voter (Total-weighted random choice)
4,node_0135,node_0135,1.00,4524,active,self-vote (candidate self-stake)
4,node_0136,node_0250,0.94,11472,active,voter (Total-weighted random choice)
4,node_0137,node_0251,1.43,6105,active,voter (Total-weighted random choice)
4,node_0138,node_0144,1.22,18235,active,voter (Total-weighted random choice)
4,node_0139,node_0450,0.88,7102,active,voter (Total-weighted random choice)
4,node_0140,node_0251,1.36,5279,active,voter (Total-weighted random choice)
4,node_0141,node_0141,1.00,10441,active,self-vote (candidate self-stake)
4,node_0142,node_0434,1.28,10720,active,voter (Total-weighted random choice)
4,node_0143,node_0263,0.74,341,active,voter (Total-weighted random choice)
4,node_0144,node_0144,1.00,587,active,self-vote (candidate self-stake)
4,node_0145,node_0459,1.00,6440,active,voter (Total-weighted random choice)
4,node_0146,node_0467,1.13,1765,active,voter (Total-weighted random choice)
4,node_0147,node_0147,1.00,9645,active,self-vote (candidate self-stake)
4,node_0148,node_0459,0.67,4408,active,voter (Total-weighted random choice)
4,node_0149,node_0335,1.13,7752,active,voter (Total-weighted random choice)
4,node_0150,node_0259,1.01,3065,active,voter (Total-weighted random choice)
4,node_0151,node_0419,0.68,2096,active,voter (Total-weighted random choice)
4,node_0152,node_0152,1.00,537,active,self-vote (candidate self-stake)
4,node_0153,node_0074,1.15,570,active,voter (Total-weighted random choice)
4,node_0154,node_0478,0.69,7648,active,voter (Total-weighted random choice)
4,node_0155,node_0089,1.38,7243,active,voter (Total-weighted random choice)
4,node_0156,node_0156,1.00,3302,active,self-vote (candidate self-stake)
4,node_0157,node_0036,0.56,9032,active,voter (Total-weighted random choice)
4,node_0158,node_0211,1.43,6805,rejected,voter (Total-weighted random choice)
4,node_0159,node_0089,0.55,4603,active,voter (Total-weighted random choice)
4,node_0160,node_0160,1.00,3388,active,self-vote (candidate self-stake)
4,node_0161,node_0066,0.56,4887,active,voter (Total-weighted random choice)
4,node_0162,node_0068,1.46,4749,active,voter (Total-weighted random choice)
4,node_0163,node_0273,1.02,2241,active,voter (Total-weighted random choice)
4,node_0164,node_0036,1.01,2065,active,voter (Total-weighted random choice)
4,node_0165,node_0085,0.76,6782,active,voter (Total-weighted random choice)
4,node_0166,node_0373,0.98,10399,active,voter (Total-weighted random choice)
4,node_0167,node_0167,1.00,7323,active,self-vote (candidate self-stake)
4,node_0168,node_0168,1.00,10296,active,self-vote (candidate self-stake)
4,node_0169,node_0442,1.15,4283,rejected,voter (Total-weighted random choice)
4,node_0170,node_0427,0.52,6204,active,voter (Total-weighted random choice)
4,node_0171,node_0486,1.02,9864,active,voter (Total-weighted random choice)
4,node_0172,node_0255,1.39,11254,active,voter (Total-weighted random choice)
4,node_0173,node_0016,0.99,5235,active,voter (Total-weighted random choice)
4,node_0174,node_0174,1.00,2978,active,self-vote (candidate self-stake)
4,node_0175,node_0175,1.00,7303,active,self-vote (candidate self-stake)
4,node_0176,node_0255,1.36,21,active,voter (Total-weighted random choice)
4,node_0177,node_0211,1.06,10895,rejected,voter (Total-weighted random choice)
4,node_0178,node_0096,1.44,7670,active,voter (Total-weighted random choice)
4,node_0179,node_0289,1.28,7084,active,voter (Total-weighted random choice)
4,node_0180,node_0381,0.97,4705,active,voter (Total-weighted random choice)
4,node_0181,node_0343,0.95,2400,active,voter (Total-weighted random choice)
4,node_0182,node_0174,0.63,366,active,voter (Total-weighted random choice)
4,node_0183,node_0183,1.00,9500,active,self-vote (candidate self-stake)
4,node_0184,node_0184,1.00,782,active,self-vote (candidate self-stake)
4,node_0185,node_0168,1.40,6123,active,voter (Total-weighted random choice)
4,node_0186,node_0184,1.42,3992,active,voter (Total-weighted random choice)
4,node_0187,node_0187,1.00,8201,active,self-vote (candidate self-stake)
4,node_0188,node_0081,0.69,4133,active,voter (Total-weighted random choice)
4,node_0189,node_0246,0.87,7612,active,voter (Total-weighted random choice)
4,node_0190,node_0190,1.00,976,active,self-vote (candidate self-stake)
4,node_0191,node_0097,1.27,11676,active,voter (Total-weighted random choice)
4,node_0192,node_0251,1.39,11544,active,voter (Total-weighted random choice)
4,node_0193,node_0193,1.00,8525,active,self-vote (candidate self-stake)
4,node_0194,node_0113,1.39,3631,active,voter (Total-weighted random choice)
4,node_0195,node_0175,1.12,431,active,voter (Total-weighted random choice)
4,node_0196,node_0147,0.88,13277,rejected,voter (Total-weighted random choice)
4,node_0197,node_0442,0.67,4452,active,voter (Total-weighted random choice)
4,node_0198,node_0147,0.93,604,rejected,voter (Total-weighted random choice)
4,node_0199,node_0296,0.63,1483,active,voter (Total-weighted random choice)
4,node_0200,node_0200,1.00,162,active,self-vote (candidate self-stake)
4,node_0201,node_0113,0.80,12606,active,voter (Total-weighted random choice)
4,node_0202,node_0202,1.00,3481,active,self-vote (candidate self-stake)
4,node_0203,node_0447,0.57,8883,active,voter (Total-weighted random choice)
4,node_0204,node_0394,1.38,4434,active,voter (Total-weighted random choice)
4,node_0205,node_0175,1.31,6712,active,voter (Total-weighted random choice)
4,node_0206,node_0036,1.30,3518,active,voter (Total-weighted random choice)
4,node_0207,node_0246,1.42,6467,rejected,voter (Total-weighted random choice)
4,node_0208,node_0336,1.30,5502,active,voter (Total-weighted random choice)
4,node_0209,node_0434,0.79,5327,active,voter (Total-weighted random choice)
4,node_0210,node_0085,1.48,4388,active,voter (Total-weighted random choice)
4,node_0211,node_0211,1.00,11678,active,self-vote (candidate self-stake)
4,node_0212,node_0112,1.20,1427,active,voter (Total-weighted random choice)
4,node_0213,node_0447,0.78,9065,active,voter (Total-weighted random choice)
4,node_0214,node_0089,1.16,7631,active,voter (Total-weighted random choice)
4,node_0215,node_0028,0.56,11281,active,voter (Total-weighted random choice)
4,node_0216,node_0488,1.34,4474,rejected,voter (Total-weighted random choice)
4,node_0217,node_0217,1.00,5656,active,self-vote (candidate self-stake)
4,node_0218,node_0393,1.45,7830,active,voter (Total-weighted random choice)
4,node_0219,node_0219,1.00,5725,active,self-vote (candidate self-stake)
4,node_0220,node_0240,1.29,3770,active,voter (Total-weighted random choice)
4,node_0221,node_0221,1.00,5516,active,self-vote (candidate self-stake)
4,node_0222,node_0225,0.53,2431,active,voter (Total-weighted random choice)
4,node_0223,node_0223,1.00,1174,active,self-vote (candidate self-stake)
4,node_0224,node_0240,1.31,6265,active,voter (Total-weighted random choice)
4,node_0225,node_0225,1.00,269,active,self-vote (candidate self-stake)
4,node_0226,node_0226,1.00,822,active,self-vote (candidate self-stake)
4,node_0227,node_0375,0.75,225,active,voter (Total-weighted random choice)
4,node_0228,node_0228,1.00,4401,active,self-vote (candidate self-stake)
4,node_0229,node_0339,0.90,7671,active,voter (Total-weighted random choice)
4,node_0230,node_0255,1.25,8827,active,voter (Total-weighted random choice)
4,node_0231,node_0250,0.71,9798,active,voter (Total-weighted random choice)
4,node_0232,node_0480,0.70,4907,active,voter (Total-weighted random choice)
4,node_0233,node_0455,1.36,1338,active,voter (Total-weighted random choice)
4,node_0234,node_0419,0.88,327,active,voter (Total-weighted random choice)
4,node_0235,node_0457,0.91,8184,active,voter (Total-weighted random choice)
4,node_0236,node_0482,0.52,945,active,voter (Total-weighted random choice)
4,node_0237,node_0393,1.49,924,rejected,voter (Total-weighted random choice)
4,node_0238,node_0238,1.00,16810,active,self-vote (candidate self-stake)
4,node_0239,node_0011,0.77,7680,active,voter (Total-weighted random choice)
4,node_0240,node_0240,1.00,4520,active,self-vote (candidate self-stake)
4,node_0241,node_0429,1.41,8081,active,voter (Total-weighted random choice)
4,node_0242,node_0242,1.00,678,active,self-vote (candidate self-stake)
4,node_0243,node_0427,0.68,4821,active,voter (Total-weighted random choice)
4,node_0244,node_0244,1.00,2308,active,self-vote (candidate self-stake)
4,node_0245,node_0168,0.89,1509,active,voter (Total-weighted random choice)
4,node_0246,node_0246,1.00,13496,active,self-vote (candidate self-stake)
4,node_0247,node_0289,1.49,3059,active,voter (Total-weighted random choice)
4,node_0248,node_0202,1.47,6559,active,voter (Total-weighted random choice)
4,node_0249,node_0444,1.47,4527,active,voter (Total-weighted random choice)
4,node_0250,node_0250,1.00,7789,active,self-vote (candidate self-stake)
4,node_0251,node_0251,1.00,2304,active,self-vote (candidate self-stake)
4,node_0252,node_0252,1.00,25,active,self-vote (candidate self-stake)
4,node_0253,node_0253,1.00,8449,active,self-vote (candidate self-stake)
4,node_0254,node_0367,0.50,8801,active,voter (Total-weighted random choice)
4,node_0255,node_0255,1.00,7097,active,self-vote (candidate self-stake)
4,node_0256,node_0240,0.77,7711,active,voter (Total-weighted random choice)
4,node_0257,node_0030,1.12,7730,active,voter (Total-weighted random choice)
4,node_0258,node_0167,0.76,1206,active,voter (Total-weighted random choice)
4,node_0259,node_0259,1.00,3527,active,self-vote (candidate self-stake)
4,node_0260,node_0452,1.21,6192,active,voter (Total-weighted random choice)
4,node_0261,node_0261,1.00,6577,active,self-vote (candidate self-stake)
4,node_0262,node_0048,1.25,6949,active,voter (Total-weighted random choice)
4,node_0263,node_0263,1.00,9065,active,self-vote (candidate self-stake)
4,node_0264,node_0343,1.35,42,active,voter (Total-weighted random choice)
4,node_0265,node_0409,1.29,6919,active,voter (Total-weighted random choice)
4,node_0266,node_0266,1.00,6761,active,self-vote (candidate self-stake)
4,node_0267,node_0108,0.53,10313,active,voter (Total-weighted random choice)
4,node_0268,node_0061,1.37,5891,active,voter (Total-weighted random choice)
4,node_0269,node_0269,1.00,5857,active,self-vote (candidate self-stake)
4,node_0270,node_0121,0.77,12755,active,voter (Total-weighted random choice)
4,node_0271,node_0358,1.39,504,active,voter (Total-weighted random choice)
4,node_0272,node_0259,0.97,9396,active,voter (Total-weighted random choice)
4,node_0273,node_0273,1.00,3849,active,self-vote (candidate self-stake)
4,node_0274,node_0096,0.64,6871,active,voter (Total-weighted random choice)
4,node_0275,node_0488,1.24,2481,rejected,voter (Total-weighted random choice)
4,node_0276,node_0168,0.96,2876,active,voter (Total-weighted random choice)
4,node_0277,node_0277,1.00,13896,active,self-vote (candidate self-stake)
4,node_0278,node_0152,0.82,59,active,voter (Total-weighted random choice)
4,node_0279,node_0108,1.27,2318,active,voter (Total-weighted random choice)
4,node_0280,node_0478,0.82,14176,rejected,voter (Total-weighted random choice)
4,node_0281,node_0147,1.35,11666,rejected,voter (Total-weighted random choice)
4,node_0282,node_0147,0.75,9741,active,voter (Total-weighted random choice)
4,node_0283,node_0283,1.00,1899,active,self-vote (candidate self-stake)
4,node_0284,node_0284,1.00,2124,active,self-vote (candidate self-stake)
4,node_0285,node_0285,1.00,8071,active,self-vote (candidate self-stake)
4,node_0286,node_0486,1.08,150,active,voter (Total-weighted random choice)
4,node_0287,node_0409,1.42,7265,active,voter (Total-weighted random choice)
4,node_0288,node_0051,0.82,2313,active,voter (Total-weighted random choice)
4,node_0289,node_0289,1.00,5922,active,self-vote (candidate self-stake)
4,node_0290,node_0273,0.81,8665,active,voter (Total-weighted random choice)
4,node_0291,node_0011,0.58,2646,active,voter (Total-weighted random choice)
4,node_0292,node_0393,0.52,8478,active,voter (Total-weighted random choice)
4,node_0293,node_0277,1.25,3048,rejected,voter (Total-weighted random choice)
4,node_0294,node_0355,0.77,11128,active,voter (Total-weighted random choice)
4,node_0295,node_0419,1.13,5746,active,voter (Total-weighted random choice)
4,node_0296,node_0296,1.00,1064,active,self-vote (candidate self-stake)
4,node_0297,node_0183,0.55,693,active,voter (Total-weighted random choice)
4,node_0298,node_0415,0.76,2009,active,voter (Total-weighted random choice)
4,node_0299,node_0373,0.88,587,active,voter (Total-weighted random choice)
4,node_0300,node_0183,1.36,5437,active,voter (Total-weighted random choice)
4,node_0301,node_0351,0.64,232,active,voter (Total-weighted random choice)
4,node_0302,node_0051,0.91,4931,active,voter (Total-weighted random choice)
4,node_0303,node_0478,0.61,12817,active,voter (Total-weighted random choice)
4,node_0304,node_0263,1.36,3647,active,voter (Total-weighted random choice)
4,node_0305,node_0444,1.24,3563,active,voter (Total-weighted random choice)
4,node_0306,node_0478,1.07,469,rejected,voter (Total-weighted random choice)
4,node_0307,node_0174,1.46,6805,active,voter (Total-weighted random choice)
4,node_0308,node_0480,0.63,377,active,voter (Total-weighted random choice)
4,node_0309,node_0190,0.60,3424,active,voter (Total-weighted random choice)
4,node_0310,node_0217,1.03,5219,active,voter (Total-weighted random choice)
4,node_0311,node_0311,1.00,15300,active,self-vote (candidate self-stake)
4,node_0312,node_0055,0.75,1813,active,voter (Total-weighted random choice)
4,node_0313,node_0259,1.15,2933,active,voter (Total-weighted random choice)
4,node_0314,node_0314,1.00,1037,active,self-vote (candidate self-stake)
4,node_0315,node_0175,0.66,6954,active,voter (Total-weighted random choice)
4,node_0316,node_0419,1.43,11428,active,voter (Total-weighted random choice)
4,node_0317,node_0317,1.00,165,active,self-vote (candidate self-stake)
4,node_0318,node_0147,1.36,11578,rejected,voter (Total-weighted random choice)
4,node_0319,node_0096,0.51,1941,active,voter (Total-weighted random choice)
4,node_0320,node_0433,0.80,3144,active,voter (Total-weighted random choice)
4,node_0321,node_0289,1.09,230,active,voter (Total-weighted random choice)
4,node_0322,node_0478,0.81,8068,active,voter (Total-weighted random choice)
4,node_0323,node_0147,0.90,954,rejected,voter (Total-weighted random choice)
4,node_0324,node_0074,1.37,4901,active,voter (Total-weighted random choice)
4,node_0325,node_0061,0.86,10139,active,voter (Total-weighted random choice)
4,node_0326,node_0175,1.49,1734,rejected,voter (Total-weighted random choice)
4,node_0327,node_0327,1.00,4495,active,self-vote (candidate self-stake)
4,node_0328,node_0055,0.54,1,active,voter (Total-weighted random choice)
4,node_0329,node_0488,1.17,4181,active,voter (Total-weighted random choice)
4,node_0330,node_0427,1.37,9007,active,voter (Total-weighted random choice)
4,node_0331,node_0480,1.15,941,active,voter (Total-weighted random choice)
4,node_0332,node_0378,1.46,6307,active,voter (Total-weighted random choice)
4,node_0333,node_0246,0.58,10925,active,voter (Total-weighted random choice)
4,node_0334,node_0334,1.00,8314,active,self-vote (candidate self-stake)
4,node_0335,node_0335,1.00,1700,active,self-vote (candidate self-stake)
4,node_0336,node_0336,1.00,3797,active,self-vote (candidate self-stake)
4,node_0337,node_0334,1.17,907,active,voter (Total-weighted random choice)
4,node_0338,node_0457,1.06,1065,active,voter (Total-weighted random choice)
4,node_0339,node_0339,1.00,6046,active,self-vote (candidate self-stake)
4,node_0340,node_0251,1.32,560,active,voter (Total-weighted random choice)
4,node_0341,node_0121,1.38,1667,rejected,voter (Total-weighted random choice)
4,node_0342,node_0358,0.73,4649,active,voter (Total-weighted random choice)
4,node_0343,node_0343,1.00,12391,active,self-vote (candidate self-stake)
4,node_0344,node_0068,1.12,787,active,voter (Total-weighted random choice)
4,node_0345,node_0244,0.95,513,active,voter (Total-weighted random choice)
4,node_0346,node_0393,1.38,3195,active,voter (Total-weighted random choice)
4,node_0347,node_0156,1.30,4247,active,voter (Total-weighted random choice)
4,node_0348,node_0246,1.30,1168,rejected,voter (Total-weighted random choice)
4,node_0349,node_0447,1.06,4026,rejected,voter (Total-weighted random choice)
4,node_0350,node_0081,0.87,123,active,voter (Total-weighted random choice)
4,node_0351,node_0351,1.00,4127,active,self-vote (candidate self-stake)
4,node_0352,node_0147,1.43,16914,rejected,voter (Total-weighted random choice)
4,node_0353,node_0447,1.00,6757,active,voter (Total-weighted random choice)
4,node_0354,node_0053,1.29,6296,active,voter (Total-weighted random choice)
4,node_0355,node_0355,1.00,298,active,self-vote (candidate self-stake)
4,node_0356,node_0457,0.77,9207,active,voter (Total-weighted random choice)
4,node_0357,node_0465,1.45,7371,active,voter (Total-weighted random choice)
4,node_0358,node_0358,1.00,10894,active,self-vote (candidate self-stake)
4,node_0359,node_0359,1.00,1247,active,self-vote (candidate self-stake)
4,node_0360,node_0028,1.00,895,active,voter (Total-weighted random choice)
4,node_0361,node_0221,0.65,415,active,voter (Total-weighted random choice)
4,node_0362,node_0409,0.71,896,active,voter (Total-weighted random choice)
4,node_0363,node_0081,0.64,600,active,voter (Total-weighted random choice)
4,node_0364,node_0184,0.96,209,active,voter (Total-weighted random choice)
4,node_0365,node_0097,1.41,12340,active,voter (Total-weighted random choice)
4,node_0366,node_0366,1.00,6380,active,self-vote (candidate self-stake)
4,node_0367,node_0367,1.00,5243,active,self-vote (candidate self-stake)
4,node_0368,node_0368,1.00,96,active,self-vote (candidate self-stake)
4,node_0369,node_0369,1.00,1349,active,self-vote (candidate self-stake)
4,node_0370,node_0370,1.00,4542,active,self-vote (candidate self-stake)
4,node_0371,node_0147,0.53,9653,active,voter (Total-weighted random choice)
4,node_0372,node_0128,0.93,4748,active,voter (Total-weighted random choice)
4,node_0373,node_0373,1.00,9676,active,self-vote (candidate self-stake)
4,node_0374,node_0253,1.09,8180,active,voter (Total-weighted random choice)
4,node_0375,node_0375,1.00,7954,active,self-vote (candidate self-stake)
4,node_0376,node_0032,1.49,10431,active,voter (Total-weighted random choice)
4,node_0377,node_0381,0.65,8752,active,voter (Total-weighted random choice)
4,node_0378,node_0378,1.00,1849,active,self-vote (candidate self-stake)
4,node_0379,node_0355,1.40,6532,active,voter (Total-weighted random choice)
4,node_0380,node_0011,1.33,4562,active,voter (Total-weighted random choice)
4,node_0381,node_0381,1.00,7539,active,self-vote (candidate self-stake)
4,node_0382,node_0147,0.75,464,rejected,voter (Total-weighted random choice)
4,node_0383,node_0447,1.29,9937,rejected,voter (Total-weighted random choice)
4,node_0384,node_0200,0.81,10454,active,voter (Total-weighted random choice)
4,node_0385,node_0393,0.50,837,active,voter (Total-weighted random choice)
4,node_0386,node_0135,1.06,11076,active,voter (Total-weighted random choice)
4,node_0387,node_0277,1.10,9856,rejected,voter (Total-weighted random choice)
4,node_0388,node_0053,1.19,8251,active,voter (Total-weighted random choice)
4,node_0389,node_0200,1.39,5536,active,voter (Total-weighted random choice)
4,node_0390,node_0419,0.78,3493,active,voter (Total-weighted random choice)
4,node_0391,node_0455,0.92,5601,active,voter (Total-weighted random choice)
4,node_0392,node_0392,1.00,142,active,self-vote (candidate self-stake)
4,node_0393,node_0393,1.00,973,active,self-vote (candidate self-stake)
4,node_0394,node_0394,1.00,674,active,self-vote (candidate self-stake)
4,node_0395,node_0200,1.34,1721,active,voter (Total-weighted random choice)
4,node_0396,node_0396,1.00,171,active,self-vote (candidate self-stake)
4,node_0397,node_0397,1.00,4146,active,self-vote (candidate self-stake)
4,node_0398,node_0128,1.44,4477,active,voter (Total-weighted random choice)
4,node_0399,node_0409,0.86,3830,active,voter (Total-weighted random choice)
4,node_0400,node_0255,1.05,2003,active,voter (Total-weighted random choice)
4,node_0401,node_0369,0.82,9145,active,voter (Total-weighted random choice)
4,node_0402,node_0014,0.74,1907,active,voter (Total-weighted random choice)
4,node_0403,node_0062,0.69,10123,active,voter (Total-weighted random choice)
4,node_0404,node_0355,0.64,437,active,voter (Total-weighted random choice)
4,node_0405,node_0396,1.28,8988,active,voter (Total-weighted random choice)
4,node_0406,node_0263,1.12,3027,active,voter (Total-weighted random choice)
4,node_0407,node_0156,0.91,343,active,voter (Total-weighted random choice)
4,node_0408,node_0471,1.21,7161,active,voter (Total-weighted random choice)
4,node_0409,node_0409,1.00,2386,active,self-vote (candidate self-stake)
4,node_0410,node_0200,1.05,10008,active,voter (Total-weighted random choice)
4,node_0411,node_0411,1.00,2076,active,self-vote (candidate self-stake)
4,node_0412,node_0135,1.33,1363,active,voter (Total-weighted random choice)
4,node_0413,node_0068,1.04,6881,active,voter (Total-weighted random choice)
4,node_0414,node_0414,1.00,7741,active,self-vote (candidate self-stake)
4,node_0415,node_0415,1.00,4606,active,self-vote (candidate self-stake)
4,node_0416,node_0252,0.54,8873,active,voter (Total-weighted random choice)
4,node_0417,node_0141,1.08,2235,active,voter (Total-weighted random choice)
4,node_0418,node_0221,1.48,112,active,voter (Total-weighted random choice)
4,node_0419,node_0419,1.00,354,active,self-vote (candidate self-stake)
4,node_0420,node_0358,1.02,3139,active,voter (Total-weighted random choice)
4,node_0421,node_0459,1.35,11554,rejected,voter (Total-weighted random choice)
4,node_0422,node_0422,1.00,8378,active,self-vote (candidate self-stake)
4,node_0423,node_0246,0.72,737,active,voter (Total-weighted random choice)
4,node_0424,node_0223,0.56,9941,active,voter (Total-weighted random choice)
4,node_0425,node_0121,0.73,6528,active,voter (Total-weighted random choice)
4,node_0426,node_0426,1.00,5481,active,self-vote (candidate self-stake)
4,node_0427,node_0427,1.00,1526,active,self-vote (candidate self-stake)
4,node_0428,node_0175,0.97,3374,active,voter (Total-weighted random choice)
4,node_0429,node_0429,1.00,1561,active,self-vote (candidate self-stake)
4,node_0430,node_0251,0.81,1608,active,voter (Total-weighted random choice)
4,node_0431,node_0244,1.47,9212,active,voter (Total-weighted random choice)
4,node_0432,node_0089,0.98,6745,active,voter (Total-weighted random choice)
4,node_0433,node_0433,1.00,701,active,self-vote (candidate self-stake)
4,node_0434,node_0434,1.00,10973,active,self-vote (candidate self-stake)
4,node_0435,node_0096,1.24,7489,active,voter (Total-weighted random choice)
4,node_0436,node_0436,1.00,8496,active,self-vote (candidate self-stake)
4,node_0437,node_0397,1.25,1254,active,voter (Total-weighted random choice)
4,node_0438,node_0184,1.22,868,active,voter (Total-weighted random choice)
4,node_0439,node_0081,0.65,7634,active,voter (Total-weighted random choice)
4,node_0440,node_0336,0.59,12509,active,voter (Total-weighted random choice)
4,node_0441,node_0409,0.55,6609,active,voter (Total-weighted random choice)
4,node_0442,node_0442,1.00,10133,active,self-vote (candidate self-stake)
4,node_0443,node_0228,0.54,6084,active,voter (Total-weighted random choice)
4,node_0444,node_0444,1.00,12658,active,self-vote (candidate self-stake)
4,node_0445,node_0393,0.79,10880,active,voter (Total-weighted random choice)
4,node_0446,node_0368,0.53,4988,active,voter (Total-weighted random choice)
4,node_0447,node_0447,1.00,10053,active,self-vote (candidate self-stake)
4,node_0448,node_0277,0.80,12970,active,voter (Total-weighted random choice)
4,node_0449,node_0174,0.95,5883,active,voter (Total-weighted random choice)
4,node_0450,node_0450,1.00,6623,active,self-vote (candidate self-stake)
4,node_0451,node_0455,1.04,494,active,voter (Total-weighted random choice)
4,node_0452,node_0452,1.00,136,active,self-vote (candidate self-stake)
4,node_0453,node_0112,0.84,1273,active,voter (Total-weighted random choice)
4,node_0454,node_0465,0.53,6572,active,voter (Total-weighted random choice)
4,node_0455,node_0455,1.00,3832,active,self-vote (candidate self-stake)
4,node_0456,node_0051,0.62,6214,active,voter (Total-weighted random choice)
4,node_0457,node_0457,1.00,10029,active,self-vote (candidate self-stake)
4,node_0458,node_0277,1.02,214,rejected,voter (Total-weighted random choice)
4,node_0459,node_0459,1.00,6661,active,self-vote (candidate self-stake)
4,node_0460,node_0460,1.00,6937,active,self-vote (candidate self-stake)
4,node_0461,node_0114,0.97,5182,active,voter (Total-weighted random choice)
4,node_0462,node_0273,0.83,2086,active,voter (Total-weighted random choice)
4,node_0463,node_0121,1.43,7653,rejected,voter (Total-weighted random choice)
4,node_0464,node_0464,1.00,1482,active,self-vote (candidate self-stake)
4,node_0465,node_0465,1.00,7821,active,self-vote (candidate self-stake)
4,node_0466,node_0459,1.10,6100,active,voter (Total-weighted random choice)
4,node_0467,node_0467,1.00,5158,active,self-vote (candidate self-stake)
4,node_0468,node_0468,1.00,2397,active,self-vote (candidate self-stake)
4,node_0469,node_0381,0.84,2024,active,voter (Total-weighted random choice)
4,node_0470,node_0175,1.32,7027,active,voter (Total-weighted random choice)
4,node_0471,node_0471,1.00,4418,active,self-vote (candidate self-stake)
4,node_0472,node_0488,1.13,12980,active,voter (Total-weighted random choice)
4,node_0473,node_0460,1.45,2771,active,voter (Total-weighted random choice)
4,node_0474,node_0053,1.41,6001,rejected,voter (Total-weighted random choice)
4,node_0475,node_0225,1.39,7550,active,voter (Total-weighted random choice)
4,node_0476,node_0409,0.55,7570,active,voter (Total-weighted random choice)
4,node_0477,node_0156,0.68,5968,active,voter (Total-weighted random choice)
4,node_0478,node_0478,1.00,3575,active,self-vote (candidate self-stake)
4,node_0479,node_0426,0.80,11886,active,voter (Total-weighted random choice)
4,node_0480,node_0480,1.00,10548,active,self-vote (candidate self-stake)
4,node_0481,node_0066,1.07,3536,active,voter (Total-weighted random choice)
4,node_0482,node_0482,1.00,3471,active,self-vote (candidate self-stake)
4,node_0483,node_0366,1.48,5635,active,voter (Total-weighted random choice)
4,node_0484,node_0311,0.59,15498,active,voter (Total-weighted random choice)
4,node_0485,node_0464,0.63,153,active,voter (Total-weighted random choice)
4,node_0486,node_0486,1.00,10878,active,self-vote (candidate self-stake)
4,node_0487,node_0367,0.55,4802,active,voter (Total-weighted random choice)
4,node_0488,node_0488,1.00,7878,active,self-vote (candidate self-stake)
4,node_0489,node_0081,1.45,7004,active,voter (Total-weighted random choice)
4,node_0490,node_0202,0.69,4993,active,voter (Total-weighted random choice)
4,node_0491,node_0273,1.45,5032,active,voter (Total-weighted random choice)
4,node_0492,node_0250,0.94,1124,rejected,voter (Total-weighted random choice)
4,node_0493,node_0004,1.06,4014,active,voter (Total-weighted random choice)
4,node_0494,node_0488,0.54,7276,active,voter (Total-weighted random choice)
4,node_0495,node_0433,0.73,8574,active,voter (Total-weighted random choice)
4,node_0496,node_0121,1.32,2842,rejected,voter (Total-weighted random choice)
4,node_0497,node_0011,1.38,3286,active,voter (Total-weighted random choice)
4,node_0498,node_0467,1.18,2984,active,voter (Total-weighted random choice)
4,node_0499,node_0499,1.00,4552,active,self-vote (candidate self-stake)
4,node_0500,node_0113,1.13,11343,active,voter (Total-weighted random choice)
